Name,Overall,Potential,Age,Club,Nationality,Positions,ValueEUR,WageEUR,PaceTotal,ShootingTotal,PassingTotal,DribblingTotal,DefendingTotal,PhysicalityTotal,AgeCategory,RatingCategory
L. Messi,91,91,35,Paris Saint-Germain,Argentina,RW,54000000,195000,81,89,90,94,34,64,Senior,World Class
K. Benzema,91,91,34,Real Madrid CF,France,"CF,ST",64000000,450000,80,88,83,87,39,78,Senior,World Class
R. Lewandowski,91,91,33,FC Barcelona,Poland,ST,84000000,420000,75,91,79,86,44,83,Senior,World Class
K. De Bruyne,91,91,31,Manchester City,Belgium,"CM,CAM",107500000,350000,74,88,93,87,64,77,Senior,World Class
K. Mbappé,91,95,23,Paris Saint-Germain,France,"ST,LW",190500000,230000,97,89,80,92,36,76,Adult,World Class
M. Salah,90,90,30,Liverpool,Egypt,RW,115500000,270000,90,89,82,90,45,75,Senior,World Class
T. Courtois,90,91,30,Real Madrid CF,Belgium,GK,90000000,250000,84,89,75,90,46,89,Senior,World Class
M. Neuer,90,90,36,FC Bayern München,Germany,GK,13500000,72000,87,88,91,88,56,91,Senior,World Class
Cristiano Ronaldo,90,90,37,Manchester United,Portugal,ST,41000000,220000,81,92,78,85,34,75,Senior,World Class
V. van Dijk,90,90,30,Liverpool,Netherlands,CB,98000000,230000,81,60,71,72,91,86,Senior,World Class
H. Kane,89,89,28,Tottenham Hotspur,England,ST,105500000,240000,68,91,83,82,47,82,Adult,World Class
Neymar Jr,89,89,30,Paris Saint-Germain,Brazil,LW,99500000,200000,87,83,85,93,37,61,Senior,World Class
H. Son,89,89,29,Tottenham Hotspur,Korea Republic,"LW,LM",101000000,240000,88,89,82,86,42,69,Adult,World Class
Casemiro,89,89,30,Manchester United,Brazil,CDM,86000000,240000,63,73,75,72,87,90,Senior,World Class
J. Oblak,89,91,29,Atlético de Madrid,Slovenia,GK,85500000,100000,86,90,78,89,49,87,Adult,World Class
S. Mané,89,89,30,FC Bayern München,Senegal,"LM,CF",99500000,145000,90,83,80,88,44,77,Senior,World Class
Ederson,89,91,28,Manchester City,Brazil,GK,88000000,210000,87,82,93,88,64,88,Adult,World Class
J. Kimmich,89,90,27,FC Bayern München,Germany,"CDM,RB",105500000,130000,68,72,87,84,83,79,Adult,World Class
Alisson,89,90,29,Liverpool,Brazil,GK,79000000,190000,86,85,85,89,54,90,Adult,World Class
N. Kanté,89,89,31,Chelsea,France,"CDM,CM",72000000,220000,72,66,74,81,87,82,Senior,World Class
Rúben Dias,88,91,25,Manchester City,Portugal,CB,107500000,230000,63,39,66,68,88,88,Adult,World Class
E. Haaland,88,94,21,Manchester City,Norway,ST,148000000,220000,89,91,65,80,49,87,Young,World Class
G. Donnarumma,88,92,23,Paris Saint-Germain,Italy,GK,103500000,110000,90,83,79,89,52,85,Adult,World Class
Bernardo Silva,88,88,27,Manchester City,Portugal,"CAM,CM",97500000,260000,77,78,84,92,61,68,Adult,World Class
João Cancelo,88,88,28,Manchester City,Portugal,"LB,RB",82500000,250000,85,73,85,85,81,73,Adult,World Class
Marquinhos,88,90,28,Paris Saint-Germain,Brazil,CB,92000000,170000,79,56,75,74,89,80,Adult,World Class
K. Navas,88,88,35,Paris Saint-Germain,Costa Rica,GK,10000000,85000,89,84,75,89,54,87,Senior,World Class
M. ter Stegen,88,89,30,FC Barcelona,Germany,GK,68500000,210000,86,85,87,90,47,85,Senior,World Class
T. Kroos,88,88,32,Real Madrid CF,Germany,CM,72000000,310000,53,81,90,81,71,68,Senior,World Class
L. Modrić,88,88,36,Real Madrid CF,Croatia,CM,29000000,230000,73,76,89,88,72,66,Senior,World Class
A. Rüdiger,87,88,29,Real Madrid CF,Germany,CB,73500000,250000,82,53,71,67,86,85,Adult,World Class
Rodri,87,89,26,Manchester City,Spain,CDM,88500000,200000,58,72,78,79,83,84,Adult,World Class
Fabinho,87,88,28,Liverpool,Brazil,"CDM,CB",77000000,185000,66,69,78,77,86,83,Adult,World Class
H. Lloris,87,87,35,Tottenham Hotspur,France,GK,9000000,80000,88,83,74,88,61,84,Senior,World Class
T. Müller,87,87,32,FC Bayern München,Germany,"CAM,CF",63000000,115000,69,84,83,80,56,71,Senior,World Class
De Gea,87,87,31,Manchester United,Spain,GK,42000000,150000,88,80,76,89,51,84,Senior,World Class
M. Verratti,87,87,29,Paris Saint-Germain,Italy,"CM,CAM",77500000,155000,60,61,87,91,79,66,Adult,World Class
M. Maignan,87,90,26,AC Milan,France,GK,80000000,90000,85,82,85,89,51,85,Adult,World Class
T. Alexander-Arnold,87,90,23,Liverpool,England,RB,100500000,150000,76,69,89,80,80,73,Adult,World Class
A. Robertson,87,87,28,Liverpool,Scotland,LB,72000000,185000,80,61,81,81,82,76,Adult,World Class
K. Koulibaly,87,87,31,Chelsea,Senegal,CB,54500000,175000,82,33,59,68,88,85,Senior,World Class
L. Goretzka,87,88,27,FC Bayern München,Germany,"CM,CDM",91000000,115000,78,82,82,83,81,86,Adult,World Class
F. de Jong,87,92,25,FC Barcelona,Netherlands,CM,116500000,230000,82,69,86,87,77,78,Adult,World Class
Thiago,86,86,31,Liverpool,Spain,CM,55500000,180000,61,72,87,90,72,69,Senior,World Class
C. Immobile,86,86,32,Lazio,Italy,ST,55000000,100000,85,87,68,80,39,75,Senior,World Class
R. Lukaku,86,86,29,Inter,Belgium,ST,68000000,200000,80,85,75,77,38,82,Adult,World Class
D. Alaba,86,86,30,Real Madrid CF,Austria,CB,55500000,220000,79,71,83,80,85,77,Senior,World Class
R. Sterling,86,86,27,Chelsea,England,"LW,RW",72500000,195000,90,80,78,86,45,67,Adult,World Class
R. Mahrez,86,86,31,Manchester City,Algeria,"RW,RM",56500000,220000,80,83,81,90,38,60,Senior,World Class
P. Dybala,86,86,28,Roma,Argentina,"CF,CAM",69500000,130000,80,85,85,90,40,59,Adult,World Class
Thiago Silva,86,86,37,Chelsea,Brazil,CB,12000000,115000,49,54,73,72,87,76,Senior,World Class
W. Szczęsny,86,86,32,Juventus,Poland,GK,33500000,125000,86,81,73,87,49,86,Senior,World Class
K. Trapp,86,86,31,Eintracht Frankfurt,Germany,GK,36000000,43000,84,82,79,87,46,85,Senior,World Class
Bruno Fernandes,86,86,27,Manchester United,Portugal,"CAM,CM",72500000,190000,72,86,88,81,67,76,Adult,World Class
Parejo,86,86,33,Villarreal CF,Spain,CM,42000000,64000,50,83,90,80,71,68,Senior,World Class
A. Laporte,86,87,28,Manchester City,Spain,CB,64500000,195000,61,50,72,69,86,79,Adult,World Class
K. Coman,86,87,26,FC Bayern München,France,LM,80000000,105000,92,77,79,87,30,61,Adult,World Class
M. Brozović,86,86,29,Inter,Croatia,"CDM,CM",58000000,110000,69,74,81,81,81,78,Adult,World Class
N. Barella,86,89,25,Inter,Italy,CM,89500000,110000,79,76,83,84,77,81,Adult,World Class
L. Martínez,86,90,24,Inter,Argentina,ST,98500000,110000,83,83,72,85,48,84,Adult,World Class
M. Škriniar,86,87,27,Inter,Slovakia,CB,68500000,105000,78,41,57,69,88,86,Adult,World Class
C. Nkunku,86,89,24,RB Leipzig,France,"CF,CAM,ST",94000000,90000,88,81,83,88,65,66,Adult,World Class
É. Mendy,86,87,30,Chelsea,Senegal,GK,51000000,130000,84,82,81,88,34,85,Senior,World Class
Vinícius Jr.,86,92,21,Real Madrid CF,Brazil,LW,109000000,200000,95,79,74,90,29,67,Young,World Class
S. Milinković-Savić,86,87,27,Lazio,Serbia,CM,77500000,90000,68,80,82,82,79,86,Adult,World Class
N. Süle,85,87,26,Borussia Dortmund,Germany,"CB,RB",59000000,72000,71,48,66,59,85,83,Adult,World Class
N. Fekir,85,85,28,Real Betis Balompié,France,CAM,54500000,48000,83,82,82,87,38,80,Adult,World Class
S. Gnabry,85,85,26,FC Bayern München,Germany,RM,59000000,100000,82,84,79,85,43,69,Adult,World Class
İ. Gündoğan,85,85,31,Manchester City,Germany,"CM,CDM",44000000,185000,64,80,85,85,72,72,Senior,World Class
K. Walker,85,85,32,Manchester City,England,RB,37500000,170000,91,63,77,78,80,82,Senior,World Class
P. Aubameyang,85,85,33,Chelsea,Gabon,ST,34500000,180000,87,84,74,79,36,68,Senior,World Class
Jordi Alba,85,85,33,FC Barcelona,Spain,LB,28000000,190000,84,70,82,82,77,70,Senior,World Class
Sergio Busquets,85,85,33,FC Barcelona,Spain,CDM,26500000,190000,42,62,79,79,82,73,Senior,World Class
Iago Aspas,85,85,34,RC Celta de Vigo,Spain,ST,26000000,50000,82,85,79,86,35,63,Senior,World Class
P. Pogba,85,85,29,Juventus,France,"CM,CDM,LM",52500000,165000,67,80,85,85,62,80,Adult,World Class
M. Depay,85,85,28,FC Barcelona,Netherlands,"CF,ST,LW",55000000,230000,83,84,82,86,30,79,Adult,World Class
Jorginho,85,85,30,Chelsea,Italy,CM,51500000,165000,54,67,86,81,73,73,Senior,World Class
M. Acuña,85,85,30,Sevilla FC,Argentina,LB,46500000,46000,76,74,83,87,80,83,Senior,World Class
Gerard Moreno,85,85,30,Villarreal CF,Spain,ST,53000000,64000,78,86,77,83,46,72,Senior,World Class
Y. Carrasco,85,85,28,Atlético de Madrid,Belgium,LM,54500000,90000,89,82,80,87,53,67,Adult,World Class
F. Kostić,85,85,29,Juventus,Serbia,"LM,LWB",53000000,165000,84,78,82,82,68,80,Adult,World Class
J. Vardy,85,85,35,Leicester City,England,ST,23000000,110000,84,84,70,79,52,72,Senior,World Class
Pedri,85,93,19,FC Barcelona,Spain,CM,116000000,115000,79,67,81,87,68,73,Young,World Class
P. Foden,85,92,22,Manchester City,England,"LW,CF,CAM",109500000,180000,82,78,81,88,56,60,Young,World Class
M. de Ligt,85,89,22,FC Bayern München,Netherlands,CB,71000000,77000,75,59,61,69,84,87,Young,World Class
P. Schick,85,87,26,Bayer 04 Leverkusen,Czech Republic,ST,67500000,95000,78,83,71,83,36,76,Adult,World Class
T. Hernández,85,90,24,AC Milan,France,LB,76000000,82000,93,72,76,81,78,83,Adult,World Class
Diogo Jota,85,89,25,Liverpool,Portugal,"CF,LW",76000000,170000,85,83,75,85,57,77,Adult,World Class
P. Gulácsi,85,85,32,RB Leipzig,Hungary,GK,26500000,65000,85,84,76,85,43,83,Senior,World Class
Y. Sommer,85,85,33,Borussia Mönchengladbach,Switzerland,GK,17500000,40000,78,81,82,90,50,86,Senior,World Class
M. Reus,85,85,33,Borussia Dortmund,Germany,"CAM,CF,RM",33500000,78000,70,84,84,85,53,65,Senior,World Class
L. Hernández,84,86,26,FC Bayern München,France,"CB,LB",46000000,82000,77,54,70,71,84,80,Adult,Good Player
Sergio Ramos,84,84,36,Paris Saint-Germain,Spain,CB,7500000,75000,61,69,73,70,83,77,Senior,Good Player
A. Gómez,84,84,34,Sevilla FC,Argentina,"CAM,LW",20000000,47000,86,78,83,85,39,54,Senior,Good Player
S. Handanovič,84,84,37,Inter,Slovenia,GK,4700000,46000,80,80,65,85,43,90,Senior,Good Player
D. Mertens,84,84,35,Galatasaray SK,Belgium,"CF,ST,CAM",18000000,86000,78,82,80,87,34,49,Senior,Good Player
L. Suárez,84,84,35,Club Nacional de Football,Uruguay,ST,18000000,1000,70,86,78,78,46,81,Senior,Good Player
D. Tadić,84,84,33,Ajax,Serbia,"LW,CF,CAM",26500000,32000,68,81,86,84,43,77,Senior,Good Player
D. Berardi,84,84,27,U.S. Sassuolo Calcio,Italy,"RM,RW",45000000,57000,82,81,81,86,36,71,Adult,Good Player
T. Partey,84,84,29,Arsenal,Ghana,"CDM,CM",36000000,115000,65,71,81,80,80,83,Adult,Good Player
Y. Bounou,84,84,31,Sevilla FC,Morocco,GK,22500000,34000,84,81,76,86,36,84,Senior,Good Player
H. Çalhanoğlu,84,84,28,Inter,Turkey,CM,42000000,100000,67,80,85,86,68,64,Adult,Good Player
M. Kovačić,84,84,28,Chelsea,Croatia,CM,42000000,155000,70,69,83,88,71,71,Adult,Good Player
J. Grealish,84,84,26,Manchester City,England,"LW,LM,CAM",46000000,185000,76,76,83,87,46,69,Adult,Good Player
Carvajal,84,84,30,Real Madrid CF,Spain,RB,36500000,185000,82,54,77,80,78,79,Senior,Good Player
S. Savić,84,84,31,Atlético de Madrid,Montenegro,CB,29000000,74000,64,35,58,58,87,80,Senior,Good Player
E. Martínez,84,84,29,Aston Villa,Argentina,GK,29000000,95000,85,83,82,85,58,83,Adult,Good Player
R. Varane,84,85,29,Manchester United,France,CB,39000000,155000,81,49,64,66,85,80,Adult,Good Player
W. Ben Yedder,84,84,31,AS Monaco,France,ST,35500000,88000,81,84,78,88,39,68,Senior,Good Player
L. Insigne,84,84,31,Toronto FC,Italy,"LW,CF,LM",35000000,19000,84,78,84,89,36,45,Senior,Good Player
M. Hummels,84,84,33,Borussia Dortmund,Germany,"CB,RB,RW",20000000,66000,53,59,76,72,87,78,Senior,Good Player
S. de Vrij,84,84,30,Inter,Netherlands,CB,34500000,88000,68,41,65,69,87,79,Senior,Good Player
J. Matip,84,84,30,Liverpool,Cameroon,CB,34500000,140000,61,46,69,71,87,78,Senior,Good Player
K. Casteels,84,85,30,VfL Wolfsburg,Belgium,GK,31500000,55000,84,82,79,86,45,84,Senior,Good Player
Canales,84,84,31,Real Betis Balompié,Spain,"RM,CAM,CDM",35000000,42000,83,79,85,82,68,71,Senior,Good Player
Muniain,84,84,29,Athletic Club de Bilbao,Spain,"LM,CAM",41500000,49000,81,77,82,87,51,61,Adult,Good Player
K. Trippier,84,84,31,Newcastle United,England,"RB,RM",30500000,120000,70,64,82,77,80,72,Senior,Good Player
L. Bonucci,84,84,35,Juventus,Italy,CB,11000000,95000,54,59,69,71,85,78,Senior,Good Player
Á. Di María,84,84,34,Juventus,Argentina,RW,20000000,160000,79,79,84,87,48,67,Senior,Good Player
E. Hazard,84,84,31,Real Madrid CF,Belgium,LW,35000000,220000,83,80,82,87,35,63,Senior,Good Player
I. Perišić,84,84,33,Tottenham Hotspur,Croatia,"LM,LWB",26500000,130000,78,81,79,82,74,78,Senior,Good Player
E. Džeko,84,84,36,Inter,Bosnia and Herzegovina,ST,14500000,80000,63,84,71,77,45,75,Senior,Good Player
G. Chiellini,84,84,37,Los Angeles FC,Italy,CB,7500000,11000,65,46,60,58,85,83,Senior,Good Player
R. De Paul,84,84,28,Atlético de Madrid,Argentina,CM,42000000,85000,78,77,83,82,75,81,Adult,Good Player
J. Bellingham,84,91,19,Borussia Dortmund,England,"CM,LM",81500000,41000,75,75,78,84,77,80,Young,Good Player
F. Chiesa,84,90,24,Juventus,Italy,LW,66500000,140000,91,81,76,86,48,73,Adult,Good Player
M. Diaby,84,88,22,Bayer 04 Leverkusen,France,"RM,LM,LW",61500000,70000,93,73,75,87,42,59,Young,Good Player
J. Tartt,84,91,24,AFC Richmond,England,ST,85500000,78000,83,87,80,85,29,74,Adult,Good Player
Rafael Leão,84,90,23,AC Milan,Portugal,"LW,LM",66500000,90000,91,77,73,86,27,74,Adult,Good Player
J. Koundé,84,89,23,FC Barcelona,France,"CB,RB",57500000,150000,84,45,64,74,85,78,Adult,Good Player
Y. Tielemans,84,86,25,Leicester City,Belgium,"CM,CDM",52500000,115000,56,80,86,81,70,73,Adult,Good Player
S. Tonali,84,90,22,AC Milan,Italy,"CDM,CM",62500000,75000,81,73,81,79,79,82,Young,Good Player
L. Díaz,84,87,25,Liverpool,Colombia,"LW,LM",56000000,155000,91,80,75,87,34,73,Adult,Good Player
Éder Militão,84,89,24,Real Madrid CF,Brazil,CB,57500000,160000,86,50,70,72,85,82,Adult,Good Player
F. Valverde,84,90,23,Real Madrid CF,Uruguay,"CM,RW",66000000,175000,87,74,80,79,78,80,Adult,Good Player
L. Sané,84,85,26,FC Bayern München,Germany,LM,49500000,90000,88,81,80,85,38,66,Adult,Good Player
R. James,84,88,22,Chelsea,England,"RWB,RB",57000000,120000,81,70,82,82,80,82,Young,Good Player
A. Bastoni,84,90,23,Inter,Italy,CB,60500000,75000,73,35,69,71,86,82,Adult,Good Player
K. Havertz,84,91,23,Chelsea,Germany,"CAM,CF,ST",84500000,130000,81,79,79,84,45,66,Adult,Good Player
João Félix,84,90,22,Atlético de Madrid,Portugal,"CF,ST",68500000,78000,83,80,81,88,40,67,Young,Good Player
A. Hakimi,84,87,23,Paris Saint-Germain,Morocco,"RB,RWB",53500000,90000,92,75,79,80,75,78,Adult,Good Player
A. Davies,84,89,21,FC Bayern München,Canada,"LB,LM",60500000,59000,94,66,77,85,76,77,Young,Good Player
D. Rice,84,87,23,West Ham United,England,CDM,52000000,83000,71,64,74,76,82,83,Adult,Good Player
M. Mount,84,87,23,Chelsea,England,"CAM,RW",57500000,130000,74,81,85,82,55,67,Adult,Good Player
J. Sancho,84,88,22,Manchester United,England,"LW,RW,LM",61500000,155000,81,74,81,89,36,59,Young,Good Player
F. Tomori,84,90,24,AC Milan,England,CB,60500000,75000,86,40,60,66,86,81,Adult,Good Player
F. Kessié,84,86,25,FC Barcelona,Côte d'Ivoire,"CDM,CM",47500000,165000,78,76,74,79,82,87,Adult,Good Player
Oyarzabal,84,86,25,Real Sociedad,Spain,"LW,RW",53000000,57000,79,83,80,83,41,62,Adult,Good Player
L. Pellegrini,84,87,26,Roma,Italy,"CAM,CM",55000000,95000,79,77,83,84,74,78,Adult,Good Player
W. Ndidi,84,86,25,Leicester City,Nigeria,"CDM,CM",47500000,105000,66,62,68,73,85,83,Adult,Good Player
Marcos Llorente,84,85,27,Atlético de Madrid,Spain,"CM,RM,RB",48000000,81000,88,79,81,82,78,81,Adult,Good Player
M. Ødegaard,84,89,23,Arsenal,Norway,"CAM,CM",63500000,105000,76,75,86,84,58,63,Adult,Good Player
D. Vlahović,84,91,22,Juventus,Serbia,ST,86500000,140000,80,85,66,78,28,79,Young,Good Player
Diego Carlos,83,83,29,Aston Villa,Brazil,CB,30500000,105000,76,47,63,67,82,82,Adult,Good Player
Angeliño,83,85,25,TSG Hoffenheim,Spain,"LWB,LM",42000000,64000,78,71,82,84,76,70,Adult,Good Player
O. Dembélé,83,86,25,FC Barcelona,France,"RW,LW",48000000,180000,93,77,79,87,36,56,Adult,Good Player
Marco Asensio,83,84,26,Real Madrid CF,Spain,RW,43000000,200000,82,80,81,83,43,62,Adult,Good Player
Rúben Neves,83,86,25,Wolverhampton Wanderers,Portugal,"CM,CDM",47500000,105000,58,74,86,77,76,73,Adult,Good Player
Merino,83,86,26,Real Sociedad,Spain,CM,47000000,49000,73,78,81,82,82,81,Adult,Good Player
K. Laimer,83,84,25,RB Leipzig,Austria,"CDM,CM",38500000,64000,84,68,78,79,81,78,Adult,Good Player
P. Kimpembe,83,86,26,Paris Saint-Germain,France,CB,42000000,95000,80,43,68,69,83,86,Adult,Good Player
Fabián,83,85,26,Paris Saint-Germain,Spain,"CM,CDM",44500000,105000,61,79,80,83,74,72,Adult,Good Player
F. Mendy,83,84,27,Real Madrid CF,France,LB,38000000,170000,92,64,77,78,78,84,Adult,Good Player
Ronaldo Cabrais,83,83,30,Palmeiras,Brazil,"CAM,RM",35000000,59000,88,77,83,84,35,72,Senior,Good Player
Gabriel Jesus,83,86,25,Arsenal,Brazil,"ST,RW",48500000,115000,84,82,74,86,40,74,Adult,Good Player
Unai Simón,83,86,25,Athletic Club de Bilbao,Spain,GK,37000000,30000,82,79,77,85,49,85,Adult,Good Player
V. Osimhen,83,89,23,Napoli,Nigeria,ST,58000000,72000,90,82,65,78,40,81,Adult,Good Player
P. Højbjerg,83,85,26,Tottenham Hotspur,Denmark,"CDM,CM",40500000,110000,55,73,77,77,80,82,Adult,Good Player
C. Romero,83,88,24,Tottenham Hotspur,Argentina,CB,49500000,95000,73,46,57,65,85,82,Adult,Good Player
Raphinha,83,86,25,FC Barcelona,Brazil,"RW,RM",48000000,180000,91,79,77,85,50,73,Adult,Good Player
Carlos Soler,83,88,25,Paris Saint-Germain,Spain,"CM,RM,CDM",53000000,100000,80,77,83,80,71,72,Adult,Good Player
G. Kobel,83,88,24,Borussia Dortmund,Switzerland,GK,44000000,40000,84,80,74,88,43,79,Adult,Good Player
Pau Torres,83,89,25,Villarreal CF,Spain,CB,50500000,43000,73,38,67,70,84,81,Adult,Good Player
C. Gakpo,83,87,23,PSV,Netherlands,LW,52000000,29000,87,82,77,84,41,74,Adult,Good Player
R. Araujo,83,89,23,FC Barcelona,Uruguay,"CB,RB",52000000,135000,77,51,65,61,83,83,Adult,Good Player
R. Kent,83,83,40,AFC Richmond,England,"CDM,CM",0,45000,58,71,78,75,79,83,Senior,Good Player
D. Zapata,83,83,31,Atalanta,Colombia,ST,30500000,77000,78,82,63,79,35,85,Senior,Good Player
Á. Correa,83,84,27,Atlético de Madrid,Argentina,"ST,RM,CF",42500000,80000,85,84,77,87,50,74,Adult,Good Player
J. Giménez,83,85,27,Atlético de Madrid,Uruguay,CB,38500000,68000,71,46,57,60,85,83,Adult,Good Player
T. Lemar,83,86,26,Atlético de Madrid,France,"CM,LM,RM",47000000,74000,82,78,83,87,68,64,Adult,Good Player
Bremer,83,87,25,Juventus,Brazil,CB,45500000,115000,78,50,56,65,84,79,Adult,Good Player
J. Cuadrado,83,83,34,Juventus,Colombia,"RB,RM",13500000,120000,90,75,78,87,76,72,Senior,Good Player
P. Zieliński,83,83,28,Napoli,Poland,"CAM,CM",36500000,78000,81,77,81,86,70,62,Adult,Good Player
Jesús Navas,83,83,36,Sevilla FC,Spain,"RB,RM",8000000,28000,85,68,82,81,79,57,Senior,Good Player
Piqué,83,83,35,FC Barcelona,Spain,CB,9500000,110000,56,61,71,68,83,76,Senior,Good Player
K. Schmeichel,83,83,35,OGC Nice,Denmark,GK,4000000,31000,81,78,79,86,45,81,Senior,Good Player
J. Henderson,83,83,32,Liverpool,England,"CM,CDM",28500000,135000,66,74,83,78,78,81,Senior,Good Player
Fernando,83,83,34,Sevilla FC,Brazil,"CDM,CB",12500000,39000,65,62,76,73,83,81,Senior,Good Player
L. Hrádecký,83,83,32,Bayer 04 Leverkusen,Finland,GK,18000000,55000,84,77,69,87,40,82,Senior,Good Player
David Silva,83,83,36,Real Sociedad,Spain,"CAM,CM",12000000,37000,61,72,86,85,52,53,Senior,Good Player
O. Baumann,83,83,32,TSG Hoffenheim,Germany,GK,18000000,40000,83,82,79,84,49,79,Senior,Good Player
A. Griezmann,83,83,31,Atlético de Madrid,France,"ST,CF,RW",30500000,185000,80,82,83,85,52,72,Senior,Good Player
Luis Alberto,83,83,29,Lazio,Spain,CM,35500000,74000,54,75,86,83,57,57,Adult,Good Player
Roberto Firmino,83,83,30,Liverpool,Brazil,CF,35500000,150000,74,76,79,87,59,78,Senior,Good Player
J. Stones,83,84,28,Manchester City,England,CB,34500000,150000,72,51,71,75,84,77,Adult,Good Player
H. Ziyech,83,83,29,Chelsea,Morocco,"RW,CAM",35500000,155000,76,77,87,83,50,65,Adult,Good Player
Koke,83,83,30,Atlético de Madrid,Spain,"CM,CDM",34500000,74000,70,72,84,79,78,79,Senior,Good Player
Ricardo Pereira,83,83,28,Leicester City,Portugal,"RB,RWB",33000000,105000,79,67,79,81,80,73,Adult,Good Player
J. Maddison,82,84,25,Leicester City,England,"CAM,RM",38000000,100000,73,78,84,85,54,62,Adult,Good Player
G. Rulli,82,82,30,Villarreal CF,Argentina,GK,20500000,34000,82,79,80,83,54,81,Senior,Good Player
A. Kramarić,82,82,31,TSG Hoffenheim,Croatia,"CF,CAM",25500000,54000,71,80,79,85,30,72,Senior,Good Player
Rafa,82,82,29,SL Benfica,Portugal,"RW,RM,CF",30000000,24000,91,73,75,86,50,52,Adult,Good Player
G. Di Lorenzo,82,82,28,Napoli,Italy,RB,27500000,66000,85,66,73,77,78,80,Adult,Good Player
David Soria,82,82,29,Getafe CF,Spain,GK,21000000,32000,82,81,73,83,43,81,Adult,Good Player
M. Locatelli,82,86,24,Juventus,Italy,"CDM,CM",40000000,37000,63,72,79,78,79,79,Adult,Good Player
R. Gosens,82,82,27,Inter,Germany,"LWB,LM",29500000,59000,82,75,74,79,77,80,Adult,Good Player
Gonçalo Guedes,82,85,25,Wolverhampton Wanderers,Portugal,"ST,LM,CF",41000000,105000,86,83,74,83,38,70,Adult,Good Player
J. Tah,82,84,26,Bayer 04 Leverkusen,Germany,CB,33500000,62000,67,37,59,61,83,85,Adult,Good Player
A. Christensen,82,86,26,FC Barcelona,Denmark,CB,37500000,145000,68,32,66,70,84,74,Adult,Good Player
E. Can,82,82,28,Borussia Dortmund,Germany,"CM,CB,CDM",30500000,63000,79,78,77,80,82,87,Adult,Good Player
Anderson Talisca,82,82,28,Al Nassr,Brazil,"CF,ST,CAM",31000000,64000,80,82,78,83,52,75,Adult,Good Player
J. Brandt,82,85,26,Borussia Dortmund,Germany,"CAM,CM,RM",40000000,60000,67,78,82,85,48,65,Adult,Good Player
T. Werner,82,84,26,RB Leipzig,Germany,"ST,LW",38000000,73000,90,80,69,82,35,69,Adult,Good Player
Gayà,82,83,27,Valencia CF,Spain,"LB,LM",32000000,44000,83,61,76,80,78,73,Adult,Good Player
Otávio,82,82,27,FC Porto,Portugal,"RM,LM",32500000,21000,78,69,80,85,63,71,Adult,Good Player
Grimaldo,82,83,26,SL Benfica,Spain,"LB,LWB,LM",33000000,19000,87,65,81,83,74,71,Adult,Good Player
R. Guerreiro,82,82,28,Borussia Dortmund,Portugal,"LB,LM",27500000,57000,74,77,86,87,75,55,Adult,Good Player
A. Onana,82,85,26,Inter,Cameroon,GK,30500000,59000,81,80,86,83,61,80,Adult,Good Player
M. Ginter,82,83,28,Sport-Club Freiburg,Germany,CB,29000000,40000,60,59,71,66,84,79,Adult,Good Player
S. Haller,82,82,28,Borussia Dortmund,Côte d'Ivoire,ST,31000000,68000,65,80,62,74,52,82,Adult,Good Player
Aritz Elustondo,82,83,28,Real Sociedad,Spain,"CB,RB",29000000,43000,64,39,65,62,82,78,Adult,Good Player
T. Abraham,82,85,24,Roma,England,ST,42000000,77000,83,81,66,78,36,80,Adult,Good Player
I. Bennacer,82,86,24,AC Milan,Algeria,"CDM,CM",40000000,63000,77,68,80,86,77,76,Adult,Good Player
Álex Remiro,82,84,27,Real Sociedad,Spain,GK,28000000,34000,83,76,79,84,42,85,Adult,Good Player
D. Rojas,82,83,26,AFC Richmond,Mexico,ST,36500000,74000,83,83,75,82,28,75,Adult,Good Player
F. Wirtz,82,91,19,Bayer 04 Leverkusen,Germany,"CAM,CM",66000000,38000,78,73,80,86,51,60,Young,Good Player
Antony,82,88,22,Manchester United,Brazil,"RW,RM",49000000,130000,93,74,75,86,39,69,Young,Good Player
D. Núñez,82,89,23,Liverpool,Uruguay,"ST,LW",61500000,120000,89,82,68,77,42,86,Adult,Good Player
N. Schlotterbeck,82,88,22,Borussia Dortmund,Germany,CB,44500000,47000,76,56,66,72,84,78,Young,Good Player
B. Saka,82,89,20,Arsenal,England,"RM,LM",60500000,76000,84,74,78,83,65,65,Young,Good Player
Dani Olmo,82,87,24,RB Leipzig,Spain,"CAM,CF",46000000,59000,67,76,81,86,50,59,Adult,Good Player
A. Tchouaméni,82,89,22,Real Madrid CF,France,"CM,CDM",61500000,145000,70,70,79,78,81,82,Young,Good Player
Ferran Torres,82,88,22,FC Barcelona,Spain,"LW,ST",49000000,150000,84,79,79,83,35,67,Young,Good Player
N. Mazraoui,82,86,24,FC Bayern München,Morocco,RB,40500000,59000,84,66,77,82,76,74,Adult,Good Player
A. Danjuma,82,83,25,Villarreal CF,Netherlands,"LM,ST",36500000,43000,88,81,75,82,42,68,Adult,Good Player
A. Ramsdale,82,86,24,Arsenal,England,GK,34500000,62000,83,77,85,84,48,78,Adult,Good Player
Lucas Paquetá,82,87,24,West Ham United,Brazil,"CAM,CM,CF",46000000,77000,72,78,79,85,69,78,Adult,Good Player
D. Dumfries,82,84,26,Inter,Netherlands,"RWB,RM",34500000,73000,83,63,70,73,78,89,Adult,Good Player
R. Malinovskyi,82,82,29,Atalanta,Ukraine,"CF,CAM",30500000,73000,76,81,83,81,64,80,Adult,Good Player
R. Jiménez,82,82,31,Wolverhampton Wanderers,Mexico,ST,25500000,110000,73,81,76,80,47,82,Senior,Good Player
Josué Chiamulera,82,82,30,Club Athletico Paranaense,Brazil,CB,25000000,23000,78,43,56,64,85,79,Senior,Good Player
Lucas Mantela,82,82,22,Palmeiras,Brazil,GK,27000000,33000,79,87,85,81,35,77,Young,Good Player
B. Chilwell,82,85,25,Chelsea,England,"LWB,LB",37000000,110000,76,60,78,78,78,75,Adult,Good Player
André Silva,82,84,26,RB Leipzig,Portugal,ST,38000000,73000,74,83,70,82,47,78,Adult,Good Player
C. Pulisic,82,88,23,Chelsea,United States,"LW,RW,LM",48000000,120000,87,71,73,86,37,59,Adult,Good Player
J. Pickford,82,84,28,Everton,England,GK,26000000,45000,84,77,87,87,51,80,Adult,Good Player
Sergi Darder,82,82,28,RCD Espanyol de Barcelona,Spain,"CM,CDM,CAM",30500000,30000,82,74,82,83,74,77,Adult,Good Player
W. Orban,82,82,29,RB Leipzig,Hungary,CB,25500000,65000,57,36,53,56,84,81,Adult,Good Player
I. Gueye,82,82,32,Everton,Senegal,"CDM,CM",20500000,53000,67,66,72,78,83,76,Senior,Good Player
Z. Ibrahimović,82,82,40,AC Milan,Sweden,ST,0,63000,58,85,76,77,34,72,Senior,Good Player
Iñigo Martínez,82,82,31,Athletic Club de Bilbao,Spain,CB,21000000,35000,71,56,67,61,82,80,Senior,Good Player
Ł. Fabiański,82,82,37,West Ham United,Poland,GK,3400000,43000,82,82,71,82,49,83,Senior,Good Player
I. Rakitić,82,82,34,Sevilla FC,Croatia,CM,14000000,39000,53,80,86,78,75,68,Senior,Good Player
D. Payet,82,82,35,Olympique de Marseille,France,"CAM,LW,ST",12500000,40000,70,78,84,83,40,65,Senior,Good Player
Rui Patrício,82,82,34,Roma,Portugal,GK,5000000,59000,82,80,77,83,55,80,Senior,Good Player
O. Giroud,82,82,35,AC Milan,France,ST,13000000,66000,42,83,72,73,42,78,Senior,Good Player
S. Kjær,82,82,33,AC Milan,Denmark,CB,14500000,73000,62,54,64,60,84,78,Senior,Good Player
Yuri Berchiche,82,82,32,Athletic Club de Bilbao,Spain,LB,21000000,35000,81,68,76,76,79,82,Senior,Good Player
T. Alderweireld,82,82,33,Royal Antwerp FC,Belgium,CB,14500000,30000,57,55,70,67,85,75,Senior,Good Player
M. Arnautović,82,82,33,Bologna,Austria,ST,19500000,51000,78,82,79,79,44,82,Senior,Good Player
Azpilicueta,82,82,32,Chelsea,Spain,"CB,RWB,RB",20000000,115000,64,55,76,72,84,76,Senior,Good Player
Coutinho,82,82,30,Aston Villa,Brazil,"CAM,LW,CM",29500000,100000,62,79,80,88,52,59,Senior,Good Player
C. Eriksen,82,82,30,Manchester United,Denmark,"CM,CAM,CDM",29000000,135000,61,78,88,80,53,52,Senior,Good Player
Raúl Albiol,82,82,36,Villarreal CF,Spain,CB,5500000,30000,38,41,62,63,85,71,Senior,Good Player
S. Coates,82,82,31,Sporting CP,Uruguay,CB,21000000,19000,68,49,55,62,84,87,Senior,Good Player
L. Digne,82,82,28,Aston Villa,France,LB,27500000,100000,78,69,80,79,77,76,Adult,Good Player
Isco,82,82,30,Sevilla FC,Spain,"CAM,LW,CM",29500000,39000,65,75,80,88,59,58,Senior,Good Player
G. Kondogbia,82,82,29,Atlético de Madrid,Central African Republic,"CM,CDM,CB",29500000,71000,68,75,77,76,81,88,Adult,Good Player
Gabriel Paulista,82,82,31,Valencia CF,Brazil,CB,21000000,44000,67,49,71,65,84,83,Senior,Good Player
Nacho Fernández,82,82,32,Real Madrid CF,Spain,"CB,LB",20000000,155000,75,37,69,70,82,80,Senior,Good Player
K. Volland,82,82,29,AS Monaco,Germany,"ST,CF,CAM",30500000,76000,70,85,79,80,46,84,Adult,Good Player
L. Spinazzola,82,82,29,Roma,Italy,"LWB,LM",27000000,77000,91,64,73,80,78,69,Adult,Good Player
S. Berghuis,82,82,30,Ajax,Netherlands,"CAM,RW",29500000,25000,80,82,83,82,40,69,Senior,Good Player
A. Lopes,82,82,31,Olympique Lyonnais,Portugal,GK,16000000,60000,84,78,71,86,63,80,Senior,Good Player
L. Muriel,82,82,31,Atalanta,Colombia,ST,25500000,70000,89,83,74,86,27,67,Senior,Good Player
W. Zaha,82,82,29,Crystal Palace,Côte d'Ivoire,"LW,CF",30000000,85000,91,79,73,86,37,76,Adult,Good Player
F. Acerbi,82,82,34,Inter,Italy,CB,10000000,59000,62,50,64,64,85,78,Senior,Good Player
E. Ndicka,81,85,22,Eintracht Frankfurt,France,CB,34000000,30000,80,51,71,73,81,79,Young,Good Player
T. Souček,81,83,27,West Ham United,Czech Republic,"CDM,CM",28000000,75000,57,72,73,72,82,85,Adult,Good Player
A. Barák,81,82,27,Fiorentina,Czech Republic,"CF,CM",30000000,41000,74,79,80,81,65,75,Adult,Good Player
M. Terrier,81,84,25,Stade Rennais FC,France,"LW,ST",34000000,61000,85,81,75,78,36,70,Adult,Good Player
D. Raum,81,85,24,RB Leipzig,Germany,"LWB,LM,LB",34500000,49000,87,59,77,78,71,77,Adult,Good Player
Y. Bissouma,81,86,25,Tottenham Hotspur,Mali,"CDM,CM",34500000,88000,72,68,75,79,80,77,Adult,Good Player
A. Areola,81,82,29,West Ham United,France,GK,20000000,64000,85,79,75,84,55,78,Adult,Good Player
I. Sangaré,81,86,24,PSV,Côte d'Ivoire,"CDM,CM",35500000,20000,66,66,73,75,81,86,Adult,Good Player
J. Corona,81,81,29,Sevilla FC,Mexico,"RW,LW",25500000,40000,82,65,80,86,73,67,Adult,Good Player
T. Delaney,81,81,30,Sevilla FC,Denmark,"CDM,CM",21500000,33000,72,71,74,73,82,81,Senior,Good Player
A. Lacazette,81,81,31,Olympique Lyonnais,France,ST,22000000,81000,70,81,76,83,44,74,Senior,Good Player
N. Zaniolo,81,88,22,Roma,Italy,"CF,RW,RM",53000000,71000,87,75,72,82,62,83,Young,Good Player
Neto,81,81,32,AFC Bournemouth,Brazil,GK,13000000,47000,82,78,77,80,54,78,Senior,Good Player
I. Konaté,81,88,23,Liverpool,France,CB,48000000,90000,78,34,57,67,82,80,Adult,Good Player
Pedro Porro,81,87,22,Sporting CP,Spain,"RWB,RM",38500000,15000,82,71,75,80,75,78,Young,Good Player
Cucurella,81,85,23,Chelsea,Spain,"LB,CB,LM",34500000,90000,76,68,78,80,77,74,Adult,Good Player
L. Martínez,81,86,24,Manchester United,Argentina,"CB,LB,CDM",35000000,95000,72,60,76,77,82,83,Adult,Good Player
Matheus Cunha,81,86,23,Atlético de Madrid,Brazil,"ST,CAM,LM",39500000,60000,84,82,75,84,32,74,Adult,Good Player
Pedro Gonçalves,81,86,24,Sporting CP,Portugal,"RW,LW,CF",39000000,19000,76,80,80,84,56,64,Adult,Good Player
M. Taremi,81,81,29,FC Porto,Iran,"ST,CF",25500000,22000,77,80,74,81,38,72,Adult,Good Player
Rodrygo,81,88,21,Real Madrid CF,Brazil,"RW,LW",52500000,130000,88,76,74,84,32,56,Young,Good Player
E. Tapsoba,81,86,23,Bayer 04 Leverkusen,Burkina Faso,CB,35000000,49000,70,54,65,70,83,79,Adult,Good Player
D. Kulusevski,81,87,22,Tottenham Hotspur,Sweden,"RW,CF",41500000,105000,78,77,79,83,56,76,Young,Good Player
Bruno Guimarães,81,86,24,Newcastle United,Brazil,"CM,CDM",38500000,88000,69,67,79,81,76,77,Adult,Good Player
J. Gvardiol,81,89,20,RB Leipzig,Croatia,"CB,LB",53000000,41000,82,54,69,74,80,83,Young,Good Player
J. Musiala,81,90,19,FC Bayern München,Germany,"CM,LM,CAM",55500000,39000,76,73,75,87,63,60,Young,Good Player
S. Obisanya,81,88,22,AFC Richmond,Nigeria,"RM,RB",52500000,55000,89,74,78,81,71,73,Young,Good Player
Pablo Sarabia,81,81,30,Paris Saint-Germain,Spain,"RW,CAM,LW",25000000,95000,73,76,82,82,57,59,Senior,Good Player
Marc Bartra,81,81,31,Trabzonspor,Spain,CB,17500000,44000,71,61,73,73,81,74,Senior,Good Player
Felipe,81,81,33,Atlético de Madrid,Brazil,CB,12500000,57000,59,43,59,61,81,83,Senior,Good Player
H. Maguire,81,82,29,Manchester United,England,CB,24000000,120000,48,57,68,67,80,84,Adult,Good Player
Heberto Gaúcho,81,81,26,Clube Atlético Mineiro,Brazil,"CB,CDM",24500000,43000,71,61,57,63,82,80,Adult,Good Player
Oswaldinato,81,81,30,Flamengo,Brazil,ST,25500000,54000,76,81,67,77,20,78,Senior,Good Player
Nailton Padrenda,81,81,26,Clube Atlético Mineiro,Brazil,"CAM,CF,ST",28000000,47000,82,73,77,82,52,70,Adult,Good Player
Welington Dano,81,81,22,Clube Atlético Mineiro,Brazil,"LB,LM",27500000,37000,79,54,76,79,75,74,Young,Good Player
Adriano Bisesi,81,81,30,RB Bragantino,Brazil,"ST,CF",25500000,27000,78,84,62,72,33,71,Senior,Good Player
Rosival Dourado,81,81,22,Sport Club Corinthians Paulista,Brazil,"CDM,CM,CAM",27000000,31000,77,57,74,77,82,68,Young,Good Player
Adryan Zonta,81,81,30,RB Bragantino,Brazil,"LWB,LB",22000000,23000,93,66,75,76,72,77,Senior,Good Player
G. Mancini,81,83,26,Roma,Italy,CB,28000000,68000,67,45,50,59,81,87,Adult,Good Player
G. Rodríguez,81,82,27,Real Betis Balompié,Argentina,CDM,26500000,30000,51,57,71,68,84,77,Adult,Good Player
D. Upamecano,81,87,23,FC Bayern München,France,CB,37000000,54000,82,43,61,68,80,81,Adult,Good Player
Palhinha,81,83,26,Fulham,Portugal,"CDM,CM",28500000,66000,63,65,70,72,82,89,Adult,Good Player
D. Zakaria,81,86,25,Chelsea,Switzerland,"CDM,CM",34500000,95000,82,64,73,77,80,85,Adult,Good Player
M. Akanji,81,82,26,Manchester City,Switzerland,CB,26500000,120000,77,48,70,74,83,78,Adult,Good Player
A. Zambo Anguissa,81,83,26,Napoli,Cameroon,"CDM,CM",28500000,58000,78,68,71,81,80,84,Adult,Good Player
K. Tierney,81,85,25,Arsenal,Scotland,LB,33000000,82000,84,60,75,78,76,79,Adult,Good Player
M. Rashford,81,85,24,Manchester United,England,"LW,ST",37000000,120000,87,82,75,81,41,71,Adult,Good Player
Richarlison,81,84,25,Tottenham Hotspur,Brazil,"ST,LW",34500000,105000,82,79,72,82,53,79,Adult,Good Player
Gabriel,81,87,24,Arsenal,Brazil,CB,37000000,74000,68,36,60,58,83,80,Adult,Good Player
H. Mkhitaryan,81,81,33,Inter,Armenia,"CAM,CM",16000000,74000,82,79,78,83,56,72,Senior,Good Player
N. Otamendi,81,81,34,SL Benfica,Argentina,CB,8500000,18000,63,57,62,59,83,81,Senior,Good Player
M. Götze,81,81,30,Eintracht Frankfurt,Germany,"CAM,ST,CM",25000000,38000,67,74,83,84,55,67,Senior,Good Player
C. Smalling,81,81,32,Roma,England,CB,16500000,68000,62,47,58,60,83,80,Senior,Good Player
N. Pope,81,81,30,Newcastle United,England,GK,17000000,75000,80,82,75,83,49,80,Senior,Good Player
Rafael Tolói,81,81,31,Atalanta,Italy,CB,17500000,55000,67,52,59,65,82,82,Senior,Good Player
E. Cavani,81,81,35,Valencia CF,Uruguay,ST,11000000,37000,61,83,68,72,51,73,Senior,Good Player
É. Banega,81,81,34,Al Shabab,Argentina,"CM,CDM,CAM",12000000,47000,62,74,83,82,75,72,Senior,Good Player
Adán,81,81,35,Sporting CP,Spain,GK,2900000,9000,79,82,78,80,55,83,Senior,Good Player
G. Bale,81,81,32,Los Angeles FC,Wales,"RW,RM",20500000,14000,80,84,81,79,55,69,Senior,Good Player
J. Vertonghen,81,81,35,RSC Anderlecht,Belgium,CB,7000000,21000,69,62,72,67,83,78,Senior,Good Player
C. Vela,81,81,33,Los Angeles FC,Mexico,"RW,LW,CAM",16000000,14000,77,79,76,83,30,64,Senior,Good Player
João Moutinho,81,81,35,Wolverhampton Wanderers,Portugal,CM,10500000,70000,47,71,84,79,71,66,Senior,Good Player
Pepe,81,81,39,FC Porto,Portugal,CB,4600000,12000,77,51,60,61,81,87,Senior,Good Player
G. Lo Celso,81,83,26,Villarreal CF,Argentina,"CM,ST,LM",31500000,100000,71,75,83,84,68,72,Adult,Good Player
Oscar,81,81,30,Shanghai Port FC,Brazil,"CAM,CM,LW",25000000,28000,79,78,82,83,59,67,Senior,Good Player
J. Gomez,81,86,25,Liverpool,England,"CB,RB",34000000,100000,80,30,67,69,81,78,Adult,Good Player
José Sá,81,82,29,Wolverhampton Wanderers,Portugal,GK,20000000,74000,83,78,73,83,52,79,Adult,Good Player
Borja Iglesias,81,81,29,Real Betis Balompié,Spain,ST,25500000,36000,66,82,65,74,40,81,Adult,Good Player
J. Ward-Prowse,81,82,27,Southampton,England,CM,29500000,69000,59,74,86,78,67,73,Adult,Good Player
L. Ocampos,81,81,27,Ajax,Argentina,"RW,LW",27500000,39000,80,81,77,82,62,83,Adult,Good Player
E. Višća,81,81,32,Trabzonspor,Bosnia and Herzegovina,"RM,RW",20500000,48000,87,78,78,82,47,64,Senior,Good Player
T. Savanier,81,81,30,Montpellier Hérault SC,France,"CAM,CM",25000000,33000,64,76,84,83,69,68,Senior,Good Player
E. Forsberg,81,81,30,RB Leipzig,Sweden,"CAM,CF,ST",25000000,62000,71,73,83,83,35,62,Senior,Good Player
Lucas Vázquez,81,81,31,Real Madrid CF,Spain,"RB,RW",18500000,140000,82,73,79,80,73,69,Senior,Good Player
G. Laborde,81,81,28,OGC Nice,France,ST,26500000,61000,74,81,76,79,40,79,Adult,Good Player
J. Hofmann,81,81,29,Borussia Mönchengladbach,Germany,"CAM,RM,LM",25500000,40000,73,76,80,80,64,72,Adult,Good Player
N. Tagliafico,81,81,29,Olympique Lyonnais,Argentina,LB,22500000,72000,80,56,72,75,80,80,Adult,Good Player
K. Demirbay,81,81,28,Bayer 04 Leverkusen,Germany,"CM,CDM,CAM",25500000,65000,69,76,81,82,71,72,Adult,Good Player
O. Vlachodimos,81,83,28,SL Benfica,Greece,GK,22000000,15000,84,78,67,84,43,78,Adult,Good Player
V. Grifo,81,81,29,Sport-Club Freiburg,Italy,"LM,CF",25500000,40000,74,75,80,81,40,63,Adult,Good Player
R. Andrich,81,82,27,Bayer 04 Leverkusen,Germany,"CDM,CM",26500000,57000,63,76,76,73,79,85,Adult,Good Player
R. Le Normand,81,86,25,Real Sociedad,France,CB,34000000,36000,63,25,53,58,83,80,Adult,Good Player
Ricardo Horta,81,81,27,SC Braga,Portugal,"CF,ST,LW",28000000,23000,79,82,79,80,43,70,Adult,Good Player
S. Lobotka,81,82,27,Napoli,Slovakia,"CM,CDM",29500000,64000,71,68,79,81,73,70,Adult,Good Player
K. Phillips,81,85,26,Manchester City,England,"CDM,CM",32000000,120000,66,65,77,76,79,82,Adult,Good Player
M. Uribe,81,81,31,FC Porto,Colombia,"CM,CDM",21000000,19000,75,76,75,79,80,82,Senior,Good Player
L. Torreira,81,83,26,Galatasaray SK,Uruguay,"CDM,CM",28500000,73000,72,70,76,80,78,76,Adult,Good Player
M. Pašalić,81,81,27,Atalanta,Croatia,"CAM,CF,CM",27500000,60000,75,79,76,80,67,77,Adult,Good Player
N. Keïta,81,82,27,Liverpool,Guinea,CM,29500000,115000,69,74,76,86,69,68,Adult,Good Player
C. Tolisso,81,81,27,Olympique Lyonnais,France,"CM,CDM",27500000,75000,69,78,77,79,77,77,Adult,Good Player
H. Lozano,81,81,26,Napoli,Mexico,RW,28000000,69000,93,76,72,82,41,62,Adult,Good Player
M. Politano,81,81,28,Napoli,Italy,"RW,RM",26000000,72000,83,77,78,84,42,55,Adult,Good Player
A. Saint-Maximin,81,83,25,Newcastle United,France,LM,32500000,95000,90,73,73,88,27,68,Adult,Good Player
S. Fofana,81,81,27,Racing Club de Lens,Côte d'Ivoire,CM,27500000,43000,73,74,75,80,73,85,Adult,Good Player
Iñaki Williams,81,81,28,Athletic Club de Bilbao,Ghana,ST,26500000,40000,94,78,72,78,38,83,Adult,Good Player
J. Musso,81,82,28,Atalanta,Argentina,GK,20500000,47000,82,78,73,86,44,82,Adult,Good Player
B. Bourigeaud,81,81,28,Stade Rennais FC,France,"RW,RM,LM",26000000,66000,76,77,83,81,66,76,Adult,Good Player
Y. En-Nesyri,80,85,25,Sevilla FC,Morocco,ST,31500000,35000,78,80,59,74,35,76,Adult,Good Player
Javi Galán,80,80,27,RC Celta de Vigo,Spain,LB,20500000,28000,78,55,74,82,75,71,Adult,Good Player
F. Neuhaus,80,84,25,Borussia Mönchengladbach,Germany,CM,29000000,34000,68,73,79,80,66,67,Adult,Good Player
H. Barnes,80,83,24,Leicester City,England,"LM,LW",29000000,77000,86,77,75,81,45,64,Adult,Good Player
A. Isak,80,85,22,Newcastle United,Sweden,ST,33000000,90000,83,79,68,83,29,68,Young,Good Player
L. Sinisterra,80,86,23,Leeds United,Colombia,"LW,LM",33500000,48000,89,73,72,85,53,63,Adult,Good Player
X. Schlager,80,84,24,RB Leipzig,Austria,"CDM,CM",27500000,46000,67,70,73,77,73,81,Adult,Good Player
D. Kamada,80,82,25,Eintracht Frankfurt,Japan,"CAM,CF",26500000,34000,74,68,79,83,46,61,Adult,Good Player
M. Arambarri,80,85,26,Getafe CF,Uruguay,"CDM,CM",28000000,32000,61,64,73,73,78,77,Adult,Good Player
A. Lafont,80,85,23,FC Nantes,France,GK,25500000,21000,83,77,68,86,47,77,Adult,Good Player
Maikel Catarino,80,80,26,Sport Club Corinthians Paulista,Brazil,"RB,RM",21000000,34000,76,51,70,77,77,70,Adult,Good Player
Renato Sanches,80,85,24,Paris Saint-Germain,Portugal,"CM,RM",31500000,72000,83,74,77,84,72,84,Adult,Good Player
Arthur,80,82,25,Liverpool,Brazil,"CM,CDM",26500000,100000,71,65,80,86,72,69,Adult,Good Player
Tony Abranjes,80,80,34,Internacional,Brazil,CB,7000000,32000,67,39,55,58,81,85,Senior,Good Player
Laure Santeiro,80,80,22,Fluminense,Brazil,"CAM,LM,LW",25000000,27000,80,72,77,82,26,45,Young,Good Player
Héniton Pires,80,80,26,Flamengo,Brazil,GK,16500000,35000,81,75,78,79,41,81,Adult,Good Player
M. Guendouzi,80,86,23,Olympique de Marseille,France,"CM,CDM",33000000,41000,73,66,79,77,77,80,Adult,Good Player
L. Bailey,80,83,24,Aston Villa,Jamaica,"RM,RW,LW",29000000,77000,92,78,74,83,33,61,Adult,Good Player
A. Wan-Bissaka,80,83,24,Manchester United,England,RB,26500000,90000,82,50,66,75,78,73,Adult,Good Player
D. Sow,80,82,25,Eintracht Frankfurt,Switzerland,"CM,CDM",26500000,34000,77,69,77,78,77,80,Adult,Good Player
Mario Hermoso,80,82,27,Atlético de Madrid,Spain,"CB,LB",22500000,53000,75,49,73,71,81,80,Adult,Good Player
D. Calabria,80,83,25,AC Milan,Italy,RB,25500000,60000,79,57,70,74,79,73,Adult,Good Player
E. Álvarez,80,84,24,Ajax,Mexico,"CDM,CM",27500000,17000,71,57,67,69,82,86,Adult,Good Player
T. Koopmeiners,80,84,24,Atalanta,Netherlands,"CM,CDM",30000000,49000,70,72,80,76,76,77,Adult,Good Player
B. Kamara,80,86,22,Aston Villa,France,CDM,31000000,69000,70,54,71,73,80,79,Young,Good Player
V. Tsygankov,80,85,24,Dynamo Kyiv,Ukraine,RM,32000000,1000,85,74,78,80,46,59,Adult,Good Player
M. Dmitrović,80,81,30,Sevilla FC,Serbia,GK,16000000,25000,77,79,78,81,37,80,Senior,Good Player
I. McAdoo,80,83,26,AFC Richmond,England,CB,24500000,54000,63,62,55,56,81,83,Adult,Good Player
J. Frimpong,80,86,21,Bayer 04 Leverkusen,Netherlands,"RB,RWB",31500000,38000,94,54,73,83,72,70,Young,Good Player
Nuno Mendes,80,88,20,Paris Saint-Germain,Portugal,"LB,LWB",44000000,54000,89,57,73,78,74,73,Young,Good Player
S. Botman,80,86,22,Newcastle United,Netherlands,CB,31000000,74000,58,37,60,62,80,84,Young,Good Player
J. Timber,80,88,21,Ajax,Netherlands,"CB,RB",44500000,14000,82,47,67,77,81,81,Young,Good Player
Renan Lodi,80,85,24,Nottingham Forest,Brazil,"LB,LM",29500000,46000,83,68,76,80,74,75,Adult,Good Player
Reguilón,80,83,25,Atlético de Madrid,Spain,"LWB,LB",25500000,82000,83,57,74,78,77,69,Adult,Good Player
V. Coufal,80,80,29,West Ham United,Czech Republic,"RB,RWB",18500000,73000,73,56,73,75,78,81,Adult,Good Player
A. Rrahmani,80,80,28,Napoli,Kosovo,CB,18000000,57000,61,51,58,61,82,80,Adult,Good Player
S. McTominay,80,83,25,Manchester United,Scotland,"CDM,CM",25000000,100000,63,74,74,75,78,85,Adult,Good Player
L. Majer,80,85,24,Stade Rennais FC,Croatia,CM,31500000,47000,69,73,81,83,60,67,Adult,Good Player
W. Saliba,80,87,21,Arsenal,France,CB,40000000,58000,78,39,67,71,80,79,Young,Good Player
D. Livaković,80,83,27,Dinamo Zagreb,Croatia,GK,20500000,1000,80,76,71,84,56,77,Adult,Good Player
R. Baku,80,84,24,VfL Wolfsburg,Germany,"RM,RB,CM",30000000,46000,82,73,73,81,70,78,Adult,Good Player
N. González,80,85,24,Fiorentina,Argentina,"RW,LW",32000000,58000,87,73,73,83,45,64,Adult,Good Player
E. Smith Rowe,80,87,21,Arsenal,England,"LM,CAM",43000000,65000,78,71,76,81,32,61,Young,Good Player
J. Clauss,80,80,29,Olympique de Marseille,France,RWB,18500000,45000,84,69,76,78,69,70,Adult,Good Player
W. McKennie,80,85,23,Juventus,United States,"CM,LM",31500000,90000,82,74,76,80,78,83,Adult,Good Player
N. Milenković,80,85,24,Fiorentina,Serbia,CB,29000000,48000,64,45,62,62,81,83,Adult,Good Player
N. Aguerd,80,83,26,West Ham United,Morocco,CB,24500000,70000,73,50,64,65,80,77,Adult,Good Player
Nélson Semedo,80,80,28,Wolverhampton Wanderers,Portugal,"RWB,RB",19000000,84000,83,57,69,80,75,74,Adult,Good Player
C. Aránguiz,80,80,33,Bayer 04 Leverkusen,Chile,"CDM,CM",10500000,53000,46,71,79,77,76,71,Senior,Good Player
Lucas Moura,80,80,29,Tottenham Hotspur,Brazil,RW,20500000,105000,89,77,70,85,46,68,Adult,Good Player
Jonathan Viera,80,80,32,Unión Deportiva Las Palmas,Spain,"CAM,CM,LM",16500000,14000,80,75,79,81,63,72,Senior,Good Player
Danilo,80,80,30,Juventus,Brazil,RB,18000000,95000,72,67,73,74,81,79,Senior,Good Player
Sergi Roberto,80,80,30,FC Barcelona,Spain,"RB,CM",18000000,125000,74,63,79,77,75,72,Senior,Good Player
Allan,80,80,31,Everton,Brazil,"CDM,CM",15000000,46000,70,69,73,79,79,77,Senior,Good Player
J. Cillessen,80,80,33,N.E.C. Nijmegen,Netherlands,GK,7000000,13000,80,79,78,76,54,80,Senior,Good Player
H. Vanaken,80,80,29,Club Brugge KV,Belgium,"CM,CAM",20500000,34000,44,79,81,76,59,74,Adult,Good Player
S. Ortega,80,80,29,Manchester City,Germany,GK,14500000,95000,76,74,86,85,52,80,Adult,Good Player
Danilo Pereira,80,80,30,Paris Saint-Germain,Portugal,"CDM,CM",17500000,76000,56,63,70,71,79,85,Senior,Good Player
Morata,80,80,29,Atlético de Madrid,Spain,ST,21000000,66000,80,78,72,78,31,77,Adult,Good Player
L. Shaw,80,81,26,Manchester United,England,LB,22500000,105000,76,54,78,78,79,78,Adult,Good Player
C. Biraghi,80,80,29,Fiorentina,Italy,LB,18500000,58000,76,69,78,77,77,76,Adult,Good Player
E. Dier,80,81,28,Tottenham Hotspur,England,CB,20000000,90000,54,64,70,65,80,84,Adult,Good Player
Deulofeu,80,80,28,Udinese Calcio,Spain,"CF,ST",21500000,26000,90,79,75,83,30,66,Adult,Good Player
T. Hazard,80,80,29,Borussia Dortmund,Belgium,"LM,CF",20500000,54000,75,76,79,83,53,65,Adult,Good Player
T. Vaclík,80,80,33,Free agent,Czech Republic,GK,0,0,78,75,74,83,40,82,Senior,Good Player
Edgar Badia,80,81,30,Elche CF,Spain,GK,16000000,20000,78,77,77,83,44,78,Senior,Good Player
K. Zouma,80,82,27,West Ham United,France,CB,22500000,70000,62,51,62,56,80,84,Adult,Good Player
M. Sabitzer,80,80,28,FC Bayern München,Austria,"CM,CDM,CAM",21000000,67000,72,81,79,79,66,76,Adult,Good Player
K. Kampl,80,80,31,RB Leipzig,Slovenia,"CM,CDM",17500000,58000,69,66,81,83,62,62,Senior,Good Player
A. Delort,80,80,30,OGC Nice,Algeria,ST,20500000,55000,82,81,72,75,37,82,Senior,Good Player
B. Leno,80,80,30,Fulham,Germany,GK,14000000,50000,82,78,74,82,55,79,Senior,Good Player
Alex Sandro,80,80,31,Juventus,Brazil,LB,15500000,95000,76,65,73,78,76,78,Senior,Good Player
Yeray,80,82,27,Athletic Club de Bilbao,Spain,CB,22500000,31000,65,49,63,64,82,77,Adult,Good Player
G. Ochoa,80,80,36,Free agent,Mexico,GK,0,0,82,73,70,84,50,81,Senior,Good Player
H. Herrera,80,80,32,Houston Dynamo,Mexico,CM,16500000,12000,66,75,76,76,76,82,Senior,Good Player
A. Consigli,80,80,35,U.S. Sassuolo Calcio,Italy,GK,2300000,20000,80,81,71,81,42,78,Senior,Good Player
Raúl García,80,80,35,Athletic Club de Bilbao,Spain,ST,9000000,28000,35,83,82,78,59,84,Senior,Good Player
José Fonte,80,80,38,LOSC Lille,Portugal,CB,3800000,26000,31,46,62,62,82,80,Senior,Good Player
M. Hamšík,80,80,34,Trabzonspor,Slovakia,"CM,CDM,CAM",9500000,45000,64,77,82,80,71,71,Senior,Good Player
A. Candreva,80,80,35,US Salernitana 1919,Italy,"RM,CM",8500000,20000,70,79,80,81,61,62,Senior,Good Player
S. Mignolet,80,80,34,Club Brugge KV,Belgium,GK,3600000,24000,80,74,74,85,51,83,Senior,Good Player
Joselu,80,80,32,RCD Espanyol de Barcelona,Spain,ST,17000000,27000,63,81,69,73,31,76,Senior,Good Player
D. Ospina,80,80,33,Al Nassr,Colombia,GK,7000000,36000,81,76,77,82,34,80,Senior,Good Player
E. Capoue,80,80,33,Villarreal CF,France,"CM,CDM",13000000,39000,53,73,78,75,79,78,Senior,Good Player
G. Wijnaldum,80,80,31,Roma,Netherlands,"CM,CDM",17500000,83000,69,71,77,80,77,78,Senior,Good Player
M. Kruse,80,80,34,VfL Wolfsburg,Germany,"CF,CAM",10500000,58000,51,81,81,82,40,64,Senior,Good Player
M. Darmian,80,80,32,Inter,Italy,"RWB,RM",14500000,63000,71,59,70,76,81,69,Senior,Good Player
F. Coquelin,80,80,31,Villarreal CF,France,"CM,LM,CDM",17500000,39000,68,68,78,79,78,80,Senior,Good Player
D. Blind,80,80,32,Ajax,Netherlands,"CB,LB,CDM",13500000,20000,42,62,82,79,81,70,Senior,Good Player
A. Cragno,80,81,28,AC Monza,Italy,GK,16500000,6000,82,79,73,83,39,77,Adult,Good Player
R. Freuler,80,80,30,Nottingham Forest,Switzerland,"CM,CDM",20000000,72000,68,71,75,78,75,74,Senior,Good Player
M. Arnold,80,81,28,VfL Wolfsburg,Germany,"CDM,CM",20500000,51000,65,80,78,78,76,75,Adult,Good Player
V. Lindelöf,80,81,27,Manchester United,Sweden,CB,21000000,105000,59,51,72,72,82,76,Adult,Good Player
Álex Moreno,80,80,29,Real Betis Balompié,Spain,LB,18500000,29000,88,68,73,76,75,69,Adult,Good Player
M. Dahoud,80,82,26,Borussia Dortmund,Germany,"CM,CDM",26000000,52000,70,69,77,85,67,70,Adult,Good Player
J. Ledesma,80,82,29,Cádiz CF,Argentina,GK,17500000,30000,82,77,72,83,46,78,Adult,Good Player
H. Traoré,80,80,30,Stade Rennais FC,Mali,RB,18000000,50000,83,57,72,76,75,78,Senior,Good Player
A. Rebić,80,80,28,AC Milan,Croatia,"LW,LM,ST",21000000,78000,86,80,74,81,48,80,Adult,Good Player
H. Hateboer,80,80,28,Atalanta,Netherlands,"RWB,RB,RM",19000000,53000,82,64,71,77,77,76,Adult,Good Player
Kepa,80,83,27,Chelsea,Spain,GK,20500000,80000,79,78,85,82,34,77,Adult,Good Player
D. Calvert-Lewin,80,84,25,Everton,England,ST,29500000,52000,81,77,64,76,39,80,Adult,Good Player
L. Klostermann,80,82,26,RB Leipzig,Germany,"CB,RWB",23000000,53000,86,50,64,71,82,78,Adult,Good Player
J. Correa,80,80,27,Inter,Argentina,"CF,ST",23000000,75000,84,75,76,84,39,69,Adult,Good Player
R. Karsdorp,80,81,27,Roma,Netherlands,"RWB,RM,RB",22000000,63000,85,63,74,77,75,79,Adult,Good Player
Joan Jordán,80,80,27,Sevilla FC,Spain,"CM,CDM",22500000,33000,59,75,81,76,68,75,Adult,Good Player
J. Bowen,80,83,25,West Ham United,England,"RM,ST",28000000,73000,78,77,75,81,44,66,Adult,Good Player
Álex Berenguer,80,80,26,Athletic Club de Bilbao,Spain,"RM,LM",23000000,33000,81,76,76,82,64,64,Adult,Good Player
S. Bergwijn,80,85,24,Ajax,Netherlands,"LW,RW",32000000,21000,86,78,75,83,42,70,Adult,Good Player
E. Buendía,80,82,25,Aston Villa,Argentina,"RM,RW,CAM",26500000,84000,71,74,81,83,66,70,Adult,Good Player
U. Çakır,80,84,26,Trabzonspor,Turkey,GK,22500000,33000,80,77,72,82,54,81,Adult,Good Player
G. Scamacca,80,86,23,West Ham United,Italy,ST,33500000,73000,73,80,66,74,36,74,Adult,Good Player
Morales,80,80,34,Villarreal CF,Spain,"LM,ST",10000000,39000,83,81,74,82,52,67,Senior,Good Player
M. Dúbravka,80,80,33,Manchester United,Slovakia,GK,7000000,70000,78,76,79,81,46,77,Senior,Good Player
W. Benítez,80,82,29,PSV,Argentina,GK,17500000,19000,80,79,72,83,48,80,Adult,Good Player
L. Paredes,80,80,28,Juventus,Argentina,"CDM,CM",18500000,79000,64,71,82,78,76,78,Adult,Good Player
S. Azmoun,80,81,27,Bayer 04 Leverkusen,Iran,"ST,CAM",24500000,63000,78,77,70,78,40,73,Adult,Good Player
William Carvalho,80,80,30,Real Betis Balompié,Portugal,CDM,17500000,28000,35,65,77,73,75,84,Senior,Good Player
B. Cristante,80,82,27,Roma,Italy,"CDM,CM",23000000,63000,54,73,77,75,77,78,Adult,Good Player
Saúl,80,81,27,Atlético de Madrid,Spain,"CM,LM,LWB",24000000,58000,69,76,77,79,78,76,Adult,Good Player
M. de Roon,80,80,31,Atalanta,Netherlands,"CDM,CM,CB",15000000,51000,70,68,70,71,82,83,Senior,Good Player
A. Belotti,80,80,28,Roma,Italy,ST,21500000,78000,74,80,58,76,38,83,Adult,Good Player
Fred,80,80,29,Manchester United,Brazil,"CM,CDM",20500000,120000,76,67,79,81,75,71,Adult,Good Player
C. Günter,80,80,29,Sport-Club Freiburg,Germany,"LB,LM,LWB",18500000,34000,80,58,71,71,75,82,Adult,Good Player
A. Rabiot,80,81,27,Juventus,France,"CM,LM",24000000,105000,75,73,76,79,76,79,Adult,Good Player
Rui Silva,80,82,28,Real Betis Balompié,Portugal,GK,18000000,24000,81,76,75,83,31,82,Adult,Good Player
A. Romagnoli,80,80,27,Lazio,Italy,CB,19500000,51000,66,40,55,67,83,77,Adult,Good Player
Carles Gil,80,80,29,New England Revolution,Spain,"CAM,RM",20500000,13000,71,70,81,80,39,64,Adult,Good Player
A. Martial,80,83,26,Manchester United,France,"ST,LM",28000000,125000,83,79,72,84,35,66,Adult,Good Player
M. Dembélé,80,83,25,Olympique Lyonnais,France,ST,28500000,73000,72,79,64,74,30,79,Adult,Good Player
M. Flekken,80,81,29,Sport-Club Freiburg,Netherlands,GK,16000000,28000,80,76,81,82,31,79,Adult,Good Player
Alex Telles,80,80,29,Sevilla FC,Brazil,LB,18500000,110000,79,74,81,77,75,71,Adult,Good Player
A. Gouiri,79,86,22,Stade Rennais FC,France,"ST,LM",36000000,49000,78,81,76,80,45,69,Young,Good Player
N. Maksimović,79,80,27,Getafe CF,Serbia,"CM,CDM",20000000,33000,51,72,75,74,77,77,Adult,Good Player
Unai Núñez,79,83,25,RC Celta de Vigo,Spain,CB,22000000,28000,70,24,51,52,79,78,Adult,Good Player
O. Kökçü,79,86,21,Feyenoord,Turkey,"CM,CAM",35500000,11000,72,71,81,79,65,76,Young,Good Player
A. Nwakaeme,79,79,33,Al Fayha,Nigeria,LM,11000000,32000,75,77,76,81,39,80,Senior,Good Player
Luis Milla,79,81,27,Getafe CF,Spain,"CDM,CM",19000000,30000,70,70,76,74,75,74,Adult,Good Player
T. Malacia,79,85,22,Manchester United,Netherlands,LB,26500000,86000,85,56,66,77,76,76,Young,Good Player
J. David,79,85,22,LOSC Lille,Canada,ST,28500000,37000,83,79,71,77,33,71,Young,Good Player
C. Gallagher,79,86,22,Chelsea,England,CM,35500000,89000,74,76,75,78,67,74,Young,Good Player
A. Sánchez,79,79,33,Olympique de Marseille,Chile,"CF,ST",11000000,48000,72,77,78,83,43,67,Senior,Good Player
P. Estupiñán,79,83,24,Brighton & Hove Albion,Ecuador,"LB,LWB",23500000,55000,81,46,69,72,75,76,Adult,Good Player
J. Foyth,79,84,24,Villarreal CF,Argentina,"RB,CB,CDM",24500000,29000,72,46,69,72,80,77,Adult,Good Player
Kim Min Jae,79,84,25,Napoli,Korea Republic,CB,23000000,49000,80,33,57,62,79,84,Adult,Good Player
D. Szoboszlai,79,87,21,RB Leipzig,Hungary,"CAM,LM",39500000,41000,77,79,81,80,34,64,Young,Good Player
David Neres,79,82,25,SL Benfica,Brazil,"RW,LW,CAM",23000000,18000,85,72,73,83,37,64,Adult,Good Player
A. Ogbonna,79,79,34,West Ham United,Italy,CB,5500000,66000,49,40,60,62,82,68,Senior,Good Player
J. Boateng,79,79,33,Olympique Lyonnais,Germany,CB,8500000,60000,47,49,73,66,80,74,Senior,Good Player
Y. Fofana,79,84,23,AS Monaco,France,"CDM,CM",24500000,43000,68,67,74,76,75,77,Adult,Good Player
L. Stindl,79,79,33,Borussia Mönchengladbach,Germany,CAM,11000000,34000,55,79,79,79,60,74,Senior,Good Player
Luís Maximiano,79,85,23,Lazio,Portugal,GK,22500000,32000,78,76,68,82,55,76,Adult,Good Player
Diego López,79,79,40,Rayo Vallecano,Spain,GK,1900000,11000,76,80,68,76,44,81,Senior,Good Player
R. Gravenberch,79,89,20,FC Bayern München,Netherlands,CM,38500000,45000,77,76,78,83,68,72,Young,Good Player
Ansu Fati,79,90,19,FC Barcelona,Spain,LW,38000000,84000,88,77,72,82,30,53,Young,Good Player
Pedro,79,79,34,Lazio,Spain,"LW,RW,CF",8000000,57000,73,74,76,86,36,51,Senior,Good Player
G. Goodman,79,79,29,AFC Richmond,England,LB,15500000,53000,83,55,74,78,75,66,Adult,Good Player
M. Bumbercatch,79,82,25,AFC Richmond,England,"CM,CDM,CAM",23000000,53000,87,61,78,81,72,61,Adult,Good Player
Gavi,79,88,17,FC Barcelona,Spain,"CM,LW,RW",36000000,17000,76,64,77,83,65,67,Young,Good Player
Yeremy Pino,79,87,19,Villarreal CF,Spain,"RM,ST",38000000,21000,77,73,76,79,38,45,Young,Good Player
Gonçalo Inácio,79,88,20,Sporting CP,Portugal,CB,36000000,11000,80,36,61,61,80,77,Young,Good Player
Vitinha,79,89,22,Paris Saint-Germain,Portugal,"CM,CAM",39500000,68000,73,68,79,83,67,55,Young,Good Player
Matheus Nunes,79,86,23,Wolverhampton Wanderers,Portugal,CM,35000000,73000,82,71,73,82,74,76,Adult,Good Player
G. Raspadori,79,86,22,Napoli,Italy,"CF,CAM,LM",36000000,37000,81,78,68,81,27,58,Young,Good Player
S. Chukwueze,79,85,23,Villarreal CF,Nigeria,"RM,RW",27500000,32000,89,74,70,84,36,63,Adult,Good Player
A. Musrati,79,83,26,SC Braga,Libya,"CDM,CM",22000000,17000,58,61,70,70,78,83,Adult,Good Player
Beto,79,82,24,Udinese Calcio,Portugal,ST,24500000,21000,87,79,58,74,24,81,Adult,Good Player
W. Fofana,79,86,21,Chelsea,France,CB,33000000,67000,75,37,55,64,81,76,Young,Good Player
E. Camavinga,79,89,19,Real Madrid CF,France,"CM,CDM",38000000,78000,76,66,78,81,76,78,Young,Good Player
Zubimendi,79,86,23,Real Sociedad,Spain,"CM,CDM",35000000,32000,59,64,74,74,79,70,Adult,Good Player
Ibañez,79,83,23,Roma,Brazil,CB,22500000,51000,82,32,45,58,81,79,Adult,Good Player
M. Caqueret,79,85,22,Olympique Lyonnais,France,"CDM,CM",26000000,52000,73,58,73,81,75,68,Young,Good Player
B. Dia,79,83,25,US Salernitana 1919,Senegal,"ST,RW",24500000,39000,83,78,62,76,27,76,Adult,Good Player
M. Lanzini,79,79,29,West Ham United,Argentina,"CAM,CM",17000000,75000,69,73,79,82,41,55,Adult,Good Player
Guaita,79,79,35,Crystal Palace,Spain,GK,1900000,29000,80,77,78,81,51,77,Senior,Good Player
A. Talavera,79,79,39,Free agent,Mexico,GK,0,0,80,82,68,80,58,78,Senior,Good Player
R. Bentancur,79,83,25,Tottenham Hotspur,Uruguay,CM,24500000,85000,67,62,79,80,78,77,Adult,Good Player
G. Montiel,79,81,25,Sevilla FC,Argentina,"RB,RWB",20000000,28000,83,60,70,75,75,81,Adult,Good Player
L. Blas,79,83,24,FC Nantes,France,"CAM,RM,ST",25000000,28000,73,76,77,82,58,64,Adult,Good Player
Matheus Reis,79,82,27,Sporting CP,Brazil,"CB,LB,LWB",20000000,16000,73,53,67,74,79,82,Adult,Good Player
Luimo Boas Santos,79,79,22,Santos,Brazil,ST,21000000,32000,83,79,65,81,28,64,Young,Good Player
Gabri Prestão,79,79,30,Internacional,Brazil,GK,11500000,25000,81,75,71,82,60,77,Senior,Good Player
Melvin Parrela,79,79,22,RB Bragantino,Brazil,CDM,18500000,17000,71,70,70,72,80,83,Young,Good Player
Jorge Andrão,79,79,26,Fluminense,Brazil,"CDM,CM",17000000,27000,67,62,74,75,78,76,Adult,Good Player
Adnan Vidual,79,79,30,Internacional,Brazil,RB,15000000,30000,83,52,70,71,76,71,Senior,Good Player
Diego Essler,79,79,22,Clube Atlético Mineiro,Brazil,"LB,LM",19000000,32000,89,58,70,77,74,59,Young,Good Player
Emelvinson,79,79,34,RB Bragantino,Brazil,GK,3000000,16000,79,75,77,74,41,83,Senior,Good Player
E. Ávila,79,79,28,CA Osasuna,Argentina,"ST,RM",18000000,38000,80,80,65,78,44,83,Adult,Good Player
O. Zinchenko,79,82,25,Arsenal,Ukraine,LB,21500000,73000,68,65,80,80,77,69,Adult,Good Player
E. Konsa,79,86,24,Aston Villa,England,CB,32500000,65000,78,39,62,71,80,76,Adult,Good Player
A. Rossi,79,83,26,Boca Juniors,Argentina,GK,19000000,16000,80,76,72,80,41,79,Adult,Good Player
D. Sánchez,79,80,26,Tottenham Hotspur,Colombia,CB,18000000,81000,75,47,55,66,79,79,Adult,Good Player
M. Cash,79,84,24,Aston Villa,Poland,"RB,RWB",24500000,65000,80,67,71,75,74,76,Adult,Good Player
B. Pavard,79,81,26,FC Bayern München,France,"RB,CB",20000000,56000,66,55,72,71,81,78,Adult,Good Player
Pablo Fornals,79,81,26,West Ham United,Spain,"CAM,LM",21500000,72000,67,74,79,79,69,71,Adult,Good Player
N. Mukiele,79,83,24,Paris Saint-Germain,France,"RWB,CB",23500000,61000,78,49,68,72,81,80,Adult,Good Player
N. Pépé,79,79,27,OGC Nice,Côte d'Ivoire,RM,18500000,83000,88,77,74,82,36,62,Adult,Good Player
A. Golovin,79,80,26,AS Monaco,Russia,"LM,RM,CAM",20500000,55000,77,72,78,82,60,66,Adult,Good Player
David García,79,81,28,CA Osasuna,Spain,CB,17500000,32000,61,37,65,65,80,75,Adult,Good Player
E. Skhiri,79,80,27,1. FC Köln,Tunisia,"CDM,CM",18000000,31000,68,72,71,75,79,75,Adult,Good Player
A. Marušić,79,79,29,Lazio,Montenegro,"LB,RB",15500000,51000,84,66,67,74,75,79,Adult,Good Player
W. Weghorst,79,79,29,Beşiktaş JK,Netherlands,ST,17500000,59000,60,77,60,69,52,86,Adult,Good Player
J. Omlin,79,81,28,Montpellier Hérault SC,Switzerland,GK,15000000,23000,80,75,73,82,52,76,Adult,Good Player
J. Weigl,79,80,26,Borussia Mönchengladbach,Germany,"CM,CDM",20500000,17000,59,64,75,77,79,75,Adult,Good Player
D. van de Beek,79,84,25,Manchester United,Netherlands,"CM,CDM,CAM",25500000,105000,67,77,76,78,72,75,Adult,Good Player
D. Malen,79,85,23,Borussia Dortmund,Netherlands,"ST,LM",28000000,47000,88,78,72,83,35,73,Adult,Good Player
Rafa Mir,79,84,25,Sevilla FC,Spain,ST,26000000,33000,78,81,67,71,45,78,Adult,Good Player
B. White,79,86,24,Arsenal,England,CB,32500000,65000,70,29,67,72,81,76,Adult,Good Player
J. Bijlow,79,85,24,Feyenoord,Netherlands,GK,22500000,9000,82,75,78,80,58,76,Adult,Good Player
S. Mandanda,79,79,37,Stade Rennais FC,France,GK,1900000,25000,77,79,74,81,49,77,Senior,Good Player
J. Evans,79,79,34,Leicester City,Northern Ireland,CB,5500000,76000,50,32,60,58,82,76,Senior,Good Player
Joaquín,79,79,40,Real Betis Balompié,Spain,"RM,LM",0,20000,66,78,85,79,44,53,Senior,Good Player
D. Wass,79,79,33,Brøndby IF,Denmark,"CM,RM,RB",11000000,20000,73,77,80,76,75,75,Senior,Good Player
Ó. Trejo,79,79,34,Rayo Vallecano,Argentina,CAM,8000000,25000,68,76,78,82,71,77,Senior,Good Player
A. Witsel,79,79,33,Atlético de Madrid,Belgium,"CDM,CM,CB",8500000,51000,34,63,79,75,78,74,Senior,Good Player
J. Hernández,79,79,34,LA Galaxy,Mexico,ST,8500000,13000,72,77,64,76,31,68,Senior,Good Player
Sergio Asenjo,79,79,33,Real Valladolid CF,Spain,GK,5500000,21000,80,77,78,78,57,77,Senior,Good Player
A. Modeste,79,79,34,Borussia Dortmund,France,ST,8500000,53000,69,78,63,70,35,79,Senior,Good Player
F. Muslera,79,79,36,Galatasaray SK,Uruguay,GK,1900000,34000,76,80,72,77,51,82,Senior,Good Player
G. Buffon,79,79,44,Parma,Italy,GK,1900000,3000,76,73,70,76,31,90,Senior,Good Player
O. Wijndal,79,83,22,Ajax,Netherlands,LB,24000000,16000,84,53,76,78,73,74,Young,Good Player
Reinildo,79,79,28,Atlético de Madrid,Mozambique,"LB,CB",16000000,53000,80,54,66,74,78,78,Adult,Good Player
Fran Beltrán,79,84,23,RC Celta de Vigo,Spain,"CDM,CM",24500000,22000,60,56,77,77,77,65,Adult,Good Player
C. Ünder,79,82,24,Olympique de Marseille,Turkey,"RW,RM",24000000,42000,78,77,75,80,38,52,Adult,Good Player
Lucas Veríssimo,79,82,26,SL Benfica,Brazil,CB,20500000,16000,81,39,58,63,80,81,Adult,Good Player
T. Ndombele,79,82,25,Napoli,France,"CM,CDM,CAM",23000000,85000,66,71,79,86,68,68,Adult,Good Player
S. Özcan,79,83,24,Borussia Dortmund,Turkey,"CDM,CM",23000000,38000,77,62,72,77,76,81,Adult,Good Player
M. Lazzari,79,79,28,Lazio,Italy,RB,16000000,51000,92,62,76,82,70,65,Adult,Good Player
H. Aouar,79,84,24,Olympique Lyonnais,France,"CAM,LM,CM",26500000,57000,71,70,78,83,64,68,Adult,Good Player
J. Brekalo,79,85,24,VfL Wolfsburg,Croatia,"CF,LM",28000000,48000,81,76,76,84,38,55,Adult,Good Player
Diogo Costa,79,86,22,FC Porto,Portugal,GK,30500000,11000,76,75,73,83,32,78,Young,Good Player
E. Reynoso,79,80,26,Minnesota United FC,Argentina,"CAM,LM",20500000,12000,67,67,78,80,59,67,Adult,Good Player
Marcão,79,83,26,Sevilla FC,Brazil,CB,21500000,29000,67,36,60,70,78,86,Adult,Good Player
D. Henderson,79,82,25,Nottingham Forest,England,GK,18000000,76000,80,78,77,82,55,75,Adult,Good Player
T. Tomiyasu,79,85,23,Arsenal,Japan,RB,26000000,65000,74,33,67,71,80,79,Adult,Good Player
L. Jović,79,84,24,Fiorentina,Serbia,ST,27000000,55000,74,78,68,78,29,74,Adult,Good Player
Pau López,79,82,27,Olympique de Marseille,Spain,GK,17000000,33000,80,79,77,81,48,81,Adult,Good Player
R. Tapia,79,81,26,RC Celta de Vigo,Peru,"CDM,CM",19500000,26000,68,66,71,69,79,84,Adult,Good Player
L. de Jong,79,79,31,PSV,Netherlands,ST,15000000,24000,48,78,71,70,46,77,Senior,Good Player
João Pedro,79,79,30,Fenerbahçe SK,Italy,ST,17000000,77000,81,78,77,80,41,75,Senior,Good Player
K. Bellarabi,79,79,32,Bayer 04 Leverkusen,Germany,"RM,RW",14000000,55000,86,75,72,81,39,72,Senior,Good Player
J. Tarkowski,79,79,29,Everton,England,CB,14500000,45000,55,45,65,62,81,80,Adult,Good Player
Suso,79,79,28,Sevilla FC,Spain,RW,17500000,36000,73,76,80,83,32,51,Adult,Good Player
J. Draxler,79,79,28,SL Benfica,Germany,"LW,CAM",17500000,88000,72,76,80,82,58,65,Adult,Good Player
C. Coady,79,79,29,Everton,England,CB,14500000,80000,47,57,75,66,79,73,Adult,Good Player
Felipe Anderson,79,79,29,Lazio,Brazil,RW,17000000,60000,85,75,77,83,55,63,Adult,Good Player
J. Veretout,79,79,29,Olympique de Marseille,France,"CDM,CM",15000000,42000,76,75,76,78,76,79,Adult,Good Player
Ismaily,79,79,32,LOSC Lille,Brazil,LB,12000000,35000,82,64,74,80,74,74,Senior,Good Player
A. Marchesín,79,79,34,RC Celta de Vigo,Argentina,GK,3000000,21000,80,77,76,80,54,79,Senior,Good Player
L. Dunk,79,79,30,Brighton & Hove Albion,England,CB,14500000,65000,44,51,62,63,80,79,Senior,Good Player
M. Sels,79,80,30,RC Strasbourg Alsace,Belgium,GK,13000000,24000,77,78,75,80,36,80,Senior,Good Player
G. Xhaka,79,79,29,Arsenal,Switzerland,"CDM,CM",15000000,80000,49,64,79,69,69,80,Adult,Good Player
M. Riemann,79,79,33,VfL Bochum 1848,Germany,GK,5500000,23000,78,74,85,82,52,78,Senior,Good Player
Sérgio Oliveira,79,79,30,Galatasaray SK,Portugal,CM,17000000,70000,58,78,82,76,71,70,Senior,Good Player
M. Zaccagni,79,79,27,Lazio,Italy,LW,18500000,57000,82,73,74,83,57,64,Adult,Good Player
M. Perin,79,80,29,Juventus,Italy,GK,13500000,78000,79,79,71,81,57,79,Adult,Good Player
Juanmi,79,79,29,Real Betis Balompié,Spain,"LM,ST",17000000,30000,76,80,72,81,31,59,Adult,Good Player
N. Lodeiro,79,79,33,Seattle Sounders FC,Uruguay,CAM,11000000,12000,69,73,80,81,49,69,Senior,Good Player
C. Wilson,79,79,30,Newcastle United,England,ST,17000000,95000,81,78,66,77,42,76,Senior,Good Player
Y. Rakitskyi,79,79,32,Adana Demirspor,Ukraine,CB,11500000,25000,68,67,76,71,79,82,Senior,Good Player
D. Ings,79,79,29,Aston Villa,England,ST,17500000,95000,72,82,70,78,45,70,Adult,Good Player
N. Gudelj,79,79,30,Sevilla FC,Serbia,"CDM,CB",14500000,29000,54,70,79,69,74,84,Senior,Good Player
Marcos Alonso,79,79,31,FC Barcelona,Spain,"LB,LWB",12500000,115000,53,74,80,77,77,75,Senior,Good Player
Ander Herrera,79,79,32,Athletic Club de Bilbao,Spain,"CM,CDM",14000000,78000,61,71,77,78,78,74,Senior,Good Player
N. Matić,79,79,33,Roma,Serbia,CDM,8500000,60000,38,67,76,72,78,72,Senior,Good Player
M. Silvestri,79,79,31,Udinese Calcio,Italy,GK,9500000,16000,81,77,60,83,59,80,Senior,Good Player
M. Antonio,79,79,32,West Ham United,Jamaica,ST,14000000,79000,82,75,73,77,55,83,Senior,Good Player
B. André,79,79,31,LOSC Lille,France,"CDM,CM",12500000,35000,65,64,73,75,78,84,Senior,Good Player
D. Klaassen,79,79,29,Ajax,Netherlands,"CAM,CM",17000000,21000,68,80,74,76,73,78,Adult,Good Player
A. Florenzi,79,79,31,AC Milan,Italy,RB,12500000,60000,76,77,79,79,74,61,Senior,Good Player
Héctor Bellerín,79,80,27,FC Barcelona,Spain,RB,18500000,115000,81,51,70,77,75,64,Adult,Good Player
A. Milik,79,79,28,Juventus,Poland,ST,18000000,50000,61,82,69,74,39,69,Adult,Good Player
Munir,79,79,26,Getafe CF,Morocco,"LM,RM,LW",19000000,33000,77,78,75,82,35,64,Adult,Good Player
L. Ajorque,79,79,28,RC Strasbourg Alsace,France,ST,18000000,36000,73,79,61,70,43,84,Adult,Good Player
D. Djené,79,79,30,Getafe CF,Togo,CB,14500000,30000,67,38,62,62,79,77,Senior,Good Player
D. Zappacosta,79,79,30,Atalanta,Italy,"LWB,LM,RM",15000000,48000,78,66,73,74,75,72,Senior,Good Player
L. Zelarayán,79,79,30,Columbus Crew,Armenia,CAM,17000000,12000,71,76,78,82,46,66,Senior,Good Player
F. Armani,79,79,35,River Plate,Argentina,GK,1900000,10000,78,74,69,85,43,80,Senior,Good Player
Adama Traoré,79,80,26,Wolverhampton Wanderers,Spain,"RW,LW",20500000,90000,96,65,68,86,38,83,Adult,Good Player
João Mário,79,79,29,SL Benfica,Portugal,"CM,LM",17000000,18000,70,69,81,82,65,66,Adult,Good Player
F. Bernardeschi,79,79,28,Toronto FC,Italy,"RM,RW",17500000,12000,77,71,79,82,62,66,Adult,Good Player
P. Onuachu,79,79,28,KRC Genk,Nigeria,ST,18000000,24000,70,78,62,70,45,82,Adult,Good Player
N. Stanciu,79,79,29,Wuhan Three Towns,Romania,"CM,CAM,RM",17000000,26000,74,75,81,82,62,68,Adult,Good Player
Rubén García,79,79,28,CA Osasuna,Spain,"LM,CM,CAM",17500000,35000,77,76,79,79,45,54,Adult,Good Player
C. Mbemba,79,81,27,Olympique de Marseille,Congo DR,CB,18500000,40000,72,50,56,65,80,81,Adult,Good Player
J. McGinn,79,80,27,Aston Villa,Scotland,"CM,CDM",20000000,83000,69,74,76,77,73,81,Adult,Good Player
Jonny,79,79,28,Wolverhampton Wanderers,Spain,"LWB,RWB",16000000,80000,74,54,71,76,78,69,Adult,Good Player
R. Ghezzal,79,79,30,Beşiktaş JK,Algeria,"RW,RM,CAM",17000000,61000,72,72,82,81,28,60,Senior,Good Player
Clinton Mata,79,79,29,Club Brugge KV,Angola,"RB,CB",15500000,30000,83,61,68,74,78,80,Adult,Good Player
A. Januzaj,79,79,27,Sevilla FC,Belgium,"RW,LW",18500000,34000,77,72,79,83,30,57,Adult,Good Player
B. Djimsiti,79,79,29,Atalanta,Albania,CB,14500000,51000,71,39,59,50,82,81,Adult,Good Player
A. Doucouré,79,79,29,Everton,Mali,"CM,CDM",17000000,49000,67,76,74,78,78,82,Adult,Good Player
Matheus,79,80,29,SC Braga,Brazil,GK,13500000,15000,82,75,77,82,45,77,Adult,Good Player
M. Keane,79,80,29,Everton,England,CB,16000000,45000,52,49,63,62,80,79,Adult,Good Player
L. Trossard,79,79,27,Brighton & Hove Albion,Belgium,"LM,ST,CAM",18500000,71000,82,78,76,81,30,62,Adult,Good Player
Manu Trigueros,79,79,30,Villarreal CF,Spain,"CM,LM,RM",17000000,37000,50,73,78,75,72,66,Senior,Good Player
B. Davies,79,79,29,Tottenham Hotspur,Wales,"CB,LWB",14500000,85000,67,58,72,72,80,74,Adult,Good Player
S. Umtiti,79,79,28,Lecce,France,CB,15000000,125000,63,62,68,67,79,75,Adult,Good Player
Denis Suárez,79,79,28,RC Celta de Vigo,Spain,CM,17500000,30000,72,72,81,81,64,55,Adult,Good Player
E. Lamela,79,79,30,Sevilla FC,Argentina,"RW,CAM,ST",17000000,34000,68,77,79,83,53,69,Senior,Good Player
Luiz Felipe,79,84,25,Real Betis Balompié,Italy,CB,23000000,25000,72,29,61,68,80,73,Adult,Good Player
Jadson Bardeira,78,78,22,Sport Club Corinthians Paulista,Brazil,ST,17000000,31000,73,82,62,70,31,75,Young,Good Player
A. Bayındır,78,82,24,Fenerbahçe SK,Turkey,GK,16000000,39000,78,75,72,82,30,76,Adult,Good Player
Puado,78,83,24,RCD Espanyol de Barcelona,Spain,"LM,RM,ST",21000000,19000,84,75,70,78,51,76,Adult,Good Player
S. Diop,78,86,22,OGC Nice,France,"LM,RM,CF",31500000,38000,71,72,75,83,54,54,Young,Good Player
A. Bah,78,82,24,SL Benfica,Denmark,"RB,RM",18500000,12000,92,64,68,73,72,81,Adult,Good Player
J. Todibo,78,84,22,OGC Nice,France,CB,20500000,34000,75,44,63,65,79,76,Young,Good Player
J. Álvarez,78,86,22,Manchester City,Argentina,"ST,RW,LW",32000000,100000,76,80,76,83,55,75,Young,Good Player
E. Fernández,78,87,21,SL Benfica,Argentina,"CM,CDM",31500000,12000,74,71,76,78,72,80,Young,Good Player
A. Espino,78,78,30,Cádiz CF,Uruguay,LB,12000000,30000,87,63,68,73,74,82,Senior,Good Player
Emerson Royal,78,82,23,Tottenham Hotspur,Brazil,"RWB,RB",18500000,63000,74,62,71,74,75,76,Adult,Good Player
T. Holeš,78,78,29,SK Slavia Praha,Czech Republic,"CDM,CB",12000000,1000,77,70,70,73,77,82,Adult,Good Player
C. De Ketelaere,78,88,21,AC Milan,Belgium,"ST,LW",32000000,49000,75,76,76,81,57,73,Young,Good Player
Gabriel Martinelli,78,88,21,Arsenal,Brazil,LM,31500000,56000,87,71,68,80,45,68,Young,Good Player
J. Veerman,78,83,23,PSV,Netherlands,"CM,CDM,CAM",21000000,18000,67,70,81,78,65,74,Adult,Good Player
P. Kalulu,78,85,22,AC Milan,France,"CB,RB",26500000,47000,80,50,68,69,79,75,Young,Good Player
P. Hincapié,78,85,20,Bayer 04 Leverkusen,Ecuador,"LB,CB",26500000,33000,83,39,64,71,78,74,Young,Good Player
Evanilson,78,86,22,FC Porto,Brazil,ST,32000000,15000,74,76,63,76,25,72,Young,Good Player
G. Mamardashvili,78,84,21,Valencia CF,Georgia,GK,18500000,17000,79,78,74,80,48,79,Young,Good Player
C. Hughes,78,78,26,AFC Richmond,Wales,"LM,LW",15500000,50000,83,59,75,81,24,58,Adult,Good Player
A. Dixon,78,81,26,AFC Richmond,England,RB,17000000,46000,79,66,72,71,75,67,Adult,Good Player
T. Roberts,78,78,29,AFC Richmond,Zimbabwe,ST,14000000,57000,85,79,59,78,32,71,Adult,Good Player
M. Simakan,78,86,22,RB Leipzig,France,CB,29500000,39000,71,39,62,64,80,79,Young,Good Player
B. Sosa,78,83,24,VfB Stuttgart,Croatia,"LB,LM",20000000,22000,79,53,77,78,72,70,Adult,Good Player
J. Pavlenka,78,78,30,SV Werder Bremen,Czech Republic,GK,9500000,21000,81,74,60,84,36,69,Senior,Good Player
A. Saelemaekers,78,82,23,AC Milan,Belgium,"RW,RM",20000000,57000,81,67,76,81,64,68,Adult,Good Player
Melendo,78,82,24,Granada CF,Spain,"CAM,RM,CM",20000000,12000,80,64,79,79,47,58,Adult,Good Player
R. Kolo Muani,78,84,23,Eintracht Frankfurt,France,"ST,RM",22500000,29000,84,72,63,80,38,62,Adult,Good Player
A. Haidara,78,82,24,RB Leipzig,Mali,"CM,CDM,RM",20000000,43000,70,72,76,80,68,70,Adult,Good Player
Pedro Neto,78,85,22,Wolverhampton Wanderers,Portugal,"LW,RW,ST",28500000,72000,85,74,69,81,31,58,Young,Good Player
M. Gómez,78,80,25,Trabzonspor,Uruguay,ST,18000000,40000,63,78,68,73,32,82,Adult,Good Player
N. Lang,78,85,23,Club Brugge KV,Netherlands,"LW,RW,ST",28000000,27000,86,73,72,83,50,67,Adult,Good Player
S. Kalajdžić,78,82,24,Wolverhampton Wanderers,Austria,ST,20500000,72000,63,75,68,73,46,70,Adult,Good Player
G. Vicario,78,82,25,Empoli,Italy,GK,15500000,10000,79,78,74,80,28,78,Adult,Good Player
N. De la Cruz,78,79,25,River Plate,Uruguay,"CM,CAM,RM",16500000,19000,85,76,78,82,70,69,Adult,Good Player
C. Hudson-Odoi,78,84,21,Bayer 04 Leverkusen,England,"LM,RM,RWB",22500000,69000,81,68,74,82,48,59,Young,Good Player
H. Traorè,78,87,22,U.S. Sassuolo Calcio,Côte d'Ivoire,"LM,LW,CAM",31500000,30000,82,70,72,81,59,62,Young,Good Player
Junior Messias,78,78,31,AC Milan,Brazil,"RW,RM",11500000,65000,84,73,73,81,49,60,Senior,Good Player
N. Vlašić,78,83,24,Torino F.C.,Croatia,"LM,CAM",21000000,57000,79,76,75,81,47,69,Adult,Good Player
M. Guéhi,78,86,21,Crystal Palace,England,CB,29500000,36000,73,39,58,68,79,75,Young,Good Player
E. Elmas,78,85,22,Napoli,North Macedonia,"CAM,CM",28500000,44000,76,71,74,83,66,69,Young,Good Player
P. Rajković,78,81,26,RCD Mallorca,Serbia,GK,14000000,21000,77,76,74,81,25,79,Adult,Good Player
K. Mavropanos,78,83,24,VfB Stuttgart,Greece,"CB,RB",19000000,22000,81,56,51,60,78,81,Adult,Good Player
C. Baumgartner,78,84,22,TSG Hoffenheim,Austria,"CAM,CM,LM",22500000,32000,75,72,73,80,44,56,Young,Good Player
R. Faivre,78,84,23,Olympique Lyonnais,France,"RM,CAM",22000000,52000,75,74,76,80,62,67,Adult,Good Player
S. Gigot,78,79,28,Olympique de Marseille,France,CB,13500000,38000,67,38,65,61,79,80,Adult,Good Player
G. Maripán,78,80,28,AS Monaco,Chile,CB,14000000,48000,33,42,58,53,79,79,Adult,Good Player
G. Simeone,78,79,26,Napoli,Argentina,ST,17000000,33000,77,79,64,75,41,76,Adult,Good Player
Paulinho,78,78,29,Sporting CP,Portugal,ST,14000000,18000,67,77,65,75,43,81,Adult,Good Player
T. Stepanenko,78,78,32,Shakhtar Donetsk,Ukraine,CDM,9500000,1000,65,63,71,69,77,78,Senior,Good Player
Portu,78,78,30,Getafe CF,Spain,"RM,LM",13500000,33000,87,74,72,76,57,77,Senior,Good Player
Juan Bernat,78,78,29,Paris Saint-Germain,Spain,LB,12500000,68000,74,64,76,81,75,58,Adult,Good Player
Mário Rui,78,78,31,Napoli,Portugal,LB,10000000,47000,80,53,73,78,73,65,Senior,Good Player
R. Ruidíaz,78,78,31,Seattle Sounders FC,Peru,ST,12000000,12000,83,79,66,79,33,69,Senior,Good Player
C. Dawson,78,78,32,West Ham United,England,CB,9000000,60000,49,47,59,55,79,77,Senior,Good Player
Víctor Ruiz,78,78,33,Real Betis Balompié,Spain,CB,6500000,24000,44,42,65,59,79,77,Senior,Good Player
R. Pereyra,78,78,31,Udinese Calcio,Argentina,"CM,CAM",11500000,20000,76,74,77,79,68,74,Senior,Good Player
Mario Gaspar,78,78,31,Watford,Spain,RB,10000000,43000,72,69,72,72,77,76,Senior,Good Player
M. Rits,78,78,28,Club Brugge KV,Belgium,"CDM,CM",12500000,27000,74,72,74,75,73,77,Adult,Good Player
M. Hitz,78,78,34,FC Basel 1893,Switzerland,GK,2400000,17000,81,73,79,79,42,77,Senior,Good Player
B. Mee,78,78,32,Brentford,England,CB,9000000,46000,61,42,58,62,80,77,Senior,Good Player
A. Cresswell,78,78,32,West Ham United,England,"LB,CB",9500000,60000,64,60,75,75,77,68,Senior,Good Player
G. Bonaventura,78,78,32,Fiorentina,Italy,CM,11000000,52000,69,75,80,80,70,65,Senior,Good Player
F. Caputo,78,78,34,U.C. Sampdoria,Italy,ST,7000000,25000,79,79,62,78,30,67,Senior,Good Player
O. Ighalo,78,78,33,Al Hilal,Nigeria,ST,9000000,45000,69,79,65,73,43,83,Senior,Good Player
M. Özil,78,78,33,İstanbul Başakşehir FK,Germany,"CAM,RM",9000000,40000,69,70,83,79,24,45,Senior,Good Player
C. Bravo,78,78,39,Real Betis Balompié,Chile,GK,1600000,11000,77,78,84,78,56,78,Senior,Good Player
S. Romero,78,78,35,Boca Juniors,Argentina,GK,1600000,10000,78,75,77,80,46,76,Senior,Good Player
A. Plea,78,78,29,Borussia Mönchengladbach,France,CF,14000000,35000,72,79,79,78,39,73,Adult,Good Player
P. Bamford,78,78,28,Leeds United,England,ST,14500000,48000,82,78,68,73,42,77,Adult,Good Player
J. Lingard,78,78,29,Nottingham Forest,England,CAM,14000000,65000,75,77,73,79,57,65,Adult,Good Player
S. Dimitrievski,78,79,28,Rayo Vallecano,North Macedonia,GK,11000000,18000,77,82,75,79,36,78,Adult,Good Player
M. Cornet,78,81,25,West Ham United,Côte d'Ivoire,"LM,CF,LB",18500000,63000,87,76,71,77,67,77,Adult,Good Player
A. Mitrović,78,78,27,Fulham,Serbia,ST,15000000,63000,64,79,57,71,27,87,Adult,Good Player
L. Alario,78,78,29,Eintracht Frankfurt,Argentina,ST,14000000,35000,66,78,58,74,30,75,Adult,Good Player
E. Rigoni,78,78,29,Austin FC,Argentina,"RM,ST,LM",14000000,11000,83,73,74,78,46,60,Adult,Good Player
A. Miranchuk,78,79,26,Torino F.C.,Russia,"CAM,CF",16500000,48000,75,70,76,80,31,61,Adult,Good Player
T. Strakosha,78,81,27,Brentford,Albania,GK,14000000,37000,79,76,73,79,43,77,Adult,Good Player
Gilberto,78,78,29,SL Benfica,Brazil,RB,12500000,15000,79,58,70,73,74,79,Adult,Good Player
P. Gollini,78,81,27,Fiorentina,Italy,GK,14000000,36000,78,79,73,80,47,74,Adult,Good Player
Rubén Peña,78,78,30,CA Osasuna,Spain,"RB,RM,LB",12000000,28000,78,70,71,77,74,66,Senior,Good Player
J. Martínez,78,78,29,Atlanta United,Venezuela,ST,14000000,12000,85,78,60,77,25,69,Adult,Good Player
M. Halstenberg,78,78,30,RB Leipzig,Germany,"CB,LWB",11500000,46000,63,66,73,71,76,79,Senior,Good Player
J. Quintero,78,78,29,River Plate,Colombia,"CAM,RM",14000000,16000,71,76,79,82,39,51,Adult,Good Player
Pacheco,78,79,30,Unión Deportiva Almería,Spain,GK,10500000,21000,77,75,70,80,46,78,Senior,Good Player
Romarinho,78,78,31,Al Ittihad,Brazil,"CF,CAM,LM",12000000,45000,86,76,71,80,30,66,Senior,Good Player
N. Aké,78,80,27,Manchester City,Netherlands,"CB,LB",15000000,95000,76,53,70,70,79,75,Adult,Good Player
Óliver Torres,78,79,27,Sevilla FC,Spain,"CM,LW",16000000,29000,59,67,78,81,64,50,Adult,Good Player
J. Hector,78,78,32,1. FC Köln,Germany,"LB,CDM",9500000,28000,63,60,76,75,78,75,Senior,Good Player
J. Veltman,78,78,30,Brighton & Hove Albion,Netherlands,"CB,RB,RWB",11500000,58000,64,49,67,70,79,76,Senior,Good Player
M. Kean,78,86,22,Juventus,Italy,"ST,LW",32000000,41000,85,76,57,77,40,75,Young,Good Player
M. Senesi,78,83,25,AFC Bournemouth,Argentina,CB,18500000,44000,60,42,69,74,79,78,Adult,Good Player
J. Milner,78,78,36,Liverpool,England,"CM,LB,RB",4400000,69000,52,70,80,76,77,74,Senior,Good Player
S. Aurier,78,78,29,Nottingham Forest,Côte d'Ivoire,"RB,RWB",12500000,59000,73,62,74,74,75,75,Adult,Good Player
E. Pérez,78,78,36,River Plate,Argentina,CDM,2800000,13000,68,65,75,76,75,77,Senior,Good Player
J. Tavernier,78,78,30,Rangers FC,England,RB,12000000,51000,83,73,77,75,72,80,Senior,Good Player
M. Faraoni,78,78,30,Hellas Verona,Italy,"RWB,RM",12000000,27000,78,73,74,76,72,76,Senior,Good Player
Willian José,78,78,30,Real Betis Balompié,Brazil,ST,14000000,28000,62,79,66,74,40,80,Senior,Good Player
Pablo Maffeo,78,83,24,RCD Mallorca,Spain,"RB,RWB",20000000,23000,83,52,68,78,75,68,Adult,Good Player
O. Watkins,78,81,26,Aston Villa,England,"ST,LW",18500000,82000,84,76,68,74,46,77,Adult,Good Player
T. Castagne,78,80,26,Leicester City,Belgium,"RB,LB",16000000,69000,76,58,71,75,75,73,Adult,Good Player
F. Cervi,78,78,28,RC Celta de Vigo,Argentina,"LM,RM",14000000,27000,88,67,72,80,55,54,Adult,Good Player
E. Ünal,78,82,25,Getafe CF,Turkey,ST,20000000,31000,69,81,65,75,40,76,Adult,Good Player
G. Arias,78,78,34,Racing Club,Chile,GK,2400000,16000,78,73,73,82,41,79,Senior,Good Player
S. Rochet,78,80,29,Club Nacional de Football,Uruguay,GK,11500000,850,80,78,67,80,49,76,Adult,Good Player
V. Rongier,78,79,27,Olympique de Marseille,France,"CM,CDM,RB",16000000,40000,71,66,76,78,77,80,Adult,Good Player
A. Nübel,78,84,25,AS Monaco,Germany,GK,17500000,39000,75,71,70,84,48,76,Adult,Good Player
Sergio Herrera,78,79,29,CA Osasuna,Spain,GK,11000000,24000,79,77,73,77,47,75,Adult,Good Player
M. Lopez,78,81,24,U.S. Sassuolo Calcio,France,"CM,CDM",19000000,30000,72,71,79,82,67,57,Adult,Good Player
K. Toko Ekambi,78,78,29,Olympique Lyonnais,Cameroon,"LM,LW",14000000,62000,83,78,72,76,25,68,Adult,Good Player
R. Bensebaini,78,79,27,Borussia Mönchengladbach,Algeria,"LB,CB",15000000,28000,70,64,72,74,76,79,Adult,Good Player
A. Meret,78,81,25,Napoli,Italy,GK,14500000,36000,79,73,70,81,44,77,Adult,Good Player
D. Ćaleta-Car,78,82,25,Southampton,Croatia,CB,17500000,48000,59,39,59,62,79,81,Adult,Good Player
G. Krychowiak,78,78,32,Al Shabab,Poland,"CDM,CM",9500000,34000,50,75,72,68,75,78,Senior,Good Player
D. D'Ambrosio,78,78,33,Inter,Italy,CB,6500000,54000,68,56,67,71,79,75,Senior,Good Player
Douglas Luiz,78,83,24,Aston Villa,Brazil,"CDM,CM",19500000,59000,67,68,77,77,73,70,Adult,Good Player
M. Ryan,78,78,30,F.C. København,Australia,GK,9500000,20000,78,76,82,80,53,76,Senior,Good Player
S. Driussi,78,81,26,Austin FC,Argentina,"CAM,ST",18500000,11000,81,78,73,76,26,69,Adult,Good Player
R. Borré,78,79,26,Eintracht Frankfurt,Colombia,ST,17000000,33000,77,77,74,79,45,76,Adult,Good Player
S. Benrahma,78,78,26,West Ham United,Algeria,"LM,CAM",15500000,66000,75,73,75,81,40,56,Adult,Good Player
J. Brooks,78,79,29,SL Benfica,United States,CB,13000000,15000,58,40,58,61,79,76,Adult,Good Player
Pozuelo,78,78,30,Inter Miami CF,Spain,"CAM,CF",13500000,11000,64,73,79,80,53,67,Senior,Good Player
A. Carrillo,78,78,31,Al Hilal,Peru,"RW,CM",11500000,45000,84,74,73,81,41,69,Senior,Good Player
G. Caprari,78,78,28,AC Monza,Italy,CF,14500000,34000,85,73,76,83,33,55,Adult,Good Player
W. Boly,78,78,31,Nottingham Forest,Côte d'Ivoire,CB,9500000,57000,58,36,64,63,77,79,Senior,Good Player
Fernando,78,78,30,Antalyaspor,Brazil,"CDM,CM",12000000,27000,72,67,77,73,74,77,Senior,Good Player
T. Meunier,78,78,30,Borussia Dortmund,Belgium,"RB,RM",12000000,41000,73,74,74,72,74,81,Senior,Good Player
M. Rojo,78,78,32,Boca Juniors,Argentina,CB,9000000,18000,65,60,67,64,77,81,Senior,Good Player
A. Mandi,78,78,30,Villarreal CF,Algeria,CB,11500000,31000,62,46,72,69,79,73,Senior,Good Player
S. Rode,78,78,31,Eintracht Frankfurt,Germany,"CDM,CM",10000000,28000,59,65,72,74,77,74,Senior,Good Player
L. Unnerstall,78,78,31,FC Twente,Germany,GK,7500000,12000,78,78,63,80,32,78,Senior,Good Player
Campaña,78,78,29,Levante Unión Deportiva,Spain,"CM,LM,RM",13500000,16000,65,72,81,78,70,71,Adult,Good Player
G. Trauner,78,78,30,Feyenoord,Austria,CB,11500000,12000,63,57,67,67,77,87,Senior,Good Player
D. Praet,78,78,28,Leicester City,Belgium,"CAM,CF,CM",14000000,79000,66,72,78,79,63,66,Adult,Good Player
Oriol Romeu,78,78,30,Girona FC,Spain,"CDM,CM",12000000,26000,41,44,62,65,80,79,Senior,Good Player
Lucas Pérez,78,78,33,Cádiz CF,Spain,ST,9000000,35000,78,80,76,77,30,66,Senior,Good Player
M. Niakhaté,78,80,26,Nottingham Forest,France,CB,15500000,57000,79,42,65,67,79,78,Adult,Good Player
F. Dimarco,78,83,24,Inter,Italy,"LWB,LM,CB",20000000,47000,76,65,76,75,74,69,Adult,Good Player
Andrei Girotto,78,78,30,FC Nantes,Brazil,"CB,CDM",11500000,26000,58,67,68,69,79,73,Senior,Good Player
Daniel Podence,78,79,26,Wolverhampton Wanderers,Portugal,"LW,CAM,ST",16500000,82000,83,64,73,85,33,50,Adult,Good Player
M. Almirón,78,78,28,Newcastle United,Paraguay,"RM,CM,CAM",14000000,84000,86,71,73,79,53,61,Adult,Good Player
P. Lienhart,78,80,25,Sport-Club Freiburg,Austria,CB,15500000,27000,70,28,56,62,80,74,Adult,Good Player
Brahim,78,86,22,AC Milan,Spain,CAM,31500000,110000,78,69,76,82,30,50,Young,Good Player
E. Palacios,78,83,23,Bayer 04 Leverkusen,Argentina,"CDM,CM,CAM",19500000,39000,66,73,75,78,74,72,Adult,Good Player
J. Karlsson,78,83,23,AZ Alkmaar,Sweden,LW,21000000,13000,83,77,72,83,35,61,Adult,Good Player
F. Aursnes,78,79,26,SL Benfica,Norway,"CDM,CM",15000000,14000,73,65,76,78,74,76,Adult,Good Player
Ç. Söyüncü,78,80,26,Leicester City,Turkey,CB,15500000,69000,71,46,60,65,78,79,Adult,Good Player
Caio Henrique,78,82,24,AS Monaco,Brazil,"LB,LM",18500000,39000,75,57,77,78,73,62,Adult,Good Player
W. Endo,78,78,29,VfB Stuttgart,Japan,"CM,CDM",13500000,29000,67,64,70,78,78,75,Adult,Good Player
J. Ito,78,78,29,Stade de Reims,Japan,"RW,CF",14000000,30000,89,71,73,78,58,70,Adult,Good Player
N. Molina,78,84,24,Atlético de Madrid,Argentina,"RWB,RM",21000000,39000,82,67,71,76,71,69,Adult,Good Player
Zubeldia,78,82,25,Real Sociedad,Spain,CB,17500000,29000,65,63,75,70,78,79,Adult,Good Player
Odriozola,78,80,26,Real Madrid CF,Spain,RB,16000000,115000,82,55,71,75,74,65,Adult,Good Player
Luiz Araújo,78,78,26,Atlanta United,Brazil,"RM,LM,CAM",15500000,11000,88,69,72,83,39,57,Adult,Good Player
Diogo Dalot,78,84,23,Manchester United,Portugal,RB,21000000,78000,79,60,73,78,73,77,Adult,Good Player
J. Ikoné,78,82,24,Fiorentina,France,"RW,RM",20000000,50000,89,69,73,83,35,60,Adult,Good Player
P. Rosario,78,82,25,OGC Nice,Netherlands,"CDM,CM,CB",18000000,38000,64,64,71,75,76,79,Adult,Good Player
M. Edwards,78,84,23,Sporting CP,England,"RW,LW",22000000,15000,85,71,70,84,33,48,Adult,Good Player
D. Lovren,78,78,32,Free agent,Croatia,CB,0,0,53,40,59,62,80,77,Senior,Good Player
Jonatão Praz,78,78,22,Flamengo,Brazil,LW,16500000,38000,78,69,77,79,45,54,Young,Good Player
C. Lenglet,78,81,27,Tottenham Hotspur,France,CB,16000000,105000,68,45,69,64,77,76,Adult,Good Player
Fredditinho,78,78,34,Palmeiras,Brazil,ST,7000000,43000,73,80,63,74,39,76,Senior,Good Player
Gerson,78,82,25,Olympique de Marseille,Brazil,CM,19500000,38000,69,69,78,78,76,79,Adult,Good Player
F. Guilbert,78,79,27,Aston Villa,France,"RWB,RB",15000000,69000,74,49,69,72,75,78,Adult,Good Player
Nuno Santos,78,78,27,Sporting CP,Portugal,"LW,LWB,RW",15000000,17000,81,76,75,80,58,68,Adult,Good Player
K. Walker-Peters,78,83,25,Southampton,England,"RB,LB",19000000,48000,76,43,68,76,74,71,Adult,Good Player
M. Thuram,78,83,24,Borussia Mönchengladbach,France,"ST,LM",21500000,29000,81,77,71,78,48,76,Adult,Good Player
Pedraza,78,80,26,Villarreal CF,Spain,"LB,LM",16000000,31000,81,72,72,76,74,75,Adult,Good Player
F. Grillitsch,78,80,26,Ajax,Austria,"CDM,CB,CM",15500000,17000,65,60,78,77,75,66,Adult,Good Player
E. Audero,78,81,25,U.C. Sampdoria,Italy,GK,14500000,16000,80,74,73,82,53,76,Adult,Good Player
S. Sensi,78,79,26,AC Monza,Italy,"CM,CAM",16500000,59000,75,61,83,84,65,57,Adult,Good Player
J. Aidoo,78,81,26,RC Celta de Vigo,Ghana,CB,16500000,24000,75,27,48,50,76,88,Adult,Good Player
Arturo Inálcio,78,78,22,Flamengo,Brazil,"CM,CAM",16500000,35000,83,72,75,78,52,48,Young,Good Player
L. Nmecha,78,83,23,VfL Wolfsburg,Germany,ST,21500000,44000,82,77,66,77,40,77,Adult,Good Player
Gerson Armão,78,78,22,Internacional,Brazil,"LB,LWB,LM",15000000,24000,79,67,71,71,74,78,Young,Good Player
Wellington Sabrão,78,78,34,Flamengo,Brazil,"RB,LB",5000000,37000,92,56,68,73,72,69,Senior,Good Player
Zervandro,78,78,22,Internacional,Brazil,"CB,LB",14500000,24000,68,48,60,54,79,75,Young,Good Player
Pedrão Tofico,78,78,26,Flamengo,Brazil,CB,13500000,37000,58,29,63,58,77,84,Adult,Good Player
Hediselton,78,78,22,RB Bragantino,Brazil,"RB,RM,CM",15000000,16000,78,71,71,76,74,74,Young,Good Player
Albertinho Dutra,78,78,30,São Paulo,Brazil,"LW,LM",13500000,43000,81,72,81,80,23,50,Senior,Good Player
Guilson Paiva,78,78,26,Flamengo,Brazil,"RM,RW",15500000,40000,83,69,75,78,42,68,Adult,Good Player
Dante,78,78,38,OGC Nice,Brazil,CB,2500000,28000,32,52,68,66,79,78,Senior,Good Player
T. Mings,78,78,29,Aston Villa,England,CB,12000000,72000,71,44,67,66,78,80,Adult,Good Player
K. Koné,77,86,21,Borussia Mönchengladbach,France,CM,23500000,21000,71,69,74,81,69,70,Young,Good Player
Igor Coronado,77,77,29,Al Ittihad,Brazil,"CAM,CF,LM",10500000,41000,80,75,75,82,49,61,Adult,Good Player
S. Kritsyuk,77,77,31,Gil Vicente FC,Russia,GK,5500000,10000,77,78,73,78,48,75,Senior,Good Player
A. Tameze,77,77,28,Hellas Verona,France,"CM,CDM",10500000,29000,72,65,73,79,78,75,Adult,Good Player
F. Tait,77,77,29,Stade Rennais FC,France,"CM,LM",10500000,46000,70,71,76,79,67,67,Adult,Good Player
J. Mojica,77,77,29,Villarreal CF,Colombia,"LB,LWB,LM",9500000,30000,88,65,73,72,72,70,Adult,Good Player
P. Díaz,77,77,27,River Plate,Chile,CB,9500000,17000,74,57,69,71,75,82,Adult,Good Player
C. Izquierdoz,77,77,33,Real Sporting de Gijón,Argentina,CB,5000000,11000,50,54,54,54,78,82,Senior,Good Player
D. Benedetto,77,77,32,Boca Juniors,Argentina,ST,8500000,20000,75,79,69,75,38,70,Senior,Good Player
M. Borjan,77,77,34,Free agent,Canada,GK,0,0,78,74,75,78,44,74,Senior,Good Player
K. Rekik,77,80,27,Sevilla FC,Netherlands,"CB,LB",12000000,25000,64,39,60,63,76,75,Adult,Good Player
M. Batshuayi,77,77,28,Fenerbahçe SK,Belgium,ST,11000000,68000,74,78,59,76,33,73,Adult,Good Player
C. Kramer,77,77,31,Borussia Mönchengladbach,Germany,CDM,7500000,26000,42,50,70,71,76,73,Senior,Good Player
D. Suárez,77,77,34,Getafe CF,Uruguay,"RB,RWB",3900000,26000,69,69,72,73,75,75,Senior,Good Player
P. Kadeřábek,77,77,30,TSG Hoffenheim,Czech Republic,"RWB,RB,RM",9000000,31000,74,44,72,72,72,78,Senior,Good Player
D. Demme,77,77,30,Napoli,Germany,"CDM,CM",9000000,44000,56,47,74,75,73,72,Senior,Good Player
N. Dorsch,77,82,24,FC Augsburg,Germany,"CDM,CM",14500000,23000,72,72,74,78,73,73,Adult,Good Player
A. Gomis,77,79,28,Stade Rennais FC,Senegal,GK,9000000,34000,77,76,71,76,42,76,Adult,Good Player
David López,77,77,32,Girona FC,Spain,"CDM,CB",7000000,25000,50,58,68,65,78,75,Senior,Good Player
M. Doherty,77,77,30,Tottenham Hotspur,Republic of Ireland,"RWB,RB",9000000,69000,68,65,73,73,74,75,Senior,Good Player
M. Icardi,77,77,29,Galatasaray SK,Argentina,ST,10500000,75000,62,77,64,72,35,68,Adult,Good Player
B. Lecomte,77,77,31,RCD Espanyol de Barcelona,France,GK,5500000,35000,76,74,78,76,41,76,Senior,Good Player
Cristian Tello,77,77,30,Los Angeles FC,Spain,"LM,RM",10000000,10000,89,72,74,76,48,61,Senior,Good Player
Vitolo,77,77,32,Unión Deportiva Las Palmas,Spain,"LM,ST",8500000,47000,72,76,76,76,41,70,Senior,Good Player
N. Pallois,77,77,34,FC Nantes,France,CB,3400000,25000,37,54,61,61,77,84,Senior,Good Player
A. Oxlade-Chamberlain,77,77,28,Liverpool,England,CM,10500000,90000,80,74,76,81,67,74,Adult,Good Player
F. Midtsjø,77,77,28,Galatasaray SK,Norway,CM,10500000,62000,76,63,76,77,72,78,Adult,Good Player
J. Svensson,77,77,29,Adana Demirspor,Norway,RB,9500000,22000,81,60,70,75,72,81,Adult,Good Player
Rodrigo,77,77,31,Leeds United,Spain,"CAM,ST,CM",8500000,40000,77,77,76,78,45,69,Senior,Good Player
D. Burn,77,77,30,Newcastle United,England,"CB,LB",8500000,69000,47,33,65,63,77,80,Senior,Good Player
L. Augustinsson,77,77,28,Aston Villa,Sweden,"LB,LM",9500000,26000,64,62,77,74,74,70,Adult,Good Player
R. Bazoer,77,80,25,AZ Alkmaar,Netherlands,"CM,CDM,CB",14000000,12000,71,68,77,78,73,77,Adult,Good Player
I. Toney,77,79,26,Brentford,England,ST,13000000,51000,78,77,64,73,49,82,Adult,Good Player
A. Djiku,77,79,27,RC Strasbourg Alsace,Ghana,CB,11000000,25000,69,42,66,69,76,81,Adult,Good Player
I. Diop,77,82,25,Fulham,France,CB,14000000,48000,62,36,52,56,78,78,Adult,Good Player
J. Harrison,77,80,25,Leeds United,England,"LM,RM",14000000,38000,80,72,71,79,49,69,Adult,Good Player
D. James,77,82,24,Fulham,Wales,"RM,ST,LM",16000000,35000,95,70,69,76,47,68,Adult,Good Player
K. Tsimikas,77,80,26,Liverpool,Greece,"LB,LWB",12500000,80000,80,57,72,75,72,75,Adult,Good Player
Isi Palazón,77,77,27,Rayo Vallecano,Spain,"RM,LM,CAM",11000000,22000,84,73,72,80,39,63,Adult,Good Player
R. Doan,77,83,24,Sport-Club Freiburg,Japan,"RM,CAM",16500000,25000,79,71,73,81,40,59,Adult,Good Player
A. Vega,77,83,24,Free agent,Mexico,"LW,ST,LM",0,0,80,75,75,80,32,74,Adult,Good Player
M. Turner,77,80,28,Arsenal,United States,GK,9500000,56000,76,75,67,77,38,79,Adult,Good Player
R. Kristensen,77,82,24,Leeds United,Denmark,RB,15000000,31000,80,67,71,72,73,82,Adult,Good Player
S. Villa,77,78,26,Boca Juniors,Colombia,"LW,RW",12500000,20000,94,73,69,78,32,67,Adult,Good Player
Bruno Viana,77,80,27,Wuhan FC,Brazil,CB,12000000,15000,67,42,56,57,78,81,Adult,Good Player
Gedson Fernandes,77,81,23,Beşiktaş JK,Portugal,CM,15000000,42000,79,74,75,78,71,75,Adult,Good Player
Iago,77,80,25,FC Augsburg,Brazil,"LWB,LM",13000000,25000,84,58,69,74,72,71,Adult,Good Player
Z. Steffen,77,79,27,Middlesbrough,United States,GK,9500000,73000,79,74,75,82,53,72,Adult,Good Player
Domingos Duarte,77,80,27,Getafe CF,Portugal,"CB,LB",12000000,26000,52,35,58,53,79,78,Adult,Good Player
W. Faes,77,82,24,Leicester City,Belgium,CB,14500000,56000,59,38,55,58,78,77,Adult,Good Player
I. Sarr,77,83,24,Watford,Senegal,"RM,RW",16500000,39000,94,76,67,80,22,67,Adult,Good Player
Brais Méndez,77,80,25,Real Sociedad,Spain,"RM,CM",14000000,30000,69,74,77,75,56,64,Adult,Good Player
G. Maggiore,77,81,24,US Salernitana 1919,Italy,"CM,CDM",15000000,25000,74,62,71,76,72,72,Adult,Good Player
S. Lukić,77,80,25,Torino F.C.,Serbia,CM,14000000,40000,60,68,77,78,69,72,Adult,Good Player
Davidson,77,77,31,Wuhan Three Towns,Brazil,"LM,ST",8500000,21000,81,75,71,80,41,74,Senior,Good Player
C. McGregor,77,77,29,Celtic,Scotland,"CDM,CM",9000000,50000,78,73,75,78,70,75,Adult,Good Player
D. Alli,77,80,26,Beşiktaş JK,England,"CAM,CM",14000000,40000,65,77,75,78,64,71,Adult,Good Player
Bruma,77,77,27,Fenerbahçe SK,Portugal,"LW,RW,CAM",11000000,21000,90,71,69,83,32,63,Adult,Good Player
S. Boufal,77,77,28,Angers SCO,Morocco,"CF,LM,ST",11000000,28000,79,71,75,84,30,56,Adult,Good Player
D. Lazović,77,77,31,Hellas Verona,Serbia,LM,8500000,28000,85,69,74,78,65,63,Senior,Good Player
P. Max,77,77,28,PSV,Germany,LB,9500000,18000,78,65,77,75,70,74,Adult,Good Player
F. Lejeune,77,77,31,Rayo Vallecano,France,CB,7000000,13000,52,57,62,64,77,72,Senior,Good Player
R. Gikiewicz,77,77,34,FC Augsburg,Poland,GK,1800000,21000,79,72,64,81,28,76,Senior,Good Player
Hugo Mallo,77,77,31,RC Celta de Vigo,Spain,RB,7500000,22000,64,39,68,67,75,73,Senior,Good Player
B. Yılmaz,77,77,36,Fortuna Sittard,Turkey,ST,3600000,14000,74,82,68,70,34,77,Senior,Good Player
M. Casco,77,77,34,River Plate,Argentina,"LB,RB,CM",3900000,17000,83,68,76,80,69,79,Senior,Good Player
S. Widmer,77,77,29,1. FSV Mainz 05,Switzerland,"RWB,RB,CB",9500000,27000,78,62,72,74,72,79,Adult,Good Player
Ander Capa,77,77,30,Athletic Club de Bilbao,Spain,RB,9000000,25000,79,64,74,74,73,85,Senior,Good Player
I. Bebou,77,77,28,TSG Hoffenheim,Togo,"ST,RM,RW",11000000,39000,89,75,68,79,34,63,Adult,Good Player
Danilo,77,77,30,VfL Bochum 1848,Brazil,LB,9000000,24000,68,59,67,77,76,70,Senior,Good Player
J. Beauguel,77,77,30,Al Wehda,France,ST,10500000,30000,68,75,53,71,32,80,Senior,Good Player
M. Simon,77,77,26,FC Nantes,Nigeria,"LM,ST,LW",11500000,27000,90,70,69,81,33,65,Adult,Good Player
A. Blake,77,77,31,Philadelphia Union,Jamaica,GK,5500000,7000,79,70,74,81,45,78,Senior,Good Player
M. Targett,77,78,26,Newcastle United,England,LB,11500000,69000,69,47,72,72,74,69,Adult,Good Player
M. Vecino,77,77,30,Lazio,Uruguay,"CM,CDM",10000000,45000,62,71,74,76,75,76,Senior,Good Player
J. Denayer,77,79,27,Free agent,Belgium,CB,0,0,71,43,66,68,78,77,Adult,Good Player
Y. Mina,77,79,27,Everton,Colombia,CB,11000000,37000,37,54,59,58,78,77,Adult,Good Player
D. Gray,77,78,26,Everton,England,"LM,LW,CAM",12500000,40000,86,76,69,81,37,58,Adult,Good Player
A. Živković,77,78,25,PAOK,Serbia,"RW,LW",12500000,2000,80,73,74,81,55,61,Adult,Good Player
F. Honorat,77,78,25,Stade Brestois 29,France,"LM,RM,ST",12500000,24000,81,75,71,77,47,61,Adult,Good Player
M. Oršić,77,77,29,Dinamo Zagreb,Croatia,"LW,LM,ST",10500000,1000,88,80,71,75,56,61,Adult,Good Player
N. Elvedi,77,81,25,Borussia Mönchengladbach,Switzerland,CB,13000000,25000,70,39,64,68,78,78,Adult,Good Player
L. Boyé,77,80,26,Elche CF,Argentina,ST,14000000,23000,70,78,64,78,49,80,Adult,Good Player
B. Embolo,77,80,25,AS Monaco,Switzerland,"ST,CAM",14000000,49000,84,75,70,74,51,82,Adult,Good Player
M. Friedrich,77,79,26,Borussia Mönchengladbach,Germany,CB,11500000,26000,63,41,57,53,79,76,Adult,Good Player
Dani Ceballos,77,80,25,Real Madrid CF,Spain,"CM,CDM",14000000,110000,58,68,77,82,66,66,Adult,Good Player
R. Aguilar,77,77,29,AS Monaco,France,RB,9500000,45000,73,53,71,75,73,76,Adult,Good Player
S. Lainer,77,77,29,Borussia Mönchengladbach,Austria,RB,9500000,27000,74,63,67,70,73,80,Adult,Good Player
Pedro Chirivella,77,80,25,FC Nantes,Spain,"CDM,CM",12500000,24000,59,54,73,74,70,70,Adult,Good Player
M. Schwäbe,77,80,27,1. FC Köln,Germany,GK,10500000,21000,77,73,78,80,47,75,Adult,Good Player
Dyego Sousa,77,77,32,Unión Deportiva Almería,Portugal,ST,8500000,29000,57,79,62,74,30,84,Senior,Good Player
J. Andersen,77,80,26,Crystal Palace,Denmark,CB,12000000,48000,52,50,68,64,77,80,Adult,Good Player
Pepe Reina,77,77,39,Villarreal CF,Spain,GK,1200000,14000,75,77,79,76,45,79,Senior,Good Player
Nani,77,77,35,Melbourne Victory,Portugal,"LM,RM",4300000,9000,69,75,79,80,37,66,Senior,Good Player
G. Pezzella,77,77,31,Real Betis Balompié,Argentina,CB,7000000,22000,50,49,49,56,79,71,Senior,Good Player
Negredo,77,77,36,Cádiz CF,Spain,ST,3600000,25000,53,80,64,70,36,76,Senior,Good Player
R. Soriano,77,77,31,Bologna,Italy,"CAM,CM,CF",8500000,33000,68,73,78,79,67,71,Senior,Good Player
Aitor,77,77,31,CA Osasuna,Spain,GK,5500000,21000,78,74,66,80,56,76,Senior,Good Player
C. Trimmel,77,77,35,1. FC Union Berlin,Austria,"RWB,RM,RB",3200000,21000,72,65,73,68,74,80,Senior,Good Player
L. Rodríguez,77,77,37,Club Atlético Colón,Argentina,"ST,CF,CAM",3600000,13000,67,79,76,83,43,70,Senior,Good Player
S. El Shaarawy,77,77,29,Roma,Italy,"LW,LM",10500000,63000,86,74,74,78,46,61,Adult,Good Player
P. Groß,77,77,31,Brighton & Hove Albion,Germany,"CM,RM",8500000,60000,50,74,81,75,58,72,Senior,Good Player
Illarramendi,77,77,32,Real Sociedad,Spain,"CM,CDM",8500000,31000,42,69,76,76,75,67,Senior,Good Player
De Marcos,77,77,33,Athletic Club de Bilbao,Spain,RB,5500000,25000,78,64,73,72,72,76,Senior,Good Player
Fidel,77,77,32,Elche CF,Spain,"LM,CM,LWB",8500000,22000,72,72,77,75,54,64,Senior,Good Player
J. Shelvey,77,77,30,Newcastle United,England,"CM,CDM",10000000,76000,40,71,80,72,62,74,Senior,Good Player
G. Bou,77,77,32,New England Revolution,Argentina,"ST,CF",8500000,11000,76,79,69,76,33,71,Senior,Good Player
Rochina,77,77,31,Granada CF,Spain,"RM,CM,LM",8500000,13000,68,77,78,80,54,66,Senior,Good Player
M. Suárez,77,77,34,River Plate,Argentina,"ST,LW",5000000,20000,75,76,75,83,47,69,Senior,Good Player
A. Dzyuba,77,77,33,Adana Demirspor,Russia,ST,6500000,25000,63,77,69,69,29,84,Senior,Good Player
C. Kouyaté,77,77,32,Nottingham Forest,Senegal,"CDM,CB,CM",7000000,53000,60,64,63,69,77,84,Senior,Good Player
Montoro,77,77,34,Real Oviedo,Spain,"CDM,CM,CAM",3600000,11000,38,65,72,70,75,68,Senior,Good Player
M. Balotelli,77,77,31,FC Sion,Italy,ST,9000000,30000,66,81,72,76,25,78,Senior,Good Player
C. Stuani,77,77,35,Girona FC,Uruguay,ST,4500000,22000,67,79,69,70,48,84,Senior,Good Player
M. Sissoko,77,77,32,FC Nantes,France,"CDM,CM",7000000,25000,70,61,72,75,74,86,Senior,Good Player
D. Godín,77,77,36,Vélez Sarsfield,Uruguay,CB,1900000,11000,54,48,62,61,76,77,Senior,Good Player
Sidnei,77,77,32,Unión Deportiva Las Palmas,Brazil,CB,7000000,11000,68,56,63,63,76,82,Senior,Good Player
S. Jovetić,77,77,32,Hertha BSC,Montenegro,"ST,CAM",8500000,34000,62,79,76,79,35,60,Senior,Good Player
Willian,77,77,33,Fulham,Brazil,"RM,RW,LW",6500000,55000,75,76,77,80,49,53,Senior,Good Player
K. Gameiro,77,77,35,RC Strasbourg Alsace,France,ST,4500000,22000,78,77,73,75,41,66,Senior,Good Player
A. Guardado,77,77,35,Real Betis Balompié,Mexico,CDM,3000000,16000,61,68,79,79,71,68,Senior,Good Player
S. Sirigu,77,77,35,Napoli,Italy,GK,1200000,23000,75,73,73,75,46,79,Senior,Good Player
Jorge Molina,77,77,40,Granada CF,Spain,ST,0,10000,33,82,67,67,41,70,Senior,Good Player
U. Sadiq,77,82,25,Real Sociedad,Nigeria,ST,15500000,33000,84,76,60,72,30,76,Adult,Good Player
V. Rosier,77,80,25,Beşiktaş JK,France,"RB,RWB",13000000,42000,84,52,65,77,72,75,Adult,Good Player
T. Awoniyi,77,80,24,Nottingham Forest,Nigeria,ST,14500000,56000,83,76,59,70,32,80,Adult,Good Player
K. Thuram,77,84,21,OGC Nice,France,"CM,CDM",21500000,30000,74,69,74,77,75,77,Young,Good Player
Adrià Pedrosa,77,83,24,RCD Espanyol de Barcelona,Spain,LB,15500000,16000,90,60,69,78,70,73,Adult,Good Player
Arthur Cabral,77,83,24,Fiorentina,Brazil,ST,17000000,47000,73,77,63,73,31,78,Adult,Good Player
A. Hložek,77,87,19,Bayer 04 Leverkusen,Czech Republic,"CAM,LM,ST",23000000,27000,78,75,72,77,31,79,Young,Good Player
Alberto Moreno,77,77,29,Villarreal CF,Spain,"LB,LM",9500000,30000,81,69,72,77,70,69,Adult,Good Player
M. Camara,77,85,22,AS Monaco,Mali,"CDM,CM",22500000,37000,82,58,68,77,72,77,Young,Good Player
Bryan Gil,77,86,21,Tottenham Hotspur,Spain,"LM,RM",23500000,56000,77,69,74,82,31,35,Young,Good Player
D. Hancko,77,85,24,Feyenoord,Slovakia,"CB,LB",22000000,10000,78,61,69,70,77,79,Adult,Good Player
G. Plata,77,86,21,Real Valladolid CF,Ecuador,"RM,RW",23500000,18000,88,69,70,82,43,64,Young,Good Player
Tuta,77,82,22,Eintracht Frankfurt,Brazil,CB,14500000,23000,70,49,65,70,77,76,Young,Good Player
Unai Vencedor,77,84,21,Athletic Club de Bilbao,Spain,"CM,CDM",21500000,20000,62,70,75,76,74,74,Young,Good Player
M. Kilman,77,83,25,Wolverhampton Wanderers,England,CB,14500000,62000,61,42,63,63,78,78,Adult,Good Player
J. Maas,77,77,28,AFC Richmond,Netherlands,CB,9000000,45000,70,43,53,67,77,80,Adult,Good Player
R. Montlaur,77,77,27,AFC Richmond,France,"CDM,CM",10000000,43000,79,69,77,78,73,70,Adult,Good Player
S. Dest,77,85,21,AC Milan,United States,"RB,RM,LB",22500000,71000,86,59,74,81,69,66,Young,Good Player
J. Kuchta,77,80,25,AC Sparta Praha,Czech Republic,ST,14000000,1000,79,75,65,74,35,82,Adult,Good Player
Fábio Vieira,77,87,22,Arsenal,Portugal,"CAM,RM",23500000,62000,75,71,77,77,40,52,Young,Good Player
N. Madueke,77,86,20,PSV,England,RW,23000000,16000,90,71,68,82,36,62,Young,Good Player
M. Ugarte,77,85,21,Sporting CP,Uruguay,"CM,CDM",23500000,11000,72,63,71,77,73,76,Young,Good Player
Z. Feddal,77,77,32,Real Valladolid CF,Morocco,CB,7000000,22000,60,50,61,60,78,77,Senior,Good Player
M. Livaja,77,77,28,Hajduk Split,Croatia,"CF,ST,LW",11000000,1000,78,77,71,79,38,81,Adult,Good Player
G. Reyna,77,86,19,Borussia Dortmund,United States,"CAM,RM,LM",23000000,24000,78,71,74,82,36,71,Young,Good Player
J. Teze,77,84,22,PSV,Netherlands,"CB,RB",20000000,15000,81,48,65,68,77,79,Young,Good Player
Y. Poulsen,77,77,28,RB Leipzig,Denmark,ST,11000000,53000,78,71,67,74,56,82,Adult,Good Player
Galeno,77,81,24,FC Porto,Brazil,LM,15000000,13000,90,72,66,82,32,66,Adult,Good Player
B. Badiashile,77,85,21,AS Monaco,France,CB,22000000,31000,61,47,67,60,78,76,Young,Good Player
M. Barrow,77,83,23,Bologna,Gambia,"CF,ST,LW",17000000,31000,84,75,69,78,31,63,Adult,Good Player
P. Daka,77,83,23,Leicester City,Zambia,ST,17000000,68000,90,78,60,75,24,70,Adult,Good Player
L. Geertruida,77,85,21,Feyenoord,Netherlands,"RB,CB",22500000,8000,80,52,68,73,76,77,Young,Good Player
Gorosabel,77,79,25,Real Sociedad,Spain,RB,12000000,27000,75,46,71,72,75,67,Adult,Good Player
O. Skipp,77,84,21,Tottenham Hotspur,England,"CDM,CM",20000000,49000,65,47,68,71,75,71,Young,Good Player
M. Olivera,77,83,24,Napoli,Uruguay,"LB,LWB",15500000,37000,74,50,66,71,74,76,Adult,Good Player
D. Frattesi,77,86,22,U.S. Sassuolo Calcio,Italy,"CM,CDM",23500000,29000,79,69,76,80,65,69,Young,Good Player
M. Pessina,77,80,25,AC Monza,Italy,"CAM,CM,CF",14000000,43000,72,71,75,77,71,71,Adult,Good Player
Pepê,77,80,25,FC Porto,Brazil,"LM,RM",14000000,14000,85,66,68,80,32,53,Adult,Good Player
Eric García,77,84,21,FC Barcelona,Spain,CB,20000000,71000,62,44,71,68,78,71,Young,Good Player
D. Zagadou,77,82,23,VfB Stuttgart,France,CB,14500000,21000,58,34,61,51,78,80,Adult,Good Player
M. Demiral,77,82,24,Atalanta,Turkey,CB,14500000,35000,73,39,47,60,79,80,Adult,Good Player
V. Castellanos,77,82,23,Girona FC,Argentina,ST,16000000,10000,78,77,68,73,41,76,Adult,Good Player
De Frutos,77,80,25,Levante Unión Deportiva,Spain,"RM,LM",14000000,14000,82,70,74,78,41,61,Adult,Good Player
M. Lacroix,77,86,22,VfL Wolfsburg,France,CB,22000000,34000,87,33,55,67,78,77,Young,Good Player
D. Undav,77,80,25,Brighton & Hove Albion,Germany,ST,14000000,63000,68,80,71,75,32,76,Adult,Good Player
A. Lookman,77,81,24,Atalanta,England,"LM,RM",15000000,39000,85,73,68,82,29,60,Adult,Good Player
M. Shaparenko,77,85,23,Dynamo Kyiv,Ukraine,"CM,CAM",23500000,1000,77,72,76,78,65,68,Adult,Good Player
M. Salisu,77,85,23,Southampton,Ghana,CB,22000000,41000,69,36,51,55,79,80,Adult,Good Player
J. Ferri,77,77,30,Montpellier Hérault SC,France,"CDM,CM",9000000,23000,57,65,76,74,70,74,Senior,Good Player
Willian Arão,77,77,30,Fenerbahçe SK,Brazil,"CDM,CM",9000000,55000,73,63,66,69,76,78,Senior,Good Player
Hugo Duro,77,84,22,Valencia CF,Spain,"ST,LM",21500000,32000,75,76,67,76,44,67,Young,Good Player
Leander Baia,77,77,34,Clube Atlético Mineiro,Brazil,"RB,RM",3900000,32000,76,48,69,75,74,70,Senior,Good Player
M. Marega,77,77,31,Al Hilal,Mali,"ST,RW",9000000,42000,89,76,65,68,39,89,Senior,Good Player
R. Holding,77,79,26,Arsenal,England,CB,11500000,65000,54,34,61,66,78,73,Adult,Good Player
B. Henrichs,77,80,25,RB Leipzig,Germany,"RWB,RM,CM",13000000,41000,71,53,72,76,74,70,Adult,Good Player
K. Dolberg,77,81,24,Sevilla FC,Denmark,ST,15500000,39000,71,80,67,76,30,68,Adult,Good Player
Robert Sánchez,77,83,24,Brighton & Hove Albion,Spain,GK,13500000,37000,78,75,71,80,45,77,Adult,Good Player
R. Krunić,77,77,28,AC Milan,Bosnia and Herzegovina,"CM,CAM",10500000,58000,67,73,76,77,72,72,Adult,Good Player
A. Disasi,77,82,24,AS Monaco,France,CB,14500000,37000,50,28,51,55,77,82,Adult,Good Player
C. Montes,77,82,25,Free agent,Mexico,CB,0,0,62,44,63,65,78,78,Adult,Good Player
S. Serdar,77,81,25,Hertha BSC,Germany,"CM,CDM,CAM",14500000,30000,67,71,71,81,73,79,Adult,Good Player
Enzo Chissano,77,77,30,Palmeiras,Brazil,"LB,RB,CB",9000000,34000,79,62,71,70,74,69,Senior,Good Player
A. Fulgini,77,80,25,1. FSV Mainz 05,France,"CM,CAM,CF",14000000,27000,73,70,76,79,69,73,Adult,Good Player
Claudio Coíntra,77,77,26,Palmeiras,Brazil,"CAM,CF",11500000,38000,79,73,76,78,27,60,Adult,Good Player
Wagner Laranjo,77,77,38,Palmeiras,Brazil,"CDM,CM",2100000,25000,67,72,75,73,74,76,Senior,Good Player
Andeson Trigo,77,77,34,Fluminense,Brazil,"LB,LM,CAM",3900000,23000,82,63,75,77,71,64,Senior,Good Player
Jadsinho Mei,77,77,26,Flamengo,Brazil,"CDM,CM",10000000,34000,58,61,65,58,72,79,Adult,Good Player
Rodrigo Vuarte,77,77,30,Clube Atlético Mineiro,Brazil,CDM,9000000,32000,65,65,70,63,76,77,Senior,Good Player
Victorio Jabim,77,77,26,Palmeiras,Brazil,"RB,RM",10500000,34000,79,54,71,73,75,63,Adult,Good Player
Vieirundinho,77,77,34,Santos,Brazil,CB,3400000,26000,59,39,53,57,80,81,Senior,Good Player
Murildo Kauê,77,77,22,Palmeiras,Brazil,LM,12500000,33000,81,63,72,75,37,69,Young,Good Player
Sidney Pessinho,77,77,30,Internacional,Brazil,"CDM,CM",9000000,26000,69,62,74,69,76,80,Senior,Good Player
Gelson Martins,77,77,27,AS Monaco,Portugal,"RM,LM",11000000,47000,90,70,69,81,51,59,Adult,Good Player
Vitor Hugo,77,77,31,Trabzonspor,Brazil,CB,7000000,33000,66,33,45,50,79,80,Senior,Good Player
P. Mantalos,77,77,30,AEK Athens,Greece,"CAM,LM",10000000,1000,73,69,78,78,55,63,Senior,Good Player
J. Boga,77,80,25,Atalanta,Côte d'Ivoire,"LW,CF,LM",14000000,47000,85,73,72,81,37,63,Adult,Good Player
A. Bakasetas,77,77,29,Trabzonspor,Greece,"CAM,CM",10500000,38000,71,78,77,76,56,74,Adult,Good Player
R. Saïss,77,77,32,Beşiktaş JK,Morocco,"CB,CDM",7000000,44000,61,56,70,66,77,79,Senior,Good Player
A. Thomasson,77,77,28,RC Strasbourg Alsace,France,"CM,CAM",10500000,28000,69,72,77,77,65,70,Adult,Good Player
H. Mukhtar,77,78,27,Nashville SC,Germany,"CF,ST,CAM",12500000,11000,80,74,77,78,45,64,Adult,Good Player
F. Schär,77,77,30,Newcastle United,Switzerland,CB,8500000,69000,51,67,70,67,78,74,Senior,Good Player
S. Al Dawsari,77,77,30,Al Hilal,Saudi Arabia,"LW,RW",10000000,42000,84,73,69,81,52,79,Senior,Good Player
K. Mbabu,77,77,27,Fulham,Switzerland,RB,10000000,50000,83,51,66,71,73,81,Adult,Good Player
Paulo Oliveira,77,77,30,SC Braga,Portugal,CB,8500000,15000,60,35,51,61,79,76,Senior,Good Player
Emerson,77,77,27,West Ham United,Italy,LB,10000000,56000,74,63,75,78,73,63,Adult,Good Player
M. Wolf,77,77,27,Borussia Dortmund,Germany,"RM,RB",11000000,42000,83,71,71,74,66,77,Adult,Good Player
Hwang Hee Chan,77,78,26,Wolverhampton Wanderers,Korea Republic,"LW,ST",12500000,77000,81,75,70,78,28,70,Adult,Good Player
G. Castrovilli,77,81,25,Fiorentina,Italy,CM,14500000,47000,74,65,75,82,66,68,Adult,Good Player
J. Butez,77,80,27,Royal Antwerp FC,France,GK,10500000,17000,76,76,77,79,45,75,Adult,Good Player
H. Diallo,77,78,27,RC Strasbourg Alsace,Senegal,ST,12500000,30000,71,76,59,72,23,73,Adult,Good Player
İ. Kahveci,77,78,26,Fenerbahçe SK,Turkey,"CAM,CM,RM",12500000,60000,74,71,79,80,58,65,Adult,Good Player
A. Diallo,77,79,26,RB Leipzig,Senegal,"CB,LB",11500000,61000,72,39,71,74,77,76,Adult,Good Player
K. Iheanacho,77,79,25,Leicester City,Nigeria,ST,13500000,74000,73,79,70,77,38,70,Adult,Good Player
S. Mavididi,77,81,24,Montpellier Hérault SC,England,"LM,ST",15000000,22000,88,76,69,77,28,68,Adult,Good Player
B. Godfrey,77,85,24,Everton,England,"CB,LB",22000000,31000,82,44,61,65,76,80,Adult,Good Player
O. Boscagli,77,82,24,PSV,France,"CB,LB,CDM",14500000,15000,73,49,74,74,77,75,Adult,Good Player
I. Meslier,77,84,22,Leeds United,France,GK,18500000,25000,79,76,73,81,38,72,Young,Good Player
O. Edouard,76,82,24,Crystal Palace,France,"ST,LW",12000000,46000,79,75,68,79,45,75,Adult,Good Player
Jairzinho Aníbal,76,76,30,RB Bragantino,Brazil,"CDM,CM",6500000,16000,67,62,66,65,74,78,Senior,Good Player
Simão Acunha,76,76,34,Clube Atlético Mineiro,Brazil,"CAM,CF",3500000,33000,77,68,77,77,36,62,Senior,Good Player
T. Hübers,76,79,25,1. FC Köln,Germany,CB,9000000,23000,80,39,56,58,78,73,Adult,Good Player
J. Mæhle,76,79,25,Atalanta,Denmark,"RWB,RM,LM",9000000,37000,85,56,69,72,68,78,Adult,Good Player
Jota,76,83,23,Celtic,Portugal,"LW,RW",15000000,46000,86,71,72,79,37,61,Adult,Good Player
Florentino,76,85,22,SL Benfica,Portugal,"CDM,CM",16000000,11000,56,44,62,68,77,72,Young,Good Player
Evander,76,81,24,FC Midtjylland,Brazil,"CM,CAM",11500000,24000,73,71,76,80,67,69,Adult,Good Player
R. Sallai,76,77,25,Sport-Club Freiburg,Hungary,"RM,CF",9000000,26000,75,70,71,78,37,65,Adult,Good Player
Y. Herrera,76,81,24,Girona FC,Venezuela,"CM,CDM,CAM",11500000,80000,62,70,72,74,77,78,Adult,Good Player
A. Afif,76,78,25,Free agent,Qatar,"LW,CF,CAM",0,0,87,71,72,77,32,54,Adult,Good Player
Sequeira,76,76,31,SC Braga,Portugal,"LB,CB",5500000,14000,67,59,68,71,77,75,Senior,Good Player
R. Orsolini,76,79,25,Bologna,Italy,"CF,RW",10000000,32000,79,72,74,81,39,65,Adult,Good Player
J. Sánchez,76,82,24,Ajax,Mexico,RB,11000000,13000,92,50,64,75,71,81,Adult,Good Player
T. Tissoudali,76,76,29,KAA Gent,Morocco,"CF,ST",7500000,25000,76,73,68,82,27,64,Adult,Good Player
R. Aliendro,76,76,31,River Plate,Argentina,"CM,CDM",6000000,17000,77,72,71,80,72,76,Senior,Good Player
T. Adams,76,80,23,Leeds United,United States,"CDM,CM,RWB",10000000,29000,80,48,69,73,73,76,Adult,Good Player
S. Nakajima,76,76,27,Antalyaspor,Japan,"CAM,LW,RW",8000000,26000,86,71,71,82,37,47,Adult,Good Player
F. Zampedri,76,76,34,Universidad Católica,Argentina,ST,3600000,13000,68,78,56,71,29,78,Senior,Good Player
M. Grujić,76,79,26,FC Porto,Serbia,"CM,CDM",9500000,14000,61,71,71,77,73,80,Adult,Good Player
Y. Yazıcı,76,80,25,Trabzonspor,Turkey,"CF,ST,CAM",10500000,32000,66,75,77,79,47,71,Adult,Good Player
T. Henry,76,76,27,Hellas Verona,France,ST,8000000,29000,65,76,65,66,40,82,Adult,Good Player
J. Justin,76,79,24,Leicester City,England,"LB,RB",9500000,52000,81,50,69,72,73,70,Adult,Good Player
R. Perraud,76,80,24,Southampton,France,LB,10000000,38000,72,72,75,75,72,73,Adult,Good Player
T. Chalobah,76,82,22,Chelsea,England,"CB,CDM,CM",11000000,64000,64,47,65,68,76,76,Young,Good Player
Adilson Edrada,76,76,30,Santos,Brazil,CAM,7000000,26000,77,71,70,80,32,55,Senior,Good Player
A. Silva,76,76,32,Club Olimpia,Uruguay,"RM,RW",6000000,1000,87,68,72,75,63,72,Senior,Good Player
F. Müller,76,80,24,VfB Stuttgart,Germany,GK,8500000,15000,75,73,73,80,43,74,Adult,Good Player
W. Hoedt,76,77,28,RSC Anderlecht,Netherlands,CB,7000000,22000,52,46,67,60,76,78,Adult,Good Player
F. Fabra,76,76,31,Boca Juniors,Colombia,LB,5500000,16000,83,68,74,78,69,77,Senior,Good Player
Diego Llorente,76,77,28,Leeds United,Spain,CB,7000000,36000,67,40,63,68,75,78,Adult,Good Player
S. Palacios,76,76,30,Panathinaikos FC,Argentina,"RW,LW",7000000,1000,91,74,69,77,44,68,Senior,Good Player
D. Amartey,76,77,27,Leicester City,Ghana,"CB,CDM",7500000,60000,63,55,65,69,76,76,Adult,Good Player
F. Acheampong,76,76,28,Shenzhen FC,Ghana,"ST,LW,LM",7500000,15000,93,75,68,81,49,76,Adult,Good Player
D. Origi,76,77,27,AC Milan,Belgium,"ST,LW",9000000,56000,79,75,67,75,27,73,Adult,Good Player
Puertas,76,76,30,Granada CF,Spain,"RM,LM",7000000,12000,76,73,71,76,43,74,Senior,Good Player
R. Loftus-Cheek,76,79,26,Chelsea,England,"CM,RM",9500000,81000,65,68,75,78,66,75,Adult,Good Player
A. Hamdallah,76,76,31,Al Ittihad,Morocco,ST,6500000,40000,72,76,70,76,30,71,Senior,Good Player
F. Di Francesco,76,76,28,Lecce,Italy,"LW,RW",7500000,20000,78,70,73,80,39,60,Adult,Good Player
Thiago Mendes,76,76,30,Olympique Lyonnais,Brazil,"CDM,CB,CM",6500000,48000,68,67,74,75,73,74,Senior,Good Player
Helton Leite,76,76,31,SL Benfica,Brazil,GK,4000000,10000,75,73,70,78,53,75,Senior,Good Player
G. Cuéllar,76,76,29,Al Hilal,Colombia,CDM,6500000,35000,69,50,66,69,74,81,Adult,Good Player
I. Marcone,76,76,32,Club Atlético Independiente,Argentina,"CDM,CM",5000000,14000,44,62,72,69,73,77,Senior,Good Player
L. Dubois,76,76,27,Galatasaray SK,France,RB,7000000,51000,70,58,74,72,74,71,Adult,Good Player
L. Romero,76,76,28,Club Atlético Independiente,Argentina,"CDM,CM",6500000,15000,75,62,73,73,74,76,Adult,Good Player
L. Sigali,76,76,35,Racing Club,Argentina,CB,2000000,13000,66,51,57,61,77,76,Senior,Good Player
F. Angileri,76,76,28,Getafe CF,Argentina,"LB,LWB",7000000,25000,79,71,76,75,70,80,Adult,Good Player
L. Montipò,76,80,26,Hellas Verona,Italy,GK,8000000,20000,76,74,72,80,41,74,Adult,Good Player
S. Guirassy,76,79,26,VfB Stuttgart,France,ST,10000000,44000,68,75,66,75,38,75,Adult,Good Player
Ayoze Pérez,76,76,28,Leicester City,Spain,RW,7500000,75000,76,70,73,80,58,63,Adult,Good Player
Kenedy,76,77,26,Real Valladolid CF,Brazil,"LM,RM",9000000,23000,77,71,74,78,60,62,Adult,Good Player
A. Petagna,76,77,27,AC Monza,Italy,ST,9000000,48000,59,75,68,75,34,81,Adult,Good Player
Y. Sabaly,76,76,29,Real Betis Balompié,Senegal,"RB,RM",6500000,22000,77,46,64,71,73,70,Adult,Good Player
Álvaro García,76,76,29,Rayo Vallecano,Spain,LM,7500000,21000,91,67,71,75,37,45,Adult,Good Player
M. Philipp,76,76,28,VfL Wolfsburg,Germany,"CF,CAM",7500000,45000,76,78,71,78,42,61,Adult,Good Player
A. Sørloth,76,78,26,Real Sociedad,Norway,ST,9500000,48000,81,74,66,72,36,84,Adult,Good Player
Luan Peres,76,76,27,Fenerbahçe SK,Brazil,"LB,CB",7000000,51000,69,38,66,68,76,75,Adult,Good Player
Vanderson,76,85,21,AS Monaco,Brazil,"RM,RB",17000000,32000,78,62,74,75,69,69,Young,Good Player
C. Fassnacht,76,76,28,BSC Young Boys,Switzerland,"RM,LM",7500000,24000,82,70,70,75,37,72,Adult,Good Player
Germán,76,76,35,Racing Santander,Spain,CB,2000000,7000,45,40,58,55,78,78,Senior,Good Player
M. Bizot,76,76,31,Stade Brestois 29,Netherlands,GK,4000000,17000,79,73,69,76,46,75,Senior,Good Player
M. Ozdoev,76,76,29,Fatih Karagümrük S.K.,Russia,"CDM,CM",6500000,24000,75,71,74,76,73,74,Adult,Good Player
E. Sviatchenko,76,76,30,FC Midtjylland,Denmark,CB,6000000,25000,60,51,61,61,76,82,Senior,Good Player
Álex Fernández,76,76,29,Cádiz CF,Spain,"CAM,CM,LM",7500000,30000,53,71,80,73,67,63,Adult,Good Player
D. Vida,76,76,33,AEK Athens,Croatia,CB,3600000,1000,74,40,58,59,78,81,Senior,Good Player
R. Barkley,76,76,28,OGC Nice,England,"CAM,CM",7500000,40000,68,73,76,78,56,70,Adult,Good Player
Dani Rodríguez,76,76,34,RCD Mallorca,Spain,"LM,CAM,CM",3500000,25000,84,75,74,72,63,69,Senior,Good Player
D. Boyata,76,76,31,Club Brugge KV,Belgium,CB,5000000,22000,68,30,53,58,77,77,Senior,Good Player
N. Sliti,76,76,29,Ettifaq FC,Tunisia,LM,7500000,30000,73,72,72,80,34,68,Adult,Good Player
A. Mooy,76,76,31,Celtic,Australia,"CM,CAM",6000000,49000,62,72,78,74,69,75,Senior,Good Player
A. Townsend,76,76,30,Everton,England,RM,7000000,37000,74,73,75,79,38,65,Senior,Good Player
H. Seferović,76,76,30,Galatasaray SK,Switzerland,ST,7500000,15000,71,76,67,71,47,83,Senior,Good Player
X. Shaqiri,76,76,30,Chicago Fire Football Club,Switzerland,"CAM,RM",7000000,9000,69,75,79,79,45,62,Senior,Good Player
M. Braithwaite,76,76,31,RCD Espanyol de Barcelona,Denmark,"ST,LM",6500000,21000,79,76,72,78,35,74,Senior,Good Player
Jaume Costa,76,76,34,RCD Mallorca,Spain,"LB,LWB",2800000,23000,70,61,69,72,74,69,Senior,Good Player
M. Gonalons,76,76,33,Clermont Foot 63,France,"CDM,CM",3700000,18000,44,61,72,68,75,70,Senior,Good Player
M. Uth,76,76,30,1. FC Köln,Germany,"CAM,CF,ST",7000000,27000,72,77,74,76,40,68,Senior,Good Player
Juan Jesus,76,76,31,Napoli,Brazil,CB,5000000,41000,69,33,51,60,78,73,Senior,Good Player
J. Schlupp,76,76,29,Crystal Palace,Ghana,"LM,CM",7500000,51000,84,71,69,76,71,74,Adult,Good Player
D. Sidibé,76,76,29,AEK Athens,France,"RB,CB",6500000,1000,70,62,74,73,72,77,Adult,Good Player
K. Günter,76,78,27,Hellas Verona,Germany,CB,8000000,24000,62,46,64,65,77,71,Adult,Good Player
Luís Neto,76,76,34,Sporting CP,Portugal,CB,2400000,12000,64,37,55,56,78,73,Senior,Good Player
X. Mercier,76,76,32,Ferencvárosi TC,France,"CAM,CF",6000000,1000,66,71,81,73,47,64,Senior,Good Player
H. Van Crombrugge,76,78,29,RSC Anderlecht,Belgium,GK,6000000,18000,77,73,77,79,37,77,Adult,Good Player
Roque Mesa,76,76,33,Real Valladolid CF,Spain,"CM,CDM",4600000,23000,67,67,76,75,67,80,Senior,Good Player
T. Vilhena,76,76,27,US Salernitana 1919,Netherlands,"LM,CM",8000000,19000,73,72,76,77,73,77,Adult,Good Player
M. Elyounoussi,76,76,27,Southampton,Norway,"LM,ST,RM",8000000,49000,77,74,71,78,55,70,Adult,Good Player
R. Knoche,76,76,30,1. FC Union Berlin,Germany,CB,6000000,27000,51,41,52,50,78,72,Senior,Good Player
G. Defrel,76,76,31,U.S. Sassuolo Calcio,France,"CF,ST",6500000,33000,81,75,66,78,34,51,Senior,Good Player
J. Roussillon,76,76,29,VfL Wolfsburg,France,"LB,LM",6500000,38000,86,65,71,78,71,73,Adult,Good Player
S. Armstrong,76,76,30,Southampton,Scotland,"RM,CM",7000000,49000,70,77,73,76,65,71,Senior,Good Player
J. Kurtić,76,76,33,PAOK,Slovenia,CM,4600000,1000,58,76,75,72,73,76,Senior,Good Player
C. Tătărușanu,76,76,36,AC Milan,Romania,GK,825000,25000,74,74,73,77,45,78,Senior,Good Player
R. Falk,76,76,30,F.C. København,Denmark,CM,7000000,23000,77,59,72,80,68,70,Senior,Good Player
R. Saponara,76,76,30,Fiorentina,Italy,LW,7000000,50000,69,70,78,80,41,59,Senior,Good Player
K. Vogt,76,76,30,TSG Hoffenheim,Germany,"CB,CDM",6000000,29000,71,57,72,68,77,75,Senior,Good Player
C. Wood,76,76,30,Newcastle United,New Zealand,ST,7500000,77000,59,77,60,70,40,80,Senior,Good Player
J. Pastore,76,76,33,Elche CF,Argentina,"CAM,CM",4700000,20000,60,73,78,76,52,48,Senior,Good Player
Ó. Romero,76,76,29,Boca Juniors,Paraguay,"CAM,RM,CM",7500000,18000,74,69,76,79,65,66,Adult,Good Player
J. Bednarek,76,80,26,Aston Villa,Poland,CB,9000000,44000,48,22,53,55,77,78,Adult,Good Player
H. Wilson,76,79,25,Fulham,Wales,"RM,RW,CAM",10000000,49000,77,78,76,76,45,58,Adult,Good Player
É. Gutiérrez,76,77,27,PSV,Mexico,"CM,CDM",8500000,18000,68,71,75,75,69,69,Adult,Good Player
David Raya,76,78,26,Brentford,Spain,GK,7000000,33000,76,74,80,77,53,75,Adult,Good Player
S. Ingason,76,76,28,PAOK,Iceland,CB,6500000,1000,61,53,58,58,78,77,Adult,Good Player
L. Acosta,76,76,28,FC Cincinnati,Argentina,CAM,7500000,10000,79,66,71,83,46,56,Adult,Good Player
Lee Jae Sung,76,76,29,1. FSV Mainz 05,Korea Republic,"CM,CAM,CF",7500000,28000,68,64,75,81,57,61,Adult,Good Player
A. Morelos,76,78,26,Rangers FC,Colombia,ST,9500000,53000,77,75,68,72,43,81,Adult,Good Player
J. Staněk,76,79,26,FC Viktoria Plzeň,Czech Republic,GK,7500000,850,77,73,68,79,42,76,Adult,Good Player
H. Winks,76,78,26,U.C. Sampdoria,England,"CM,CDM",9000000,71000,60,59,76,77,71,64,Adult,Good Player
T. Baumgartl,76,79,26,1. FC Union Berlin,Germany,CB,8500000,16000,63,36,56,52,76,77,Adult,Good Player
S. Becker,76,77,27,1. FC Union Berlin,Suriname,"ST,RM",9000000,32000,95,75,67,77,35,68,Adult,Good Player
P. Bernardoni,76,81,25,Angers SCO,France,GK,9000000,16000,76,73,74,80,29,76,Adult,Good Player
H. Martín,76,76,29,Free agent,Mexico,ST,0,0,77,74,64,74,38,82,Adult,Good Player
S. Amrabat,76,79,25,Fiorentina,Morocco,"CDM,CM",9000000,40000,68,71,70,75,73,78,Adult,Good Player
Diego Rico,76,76,29,Real Sociedad,Spain,LB,6500000,28000,72,55,73,70,74,75,Adult,Good Player
D. Brooks,76,79,24,AFC Bournemouth,Wales,"RW,RM",10000000,42000,69,71,75,79,48,62,Adult,Good Player
S. Blanco,76,76,34,Portland Timbers,Argentina,"CAM,LM",3500000,9000,72,76,75,78,35,67,Senior,Good Player
Zaldúa,76,76,30,Cádiz CF,Spain,RB,6500000,26000,66,37,68,65,75,75,Senior,Good Player
Ł. Skorupski,76,76,31,Bologna,Poland,GK,4000000,23000,78,73,59,81,51,74,Senior,Good Player
J. Baumgartlinger,76,76,34,FC Augsburg,Austria,"CDM,CM",2600000,25000,54,49,69,68,76,76,Senior,Good Player
Aridane,76,76,33,CA Osasuna,Spain,CB,3600000,24000,50,36,54,54,75,85,Senior,Good Player
L. Cooper,76,76,30,Leeds United,Scotland,CB,6000000,34000,49,35,56,58,77,77,Senior,Good Player
A. Westwood,76,76,32,Burnley,England,"CDM,CM",5000000,38000,56,63,78,73,72,73,Senior,Good Player
B. Dost,76,76,33,FC Utrecht,Netherlands,ST,4800000,18000,44,78,56,64,46,75,Senior,Good Player
A. Budimir,76,76,30,CA Osasuna,Croatia,ST,7500000,29000,62,76,49,72,35,76,Senior,Good Player
M. Isla,76,76,34,Universidad Católica,Chile,RB,2800000,11000,77,54,73,75,72,73,Senior,Good Player
A. Ramsey,76,76,31,OGC Nice,Wales,"CM,CAM",6000000,38000,51,71,78,79,65,62,Senior,Good Player
G. Kakuta,76,76,31,Racing Club de Lens,Congo DR,CAM,6000000,30000,70,73,76,80,40,59,Senior,Good Player
P. van Aanholt,76,76,31,Galatasaray SK,Netherlands,LB,5500000,51000,83,68,72,75,72,73,Senior,Good Player
G. Escalante,76,76,29,US Cremonese,Argentina,"CDM,CM",6500000,40000,63,67,72,71,73,74,Adult,Good Player
B. Meling,76,77,27,Stade Rennais FC,Norway,LB,8000000,37000,82,55,71,75,70,68,Adult,Good Player
B. Santamaria,76,77,27,Stade Rennais FC,France,"CM,CDM",8500000,41000,49,65,72,74,73,74,Adult,Good Player
M. Borja,76,76,29,River Plate,Colombia,ST,7500000,19000,80,77,57,68,32,84,Adult,Good Player
L. Advíncula,76,76,32,Boca Juniors,Peru,RB,5000000,16000,91,64,69,74,69,82,Senior,Good Player
P. Terracciano,76,76,32,Fiorentina,Italy,GK,3700000,34000,76,73,70,79,41,78,Senior,Good Player
L. Robertone,76,80,25,Unión Deportiva Almería,Argentina,"CAM,CM,CDM",10500000,24000,85,73,74,78,69,74,Adult,Good Player
A. Skov Olsen,76,83,22,Club Brugge KV,Denmark,"RM,CAM,RW",15000000,21000,86,74,69,76,39,68,Young,Good Player
P. Struijk,76,83,22,Leeds United,Netherlands,"CB,CDM",14000000,29000,57,38,61,63,77,76,Young,Good Player
G. Nyamsi,76,80,25,RC Strasbourg Alsace,France,CB,9500000,22000,47,33,51,56,76,82,Adult,Good Player
S. Żurkowski,76,81,24,Fiorentina,Poland,CM,11500000,40000,82,73,73,77,71,80,Adult,Good Player
N. Casale,76,84,24,Lazio,Italy,CB,15500000,33000,74,53,66,68,77,77,Adult,Good Player
B. Soumaré,76,81,23,Leicester City,France,"CDM,CM",10500000,52000,68,56,73,74,70,80,Adult,Good Player
A. Mac Allister,76,82,23,Brighton & Hove Albion,Argentina,"CAM,CM",12000000,49000,69,77,78,75,56,62,Adult,Good Player
A. Boupendza,76,77,25,Al Shabab,Gabon,"LW,ST,RW",9000000,34000,84,77,67,79,27,74,Adult,Good Player
O. Alderete,76,80,25,Getafe CF,Paraguay,CB,9500000,25000,63,56,58,63,77,78,Adult,Good Player
Leo Baptistao,76,76,29,Unión Deportiva Almería,Brazil,"ST,RW,RM",7500000,28000,79,73,71,77,33,69,Adult,Good Player
Ander Guevara,76,81,24,Real Sociedad,Spain,CM,11500000,26000,50,64,74,72,73,69,Adult,Good Player
R. Yaremchuk,76,79,26,Club Brugge KV,Ukraine,ST,10000000,27000,79,75,70,71,45,74,Adult,Good Player
M. Ojeda,76,82,23,Godoy Cruz,Argentina,"RM,LM",12000000,10000,83,76,73,76,34,61,Adult,Good Player
L. Dendoncker,76,77,27,Aston Villa,Belgium,CM,8500000,66000,61,69,76,71,77,81,Adult,Good Player
David Seijalbo,76,76,26,Clube Atlético Mineiro,Brazil,CDM,7000000,30000,65,53,63,63,74,83,Adult,Good Player
Rubem Esteiro,76,76,34,Palmeiras,Brazil,"RM,CM",3500000,35000,76,65,73,76,54,61,Senior,Good Player
Nicolás Filhei,76,76,26,Palmeiras,Brazil,"CM,CAM",8000000,35000,72,69,76,76,57,45,Adult,Good Player
Óscar,76,81,24,RC Celta de Vigo,Spain,"CM,RM,LM",11500000,22000,59,75,76,76,56,55,Adult,Good Player
E. Dennis,76,80,24,Nottingham Forest,Nigeria,"ST,LW,RW",11000000,52000,87,75,62,77,38,71,Adult,Good Player
C. Ejuke,76,81,24,Hertha BSC,Nigeria,"LM,RM",11500000,25000,92,70,67,80,44,65,Adult,Good Player
F. Niță,76,76,34,Free agent,Romania,GK,0,0,76,76,69,78,27,77,Senior,Good Player
C. Rodríguez,76,81,25,Free agent,Mexico,"CAM,CM",0,0,77,67,73,78,66,67,Adult,Good Player
M. Moreno,76,77,27,Atlanta United,Argentina,"CAM,CM,LW",8500000,9000,87,70,72,79,53,62,Adult,Good Player
G. Konan,76,78,26,Al Nassr,Côte d'Ivoire,"LB,LWB",8500000,33000,78,51,68,75,72,71,Adult,Good Player
E. Eze,76,81,24,Crystal Palace,England,"CAM,CM,LM",11500000,42000,75,70,74,81,47,67,Adult,Good Player
Marc Roca,76,79,25,Leeds United,Spain,"CDM,CM",9000000,33000,45,62,76,72,70,67,Adult,Good Player
E. Barco,76,82,23,River Plate,Argentina,"LM,ST",12000000,8000,84,70,73,81,34,52,Adult,Good Player
J. Mateta,76,79,25,Crystal Palace,France,ST,10000000,51000,71,74,57,73,34,78,Adult,Good Player
R. Koch,76,80,25,Leeds United,Germany,"CB,CDM",9500000,33000,62,38,60,64,77,73,Adult,Good Player
F. Medina,76,79,23,Racing Club de Lens,Argentina,CB,9000000,24000,73,33,60,69,76,76,Adult,Good Player
J. Kluivert,76,81,23,Valencia CF,Netherlands,"LW,LM,RM",11500000,50000,88,73,69,79,36,62,Adult,Good Player
K. Bare,76,81,24,RCD Espanyol de Barcelona,Albania,"CDM,CM",10500000,15000,75,60,68,74,73,78,Adult,Good Player
E. Bardhi,76,76,26,Trabzonspor,North Macedonia,"LM,CM,RM",8000000,34000,71,78,77,78,57,51,Adult,Good Player
A. Maier,76,82,23,FC Augsburg,Germany,"CM,CDM",12000000,23000,70,61,73,75,69,72,Adult,Good Player
N. Bajrami,76,85,23,Empoli,Albania,"CAM,CF",16500000,11000,76,68,73,77,59,66,Adult,Good Player
N. Domínguez,76,82,24,Bologna,Argentina,"CM,CDM",12000000,27000,75,66,72,76,72,77,Adult,Good Player
Pierrino Faria,76,76,38,Santos,Brazil,GK,825000,13000,77,71,65,79,47,77,Senior,Good Player
Nelsildo Reis,76,79,22,Ceará Sporting Club,Brazil,GK,8000000,9000,76,77,77,74,53,76,Young,Good Player
Fred Aníbão,76,76,30,Club Athletico Paranaense,Brazil,GK,5000000,12000,71,77,76,77,32,72,Senior,Good Player
Trezeguet,76,76,27,Trabzonspor,Egypt,"LW,RW,RM",8000000,37000,77,74,73,78,36,65,Adult,Good Player
R. Oxford,76,81,23,FC Augsburg,England,"CB,CDM,RB",10000000,21000,68,33,54,62,77,75,Adult,Good Player
E. Bailly,76,77,28,Olympique de Marseille,Côte d'Ivoire,CB,7000000,83000,70,42,56,66,76,74,Adult,Good Player
N. Amiri,76,79,25,Bayer 04 Leverkusen,Germany,"CAM,CM",10000000,42000,67,72,77,81,50,67,Adult,Good Player
J. Bamba,76,77,26,LOSC Lille,France,LM,9000000,30000,84,71,72,78,39,67,Adult,Good Player
I. Provedel,76,77,28,Lazio,Italy,GK,6000000,33000,77,74,71,79,42,74,Adult,Good Player
O. Pineda,76,77,26,AEK Athens,Mexico,"LW,CM,RW",9000000,1000,81,74,72,79,62,66,Adult,Good Player
E. Boateng,76,79,26,Rio Ave FC,Ghana,"ST,LM",10000000,12000,91,74,59,75,40,77,Adult,Good Player
R. Kent,76,79,25,Rangers FC,England,LW,10000000,51000,91,72,71,78,45,63,Adult,Good Player
Z. Çelik,76,79,25,Roma,Turkey,"RWB,RM,RB",9000000,45000,77,59,69,71,73,78,Adult,Good Player
Sergio Rico,76,78,28,Paris Saint-Germain,Spain,GK,6500000,49000,77,73,75,80,47,73,Adult,Good Player
Moi Gómez,76,76,28,CA Osasuna,Spain,"LM,RM",7500000,28000,65,73,77,76,55,61,Adult,Good Player
Y. Abdelhamid,76,76,34,Stade de Reims,Morocco,CB,2400000,21000,32,33,57,62,76,80,Senior,Good Player
M. Stevanović,76,76,31,Servette FC,Bosnia and Herzegovina,"RW,RM",6000000,21000,83,69,74,75,38,69,Senior,Good Player
S. Prcić,76,76,28,RC Strasbourg Alsace,Bosnia and Herzegovina,"CDM,CM",6500000,24000,55,60,74,75,72,72,Adult,Good Player
M. De Sciglio,76,76,29,Juventus,Italy,"RB,LB",6500000,75000,67,46,70,75,76,69,Adult,Good Player
Pere Milla,76,76,29,Elche CF,Spain,"ST,LM,RM",7500000,23000,75,76,69,77,37,62,Adult,Good Player
C. Adams,76,78,25,Southampton,Scotland,ST,9500000,51000,81,77,62,75,40,77,Adult,Good Player
Antonaldinho,76,76,34,Clube Atlético Mineiro,Brazil,CB,2400000,30000,68,36,56,60,79,80,Senior,Good Player
T. Kehrer,76,79,25,West Ham United,Germany,"CB,RB",9000000,50000,75,44,65,66,76,78,Adult,Good Player
Lúcio Corteijo,76,76,34,América Futebol Clube,Brazil,RB,2800000,16000,77,45,66,64,74,73,Senior,Good Player
Silas Almeim,76,76,30,Ceará Sporting Club,Brazil,"LB,LM",6500000,13000,78,56,70,68,73,69,Senior,Good Player
A. Lunev,76,76,30,Bayer 04 Leverkusen,Russia,GK,5000000,32000,76,73,64,79,56,76,Senior,Good Player
Rubén Alcaraz,76,76,31,Cádiz CF,Spain,"CM,CDM",6000000,28000,56,73,77,71,75,81,Senior,Good Player
Fali,76,77,28,Cádiz CF,Spain,"CB,CDM,CM",7000000,27000,52,53,68,59,75,87,Adult,Good Player
V. Pavlidis,76,82,23,AZ Alkmaar,Greece,ST,12000000,11000,77,75,64,74,43,80,Adult,Good Player
L. García,76,80,24,AEK Athens,Trinidad and Tobago,RW,11000000,1000,87,68,70,82,33,72,Adult,Good Player
M. Svanberg,76,81,23,VfL Wolfsburg,Sweden,"CM,CDM",11500000,35000,77,68,75,77,63,69,Adult,Good Player
O. Idrissi,76,77,26,Feyenoord,Morocco,LW,9000000,13000,80,76,70,80,35,67,Adult,Good Player
L. Martínez Quarta,76,79,26,Fiorentina,Argentina,CB,8500000,42000,64,56,69,70,75,78,Adult,Good Player
G. Prömel,76,77,27,TSG Hoffenheim,Germany,"CM,CDM",8500000,32000,65,71,71,73,74,81,Adult,Good Player
Matheus Pereira,76,79,26,Al Hilal,Brazil,"CAM,CM,RW",10000000,36000,72,72,76,79,39,64,Adult,Good Player
J. St. Juste,76,80,25,Sporting CP,Netherlands,"CB,RB",9500000,12000,93,58,65,74,78,73,Adult,Good Player
Rubén Duarte,76,79,26,Deportivo Alavés,Spain,LB,9000000,12000,62,38,65,68,78,67,Adult,Good Player
G. Martínez,76,76,29,Al Nassr,Argentina,"RM,CAM,LM",7500000,38000,82,72,72,82,34,59,Adult,Good Player
W. Zimmerman,76,77,29,Nashville SC,United States,CB,7000000,9000,57,50,55,56,74,84,Adult,Good Player
M. Boselli,76,76,37,Estudiantes de La Plata,Argentina,ST,2600000,12000,54,79,63,67,39,78,Senior,Good Player
Y. Gerhardt,76,76,28,VfL Wolfsburg,Germany,CM,7500000,42000,69,69,74,75,72,76,Adult,Good Player
M. Olise,76,86,20,Crystal Palace,France,"RW,RM,CAM",16500000,40000,80,70,76,80,50,53,Young,Good Player
Sancet,76,85,22,Athletic Club de Bilbao,Spain,"ST,CM,CAM",17000000,24000,73,75,68,77,61,70,Young,Good Player
Trincão,76,83,22,Sporting CP,Portugal,"RW,RM",15000000,95000,78,70,70,80,39,59,Young,Good Player
M. Kudus,76,84,21,Ajax,Ghana,"CAM,CM,CF",17000000,12000,88,71,70,80,59,74,Young,Good Player
L. Suárez,76,83,24,Olympique de Marseille,Colombia,"ST,LM,CAM",15000000,34000,85,77,67,75,40,80,Adult,Good Player
T. Almada,76,87,21,Atlanta United,Argentina,"CAM,LW,RW",17000000,7000,85,72,71,82,52,62,Young,Good Player
Óscar Gil,76,81,24,RCD Espanyol de Barcelona,Spain,RB,10500000,15000,79,48,68,75,72,72,Adult,Good Player
R. Sottil,76,81,23,Fiorentina,Italy,"LW,RW",11500000,44000,87,66,69,78,34,52,Adult,Good Player
M. Solomon,76,85,22,Fulham,Israel,"LM,RM,CAM",17000000,900,80,71,74,79,43,57,Young,Good Player
Carlos Neva,76,79,26,Granada CF,Spain,"LB,LM",9000000,11000,77,52,63,71,73,66,Adult,Good Player
Edgar,76,80,25,Real Betis Balompié,Spain,"CB,CDM",9500000,20000,53,49,64,63,77,78,Adult,Good Player
K. Kvaratskhelia,76,88,21,Napoli,Georgia,"LW,CAM",18500000,37000,82,68,71,81,41,66,Young,Good Player
Tetê,76,86,22,Olympique Lyonnais,Brazil,"RW,RM",17000000,1000,82,72,72,79,41,56,Young,Good Player
Thierry Correia,76,82,23,Valencia CF,Portugal,"RB,RWB,RM",11000000,25000,90,49,68,75,70,70,Adult,Good Player
V. Mykolenko,76,83,23,Everton,Ukraine,"LB,LWB",14500000,29000,76,46,64,61,73,62,Adult,Good Player
Vivian,76,83,22,Athletic Club de Bilbao,Spain,CB,14000000,20000,70,43,55,60,77,77,Young,Good Player
L. Kalvach,76,78,26,FC Viktoria Plzeň,Czech Republic,"CDM,CM",8500000,1000,68,64,74,73,73,77,Adult,Good Player
K. Laba,76,76,30,Al Ain FC,Togo,ST,7500000,1000,78,76,63,69,25,80,Senior,Good Player
S. Weissman,76,79,26,Real Valladolid CF,Israel,ST,10000000,25000,75,79,65,69,38,72,Adult,Good Player
Z. Sanusi,76,80,25,FC Porto,Nigeria,LB,9500000,12000,93,37,56,64,74,72,Adult,Good Player
David Carmo,76,85,22,FC Porto,Portugal,CB,15500000,11000,50,28,53,51,77,79,Young,Good Player
B. Brobbey,76,85,20,Ajax,Netherlands,ST,16500000,13000,82,73,55,70,30,82,Young,Good Player
T. Pobega,76,85,22,AC Milan,Italy,CM,17000000,45000,76,77,72,76,74,79,Young,Good Player
L. Krejčí,76,84,23,AC Sparta Praha,Czech Republic,"CDM,CB,CM",15500000,900,67,66,67,68,74,84,Adult,Good Player
W. Singo,76,85,21,Torino F.C.,Côte d'Ivoire,"RWB,RM",16000000,26000,79,57,67,74,72,74,Young,Good Player
H. Boudaoui,76,82,22,OGC Nice,Algeria,"RM,CM",12000000,33000,74,65,71,79,72,72,Young,Good Player
A. Szalai,76,82,24,Fenerbahçe SK,Hungary,CB,11000000,44000,73,44,62,61,76,83,Adult,Good Player
Vinícius,76,77,27,Fulham,Brazil,ST,9000000,55000,71,76,61,73,41,79,Adult,Good Player
V. Buyalskyi,76,76,29,Dynamo Kyiv,Ukraine,"CM,CAM",7500000,1000,75,69,72,79,69,56,Adult,Good Player
P. Wimmer,76,85,21,VfL Wolfsburg,Austria,"RM,LM",17000000,30000,85,66,69,77,48,73,Young,Good Player
Igor,76,81,24,Fiorentina,Brazil,CB,10000000,36000,73,31,50,55,77,83,Adult,Good Player
Iuri Medeiros,76,76,27,SC Braga,Portugal,"CF,RW,RM",8000000,16000,75,72,75,82,34,56,Adult,Good Player
J. Reynolds,76,76,31,AFC Richmond,Republic of Ireland,CB,5000000,40000,64,31,50,60,77,77,Senior,Good Player
E. Winchester,76,78,26,AFC Richmond,Nigeria,CB,8000000,40000,70,29,60,48,75,77,Adult,Good Player
T. Zoreaux,76,77,28,AFC Richmond,Canada,GK,6000000,35000,76,77,72,80,37,71,Adult,Good Player
Miranda,76,84,22,Real Betis Balompié,Spain,LB,16000000,18000,77,58,68,74,72,65,Young,Good Player
D. Ljubičić,76,80,24,1. FC Köln,Austria,"RM,CDM",11000000,23000,78,67,71,75,72,78,Adult,Good Player
T. Mitchell,76,83,22,Crystal Palace,England,LB,14500000,38000,77,39,60,70,75,68,Young,Good Player
N. Tenaglia,76,79,26,Deportivo Alavés,Argentina,"RB,CB",9000000,15000,71,43,65,72,75,79,Adult,Good Player
Y. Belaïli,76,76,30,Stade Brestois 29,Algeria,"LM,CAM",7000000,23000,79,74,72,79,26,68,Senior,Good Player
M. Damsgaard,76,85,21,Brentford,Denmark,"LM,LW",17000000,33000,84,68,71,81,48,62,Young,Good Player
Mauro Júnior,76,82,23,PSV,Brazil,"RB,LB,CAM",11000000,14000,84,66,75,79,68,57,Adult,Good Player
J. Wind,76,82,23,VfL Wolfsburg,Denmark,"ST,CF",12000000,38000,66,74,70,74,36,80,Adult,Good Player
P. Gueye,76,82,23,Olympique de Marseille,Senegal,"CDM,CM",11000000,27000,63,48,66,70,73,79,Adult,Good Player
J. Burkardt,76,84,21,1. FSV Mainz 05,Germany,"ST,CF,RW",17000000,22000,84,75,67,79,43,75,Young,Good Player
D. Rossi,76,80,24,Fenerbahçe SK,Uruguay,"LM,LW",11000000,49000,84,72,71,77,33,54,Adult,Good Player
H. Morita,76,77,27,Sporting CP,Japan,"CM,CDM",8500000,14000,67,64,74,75,72,73,Adult,Good Player
Stephen Eustáquio,76,82,25,FC Porto,Canada,"CDM,CM",10500000,12000,66,61,75,72,72,72,Adult,Good Player
C. Jones,76,84,21,Liverpool,England,CM,17000000,60000,68,68,72,80,64,71,Young,Good Player
C. Doucouré,76,78,22,Crystal Palace,Mali,"CM,CDM",10000000,42000,68,57,71,76,74,76,Young,Good Player
R. Aït Nouri,76,86,21,Wolverhampton Wanderers,France,"LWB,LB",16000000,43000,77,44,70,76,73,62,Young,Good Player
L. Romo,76,77,27,Free agent,Mexico,"CM,CDM",0,0,68,68,72,69,72,83,Adult,Good Player
E. Mwepu,76,82,24,Brighton & Hove Albion,Zambia,"CM,CAM,CDM",12000000,49000,82,75,72,75,72,78,Adult,Good Player
L. Pellegrini,76,82,23,Eintracht Frankfurt,Italy,"LB,LWB",11000000,61000,84,54,66,75,71,62,Adult,Good Player
D. McNeil,76,81,22,Everton,England,"LM,RM",11500000,33000,70,65,75,79,53,66,Young,Good Player
Catena,76,78,27,Rayo Vallecano,Spain,CB,8000000,18000,66,39,57,50,77,77,Adult,Good Player
Jovane Cabral,76,82,24,Sporting CP,Cape Verde Islands,"LW,RW",12000000,13000,83,75,72,79,38,70,Adult,Good Player
A. Kalimuendo,76,82,20,Stade Rennais FC,France,ST,12000000,34000,81,75,59,77,29,66,Young,Good Player
R. Zentner,76,78,27,1. FSV Mainz 05,Germany,GK,7000000,20000,77,73,59,81,65,71,Adult,Good Player
A. Stach,76,82,23,1. FSV Mainz 05,Germany,"CM,CDM",12000000,23000,74,67,74,69,74,78,Adult,Good Player
C. Nørgaard,76,76,28,Brentford,Denmark,"CDM,CM",6500000,42000,58,60,69,69,76,78,Adult,Good Player
F. Vázquez,76,76,33,Parma,Argentina,"CAM,CM",4700000,6000,46,78,77,77,58,75,Senior,Good Player
A. Webster,76,79,27,Brighton & Hove Albion,England,CB,8500000,51000,68,31,60,69,77,74,Adult,Good Player
Roger,76,76,31,Elche CF,Spain,ST,6500000,22000,74,78,63,74,41,73,Senior,Good Player
R. Fraser,76,76,28,Newcastle United,Scotland,"RM,LM",7500000,74000,83,69,71,80,49,61,Adult,Good Player
B. Traoré,76,76,26,İstanbul Başakşehir FK,Burkina Faso,"RM,RW",8000000,66000,77,72,73,81,45,64,Adult,Good Player
Paulo Otávio,76,76,27,VfL Wolfsburg,Brazil,"LB,LM",7000000,37000,88,55,67,77,70,58,Adult,Good Player
Andreas Pereira,76,79,26,Fulham,Brazil,"CAM,CM,RM",10000000,51000,76,74,77,78,65,68,Adult,Good Player
J. Gastien,76,76,34,Clermont Foot 63,France,CDM,2600000,18000,50,63,67,72,73,77,Senior,Good Player
F. Mollet,76,76,30,FC Schalke 04,France,"RM,CAM",7000000,24000,70,75,76,78,51,64,Senior,Good Player
E. Mena,76,76,33,Racing Club,Chile,"LB,LWB",3900000,17000,80,52,70,73,70,77,Senior,Good Player
André Ramalho,76,76,30,PSV,Brazil,CB,6000000,16000,50,59,67,66,77,77,Senior,Good Player
A. Hegazi,76,76,31,Al Ittihad,Egypt,CB,5000000,33000,46,20,50,55,76,84,Senior,Good Player
C. Nielsen,76,76,28,Club Brugge KV,Denmark,"CM,CDM",7500000,26000,72,71,76,74,72,75,Adult,Good Player
J. Hart,76,76,35,Celtic,England,GK,825000,23000,72,76,68,77,55,75,Senior,Good Player
M. Sanson,76,76,27,Aston Villa,France,CM,8000000,66000,69,73,77,75,70,72,Adult,Good Player
G. Fernández,76,76,30,Boca Juniors,Argentina,"CM,CDM",7000000,17000,71,67,75,76,65,66,Senior,Good Player
D. Rugani,76,77,27,Juventus,Italy,CB,7500000,72000,55,40,55,63,78,71,Adult,Good Player
D. Cataldi,76,77,27,Lazio,Italy,"CDM,CM",7500000,38000,72,71,77,76,73,70,Adult,Good Player
M. Elneny,76,76,29,Arsenal,Egypt,"CDM,CM",6500000,63000,56,63,71,70,73,73,Adult,Good Player
N. Maupay,76,78,25,Everton,France,ST,9500000,39000,74,77,67,73,41,72,Adult,Good Player
P. Frankowski,76,77,27,Racing Club de Lens,Poland,"LWB,RWB",8000000,28000,92,70,72,74,65,72,Adult,Good Player
R. Gagliardini,76,76,28,Inter,Italy,"CDM,CM",6500000,50000,53,63,71,73,76,74,Adult,Good Player
B. Mechele,76,77,29,Club Brugge KV,Belgium,CB,7000000,24000,59,38,50,54,80,76,Adult,Good Player
D. Kohr,76,77,28,1. FSV Mainz 05,Germany,"CDM,CM",7000000,26000,80,62,63,71,77,81,Adult,Good Player
Ricardo Esgaio,76,76,29,Sporting CP,Portugal,"RWB,RB,CB",6500000,13000,69,66,74,76,69,67,Adult,Good Player
H. Ekitike,76,85,20,Paris Saint-Germain,France,ST,16500000,19000,74,75,60,76,25,69,Young,Good Player
A. Pyatov,76,76,38,Shakhtar Donetsk,Ukraine,GK,825000,500,73,69,78,75,44,83,Senior,Good Player
R. Steffen,76,76,30,FC Lugano,Switzerland,"LM,RM",7000000,13000,85,71,71,79,54,66,Senior,Good Player
F. Ribéry,76,76,39,US Salernitana 1919,France,"CF,ST,CAM",2600000,21000,63,71,80,82,30,53,Senior,Good Player
Diego Costa,76,76,33,Wolverhampton Wanderers,Spain,ST,4800000,72000,66,77,63,72,46,82,Senior,Good Player
K. Jakić,76,79,25,Eintracht Frankfurt,Croatia,"CDM,CM",9000000,23000,64,62,65,69,73,82,Adult,Good Player
L. Biglia,76,76,36,İstanbul Başakşehir FK,Argentina,"CDM,CM",1500000,23000,33,64,78,77,74,62,Senior,Good Player
João Victor,76,84,23,SL Benfica,Brazil,CB,15500000,11000,78,50,52,57,77,77,Adult,Good Player
C. Lukeba,76,86,19,Olympique Lyonnais,France,CB,15000000,25000,73,43,67,70,77,74,Young,Good Player
R. Cota,76,76,34,Free agent,Mexico,GK,0,0,75,70,67,79,58,79,Senior,Good Player
Ö. Toprak,76,76,32,Antalyaspor,Turkey,CB,4900000,24000,68,39,60,67,78,72,Senior,Good Player
M. Moralez,76,76,35,New York City FC,Argentina,"CAM,CM",3100000,7000,68,71,75,78,52,49,Senior,Good Player
S. Terodde,76,76,34,FC Schalke 04,Germany,ST,3600000,27000,58,78,55,67,38,79,Senior,Good Player
Víctor Díaz,76,76,34,Granada CF,Spain,"CB,RB",2400000,11000,70,56,68,66,77,75,Senior,Good Player
M. Sakho,76,76,32,Montpellier Hérault SC,France,CB,4900000,21000,40,35,64,55,75,81,Senior,Good Player
M. Gradel,76,76,34,Demir Grup Sivasspor,Côte d'Ivoire,"LW,LM",3500000,20000,78,77,71,79,42,63,Senior,Good Player
S. Coleman,76,76,33,Everton,Republic of Ireland,"RB,RWB",3900000,34000,65,65,72,76,77,70,Senior,Good Player
I. Ilić,76,86,21,Hellas Verona,Serbia,"CM,CF",17000000,20000,76,71,76,78,69,71,Young,Good Player
R. Nainggolan,76,76,34,Royal Antwerp FC,Belgium,"CM,CAM,CDM",3500000,22000,68,79,76,74,71,78,Senior,Good Player
F. Forster,76,76,34,Tottenham Hotspur,England,GK,1300000,52000,76,72,67,81,30,75,Senior,Good Player
R. Vormer,76,76,34,Club Brugge KV,Netherlands,CM,3500000,25000,50,75,79,70,75,75,Senior,Good Player
F. Quagliarella,76,76,39,U.C. Sampdoria,Italy,ST,2600000,16000,61,80,74,78,30,61,Senior,Good Player
Falcao,76,76,36,Rayo Vallecano,Colombia,ST,2600000,17000,51,77,67,74,41,67,Senior,Good Player
L. De Silvestri,76,76,34,Bologna,Italy,"RWB,RM",2800000,28000,72,67,71,73,73,75,Senior,Good Player
T. Krul,76,76,34,Norwich City,Netherlands,GK,1300000,31000,75,73,71,79,38,75,Senior,Good Player
Y. Gómez Andrade,76,76,30,Seattle Sounders FC,Colombia,CB,6000000,9000,63,33,48,57,75,86,Senior,Good Player
H. Moreno,76,76,34,Free agent,Mexico,CB,0,0,55,49,64,61,77,71,Senior,Good Player
Juan Mata,76,76,34,Galatasaray SK,Spain,"CAM,RM",3500000,56000,49,71,80,79,36,42,Senior,Good Player
S. Okaka,76,76,32,İstanbul Başakşehir FK,Italy,ST,6000000,38000,62,75,60,70,30,82,Senior,Good Player
Miguel Veloso,76,76,36,Hellas Verona,Portugal,"CM,CDM",2400000,20000,44,70,82,76,65,67,Senior,Good Player
V. Muriqi,75,75,28,RCD Mallorca,Kosovo,ST,6000000,27000,50,75,58,68,28,82,Adult,Good Player
C. Goodwin,75,75,30,Adelaide United,Australia,"LM,RM",5500000,7000,84,70,69,74,58,75,Senior,Good Player
H. Lindner,75,75,31,FC Sion,Austria,GK,3000000,18000,78,71,67,77,42,75,Senior,Good Player
J. Lascelles,75,76,28,Newcastle United,England,CB,5500000,64000,41,35,49,53,75,75,Adult,Good Player
J. Gouweleeuw,75,75,30,FC Augsburg,Netherlands,CB,4600000,23000,69,58,66,64,77,74,Senior,Good Player
F. Kainz,75,75,29,1. FC Köln,Austria,"LM,RM",5500000,27000,67,74,72,77,40,61,Adult,Good Player
D. Caligiuri,75,75,34,FC Augsburg,Italy,"RM,RWB,CM",2600000,26000,71,71,75,73,70,76,Senior,Good Player
Aihen Muñoz,75,80,24,Real Sociedad,Spain,LB,8000000,22000,76,54,69,73,72,70,Adult,Good Player
J. Graterol,75,81,25,América de Cali,Venezuela,GK,7000000,3000,75,72,70,76,24,76,Adult,Good Player
M. Sadílek,75,80,23,FC Twente,Czech Republic,"CDM,CM,LB",8000000,11000,73,61,70,73,72,78,Adult,Good Player
M. Pjaca,75,76,27,Empoli,Croatia,"CF,ST",6500000,81000,77,69,74,81,41,63,Adult,Good Player
Nacho Vidal,75,76,27,CA Osasuna,Spain,"RB,RWB",6000000,23000,75,56,69,69,72,65,Adult,Good Player
Bruno Costa,75,79,25,FC Porto,Portugal,CM,8000000,12000,67,72,75,75,64,62,Adult,Good Player
J. Fuenzalida,75,75,37,Universidad Católica,Chile,"RW,RM,RB",1800000,9000,80,65,72,78,66,70,Senior,Good Player
P. Olayinka,75,76,26,SK Slavia Praha,Nigeria,"LM,RM",6500000,1000,84,69,69,73,57,78,Adult,Good Player
B. Schmitz,75,75,27,1. FC Köln,Germany,RB,5500000,23000,61,50,72,70,75,73,Adult,Good Player
S. Banza,75,78,25,SC Braga,France,ST,7500000,15000,69,74,54,74,31,76,Adult,Good Player
D. Toköz,75,78,26,Trabzonspor,Turkey,"CM,CDM,RB",7500000,32000,72,68,71,75,74,76,Adult,Good Player
J. Guilavogui,75,75,31,VfL Wolfsburg,France,"CDM,CB",3900000,35000,68,59,64,65,76,80,Senior,Good Player
Edu Expósito,75,78,25,RCD Espanyol de Barcelona,Spain,"CAM,CM,CDM",7500000,17000,64,73,75,75,72,69,Adult,Good Player
T. Livramento,75,85,19,Southampton,England,"RB,RWB",11500000,22000,83,47,65,74,70,67,Young,Good Player
J. Lerma,75,75,27,AFC Bournemouth,Colombia,"CDM,CM",5500000,38000,70,64,69,72,72,81,Adult,Good Player
M. Rodák,75,80,25,Fulham,Slovakia,GK,6500000,34000,76,71,73,76,48,73,Adult,Good Player
S. Bornauw,75,81,23,VfL Wolfsburg,Belgium,CB,8000000,30000,75,45,59,56,76,77,Adult,Good Player
Fernando,75,75,32,Unión Deportiva Almería,Spain,GK,2800000,18000,75,73,70,76,48,74,Senior,Good Player
O. Colley,75,75,29,U.C. Sampdoria,Gambia,CB,4700000,18000,65,31,48,54,74,83,Adult,Good Player
C. Taylor,75,75,28,Burnley,England,LB,5000000,38000,69,52,70,72,74,78,Adult,Good Player
N. Höfler,75,75,32,Sport-Club Freiburg,Germany,"CDM,CM",3700000,23000,62,47,66,68,74,74,Senior,Good Player
S. Ulreich,75,75,33,FC Bayern München,Germany,GK,1800000,34000,75,69,62,79,41,73,Senior,Good Player
D. Cockburn,75,75,27,AFC Richmond,Jamaica,ST,6000000,46000,69,78,64,76,30,66,Adult,Good Player
B. Drągowski,75,78,24,Spezia,Poland,GK,6000000,11000,78,72,70,76,44,73,Adult,Good Player
C. Guanca,75,75,29,Al Shabab,Argentina,"CAM,RW,ST",5500000,33000,76,74,72,75,40,70,Adult,Good Player
Aguado,75,78,26,Real Valladolid CF,Spain,"CM,CAM,CDM",7500000,22000,75,70,73,74,62,61,Adult,Good Player
Pedrinho,75,75,29,MKE Ankaragücü,Portugal,"CM,CAM",5500000,16000,77,71,77,77,59,61,Adult,Good Player
K. Hause,75,77,26,Watford,England,CB,6000000,58000,59,45,60,59,74,78,Adult,Good Player
V. Lazaro,75,76,26,Torino F.C.,Austria,"RWB,RM,RB",6000000,45000,78,69,74,76,69,66,Adult,Good Player
P. Stojanović,75,78,26,Empoli,Slovenia,RB,7000000,11000,79,51,70,71,69,72,Adult,Good Player
S. Birindelli,75,83,22,AC Monza,Italy,"RWB,RM,RB",12000000,33000,84,49,64,72,71,66,Young,Good Player
L. Miranda,75,75,28,Racing Club,Argentina,"CM,CDM",5500000,19000,76,67,75,76,67,69,Adult,Good Player
K. Adeyemi,75,87,20,Borussia Dortmund,Germany,ST,13500000,31000,93,76,66,78,24,70,Young,Good Player
Rubén Pérez,75,75,33,Panathinaikos FC,Spain,"CDM,CM",2800000,850,50,63,69,65,72,74,Senior,Good Player
Rodrigo Ely,75,75,28,Unión Deportiva Almería,Brazil,CB,4800000,23000,48,31,44,53,75,72,Adult,Good Player
T. O'Brien,75,78,27,AFC Richmond,England,GK,5500000,31000,77,74,72,78,40,74,Adult,Good Player
S. Bell,75,75,30,1. FSV Mainz 05,Germany,CB,4600000,23000,45,38,54,49,78,75,Senior,Good Player
A. Cornelius,75,75,29,F.C. København,Denmark,ST,5500000,25000,64,76,61,63,36,80,Adult,Good Player
F. Uduokhai,75,79,24,FC Augsburg,Germany,CB,7000000,20000,67,39,53,59,77,74,Adult,Good Player
M. Camara,75,80,25,Roma,Guinea,"CM,CDM",8000000,47000,76,74,72,74,73,81,Adult,Good Player
Marcano,75,75,35,FC Porto,Spain,CB,1500000,9000,50,46,60,58,78,72,Senior,Good Player
O. Kukoč,75,82,22,AFC Richmond,England,"RM,RB",11500000,37000,80,61,73,75,67,58,Young,Good Player
Jesus Andradaldo,75,75,30,Cuiabá,Brazil,RB,4800000,15000,71,46,67,73,75,72,Senior,Good Player
J. Cabot,75,75,28,Racing Club de Lens,France,"RM,RWB",5500000,30000,88,67,65,78,52,61,Adult,Good Player
Rubens Freitosa,75,75,38,Club Athletico Paranaense,Brazil,CM,1800000,11000,64,64,73,71,68,76,Senior,Good Player
Rony Lopes,75,76,26,ESTAC Troyes,Portugal,"RW,LW,RM",6500000,26000,77,72,74,78,30,59,Adult,Good Player
L. Morgan,75,77,25,New York Red Bulls,Scotland,"RW,CF,LW",7000000,9000,85,73,71,75,63,67,Adult,Good Player
Bernard,75,75,29,Panathinaikos FC,Brazil,LW,5500000,1000,79,67,72,81,39,40,Adult,Good Player
A. Elis,75,78,26,FC Girondins de Bordeaux,Honduras,"ST,RM",7500000,10000,91,72,65,75,31,77,Adult,Good Player
U. Babatunde,75,75,30,AFC Richmond,Nigeria,CB,4600000,38000,65,39,49,56,75,82,Senior,Good Player
A. Hickey,75,85,20,Brentford,Scotland,"RB,LB,LWB",12000000,28000,77,55,69,73,70,58,Young,Good Player
I. Baba,75,80,26,RCD Mallorca,Ghana,"CDM,CM,CB",7500000,22000,63,50,64,64,75,78,Adult,Good Player
T. Lamptey,75,83,21,Brighton & Hove Albion,Ghana,"RWB,RB",12000000,35000,87,44,66,76,70,49,Young,Good Player
N. Okafor,75,83,22,FC Red Bull Salzburg,Switzerland,"ST,CAM,LM",12500000,25000,93,73,68,75,31,75,Young,Good Player
E. Le Fée,75,82,22,FC Lorient,France,"CM,CAM,RM",11500000,16000,59,54,76,78,59,47,Young,Good Player
J. Doku,75,85,20,Stade Rennais FC,Belgium,"RW,RM",12500000,32000,91,65,66,80,25,64,Young,Good Player
Fran García,75,83,22,Rayo Vallecano,Spain,"LB,LM",12000000,15000,89,49,66,76,68,63,Young,Good Player
A. Pieper,75,79,24,SV Werder Bremen,Germany,CB,7000000,18000,65,32,53,55,78,74,Adult,Good Player
O. Kossounou,75,84,21,Bayer 04 Leverkusen,Côte d'Ivoire,"CB,RB",12000000,27000,74,32,60,66,75,78,Young,Good Player
R. Rojas,75,76,26,River Plate,Paraguay,"RB,CB",6000000,15000,80,56,64,66,74,76,Adult,Good Player
J. Ramsey,75,85,21,Aston Villa,England,"CM,CAM",12500000,47000,75,74,71,78,67,74,Young,Good Player
A. Král,75,80,24,FC Schalke 04,Czech Republic,"CDM,CM",8000000,18000,71,70,71,75,72,78,Adult,Good Player
P. Ševčík,75,75,28,SK Slavia Praha,Czech Republic,"CM,RM,CDM",5500000,1000,74,70,76,77,69,73,Adult,Good Player
Fran Navarro,75,80,24,Gil Vicente FC,Spain,ST,8500000,12000,68,75,53,72,41,78,Adult,Good Player
A. Palavecino,75,76,25,River Plate,Argentina,"CM,CAM",6500000,16000,77,72,76,79,63,64,Adult,Good Player
Moncayola,75,81,24,CA Osasuna,Spain,"CM,CDM",9000000,22000,62,65,73,71,73,67,Adult,Good Player
N. Collins,75,82,21,Wolverhampton Wanderers,Republic of Ireland,"CB,RB",10500000,41000,71,30,54,61,76,76,Young,Good Player
Jean Lucas,75,80,24,AS Monaco,Brazil,"CM,CDM,CAM",8500000,36000,74,69,73,75,68,73,Adult,Good Player
B. Johnson,75,85,21,Nottingham Forest,Wales,"RW,ST",12500000,43000,88,72,67,76,41,57,Young,Good Player
Samuel Lino,75,83,22,Valencia CF,Brazil,"LM,ST,RM",12500000,36000,81,71,67,76,30,64,Young,Good Player
Daniel Bragança,75,84,23,Sporting CP,Portugal,CM,12500000,11000,80,66,75,81,64,63,Adult,Good Player
A. Velasco,75,85,19,FC Dallas,Argentina,"LM,LW,CAM",12000000,5000,83,68,70,81,53,61,Young,Good Player
Tiago Djaló,75,82,22,LOSC Lille,Portugal,"CB,RB,LB",10500000,23000,81,42,60,63,76,77,Young,Good Player
L. Ivanušec,75,82,23,Dinamo Zagreb,Croatia,"CAM,CM,RM",11500000,900,82,70,71,81,58,72,Adult,Good Player
M. Viña,75,78,24,Roma,Uruguay,"LWB,LM,LB",7000000,39000,81,62,70,74,68,68,Adult,Good Player
L. Provod,75,80,25,SK Slavia Praha,Czech Republic,"CM,LM",8000000,1000,75,74,77,76,69,78,Adult,Good Player
L. Thomas,75,80,21,Leicester City,England,"LB,LWB",8000000,41000,75,42,66,71,71,71,Young,Good Player
M. Mudryk,75,85,21,Shakhtar Donetsk,Ukraine,"LM,CAM",12500000,750,88,65,67,79,44,58,Young,Good Player
Vítor Tormena,75,78,26,SC Braga,Brazil,CB,6500000,13000,53,36,58,60,77,77,Adult,Good Player
Silas,75,82,23,VfB Stuttgart,Congo DR,"RM,LM,ST",11500000,20000,87,71,61,80,52,65,Adult,Good Player
T. Teuma,75,75,28,Royale Union Saint-Gilloise,Malta,"CM,CDM",5500000,17000,68,73,76,75,70,73,Adult,Good Player
Riqui Puig,75,83,22,LA Galaxy,Spain,CM,12500000,8000,65,64,73,80,58,49,Young,Good Player
L. Balerdi,75,81,23,Olympique de Marseille,Argentina,CB,8000000,26000,68,36,57,64,75,75,Adult,Good Player
A. Gordon,75,84,21,Everton,England,"LM,RM",12500000,26000,80,69,72,75,37,62,Young,Good Player
B. Mbeumo,75,81,22,Brentford,Cameroon,"RW,ST",9000000,40000,81,73,70,76,41,71,Young,Good Player
L. Openda,75,83,22,Racing Club de Lens,Belgium,ST,12500000,28000,93,73,64,74,26,76,Young,Good Player
Y. Adli,75,82,21,AC Milan,France,"CM,CAM",11500000,37000,66,70,76,75,66,69,Young,Good Player
D. Spence,75,84,21,Tottenham Hotspur,England,"RWB,RB",12000000,44000,89,43,58,74,67,63,Young,Good Player
A. Lunin,75,84,23,Real Madrid CF,Ukraine,GK,11000000,63000,74,71,73,76,37,75,Adult,Good Player
D. Kyereh,75,78,26,Sport-Club Freiburg,Ghana,"CAM,ST,RM",7500000,26000,81,72,66,80,24,62,Adult,Good Player
N. Pérez,75,82,22,Udinese Calcio,Argentina,CB,10500000,13000,57,25,47,51,77,74,Young,Good Player
U. Račić,75,80,24,SC Braga,Serbia,"CM,CDM",8500000,26000,62,73,74,72,76,80,Adult,Good Player
G. Bushchan,75,78,28,Dynamo Kyiv,Ukraine,GK,5000000,800,76,65,80,78,27,72,Adult,Good Player
J. Lindstrøm,75,84,22,Eintracht Frankfurt,Denmark,"CAM,CF",12500000,22000,87,70,69,78,48,63,Young,Good Player
L. Tawamba,75,75,32,Al Taawoun,Cameroon,ST,4600000,26000,64,75,56,70,24,83,Senior,Good Player
P. Bucha,75,79,24,FC Viktoria Plzeň,Czech Republic,"CM,CAM,CDM",8000000,950,71,71,75,76,67,66,Adult,Good Player
S. Giménez,75,84,21,Feyenoord,Mexico,ST,12500000,9000,74,76,67,71,52,80,Young,Good Player
T. Bašić,75,80,25,Lazio,Croatia,"CM,CDM",8000000,38000,59,66,75,73,72,78,Adult,Good Player
E. Destanoğlu,75,81,21,Beşiktaş JK,Turkey,GK,7500000,21000,75,74,73,75,38,75,Young,Good Player
M. Kumbulla,75,82,22,Roma,Albania,CB,10500000,39000,49,32,53,56,77,77,Young,Good Player
P. Beruatto,75,81,23,Pisa,Italy,LB,8500000,5000,70,43,59,65,75,69,Adult,Good Player
K. Furuhashi,75,75,27,Celtic,Japan,"ST,LW",6000000,50000,87,75,68,73,47,66,Adult,Good Player
C. Cáceda,75,75,30,FBC Melgar,Peru,GK,3700000,750,75,75,70,78,30,71,Senior,Good Player
G. Rutter,75,85,20,TSG Hoffenheim,France,ST,12500000,25000,77,74,59,77,24,64,Young,Good Player
M. Ngadeu,75,75,31,KAA Gent,Cameroon,CB,3800000,20000,60,44,56,61,74,83,Senior,Good Player
O. Mangala,75,80,24,Nottingham Forest,Belgium,"CM,CDM",8500000,45000,64,54,71,82,70,72,Adult,Good Player
F. Pizzini,75,75,28,Club Atlético Talleres,Argentina,"RM,LM",5500000,16000,80,69,72,78,40,66,Adult,Good Player
J. Martin,75,75,32,LOSC Lille,France,"CM,CDM",4400000,29000,58,67,76,75,71,73,Senior,Good Player
D. Pelkas,75,75,28,Hull City,Greece,"CAM,LM,CM",5500000,56000,77,69,73,77,43,58,Adult,Good Player
L. Waldschmidt,75,78,26,VfL Wolfsburg,Germany,"CF,ST",7500000,42000,68,78,70,76,29,61,Adult,Good Player
A. Brignoli,75,75,30,Panathinaikos FC,Italy,GK,3700000,650,74,73,75,77,32,75,Senior,Good Player
T. Hamed,75,75,33,Al Ittihad,Egypt,"CDM,CM",2800000,32000,62,58,67,69,74,78,Senior,Good Player
Unai López,75,78,26,Rayo Vallecano,Spain,"CM,CDM,CAM",7500000,19000,71,70,77,76,67,69,Adult,Good Player
A. Buksa,75,77,25,Racing Club de Lens,Poland,ST,7000000,30000,67,74,57,70,31,76,Adult,Good Player
Álvaro,75,75,32,Al Nassr,Spain,CB,3600000,32000,59,34,58,55,74,79,Senior,Good Player
A. Lozano,75,75,29,Cádiz CF,Honduras,"ST,LM",5500000,30000,79,75,66,71,37,74,Adult,Good Player
S. Posch,75,79,25,Bologna,Austria,"CB,RB",7000000,27000,75,29,50,45,79,71,Adult,Good Player
D. Mihailovic,75,81,23,Club de Foot Montréal,United States,"CF,CAM,CM",9000000,9000,72,70,76,76,60,68,Adult,Good Player
Samu Castillejo,75,75,27,Valencia CF,Spain,"RM,LM",6000000,30000,79,67,72,80,43,52,Adult,Good Player
J. Leca,75,75,36,Racing Club de Lens,France,GK,625000,14000,75,72,76,77,41,73,Senior,Good Player
A. Ayew,75,75,32,Free agent,Ghana,"ST,RW",0,0,69,76,72,77,57,74,Senior,Good Player
C. Lema,75,75,32,Newell's Old Boys,Argentina,CB,3600000,14000,35,53,56,41,76,82,Senior,Good Player
José Callejón,75,75,35,Granada CF,Spain,"RM,ST",2300000,9000,75,72,75,77,48,58,Senior,Good Player
O. Dorley,75,81,23,SK Slavia Praha,Liberia,"LB,LM,CM",8500000,1000,83,55,74,76,69,69,Adult,Good Player
J. Lotomba,75,79,23,OGC Nice,Switzerland,"RB,LB",7500000,28000,79,48,66,73,71,66,Adult,Good Player
M. Sarr,75,79,23,AS Monaco,France,"CB,LB",7000000,61000,67,52,69,65,75,74,Adult,Good Player
P. Schuurs,75,82,22,Torino F.C.,Netherlands,CB,10500000,29000,66,64,71,66,76,74,Young,Good Player
Cote,75,75,32,Real Sporting de Gijón,Spain,LB,3900000,10000,64,54,75,70,74,67,Senior,Good Player
Salva Sevilla,75,75,38,Deportivo Alavés,Spain,"CDM,CM",1100000,8000,37,72,79,71,70,62,Senior,Good Player
Danisco Fachini,75,75,34,Flamengo,Brazil,CDM,1900000,30000,66,43,67,69,74,70,Senior,Good Player
K. Itakura,75,80,25,Borussia Mönchengladbach,Japan,"CB,CDM",7500000,22000,74,45,59,67,77,76,Adult,Good Player
J. Bellegarde,75,80,24,RC Strasbourg Alsace,France,"CM,CDM",8500000,21000,78,62,72,76,70,71,Adult,Good Player
Borja Bastón,75,75,29,Real Oviedo,Spain,ST,5500000,12000,49,77,63,66,37,79,Adult,Good Player
W. Hughes,75,76,27,Crystal Palace,England,"CM,CDM",6500000,46000,48,64,77,76,68,63,Adult,Good Player
V. Claesson,75,75,30,F.C. København,Sweden,"LM,CAM",5500000,22000,74,72,72,75,50,73,Senior,Good Player
Escudero,75,75,32,Real Valladolid CF,Spain,"LB,LM",3900000,20000,67,63,72,70,76,69,Senior,Good Player
Joshuando Sá,75,75,26,Santos,Brazil,"LB,LWB",5500000,23000,73,44,64,65,75,73,Adult,Good Player
J. De Sart,75,76,27,KAA Gent,Belgium,"CM,CDM",6500000,22000,47,72,76,70,72,71,Adult,Good Player
L. Janson,75,75,27,Vélez Sarsfield,Argentina,"LW,ST",6000000,16000,84,72,66,79,36,63,Adult,Good Player
L. Tousart,75,80,25,Hertha BSC,France,"CDM,CM",7500000,24000,63,53,64,66,76,82,Adult,Good Player
J. Gbamin,75,75,26,Trabzonspor,Côte d'Ivoire,"CDM,CM",5500000,33000,72,56,71,72,76,72,Adult,Good Player
C. Cueva,75,75,30,Al Fateh,Peru,"LW,CAM,CM",5500000,30000,75,69,72,78,41,60,Senior,Good Player
C. Chambers,75,76,27,Aston Villa,England,"CB,RB,CDM",5500000,58000,65,56,69,68,76,73,Adult,Good Player
H. Reed,75,77,27,Fulham,England,"CDM,CM",6000000,44000,69,57,72,70,72,74,Adult,Good Player
Kike García,75,75,32,CA Osasuna,Spain,ST,4600000,27000,57,76,64,73,44,73,Senior,Good Player
M. Ducksch,75,75,28,SV Werder Bremen,Germany,ST,6000000,26000,70,76,67,69,34,69,Adult,Good Player
M. Wittek,75,76,26,Vitesse,Germany,LWB,6000000,15000,78,68,69,73,67,74,Adult,Good Player
D. Foulquier,75,75,29,Valencia CF,France,"RB,CB,RWB",4900000,29000,76,63,68,71,72,77,Adult,Good Player
B. Costil,75,75,34,AJ Auxerre,France,GK,950000,14000,73,74,75,75,49,76,Senior,Good Player
B. Gomis,75,75,36,Galatasaray SK,France,ST,1900000,44000,33,80,68,67,36,67,Senior,Good Player
Júnior Caiçara,75,75,33,İstanbul Başakşehir FK,Brazil,RB,2900000,30000,80,58,72,75,70,67,Senior,Good Player
Gabriel Strefezza,75,78,25,Lecce,Brazil,RW,7500000,18000,82,64,72,77,27,50,Adult,Good Player
U. Antuna,75,77,24,Free agent,Mexico,"RM,LM,RW",0,0,91,72,64,78,31,53,Adult,Good Player
E. Hysaj,75,75,28,Lazio,Albania,"LB,RB",5000000,38000,75,51,65,72,72,72,Adult,Good Player
I. Sissoko,75,79,24,RC Strasbourg Alsace,France,"CM,CDM,CB",8000000,21000,62,60,71,70,72,84,Adult,Good Player
Y. Mvogo,75,78,28,FC Lorient,Switzerland,GK,5000000,15000,75,72,75,76,42,73,Adult,Good Player
Kaíquão Castro,75,75,26,Fluminense,Brazil,GK,4500000,17000,77,76,61,73,36,72,Adult,Good Player
A. Begović,75,75,35,Everton,Bosnia and Herzegovina,GK,625000,17000,75,77,73,71,43,73,Senior,Good Player
M. Valjent,75,80,26,RCD Mallorca,Slovakia,CB,7500000,22000,64,36,58,64,75,83,Adult,Good Player
Moleiro,75,90,18,Unión Deportiva Las Palmas,Spain,"LM,CM,CAM",13000000,4000,77,66,72,78,46,59,Young,Good Player
D. Turnbull,75,82,22,Celtic,Scotland,"CM,CAM",11500000,40000,68,72,77,74,63,65,Young,Good Player
Santi Comesaña,75,81,25,Rayo Vallecano,Spain,"CDM,CM,CAM",8000000,17000,59,68,67,70,73,73,Adult,Good Player
M. Aebischer,75,78,25,Bologna,Switzerland,CM,7500000,28000,71,65,75,75,65,74,Adult,Good Player
A. Caci,75,80,25,1. FSV Mainz 05,France,"LWB,LB,CB",7500000,22000,69,52,68,67,75,72,Adult,Good Player
E. Atuesta,75,82,25,Free agent,Colombia,"CDM,CM",0,0,63,58,75,76,68,70,Adult,Good Player
Aarón,75,78,25,1. FSV Mainz 05,Spain,"LWB,LB,LM",7000000,22000,61,47,70,75,72,67,Adult,Good Player
Alam Lindeiro,75,75,26,Atlético Clube Goianiense,Brazil,LB,5500000,13000,72,42,68,70,73,62,Adult,Good Player
M. Gibbs-White,75,83,22,Nottingham Forest,England,"CAM,ST,RM",12500000,45000,76,70,73,76,57,66,Young,Good Player
R. Sessegnon,75,83,22,Tottenham Hotspur,England,"LWB,LB",12000000,53000,82,65,72,77,68,66,Young,Good Player
Pol Lirola,75,80,24,Elche CF,Spain,"RB,RM",8000000,26000,75,62,71,73,71,70,Adult,Good Player
A. Pinamonti,75,80,23,U.S. Sassuolo Calcio,Italy,ST,8500000,47000,74,77,53,71,27,72,Adult,Good Player
M. Di Gregorio,75,80,24,AC Monza,Italy,GK,7000000,25000,77,74,71,78,30,75,Adult,Good Player
G. Til,75,78,24,PSV,Netherlands,"CAM,CM",7500000,15000,69,75,70,72,61,75,Adult,Good Player
Cucho Hernández,75,80,23,Columbus Crew,Colombia,"ST,RM,LM",8500000,9000,82,75,65,73,42,74,Adult,Good Player
V. Nelsson,75,81,23,Galatasaray SK,Denmark,CB,8000000,42000,71,43,62,64,74,83,Adult,Good Player
D. Geiger,75,80,24,TSG Hoffenheim,Germany,CM,8500000,27000,53,53,74,79,61,58,Adult,Good Player
J. Mosquera,75,75,32,FC Viktoria Plzeň,Colombia,LM,4500000,1000,78,70,70,75,59,76,Senior,Good Player
D. Liénard,75,75,34,RC Strasbourg Alsace,France,"LWB,CM",2100000,22000,53,70,79,73,72,71,Senior,Good Player
Jean,75,78,26,Club Cerro Porteño,Brazil,GK,5500000,750,74,75,68,78,29,76,Adult,Good Player
Toni Martínez,75,80,25,FC Porto,Spain,ST,8500000,14000,69,76,59,72,24,77,Adult,Good Player
Y. Wissa,75,76,25,Brentford,Congo DR,"LW,ST,LM",6500000,44000,86,74,65,76,28,68,Adult,Good Player
Dodô,75,84,23,Fiorentina,Brazil,RB,12000000,34000,88,59,71,77,68,70,Adult,Good Player
J. Willock,75,84,22,Newcastle United,England,"CM,CAM",12500000,58000,76,72,69,77,67,70,Young,Good Player
J. McArthur,75,75,34,Crystal Palace,Scotland,"CDM,CM",1900000,42000,52,67,71,72,74,68,Senior,Good Player
M. Okugawa,75,77,26,DSC Arminia Bielefeld,Japan,"CAM,LM",7000000,18000,80,66,70,80,43,45,Adult,Good Player
R. Olsen,75,75,32,Aston Villa,Sweden,GK,2800000,47000,76,74,78,75,35,75,Senior,Good Player
Cesinha,75,75,32,Daegu FC,Brazil,"LW,ST,CAM",4500000,10000,81,76,72,75,32,72,Senior,Good Player
M. Bayo,75,80,24,LOSC Lille,Guinea,ST,8500000,28000,70,76,60,73,26,62,Adult,Good Player
J. El Yamiq,75,75,30,Real Valladolid CF,Morocco,CB,4600000,20000,86,48,52,62,74,80,Senior,Good Player
D. Martínez,75,78,24,River Plate,Paraguay,"CB,LB",7000000,13000,79,54,70,66,74,79,Adult,Good Player
Junior Firpo,75,78,25,Leeds United,Spain,"LB,LWB",7000000,31000,75,62,70,71,72,75,Adult,Good Player
Y. Atal,75,78,26,OGC Nice,Algeria,"RB,RM",7000000,33000,88,67,71,79,68,68,Adult,Good Player
Carles Pérez,75,78,24,RC Celta de Vigo,Spain,"RM,ST,CAM",7500000,43000,80,73,68,79,36,62,Adult,Good Player
Paulinho,75,81,21,Bayer 04 Leverkusen,Brazil,"LM,CAM",9000000,31000,85,68,71,81,36,63,Young,Good Player
E. Shomurodov,75,76,27,Roma,Uzbekistan,"ST,CF",6500000,54000,82,74,63,75,39,70,Adult,Good Player
M. Boadu,75,83,21,AS Monaco,Netherlands,ST,12500000,34000,88,74,62,76,28,66,Young,Good Player
K. Wagner,75,79,25,Philadelphia Union,Germany,"LB,LWB",7000000,8000,78,48,64,69,73,78,Adult,Good Player
K. Dewsbury-Hall,75,80,23,Leicester City,England,"CM,CDM",8500000,55000,66,64,74,75,66,71,Adult,Good Player
M. Bakker,75,81,22,Bayer 04 Leverkusen,Netherlands,LB,8500000,33000,85,53,66,71,72,75,Young,Good Player
Wilson Manafá,75,75,27,FC Porto,Portugal,"RB,LB",5500000,12000,85,58,67,72,69,68,Adult,Good Player
E. Pinnock,75,75,29,Brentford,Jamaica,CB,4700000,40000,67,37,57,61,76,79,Adult,Good Player
Rodrigo Becão,75,78,26,Udinese Calcio,Brazil,CB,6500000,15000,49,33,56,49,78,71,Adult,Good Player
R. Vargas,75,81,23,FC Augsburg,Switzerland,"LM,RM",9000000,22000,89,69,67,79,54,64,Adult,Good Player
Michael,75,76,26,Al Hilal,Brazil,"LW,RW",6500000,38000,84,70,63,83,28,56,Adult,Good Player
K. Danso,75,80,23,Racing Club de Lens,Austria,CB,7500000,23000,79,32,50,57,73,78,Adult,Good Player
D. Muñoz,75,76,26,KRC Genk,Colombia,"RB,CB,CDM",6000000,15000,78,50,66,70,73,75,Adult,Good Player
A. Sambi Lokonga,75,83,22,Arsenal,Belgium,"CM,CDM",12500000,55000,66,58,75,78,69,69,Young,Good Player
B. Brereton Díaz,75,82,23,Blackburn Rovers,Chile,"ST,LW",11500000,38000,84,73,63,74,41,76,Adult,Good Player
Nico González,75,85,20,Valencia CF,Spain,CM,12500000,72000,66,63,74,72,73,78,Young,Good Player
W. Omari,75,82,22,Stade Rennais FC,France,CB,10500000,30000,65,34,58,61,77,73,Young,Good Player
A. Truffert,75,84,20,Stade Rennais FC,France,LB,12000000,25000,73,55,70,73,72,68,Young,Good Player
J. Šutalo,75,84,22,Dinamo Zagreb,Croatia,CB,12000000,800,78,29,58,67,76,77,Young,Good Player
F. Farías,75,85,19,Club Atlético Colón,Argentina,"ST,CF,LM",12000000,9000,86,72,69,83,39,70,Young,Good Player
A. Broja,75,85,20,Chelsea,Albania,ST,12500000,64000,76,74,54,75,29,76,Young,Good Player
K. Sulemana,75,85,20,Stade Rennais FC,Ghana,"LW,LM,ST",12500000,32000,93,69,66,80,28,62,Young,Good Player
N. Rovella,75,88,20,AC Monza,Italy,"CM,CDM",13500000,55000,72,61,74,76,68,64,Young,Good Player
C. Roldan,75,75,27,Seattle Sounders FC,United States,"RM,CM,CAM",6000000,9000,74,69,72,75,70,81,Adult,Good Player
M. Bard,75,82,21,OGC Nice,France,LB,11000000,24000,76,52,67,74,71,70,Young,Good Player
J. Gallardo,75,75,27,Free agent,Mexico,"LB,LM,LW",0,0,83,67,70,75,69,74,Adult,Good Player
M. Eggestein,75,76,25,Sport-Club Freiburg,Germany,"CDM,CM",6000000,22000,59,63,70,73,71,74,Adult,Good Player
Kaku,75,75,27,Al Taawoun,Paraguay,"CAM,LM",6000000,24000,81,68,73,77,52,64,Adult,Good Player
Gonçalo Ramos,75,85,21,SL Benfica,Portugal,"ST,CF",12500000,11000,77,73,64,74,40,80,Young,Good Player
Tiago Tomás,75,82,20,VfB Stuttgart,Portugal,"ST,RW",11000000,11000,87,70,58,77,38,69,Young,Good Player
A. Theate,75,82,22,Stade Rennais FC,Belgium,CB,10500000,30000,72,40,51,53,75,79,Young,Good Player
João Mário,75,84,22,FC Porto,Portugal,RB,12000000,10000,86,62,68,75,69,63,Young,Good Player
A. Knauff,75,83,20,Eintracht Frankfurt,Germany,"RM,LM",12500000,27000,87,62,68,77,51,58,Young,Good Player
J. Juranović,75,76,26,Celtic,Croatia,"RB,LB",6000000,42000,86,64,73,74,70,68,Adult,Good Player
N. Seiwald,75,84,21,FC Red Bull Salzburg,Austria,"CM,CDM",12500000,19000,73,62,73,72,72,73,Young,Good Player
O. Lingr,75,80,23,SK Slavia Praha,Czech Republic,"CAM,LM,RM",8500000,1000,79,73,71,77,44,78,Adult,Good Player
K. Aktürkoğlu,75,81,23,Galatasaray SK,Turkey,"LM,LW,RM",9000000,46000,84,70,67,77,37,56,Adult,Good Player
M. Gusto,75,85,19,Olympique Lyonnais,France,RB,11500000,24000,86,49,68,70,67,71,Young,Good Player
Gabriel Veron,75,87,19,FC Porto,Brazil,"RM,LM",13500000,7000,84,68,68,79,28,50,Young,Good Player
A. Varela,75,85,20,Boca Juniors,Argentina,"CDM,CM",11500000,11000,70,59,72,72,71,74,Young,Good Player
M. Uzuni,75,75,27,Granada CF,Albania,"LM,LW,ST",6000000,12000,83,72,66,79,27,63,Adult,Good Player
A. Mandous,75,75,30,SK Slavia Praha,Czech Republic,GK,3700000,950,76,75,79,77,19,73,Senior,Good Player
I. Schranz,75,75,28,SK Slavia Praha,Slovakia,"RM,RB,ST",5500000,1000,83,75,67,74,65,76,Adult,Good Player
J. Pešek,75,75,29,AC Sparta Praha,Czech Republic,"RM,LM,CF",5500000,1000,86,69,69,77,28,49,Adult,Good Player
T. Minamino,75,76,27,AS Monaco,Japan,"CF,LW,RW",6500000,45000,78,74,70,81,38,62,Adult,Good Player
F. Sotoca,75,75,31,Racing Club de Lens,France,ST,4800000,31000,74,72,69,71,43,80,Senior,Good Player
Pascoal Muscato,75,75,30,Santos,Brazil,"CDM,CM",4700000,23000,58,68,69,70,73,76,Senior,Good Player
Leo Vimieiro,75,75,26,São Paulo,Brazil,LB,5500000,30000,73,52,66,70,74,71,Adult,Good Player
Simão Donatinho,75,75,26,Sport Club Corinthians Paulista,Brazil,GK,4500000,20000,76,70,77,75,43,75,Adult,Good Player
Enaldo Praz,75,75,38,Sport Club Corinthians Paulista,Brazil,"LB,LWB",1200000,18000,70,49,68,65,74,71,Senior,Good Player
Walexinton,75,75,30,Club Athletico Paranaense,Brazil,GK,3700000,11000,74,71,69,76,37,75,Senior,Good Player
Jailson Caeiro,75,75,30,Ceará Sporting Club,Brazil,"RB,RM",4800000,13000,70,53,63,72,74,69,Senior,Good Player
Kaíqundo Calado,75,75,26,Atlético Clube Goianiense,Brazil,"RB,CDM",5500000,13000,82,51,64,71,72,73,Adult,Good Player
Estevão Candeira,75,75,26,Flamengo,Brazil,"RB,LB",5500000,30000,77,59,70,69,70,68,Adult,Good Player
Jorginhson,75,75,30,Ceará Sporting Club,Brazil,"CDM,CM,CAM",4700000,13000,70,57,68,74,76,64,Senior,Good Player
Cris Laranjeiros,75,75,30,Club Athletico Paranaense,Brazil,CB,4600000,14000,70,54,61,64,75,81,Senior,Good Player
Davi Parrela,75,75,22,Atlético Clube Goianiense,Brazil,"CB,CDM",6000000,11000,64,40,54,52,76,78,Young,Good Player
P. Lees-Melou,75,75,29,Stade Brestois 29,France,"CM,CAM",5500000,23000,65,72,76,75,67,74,Adult,Good Player
T. Davies,75,78,24,Everton,England,"CM,CDM",7500000,31000,65,64,73,75,69,70,Adult,Good Player
F. Centonze,75,78,26,FC Metz,France,"RWB,RB",7000000,8000,81,51,68,70,70,78,Adult,Good Player
A. Barboza,75,78,27,Club Libertad,Argentina,CB,6500000,900,51,57,60,64,73,87,Adult,Good Player
B. Heynen,75,80,25,KRC Genk,Belgium,"CM,CDM",8000000,15000,65,71,74,73,71,72,Adult,Good Player
Toni Villa,75,75,27,Girona FC,Spain,"LM,CAM,RM",6000000,24000,74,63,74,77,53,49,Adult,Good Player
W. Anton,75,78,25,VfB Stuttgart,Germany,"CB,CDM",6500000,20000,64,46,59,65,75,79,Adult,Good Player
T. Ouwejan,75,78,25,FC Schalke 04,Netherlands,"LB,LWB",7000000,20000,73,61,77,72,69,75,Adult,Good Player
T. Lorch,75,75,28,Orlando Pirates,South Africa,"RW,LW,CF",5500000,1000,78,73,71,74,46,55,Adult,Good Player
Kevin,75,75,29,RC Celta de Vigo,Spain,"RB,RWB",4900000,21000,66,53,67,66,73,66,Adult,Good Player
L. Godoy,75,76,27,Estudiantes de La Plata,Argentina,"RB,RWB",6000000,12000,85,57,66,73,69,80,Adult,Good Player
J. Cullen,75,78,26,Burnley,Republic of Ireland,"CDM,CM",6500000,36000,68,56,73,71,72,71,Adult,Good Player
S. Berge,75,81,24,Sheffield United,Norway,"CDM,CM",8000000,22000,64,62,71,72,73,83,Adult,Good Player
L. Haraslín,75,76,26,AC Sparta Praha,Slovakia,"LM,RM",6500000,1000,80,68,70,79,40,60,Adult,Good Player
S. Rahimi,75,76,26,Al Ain FC,Morocco,"LM,ST",6500000,1000,85,73,70,74,38,65,Adult,Good Player
F. Gatti,75,81,24,Juventus,Italy,CB,8000000,59000,68,35,48,54,76,76,Adult,Good Player
P. Jansson,75,75,31,Brentford,Sweden,CB,3800000,38000,53,42,54,62,75,79,Senior,Good Player
V. Aboubakar,75,75,30,Al Nassr,Cameroon,ST,5500000,38000,73,74,71,75,36,81,Senior,Good Player
P. Dawidowicz,75,78,27,Hellas Verona,Poland,CB,6500000,23000,62,48,63,65,76,77,Adult,Good Player
C. Goldson,75,76,29,Rangers FC,England,CB,5000000,44000,69,50,62,65,74,82,Adult,Good Player
T. Pukki,75,75,32,Norwich City,Finland,ST,4600000,43000,77,76,62,73,36,73,Senior,Good Player
A. Luthe,75,75,35,1. FC Kaiserslautern,Germany,GK,625000,7000,76,70,61,76,38,77,Senior,Good Player
D. Criscito,75,75,35,Toronto FC,Italy,"CB,LB,LM",1500000,6000,68,61,74,71,77,71,Senior,Good Player
T. Adarabioyo,75,82,24,Fulham,England,CB,10500000,38000,72,31,57,58,75,77,Adult,Good Player
A. Iwobi,75,76,26,Everton,Nigeria,"RM,RWB,CM",6500000,36000,74,64,72,78,38,65,Adult,Good Player
A. Duncan,75,75,29,Fiorentina,Ghana,CM,5500000,46000,73,64,72,74,74,81,Adult,Good Player
F. Caicedo,75,75,33,Abha Club,Ecuador,ST,3600000,15000,65,74,67,71,43,74,Senior,Good Player
Fábio Cardoso,75,77,28,FC Porto,Portugal,CB,5500000,12000,61,32,52,64,76,80,Adult,Good Player
P. Aguilar,75,75,35,Club Libertad,Paraguay,CB,1500000,650,63,52,54,57,77,74,Senior,Good Player
Cédric,75,75,30,Arsenal,Portugal,RB,4800000,58000,71,61,70,75,73,64,Senior,Good Player
M. Wöber,75,80,24,FC Red Bull Salzburg,Austria,CB,7500000,20000,72,51,66,64,74,80,Adult,Good Player
B. Petković,75,75,27,Dinamo Zagreb,Croatia,"ST,CAM",6000000,1000,74,72,76,79,39,75,Adult,Good Player
R. Mandragora,75,79,25,Fiorentina,Italy,"CM,CDM",8000000,42000,55,65,74,75,74,75,Adult,Good Player
D. Bouanga,75,75,27,Los Angeles FC,Gabon,"LM,ST,RM",6000000,9000,84,73,70,76,38,72,Adult,Good Player
T. Bakayoko,75,76,27,AC Milan,France,"CDM,CM",6000000,71000,61,48,65,71,75,83,Adult,Good Player
A. Harit,75,78,25,Olympique de Marseille,Morocco,"LM,CAM,CM",7500000,22000,74,62,71,79,39,49,Adult,Good Player
G. Kamara,75,78,26,Rangers FC,Finland,CM,7500000,46000,76,60,71,76,72,76,Adult,Good Player
É. Balanta,75,75,29,Club Brugge KV,Colombia,"CDM,CM",4800000,22000,64,43,62,69,76,84,Adult,Good Player
J. Aholou,75,76,28,RC Strasbourg Alsace,Côte d'Ivoire,"CDM,CM",5500000,23000,64,60,68,69,73,77,Adult,Good Player
Luiz Gustavo,75,75,34,Al Nassr,Brazil,"CDM,CM",1900000,32000,55,61,68,69,76,80,Senior,Good Player
E. Valencia,75,75,32,Fenerbahçe SK,Ecuador,"ST,RW,LW",4600000,58000,87,74,67,74,47,78,Senior,Good Player
Vitinho,75,75,28,Ettifaq FC,Brazil,"LM,ST",5500000,29000,79,76,72,77,39,61,Adult,Good Player
L. Olaza,75,75,27,Real Valladolid CF,Uruguay,"LB,LWB,CB",5500000,20000,75,69,71,71,71,68,Adult,Good Player
Kévin Rodrigues,75,75,28,Adana Demirspor,Portugal,"LB,LM",5000000,20000,73,71,76,74,71,58,Adult,Good Player
K. Piątek,75,76,27,US Salernitana 1919,Poland,ST,6500000,30000,72,76,54,72,36,71,Adult,Good Player
Vallejo,75,79,25,Real Madrid CF,Spain,CB,7000000,90000,67,42,57,64,76,66,Adult,Good Player
Zainadine,75,75,34,Clube Sport Marítimo,Mozambique,CB,1800000,10000,74,46,57,63,76,77,Senior,Good Player
A. McCarthy,75,75,32,Southampton,England,GK,2800000,34000,74,72,61,80,57,72,Senior,Good Player
A. Younes,75,75,28,FC Utrecht,Germany,"CAM,LM",5500000,29000,69,68,72,81,38,61,Adult,Good Player
C. Arango,75,76,27,Los Angeles FC,Colombia,"ST,CAM",6500000,10000,75,74,63,75,35,72,Adult,Good Player
L. Burián,75,75,38,Vélez Sarsfield,Uruguay,GK,625000,7000,76,72,71,74,51,78,Senior,Good Player
K. Akpoguma,75,77,27,TSG Hoffenheim,Nigeria,"CB,RWB",6000000,28000,77,48,59,70,76,73,Adult,Good Player
O. Yokuşlu,75,76,28,West Bromwich Albion,Turkey,"CDM,CM,CB",5500000,31000,59,70,70,70,73,81,Adult,Good Player
D. Cheryshev,75,75,31,Venezia FC,Russia,"LM,LW",4700000,6000,73,73,74,74,57,65,Senior,Good Player
R. Quioto,75,75,30,Club de Foot Montréal,Honduras,ST,5500000,10000,85,73,69,71,22,81,Senior,Good Player
J. Wallace,75,75,28,West Bromwich Albion,England,"CAM,RW",5500000,34000,77,72,74,75,45,67,Adult,Good Player
Wendell,75,75,28,FC Porto,Brazil,LB,5000000,12000,79,54,70,76,69,70,Adult,Good Player
Duirval Diniz,75,75,26,Club Athletico Paranaense,Brazil,"CB,RB",5500000,14000,53,47,55,52,77,74,Adult,Good Player
Álex Baena,75,82,20,Villarreal CF,Spain,"RM,CM,ST",11000000,21000,76,74,73,74,59,62,Young,Good Player
Elildo Petri,75,75,26,Palmeiras,Brazil,"RM,CAM",6000000,33000,73,68,75,77,29,67,Adult,Good Player
Dênildo Stein,75,75,38,Ceará Sporting Club,Brazil,"ST,CF",1900000,12000,76,76,61,73,30,64,Senior,Good Player
C. Roberts,75,76,26,Burnley,Wales,"RB,RWB",6000000,36000,78,54,66,69,69,74,Adult,Good Player
J. Ayew,75,75,30,Crystal Palace,Ghana,"RW,ST,RM",5500000,50000,74,73,69,77,55,73,Senior,Good Player
T. Horn,75,77,29,1. FC Köln,Germany,GK,4700000,20000,75,75,58,78,47,69,Adult,Good Player
Formosandrinho,75,75,30,Clube Atlético Mineiro,Brazil,"ST,CF",5500000,34000,77,77,60,73,24,60,Senior,Good Player
T. Foket,75,75,27,Stade de Reims,Belgium,"RB,RWB",5500000,20000,72,57,69,71,71,76,Adult,Good Player
E. Gómez,75,75,28,River Plate,Argentina,"LB,LWB",5000000,16000,81,62,71,74,67,77,Adult,Good Player
B. Martins Indi,75,75,30,AZ Alkmaar,Netherlands,CB,4600000,10000,44,42,58,58,76,80,Senior,Good Player
D. Ward,75,75,29,Leicester City,Wales,GK,3800000,49000,75,73,67,76,45,74,Adult,Good Player
R. Thomas,75,75,34,Stade Malherbe Caen,France,CB,1800000,8000,33,37,54,47,76,72,Senior,Good Player
Rafael Cachoira,75,75,22,RB Bragantino,Brazil,"CB,CDM",6000000,13000,53,40,58,59,77,77,Young,Good Player
R. Alessandrini,75,75,33,Shenzhen FC,France,"ST,RM,LM",3600000,14000,85,78,72,78,45,68,Senior,Good Player
João Paulo,75,75,31,Seattle Sounders FC,Brazil,"CM,CDM",4600000,9000,72,69,77,75,69,70,Senior,Good Player
N. Sansone,75,75,30,Bologna,Italy,"CAM,LW",5500000,29000,78,71,71,80,44,54,Senior,Good Player
Dani García,75,75,32,Athletic Club de Bilbao,Spain,CM,4400000,24000,37,63,70,70,74,81,Senior,Good Player
Pepelu,75,81,23,Levante Unión Deportiva,Spain,"CM,CDM",9000000,11000,64,64,76,71,71,76,Adult,Good Player
T. Cairney,75,75,31,Fulham,Scotland,"CM,CAM",4600000,49000,58,73,77,76,62,64,Senior,Good Player
J. Seri,75,75,30,Hull City,Côte d'Ivoire,"CM,CDM",5500000,18000,65,67,77,76,67,65,Senior,Good Player
J. Aribo,75,78,25,Southampton,Nigeria,CM,7500000,44000,80,68,72,78,68,76,Adult,Good Player
T. Fountas,75,76,26,D.C. United,Greece,"CF,ST,CAM",6500000,10000,88,75,66,76,47,65,Adult,Good Player
F. Cristaldo,75,78,25,Club Atlético Huracán,Argentina,"CAM,CM,LM",7500000,13000,75,69,72,74,63,72,Adult,Good Player
S. Kolašinac,75,75,29,Olympique de Marseille,Bosnia and Herzegovina,"LB,CB",4900000,32000,73,62,68,70,71,85,Adult,Good Player
Iborra,75,75,34,Levante Unión Deportiva,Spain,"CDM,CM",1900000,26000,53,64,72,65,74,79,Senior,Good Player
S. Zuber,75,75,30,AEK Athens,Switzerland,LW,5500000,1000,77,73,73,76,67,73,Senior,Good Player
L. Giannetti,75,77,28,Vélez Sarsfield,Argentina,CB,5500000,15000,71,34,54,55,77,78,Adult,Good Player
Matheus,75,75,39,Zhejiang Professional FC,Brazil,"RM,ST,CF",1800000,8000,85,75,64,79,36,62,Senior,Good Player
A. Christiansen,75,75,32,Malmö FF,Denmark,"CM,CAM",4400000,9000,75,73,73,77,65,73,Senior,Good Player
Iván Alejo,75,75,27,Cádiz CF,Spain,"RM,LM",6000000,27000,81,73,73,76,44,67,Adult,Good Player
A. El Ghazi,75,75,27,PSV,Netherlands,"LW,RW",6000000,18000,70,78,70,75,35,66,Adult,Good Player
Lincoln,75,82,23,Fenerbahçe SK,Brazil,"CAM,CM",11500000,46000,78,70,77,78,45,65,Adult,Good Player
M. Dabbur,75,75,30,TSG Hoffenheim,Israel,ST,5500000,33000,57,74,65,77,32,68,Senior,Good Player
B. Chardonnet,75,78,27,Stade Brestois 29,France,CB,6500000,20000,54,45,54,60,75,76,Adult,Good Player
F. Zuqui,75,75,30,Estudiantes de La Plata,Argentina,"CM,CAM,CDM",5500000,13000,73,63,76,74,69,73,Senior,Good Player
Y. Chará,75,75,31,Portland Timbers,Colombia,"CAM,LM,RM",4700000,9000,91,69,67,78,52,71,Senior,Good Player
A. Maxim,75,75,31,Gazişehir Gaziantep F.K.,Romania,"CAM,CM,LM",4700000,18000,69,73,73,79,32,58,Senior,Good Player
S. Larsson,75,75,29,Antalyaspor,Sweden,"LM,ST",5500000,26000,76,72,73,80,38,59,Adult,Good Player
N. Füllkrug,75,75,29,SV Werder Bremen,Germany,ST,5500000,26000,61,76,62,70,36,74,Adult,Good Player
André Gomes,75,75,28,LOSC Lille,Portugal,"CM,CDM",5500000,37000,51,67,76,75,69,74,Adult,Good Player
L. Abergel,75,75,29,FC Lorient,France,"CDM,CM",4800000,18000,69,49,68,72,71,75,Adult,Good Player
A. Losilla,75,75,36,VfL Bochum 1848,France,"CDM,CM,CB",1100000,15000,52,57,67,71,72,76,Senior,Good Player
J. Larsen,75,75,31,Trabzonspor,Denmark,"RB,RWB,LWB",4099999,29000,77,60,71,73,70,75,Senior,Good Player
Samu Sáiz,75,75,31,Girona FC,Spain,"ST,LM,RM",4800000,26000,79,75,74,77,31,70,Senior,Good Player
Zé Luís,75,75,31,Atakaş Hatayspor,Cape Verde Islands,ST,4800000,16000,70,74,59,71,33,75,Senior,Good Player
R. Henry,75,78,24,Brentford,England,"LWB,LB",7000000,33000,90,40,59,74,70,72,Adult,Good Player
G. Higuaín,75,75,34,Inter Miami CF,Argentina,ST,2700000,10000,48,79,71,72,28,64,Senior,Good Player
N. Stark,75,77,27,SV Werder Bremen,Germany,"CB,CDM",6000000,21000,75,50,63,67,76,75,Adult,Good Player
J. Brownhill,75,78,26,Burnley,England,"CM,RM",7500000,40000,67,65,71,74,75,78,Adult,Good Player
Omar Mascarell,75,75,29,Elche CF,Spain,"CDM,CM",4800000,18000,57,60,69,72,72,71,Adult,Good Player
Lekue,75,75,29,Athletic Club de Bilbao,Spain,"RB,LB",4900000,23000,81,62,70,70,70,72,Adult,Good Player
Ș. Radu,75,75,35,Lazio,Romania,CB,1500000,26000,55,64,65,68,79,69,Senior,Good Player
A. Maitland-Niles,75,77,24,Southampton,England,"RWB,RM,RB",6500000,49000,78,62,70,74,70,71,Adult,Good Player
J. Russell,75,75,32,Sporting Kansas City,Scotland,"RW,RM",4500000,10000,77,75,71,76,50,79,Senior,Good Player
A. Ömür,75,80,23,Trabzonspor,Turkey,"CAM,RW,CM",8500000,28000,83,66,73,81,52,56,Adult,Good Player
G. Pezzella,75,77,24,Lecce,Italy,"LB,LM,LWB",6500000,5000,76,57,68,72,69,75,Adult,Good Player
N. Nández,75,76,26,Cagliari,Uruguay,"RM,CM",6500000,6000,80,66,69,77,71,79,Adult,Good Player
M. Zajc,75,75,28,Fenerbahçe SK,Slovenia,"CM,CDM,CAM",5500000,56000,66,73,75,75,66,65,Adult,Good Player
B. Alemán,75,75,32,Gimnasia y Esgrima La Plata,Uruguay,"CM,CAM,RM",4400000,17000,72,75,76,74,67,72,Senior,Good Player
A. Yarmolenko,75,75,32,Al Ain FC,Ukraine,"RM,ST",4500000,1000,58,79,77,77,42,67,Senior,Good Player
J. Clasie,75,75,31,AZ Alkmaar,Netherlands,"CM,CDM",4600000,11000,56,62,77,75,66,67,Senior,Good Player
Rochinha,75,75,27,Sporting CP,Portugal,LW,6000000,14000,83,67,69,80,40,53,Adult,Good Player
M. Silva,75,75,39,Club Libertad,Uruguay,GK,625000,500,78,73,72,81,31,73,Senior,Good Player
W. Bou,75,75,28,Vélez Sarsfield,Argentina,"ST,CF,CAM",6000000,17000,75,75,68,76,46,75,Adult,Good Player
S. Johnstone,75,77,29,Crystal Palace,England,GK,4700000,36000,77,72,68,77,42,74,Adult,Good Player
C. Ansaldi,75,75,35,Parma,Argentina,"LWB,LB,LM",1700000,4000,69,63,73,73,71,67,Senior,Good Player
B. Hübner,75,75,32,TSG Hoffenheim,Germany,CB,3600000,28000,38,33,55,57,78,67,Senior,Good Player
N. Clyne,74,74,31,Crystal Palace,England,RB,3100000,39000,69,60,70,72,73,64,Senior,Average
A. Rusnák,74,74,27,Seattle Sounders FC,Slovakia,"CAM,CDM,CM",4500000,8000,71,73,73,75,55,65,Adult,Average
A. Adli,74,84,22,Bayer 04 Leverkusen,France,"ST,LM",9500000,37000,86,72,67,80,40,54,Young,Average
G. Hanley,74,74,30,Norwich City,Scotland,CB,3500000,34000,53,32,47,49,76,78,Senior,Average
Ailtio Coelho,74,74,30,São Paulo,Brazil,LM,4099999,31000,82,72,71,74,38,60,Senior,Average
D. Lukébakio,74,77,24,Hertha BSC,Belgium,"RM,ST",6000000,22000,83,72,66,78,31,59,Adult,Average
M. Djenepo,74,78,24,Southampton,Mali,"LM,LWB,LB",6000000,37000,79,66,67,79,36,65,Adult,Average
Diogo Leite,74,82,23,1. FC Union Berlin,Portugal,CB,8500000,9000,60,38,48,57,76,73,Adult,Average
L. Perrin,74,79,23,RC Strasbourg Alsace,France,CB,6000000,18000,51,35,55,59,76,71,Adult,Average
Y. Musah,74,83,19,Valencia CF,United States,"RM,CM,CDM",9000000,16000,85,69,68,74,60,67,Young,Average
M. Carnesecchi,74,82,22,US Cremonese,Italy,GK,8000000,23000,75,72,64,78,30,73,Young,Average
Guilherme,74,74,31,Guangzhou City,Brazil,"RM,CAM",3500000,11000,91,67,69,76,51,67,Senior,Average
J. Ferreira,74,84,21,FC Dallas,United States,"CF,CAM,ST",9500000,7000,81,73,70,74,44,65,Young,Average
Douglas Armeira,74,74,30,Palmeiras,Brazil,RB,3600000,28000,72,57,63,69,72,74,Senior,Average
J. Sand,74,74,41,Club Atlético Lanús,Argentina,ST,0,12000,47,78,62,67,37,67,Senior,Average
M. Aramu,74,75,27,Genoa,Italy,"CAM,RW",4900000,5000,75,63,73,77,52,61,Adult,Average
A. Solari,74,74,30,RC Celta de Vigo,Argentina,"RM,LM",4099999,20000,85,62,72,75,58,73,Senior,Average
O. Kolář,74,75,27,SK Slavia Praha,Czech Republic,GK,3600000,900,75,73,77,74,53,73,Adult,Average
Sergio Álvarez,74,74,30,SD Eibar,Spain,"CDM,CM",3500000,9000,59,66,67,67,70,80,Senior,Average
G. Hamer,74,79,25,Coventry City,Netherlands,"CM,CDM",6000000,20000,69,69,75,72,71,77,Adult,Average
Luis Pérez,74,75,27,Real Valladolid CF,Spain,"RB,RWB",4400000,18000,88,47,63,68,69,77,Adult,Average
J. Cork,74,74,33,Burnley,England,"CDM,CM",2100000,34000,40,60,70,68,73,76,Senior,Average
Kiko Casilla,74,74,35,Getafe CF,Spain,GK,475000,11000,75,72,74,75,47,71,Senior,Average
N. Storm,74,74,27,KV Mechelen,Belgium,"LM,LW",4500000,14000,78,73,70,74,36,57,Adult,Average
Bruno Henrique,74,74,32,Al Ittihad,Brazil,"CDM,CM",2800000,29000,61,67,74,69,71,76,Senior,Average
R. Gudiño,74,77,26,Atlanta United,Mexico,GK,4200000,6000,73,76,62,76,47,70,Adult,Average
Kaimo Lima,74,74,26,Fluminense,Brazil,"CB,CDM,LB",4000000,19000,74,63,69,68,75,70,Adult,Average
A. Castro-Montes,74,77,25,KAA Gent,Belgium,"RM,LM,RB",5500000,19000,73,69,71,73,70,68,Adult,Average
B. Decordova-Reid,74,74,29,Fulham,Jamaica,"RM,CAM",4099999,47000,77,71,69,76,57,63,Adult,Average
G. Ávalos,74,74,31,Argentinos Juniors,Paraguay,ST,3600000,14000,71,73,61,73,46,81,Senior,Average
Jamiro Monteiro,74,74,28,San Jose Earthquakes,Cape Verde Islands,"CM,CAM,LM",4200000,9000,75,63,73,78,64,75,Adult,Average
H. Koffi,74,78,25,Royal Charleroi S.C.,Burkina Faso,GK,4600000,10000,76,71,69,78,56,69,Adult,Average
L. Fer,74,74,32,Aytemiz Alanyaspor,Netherlands,"CDM,CM",2800000,18000,64,66,71,70,70,81,Senior,Average
M. Richter,74,77,24,Hertha BSC,Germany,"RM,CAM,LM",6000000,22000,75,71,67,78,34,61,Adult,Average
Petros,74,74,33,Al Fateh,Brazil,"CM,CDM",2600000,26000,64,67,70,73,72,83,Senior,Average
Marco Pereira,74,74,35,Santa Clara,Portugal,GK,475000,3000,74,69,77,74,57,73,Senior,Average
C. Larin,74,75,27,Club Brugge KV,Canada,"ST,LW,LM",4900000,24000,74,74,65,68,28,78,Adult,Average
I. Pussetto,74,76,26,U.C. Sampdoria,Argentina,"ST,CF",5500000,40000,78,72,63,77,25,60,Adult,Average
P. Gallese,74,74,32,Orlando City Soccer Club,Peru,GK,2100000,6000,75,72,66,77,47,70,Senior,Average
B. Espinosa,74,74,32,Girona FC,Colombia,CB,2700000,20000,39,44,58,51,73,78,Senior,Average
J. Kayembe,74,74,27,Royal Charleroi S.C.,Belgium,"LWB,LB,LM",4099999,13000,84,62,69,75,66,72,Adult,Average
A. Nyom,74,74,34,CD Leganés,Cameroon,"RB,RM,CB",1500000,11000,80,59,70,68,70,86,Senior,Average
A. Plata,74,74,31,Al Adalah,Colombia,"RM,RW,ST",3500000,19000,85,66,65,78,42,71,Senior,Average
B. Merlini,74,74,26,Club Libertad,Argentina,"LM,LW,RM",4600000,950,84,66,68,77,41,57,Adult,Average
Rubén Blanco,74,78,26,Olympique de Marseille,Spain,GK,4500000,15000,79,72,73,74,53,70,Adult,Average
J. Reine-Adélaïde,74,81,24,Olympique Lyonnais,France,"CM,RM",8500000,40000,71,70,72,79,54,64,Adult,Average
W. Foderingham,74,74,31,Sheffield United,England,GK,2200000,19000,74,71,72,76,44,73,Senior,Average
Luis Rioja,74,74,28,Deportivo Alavés,Spain,LM,4200000,12000,77,66,70,77,37,51,Adult,Average
V. Janelt,74,80,24,Brentford,Germany,"CM,CDM",6500000,34000,68,69,71,72,73,78,Adult,Average
R. Ofori,74,77,28,Orlando Pirates,Ghana,GK,3900000,750,74,71,77,73,42,75,Adult,Average
Murilo,74,74,27,Gil Vicente FC,Brazil,"RW,RM",4500000,12000,88,70,65,79,25,65,Adult,Average
A. Soumaoro,74,74,30,Bologna,France,CB,3500000,25000,53,37,54,55,73,78,Senior,Average
J. Murillo,74,74,30,U.C. Sampdoria,Colombia,CB,3500000,16000,71,40,61,63,73,77,Senior,Average
Calero,74,76,26,RCD Espanyol de Barcelona,Spain,"CB,CDM",4600000,15000,64,42,66,68,74,74,Adult,Average
M. D'Arpino,74,76,26,KV Oostende,France,"CDM,CM",4700000,11000,65,61,74,70,69,73,Adult,Average
J. Moder,74,83,23,Brighton & Hove Albion,Poland,"CM,CDM,LM",9500000,43000,68,70,74,72,69,75,Adult,Average
A. Zedadka,74,75,27,LOSC Lille,Algeria,RB,4400000,24000,81,55,65,74,65,65,Adult,Average
Dany Mota,74,80,24,AC Monza,Portugal,ST,6500000,37000,75,73,65,76,30,63,Adult,Average
D. Vanzeir,74,78,24,Royale Union Saint-Gilloise,Belgium,ST,6000000,15000,85,74,67,73,36,72,Adult,Average
R. Skov,74,75,26,TSG Hoffenheim,Denmark,"RW,LWB",5000000,31000,78,77,76,72,64,68,Adult,Average
C. Gamboa,74,74,32,VfL Bochum 1848,Costa Rica,RB,2900000,20000,88,48,66,72,69,71,Senior,Average
M. Pereyra,74,74,32,Orlando City Soccer Club,Uruguay,"CAM,CM",3300000,8000,69,65,75,75,54,66,Senior,Average
A. Hahn,74,74,31,FC Augsburg,Germany,"ST,RM",3600000,26000,69,74,68,70,55,83,Senior,Average
Hugo Guillamón,74,82,22,Valencia CF,Spain,"CDM,CB,CM",9000000,22000,58,51,66,64,74,71,Young,Average
Meirelinson,74,74,30,Sport Club Corinthians Paulista,Brazil,CB,3500000,23000,71,45,66,72,75,70,Senior,Average
X. Chavalerin,74,74,31,ESTAC Troyes,France,"CM,LM,CDM",3500000,17000,59,67,73,71,69,75,Senior,Average
Sergio Gómez,74,83,21,Manchester City,Spain,"LB,RM,LM",9000000,53000,70,70,74,75,69,66,Young,Average
E. Zhegrova,74,81,23,LOSC Lille,Kosovo,RM,8500000,23000,79,67,68,78,25,60,Adult,Average
K. Diatta,74,81,23,AS Monaco,Senegal,"RM,RW,LM",8500000,34000,91,69,66,76,47,67,Adult,Average
P. Zinckernagel,74,74,27,Standard de Liège,Denmark,"CAM,LW,CM",4500000,15000,87,70,70,75,42,68,Adult,Average
Abel Ruiz,74,83,22,SC Braga,Spain,ST,9500000,13000,74,74,66,75,38,67,Young,Average
S. Simón,74,84,20,River Plate,Argentina,"RM,CM",9500000,11000,77,63,72,75,66,72,Young,Average
Y. Karamoh,74,78,23,Torino F.C.,France,"LW,LM",6000000,33000,78,68,69,77,31,60,Adult,Average
A. Armstrong,74,77,25,Southampton,England,"ST,LW",5500000,45000,84,75,66,75,35,69,Adult,Average
Barrenetxea,74,83,20,Real Sociedad,Spain,LW,9500000,21000,78,71,63,80,24,48,Young,Average
O. Aina,74,76,25,Torino F.C.,Nigeria,"LWB,LM,RM",4900000,30000,83,60,66,73,70,74,Adult,Average
Jordi Masip,74,74,33,Real Valladolid CF,Spain,GK,1400000,15000,74,72,68,74,63,72,Senior,Average
Marlon,74,77,26,AC Monza,Brazil,CB,4900000,850,68,44,59,67,75,77,Adult,Average
G. Gallon,74,76,29,ESTAC Troyes,France,GK,3500000,14000,75,71,72,76,40,73,Adult,Average
M. Matvienko,74,79,26,Shakhtar Donetsk,Ukraine,"CB,LB",5500000,850,76,48,67,69,74,74,Adult,Average
Kiko Femenía,74,74,31,Villarreal CF,Spain,"RB,LB",3100000,24000,74,57,70,74,70,67,Senior,Average
A. Smith,74,74,31,AFC Bournemouth,England,"RB,RWB,LB",3100000,36000,66,60,69,70,72,71,Senior,Average
R. Bertrand,74,74,32,Leicester City,England,LB,2900000,53000,68,53,71,72,72,70,Senior,Average
V. Pilař,74,74,33,FC Viktoria Plzeň,Czech Republic,"LM,RM",2600000,1000,80,69,68,78,39,56,Senior,Average
L. Milivojević,74,74,31,Crystal Palace,Serbia,"CDM,CM",3000000,39000,47,70,73,66,73,69,Senior,Average
Ángel,74,74,35,RCD Mallorca,Spain,"ST,CAM",1800000,18000,69,75,62,74,34,65,Senior,Average
N. Zalewski,74,86,20,Roma,Poland,LM,10000000,34000,83,59,70,76,55,55,Young,Average
Michael Dimeira,74,74,30,São Paulo,Brazil,"CAM,RM",4099999,31000,86,64,71,78,39,52,Senior,Average
C. Bassogog,74,74,26,Shanghai Shenhua FC,Cameroon,"ST,RM,RW",4700000,14000,90,71,62,77,38,74,Adult,Average
M. Haïdara,74,74,29,Racing Club de Lens,Mali,"LWB,CB",3700000,26000,76,52,62,71,70,78,Adult,Average
M. Diagne,74,74,30,Fatih Karagümrük S.K.,Senegal,ST,4099999,24000,64,74,56,63,29,72,Senior,Average
A. Robinson,74,77,24,Fulham,United States,"LB,LWB",5500000,35000,87,47,64,73,69,72,Adult,Average
J. Beyer,74,79,22,Burnley,Germany,"CB,RB",6000000,19000,73,34,59,66,75,69,Young,Average
Y. Sugawara,74,78,22,AZ Alkmaar,Japan,"RB,RW",5500000,8000,82,53,72,72,66,71,Young,Average
Pedro Mendes,74,74,31,Montpellier Hérault SC,Portugal,CB,2900000,19000,59,38,51,61,74,76,Senior,Average
J. Siebatcheu,74,77,26,1. FC Union Berlin,United States,ST,5500000,28000,67,73,60,71,29,74,Adult,Average
Brian Oliván,74,74,28,RCD Espanyol de Barcelona,Spain,"LB,CB",3800000,16000,74,56,65,69,69,75,Adult,Average
André Almeida,74,74,31,SL Benfica,Portugal,RB,3100000,11000,61,63,75,71,75,73,Senior,Average
Ewerton,74,76,25,SK Slavia Praha,Brazil,"LM,RM",5500000,1000,82,70,67,78,25,57,Adult,Average
C. Jullien,74,74,29,Montpellier Hérault SC,France,CB,3500000,20000,64,50,62,56,73,74,Adult,Average
B. Cuesta,74,74,33,FBC Melgar,Argentina,ST,2700000,1000,67,79,56,62,27,70,Senior,Average
A. Mierzejewski,74,74,35,Henan Songshan Longmen FC,Poland,"CAM,ST,RM",1700000,9000,74,75,73,76,47,73,Senior,Average
M. Erlić,74,79,24,U.S. Sassuolo Calcio,Croatia,CB,6000000,21000,64,34,49,52,74,73,Adult,Average
M. Trésor,74,82,23,KRC Genk,Belgium,"CAM,LW",9500000,13000,79,68,70,79,29,52,Adult,Average
Diogo Gonçalves,74,77,25,SL Benfica,Portugal,"RW,RM,RWB",5500000,13000,84,72,70,75,67,71,Adult,Average
Borja Sánchez,74,75,26,Real Oviedo,Spain,LM,5000000,10000,76,69,73,74,41,66,Adult,Average
Zeca,74,74,33,F.C. København,Greece,"CDM,CM",2100000,19000,72,59,68,69,72,71,Senior,Average
Manu Sánchez,74,83,21,CA Osasuna,Spain,"LB,LWB,LM",9000000,25000,72,44,62,68,72,60,Young,Average
Pedro Pereira,74,80,24,Aytemiz Alanyaspor,Portugal,"RWB,RM",6000000,30000,76,39,66,71,69,66,Adult,Average
C. Bernardi,74,74,32,Club Atlético Colón,Argentina,"CAM,RM,CM",3300000,13000,78,72,70,78,50,65,Senior,Average
M. Munetsi,74,79,26,Stade de Reims,Zimbabwe,"CDM,CM,CB",5500000,19000,58,59,65,69,71,77,Adult,Average
Gonzalo Villar,74,80,24,U.C. Sampdoria,Spain,"CM,CDM",6500000,40000,54,57,74,77,69,67,Adult,Average
I. Success,74,77,26,Udinese Calcio,Nigeria,ST,5500000,17000,73,71,66,75,38,67,Adult,Average
D. Lainez,74,83,22,SC Braga,Mexico,"RM,CM,CAM",9500000,17000,76,64,70,80,49,50,Young,Average
O. Tannane,74,74,28,N.E.C. Nijmegen,Morocco,"CAM,RW",4200000,12000,82,76,72,78,41,71,Adult,Average
M. Camara,74,78,24,Stade Brestois 29,France,"CDM,CM",5500000,7000,63,57,67,71,73,74,Adult,Average
B. Dieng,74,80,21,Olympique de Marseille,Senegal,ST,7000000,26000,80,75,60,71,33,62,Young,Average
J. Rinne,74,76,29,Al Fateh,Sweden,GK,3500000,20000,73,72,74,75,46,72,Adult,Average
Kike Barja,74,77,25,CA Osasuna,Spain,"RM,LM",5500000,22000,73,66,69,73,35,59,Adult,Average
I. Piris,74,74,33,Club Libertad,Paraguay,"RB,LB",2200000,850,83,48,62,70,70,74,Senior,Average
C. Carter-Vickers,74,83,24,Celtic,United States,CB,8500000,34000,74,26,55,63,74,81,Adult,Average
T. Kędziora,74,74,28,Dynamo Kyiv,Poland,"RB,CB",3800000,900,77,46,66,64,72,74,Adult,Average
G. Magnani,74,78,26,Hellas Verona,Italy,CB,5000000,21000,78,37,45,50,76,72,Adult,Average
Mauro Cildinho,74,74,26,Atlético Clube Goianiense,Brazil,RB,4200000,12000,74,46,68,74,69,58,Adult,Average
Luquinhas,74,77,25,New York Red Bulls,Brazil,"RW,CAM,LW",5500000,9000,82,67,68,79,35,57,Adult,Average
M. Saracchi,74,79,24,Levante Unión Deportiva,Uruguay,"LB,LWB",6000000,9000,80,63,71,76,69,69,Adult,Average
J. Stephens,74,74,28,AFC Bournemouth,England,CB,3600000,41000,50,42,61,67,75,73,Adult,Average
A. Soñora,74,80,23,Club Atlético Independiente,United States,"CAM,CM,CDM",6500000,12000,73,66,77,76,65,66,Adult,Average
R. Cabella,74,74,32,LOSC Lille,France,CAM,3300000,27000,71,70,74,78,39,52,Senior,Average
D. da Costa,74,74,28,1. FSV Mainz 05,Germany,RWB,3800000,23000,73,56,65,68,72,81,Adult,Average
L. Reyes,74,74,31,Deportivo Ñublense,Chile,"CDM,CM",3000000,8000,65,59,66,70,71,77,Senior,Average
Wesley,74,78,25,Levante Unión Deportiva,Brazil,ST,6000000,61000,65,74,67,70,38,83,Adult,Average
D. Brašanac,74,74,30,CA Osasuna,Serbia,"CM,CDM,CAM",4000000,23000,49,70,71,71,71,71,Senior,Average
A. Claude-Maurice,74,77,24,Racing Club de Lens,France,"CM,LM,LW",5500000,29000,80,71,72,79,69,69,Adult,Average
R. Bellanova,74,82,22,Inter,Italy,"RWB,RM",9000000,4000,87,32,61,68,67,72,Young,Average
A. Gravillon,74,78,24,Stade de Reims,France,"CB,RB",5500000,16000,59,42,48,55,74,77,Adult,Average
A. Elanga,74,85,20,Manchester United,Sweden,"RW,LW,RM",9500000,63000,88,66,64,75,38,57,Young,Average
A. Souquet,74,74,30,Montpellier Hérault SC,France,RB,3600000,19000,66,59,70,71,71,69,Senior,Average
J. Osorio,74,74,30,Toronto FC,Canada,"CM,CDM,LM",4000000,8000,61,69,71,76,63,68,Senior,Average
U. Bozok,74,77,25,Trabzonspor,Turkey,ST,5500000,31000,78,73,63,74,33,69,Adult,Average
S. Hefti,74,79,24,Genoa,Switzerland,RB,6000000,4000,77,49,64,66,70,81,Adult,Average
Joaquín,74,79,26,Real Valladolid CF,Spain,"CB,CDM",5500000,18000,64,45,60,55,74,80,Adult,Average
S. Szymański,74,83,23,Feyenoord,Poland,"CAM,LW",9500000,9000,83,66,74,76,38,49,Adult,Average
M. Aarons,74,79,22,Norwich City,England,"RB,RWB",6000000,29000,80,42,64,75,70,73,Young,Average
D. Gazdag,74,77,26,Philadelphia Union,Hungary,"CAM,CM",5500000,8000,76,73,67,76,54,63,Adult,Average
Mariano,74,74,28,Real Madrid CF,Dominican Republic,ST,4300000,110000,74,76,61,71,45,78,Adult,Average
A. Hack,74,75,28,1. FSV Mainz 05,Germany,CB,4000000,23000,66,34,60,53,75,76,Adult,Average
S. Aziz,74,74,31,Fenerbahçe SK,Turkey,CB,2900000,45000,69,32,51,55,74,79,Senior,Average
D. Zima,74,81,21,Torino F.C.,Czech Republic,CB,8000000,23000,74,38,54,63,76,76,Young,Average
R. Cannon,74,80,24,Boavista FC,United States,"RWB,RB,CB",6000000,11000,91,36,60,69,67,75,Adult,Average
H. Akbunar,74,74,28,KVC Westerlo,Turkey,"RM,LM",4200000,13000,84,67,70,76,38,57,Adult,Average
N. Radonjić,74,75,26,Torino F.C.,Serbia,"LW,RW,CF",5000000,34000,88,71,69,74,30,58,Adult,Average
L. Traoré,74,84,21,Shakhtar Donetsk,Burkina Faso,ST,9500000,750,78,72,57,69,30,76,Young,Average
Borja García,74,74,31,Girona FC,Spain,"CM,LM",3500000,22000,73,69,73,74,60,66,Senior,Average
André André,74,74,32,Vitória de Guimarães,Portugal,"CM,CDM",3300000,10000,64,69,75,75,68,70,Senior,Average
K. Tete,74,76,26,Fulham,Netherlands,RB,4800000,41000,75,47,66,68,73,75,Adult,Average
M. Gulde,74,74,31,Sport-Club Freiburg,Germany,CB,2900000,22000,69,40,51,57,76,72,Senior,Average
L. Pratto,74,74,34,Vélez Sarsfield,Argentina,ST,2100000,15000,70,74,69,69,58,80,Senior,Average
G. Giménez,74,74,30,Chicago Fire Football Club,Paraguay,"CDM,CM",3500000,8000,64,61,71,73,67,83,Senior,Average
L. Vietto,74,74,28,Al Hilal,Argentina,"CAM,LW,ST",4200000,34000,76,70,72,78,45,64,Adult,Average
E. Roco,74,74,29,Elche CF,Chile,CB,3500000,17000,32,41,55,58,75,76,Adult,Average
D. Bertaud,74,79,24,Montpellier Hérault SC,France,GK,5000000,13000,74,69,73,77,53,73,Adult,Average
J. Kenny,74,75,25,Hertha BSC,England,"RB,LB",4600000,22000,70,49,65,70,71,70,Adult,Average
G. Holtmann,74,74,27,VfL Bochum 1848,Philippines,"LW,RW",4500000,23000,94,67,67,73,56,60,Adult,Average
C. Führich,74,78,24,VfB Stuttgart,Germany,"RM,ST",6000000,19000,83,68,69,75,54,59,Adult,Average
D. Siovas,74,74,33,Fortuna Sittard,Greece,CB,2000000,13000,33,44,54,60,75,75,Senior,Average
A. Mirante,74,74,38,AC Milan,Italy,GK,475000,22000,71,73,65,74,44,75,Senior,Average
Nico Williams,74,86,19,Athletic Club de Bilbao,Spain,"RM,LM",10000000,13000,91,67,65,77,33,58,Young,Average
F. Sacko,74,75,27,Montpellier Hérault SC,Mali,RB,4400000,9000,92,45,61,72,67,73,Adult,Average
Vesga,74,74,29,Athletic Club de Bilbao,Spain,CM,4099999,23000,41,63,70,66,75,78,Adult,Average
J. Devecchi,74,77,26,Club Atlético Aldosivi,Argentina,GK,4200000,10000,74,71,62,76,47,77,Adult,Average
D. de Wit,74,77,24,AZ Alkmaar,Netherlands,"CAM,CM",6000000,9000,67,74,71,70,73,87,Adult,Average
Dani Cárdenas,74,79,25,Levante Unión Deportiva,Spain,GK,4900000,8000,76,69,71,79,44,70,Adult,Average
Henrique Dourado,74,74,32,Henan Songshan Longmen FC,Brazil,ST,3400000,13000,72,75,63,66,34,84,Senior,Average
S. Schwab,74,74,31,PAOK,Austria,"CM,CDM",3500000,1000,63,71,75,72,70,76,Senior,Average
H. Belkebla,74,75,28,Stade Brestois 29,Algeria,"CDM,CM",4099999,20000,55,49,71,70,69,73,Adult,Average
O. Tufan,74,75,27,Hull City,Turkey,"CM,CAM",4800000,17000,79,73,72,75,71,77,Adult,Average
B. Johnson,74,82,22,West Ham United,England,"RB,LB",9000000,40000,76,38,62,67,73,71,Young,Average
Melero,74,74,28,Unión Deportiva Almería,Spain,"CM,CDM",4200000,23000,53,75,73,70,70,75,Adult,Average
E. Alioski,74,74,30,Fenerbahçe SK,North Macedonia,"LB,LM",3600000,45000,78,72,71,73,67,76,Senior,Average
K. Narey,74,74,27,PAOK,Germany,"RW,RB",4500000,1000,82,67,68,75,62,73,Adult,Average
Lino Essier,74,74,30,São Paulo,Brazil,CB,3500000,28000,67,45,68,66,73,79,Senior,Average
R. Dickie,74,77,26,Queens Park Rangers,England,CB,4900000,28000,61,45,52,59,74,78,Adult,Average
Gérson Damesio,74,74,30,Flamengo,Brazil,CB,3500000,28000,51,42,49,57,76,76,Senior,Average
R. Battaglia,74,74,30,RCD Mallorca,Argentina,"CM,CDM",4000000,22000,60,65,67,70,74,77,Senior,Average
Bebé,74,74,31,Rayo Vallecano,Cape Verde Islands,"RM,LM,ST",3500000,18000,82,77,71,72,41,83,Senior,Average
F. Niederlechner,74,74,31,FC Augsburg,Germany,ST,3600000,26000,68,75,63,73,35,78,Senior,Average
M. Klich,74,74,32,Leeds United,Poland,"CM,CDM",3300000,33000,65,71,74,72,66,72,Senior,Average
Jaume,74,74,31,Valencia CF,Spain,GK,2200000,21000,71,74,74,75,58,71,Senior,Average
Aitor Ruibal,74,75,26,Real Betis Balompié,Spain,"RM,LM,RB",5000000,20000,85,73,67,74,42,60,Adult,Average
N. Mendy,74,74,30,Leicester City,Senegal,"CDM,CM",3500000,53000,60,54,69,75,73,66,Senior,Average
M. Schneiderlin,74,74,32,OGC Nice,France,"CDM,CM",2800000,31000,45,58,70,70,73,74,Senior,Average
N. Kalinić,74,74,34,Hajduk Split,Croatia,ST,2100000,1000,62,74,64,72,42,67,Senior,Average
I. Diallo,74,82,23,Southampton,France,"CDM,CM",9000000,34000,65,48,65,70,71,74,Adult,Average
L. Hoyos,74,74,33,Vélez Sarsfield,Argentina,GK,1400000,10000,79,69,68,80,62,66,Senior,Average
P. Piatti,74,74,33,Estudiantes de La Plata,Argentina,"RM,LM",2600000,13000,77,73,72,75,47,50,Senior,Average
M. Leitsch,74,79,24,1. FSV Mainz 05,Germany,CB,6000000,19000,82,37,57,58,76,71,Adult,Average
M. Jensen,74,77,26,Brentford,Denmark,"CM,CDM",5500000,39000,67,62,76,72,67,71,Adult,Average
I. Traoré,74,74,33,SK Slavia Praha,Côte d'Ivoire,"CDM,CAM,CM",2100000,1000,60,65,71,73,69,80,Senior,Average
C. Kouamé,74,79,24,Fiorentina,Côte d'Ivoire,ST,6500000,39000,83,71,63,74,39,73,Adult,Average
C. Dagba,74,77,23,RC Strasbourg Alsace,France,RB,5500000,43000,77,56,69,74,70,60,Adult,Average
J. Brabec,74,74,29,Free agent,Czech Republic,CB,0,0,68,51,62,63,73,77,Adult,Average
K. Dawson,74,74,30,Club Atlético Peñarol,Uruguay,GK,2800000,700,73,72,71,73,31,76,Senior,Average
T. Weah,74,81,22,LOSC Lille,United States,"RM,LM,ST",8500000,23000,86,71,67,75,45,61,Young,Average
B. Zuculini,74,74,29,River Plate,Argentina,"CDM,CM",3600000,15000,69,65,68,70,72,80,Adult,Average
N. Schulz,74,74,29,Borussia Dortmund,Germany,"LB,LM",3700000,33000,85,46,65,67,70,80,Adult,Average
M. van Ginkel,74,74,29,PSV,Netherlands,"CM,CDM",4099999,16000,58,74,75,73,69,73,Adult,Average
L. Kübler,74,74,29,Sport-Club Freiburg,Germany,"RB,RWB,RM",3700000,23000,75,46,59,64,73,68,Adult,Average
I. Grbić,74,78,26,Atlético de Madrid,Croatia,GK,4500000,29000,75,70,73,75,28,73,Adult,Average
E. Díaz,74,77,26,Club Atlético Talleres,Argentina,"LB,CB",5000000,13000,73,49,68,72,71,81,Adult,Average
Eltildo Correia,74,74,30,Clube Atlético Mineiro,Brazil,"CB,RB,LB",3500000,26000,56,50,61,51,76,75,Senior,Average
Carlos Fernández,74,76,26,Real Sociedad,Spain,"ST,CAM",5500000,28000,67,76,64,74,27,67,Adult,Average
K. Boateng,74,74,35,Hertha BSC,Ghana,"CAM,CM,CDM",1700000,19000,48,74,74,77,65,69,Senior,Average
Otávio Cairinho,74,74,30,Palmeiras,Brazil,"CB,RB",3500000,28000,58,50,58,53,75,74,Senior,Average
J. Riedewald,74,75,25,Crystal Palace,Netherlands,"CDM,CM",4500000,37000,60,56,74,69,73,67,Adult,Average
Moisés,74,74,34,Shandong Taishan,Brazil,"CDM,CM,ST",1400000,18000,70,74,72,71,71,78,Senior,Average
Paulo Victor,74,74,35,Ettifaq FC,Brazil,GK,475000,12000,69,70,70,78,42,75,Senior,Average
Caio Nunson,74,74,22,Fortaleza,Brazil,"CB,LB",4400000,10000,59,50,61,59,73,76,Young,Average
A. Castro,74,74,27,Club Atlético Tigre,Argentina,"CAM,CM,RM",4500000,12000,77,72,71,76,65,69,Adult,Average
B. Samba,74,77,28,Racing Club de Lens,Congo,GK,3900000,21000,75,73,76,74,53,71,Adult,Average
A. Izzo,74,74,30,AC Monza,Italy,CB,3500000,32000,67,33,47,65,75,75,Senior,Average
Robson Denho,74,74,30,Atlético Clube Goianiense,Brazil,"CDM,CM",3500000,12000,64,59,72,63,73,77,Senior,Average
Yoel,74,74,33,SD Eibar,Spain,GK,1400000,8000,74,73,70,71,38,72,Senior,Average
M. Ristić,74,77,26,SL Benfica,Serbia,"LB,LWB",5000000,11000,75,61,66,73,69,68,Adult,Average
T. Zwane,74,74,32,Mamelodi Sundowns FC,South Africa,"CAM,LW,RW",3300000,1000,78,68,70,76,49,63,Senior,Average
K. Onisiwo,74,74,30,1. FSV Mainz 05,Austria,ST,4099999,26000,80,70,66,73,50,82,Senior,Average
K. Linetty,74,75,27,Torino F.C.,Poland,"CM,CF",4800000,35000,64,63,71,75,72,69,Adult,Average
S. Barreto,74,79,23,Club Atlético Independiente,Argentina,CB,6000000,11000,76,30,47,51,73,81,Adult,Average
Germano Cuba,74,74,26,Palmeiras,Brazil,"LB,CAM,LM",4200000,28000,88,68,68,76,67,57,Adult,Average
D. Doekhi,74,80,24,1. FC Union Berlin,Netherlands,CB,6000000,20000,56,42,59,64,74,81,Adult,Average
G. Herrera,74,75,30,Club Atlético Talleres,Argentina,GK,3200000,11000,74,72,72,75,59,74,Senior,Average
P. Mwene,74,74,28,PSV,Austria,"RB,LB",3800000,15000,79,50,66,74,68,70,Adult,Average
L. Gil,74,74,31,Colo-Colo,Argentina,"CM,CDM",3500000,7000,63,65,75,72,66,77,Senior,Average
T. Cantwell,74,77,24,Norwich City,England,"LM,CM,RM",6000000,32000,73,67,71,76,42,51,Adult,Average
H. Hajradinović,74,74,28,Kasimpaşa SK,Bosnia and Herzegovina,"CM,CAM",4200000,14000,75,67,76,76,54,70,Adult,Average
Nicholas Aldair,74,74,30,Fluminense,Brazil,ST,4099999,22000,67,75,68,72,38,77,Senior,Average
M. Hasebe,74,74,38,Eintracht Frankfurt,Japan,"CB,CDM",750000,16000,52,51,72,70,76,60,Senior,Average
I. Louza,74,79,23,Watford,Morocco,"CM,CDM",6500000,32000,61,64,73,76,63,60,Adult,Average
Bruno Varela,74,76,27,Vitória de Guimarães,Portugal,GK,3900000,8000,74,70,63,78,39,72,Adult,Average
S. Longstaff,74,80,24,Newcastle United,England,CM,6500000,54000,61,65,72,72,68,67,Adult,Average
C. Pellerano,74,74,40,Independiente del Valle,Argentina,"CDM,CM",0,650,52,65,68,61,70,78,Senior,Average
A. McGregor,74,74,40,Rangers FC,Scotland,GK,475000,19000,73,73,69,74,36,76,Senior,Average
A. Moris,74,74,32,Royale Union Saint-Gilloise,Luxembourg,GK,2100000,11000,74,71,79,75,47,72,Senior,Average
Óscar Valentín,74,75,27,Rayo Vallecano,Spain,"CDM,CM",4300000,16000,63,45,65,63,72,74,Adult,Average
R. Morioka,74,74,31,Royal Charleroi S.C.,Japan,"CM,CAM",3500000,14000,49,69,76,71,73,73,Senior,Average
Víctor Chust,74,83,22,Cádiz CF,Spain,CB,9000000,20000,69,30,50,51,76,65,Young,Average
Douglas Carvalheira,74,74,34,Flamengo,Brazil,LB,1500000,28000,90,40,61,71,69,69,Senior,Average
Ruiz de Galarreta,74,74,28,RCD Mallorca,Spain,"CDM,CM",3700000,21000,67,59,70,73,69,69,Adult,Average
W. Hennessey,74,74,35,Nottingham Forest,Wales,GK,475000,23000,76,74,77,71,40,74,Senior,Average
T. Pochettino,74,74,26,River Plate,Argentina,"CM,CAM",4600000,8000,71,66,76,76,64,72,Adult,Average
M. Stekelenburg,74,74,39,Ajax,Netherlands,GK,475000,6000,70,75,75,72,31,79,Senior,Average
Roni Gameira,74,74,30,Club Athletico Paranaense,Brazil,"ST,CF",4099999,16000,80,75,58,73,29,62,Senior,Average
Bigas,74,74,31,Elche CF,Spain,"CB,LB",2900000,16000,62,52,64,61,75,72,Senior,Average
A. Diawara,74,77,24,RSC Anderlecht,Guinea,"CDM,CM",5000000,16000,57,54,70,75,72,69,Adult,Average
J. Berthomier,74,74,32,Valenciennes FC,France,CAM,3300000,7000,66,70,77,76,51,59,Senior,Average
Aitor,74,75,26,Panathinaikos FC,Spain,"LW,RW",5000000,900,84,70,71,74,29,56,Adult,Average
J. Schouten,74,77,25,Bologna,Netherlands,"CDM,CM",5000000,24000,62,55,66,72,73,68,Adult,Average
S. Ristovski,74,74,30,Dinamo Zagreb,North Macedonia,"RB,RWB,CB",3600000,850,76,61,68,70,71,78,Senior,Average
B. Engels,74,76,27,Royal Antwerp FC,Belgium,CB,4500000,17000,63,44,61,56,74,75,Adult,Average
Hong Jeong Ho,74,74,32,Jeonbuk Hyundai Motors,Korea Republic,CB,2700000,10000,76,45,54,57,73,81,Senior,Average
S. Mitrović,74,74,32,Getafe CF,Serbia,CB,2700000,21000,31,34,54,53,74,81,Senior,Average
Ilie Sánchez,74,74,31,Los Angeles FC,Spain,"CDM,CB,CM",3000000,8000,50,49,67,69,69,78,Senior,Average
A. Laurienté,74,79,23,U.S. Sassuolo Calcio,France,"RM,RW,ST",6500000,24000,77,73,71,77,35,44,Adult,Average
J. Ramírez,74,74,29,Boca Juniors,Argentina,"CM,LM",4099999,16000,81,67,70,80,64,66,Adult,Average
Mama Baldé,74,75,26,ESTAC Troyes,Guinea Bissau,"RM,ST,LM",5000000,17000,89,72,67,73,50,78,Adult,Average
J. Egan,74,74,29,Sheffield United,Republic of Ireland,CB,3500000,24000,64,46,54,61,73,77,Adult,Average
F. Fazio,74,74,35,US Salernitana 1919,Argentina,CB,1100000,15000,34,40,54,54,75,72,Senior,Average
Ximo Navarro,74,74,32,Fortuna Sittard,Spain,"RB,CB",2900000,13000,71,47,65,68,70,75,Senior,Average
J. Larsson,74,79,25,FC Schalke 04,Sweden,"ST,CF",6500000,22000,82,73,73,77,29,68,Adult,Average
Gonçalo Paciência,74,74,27,RC Celta de Vigo,Portugal,ST,4600000,22000,46,76,59,76,33,77,Adult,Average
E. Bičakčić,74,74,32,TSG Hoffenheim,Bosnia and Herzegovina,CB,2700000,26000,44,37,49,48,75,70,Senior,Average
Sandro,74,75,26,Unión Deportiva Las Palmas,Spain,ST,5000000,11000,78,74,67,75,31,60,Adult,Average
Eric Curbelo,74,75,28,Unión Deportiva Las Palmas,Spain,"CB,RB",4000000,9000,82,34,62,64,74,80,Adult,Average
Dani Rochelinhas,74,74,30,Club Athletico Paranaense,Brazil,"CAM,CM",4099999,14000,76,63,72,76,34,59,Senior,Average
A. Masina,74,74,28,Udinese Calcio,Morocco,"LWB,LM,LB",3800000,15000,72,42,66,68,73,71,Adult,Average
P. Gazzaniga,74,74,30,Girona FC,Argentina,GK,2800000,33000,76,74,78,77,57,73,Senior,Average
Benjamin Meseira,74,74,26,Club Athletico Paranaense,Brazil,RB,4200000,13000,79,45,61,69,69,73,Adult,Average
Morato,74,84,21,SL Benfica,Brazil,CB,9000000,8000,67,35,51,61,73,80,Young,Average
Miguel Crespo,74,77,25,Fenerbahçe SK,Portugal,"CM,CDM",5500000,47000,68,64,72,75,74,81,Adult,Average
Sergi Enrich,74,74,32,Real Oviedo,Spain,ST,3400000,11000,52,73,68,72,42,81,Senior,Average
M. Thorsby,74,76,26,1. FC Union Berlin,Norway,"CM,LM",5000000,26000,67,63,70,72,75,80,Adult,Average
R. Ortiz,74,74,32,Club Olimpia,Paraguay,"CDM,CM",2800000,850,73,68,68,72,71,83,Senior,Average
Allan Bardinho,74,74,30,Ceará Sporting Club,Brazil,"CAM,CM",4099999,13000,65,69,73,77,35,54,Senior,Average
B. Aaronson,74,81,21,Leeds United,United States,"CAM,CM",8500000,24000,81,66,68,78,53,63,Young,Average
André Horta,74,79,25,SC Braga,Portugal,CM,6000000,13000,71,69,72,76,65,69,Adult,Average
S. Rondón,74,74,32,Everton,Venezuela,ST,3400000,36000,54,73,65,69,32,74,Senior,Average
S. Dioudis,74,75,29,Panathinaikos FC,Greece,GK,3200000,650,76,72,68,78,42,73,Adult,Average
K. Amian,74,78,24,Spezia,France,"RWB,RM,RB",5500000,13000,78,48,62,67,71,79,Adult,Average
Y. González,74,74,27,Deportivo Cali,Colombia,"ST,CM",4600000,5000,93,70,67,71,48,79,Adult,Average
A. Ring,74,74,31,Austin FC,Finland,"CDM,CM",3000000,8000,68,66,69,73,70,77,Senior,Average
R. Rodríguez,74,74,29,Torino F.C.,Switzerland,CB,3500000,33000,67,67,74,75,75,73,Adult,Average
Mauri Borgho,74,74,30,São Paulo,Brazil,"RB,CDM",3600000,28000,76,63,71,70,72,66,Senior,Average
P. Diop,74,74,36,UD Ibiza,Senegal,"CDM,CM",825000,5000,35,66,67,67,73,83,Senior,Average
C. Richards,74,82,22,Crystal Palace,United States,CB,9000000,34000,78,27,58,55,74,73,Young,Average
J. Rasmussen,74,78,25,Feyenoord,Denmark,CB,5500000,35000,50,38,58,63,74,80,Adult,Average
L. Hejda,74,74,32,FC Viktoria Plzeň,Czech Republic,CB,2700000,950,61,35,55,61,73,80,Senior,Average
A. Young,74,74,36,Aston Villa,England,"LM,LB",1400000,43000,67,65,76,76,76,70,Senior,Average
Estevão Baldeiro,74,74,26,Flamengo,Brazil,CB,4000000,28000,75,56,60,64,76,75,Adult,Average
D. Da Silva,74,74,34,Olympique Lyonnais,France,CB,1400000,42000,36,37,57,52,75,73,Senior,Average
K. Mitoma,74,77,25,Brighton & Hove Albion,Japan,"LM,LW,LWB",5500000,47000,82,69,68,77,56,62,Adult,Average
S. Kryvtsov,74,74,31,Shakhtar Donetsk,Ukraine,CB,2900000,850,65,44,56,52,74,78,Senior,Average
Jadson,74,74,30,Shandong Taishan,Brazil,CB,3500000,18000,67,36,45,54,75,79,Senior,Average
S. Viera,74,74,39,Junior FC,Uruguay,GK,475000,2000,71,73,71,76,39,75,Senior,Average
T. Šunjić,74,74,33,Henan Songshan Longmen FC,Bosnia and Herzegovina,CB,2000000,11000,53,40,51,35,74,82,Senior,Average
A. Roa,74,74,29,Argentinos Juniors,Colombia,"CAM,RM,LM",4099999,13000,76,67,73,78,54,62,Adult,Average
J. Chotard,74,82,20,Montpellier Hérault SC,France,"CDM,CM",8500000,14000,68,54,72,74,71,68,Young,Average
Edval Anton,74,74,30,Fortaleza,Brazil,"CDM,CM,CAM",3500000,12000,70,56,71,72,72,69,Senior,Average
E. Mammana,74,75,26,River Plate,Argentina,"CB,RB",4400000,14000,77,42,65,71,75,71,Adult,Average
C. Stanković,74,74,29,AEK Athens,Austria,GK,2900000,950,75,73,62,77,42,74,Adult,Average
S. Duffy,74,74,30,Fulham,Republic of Ireland,CB,3500000,45000,34,47,50,48,74,78,Senior,Average
B. Ocampo,74,83,23,Cádiz CF,Uruguay,"RM,LM",9500000,22000,83,67,71,77,47,62,Adult,Average
L. Acosta,74,74,34,Club Atlético Lanús,Argentina,"RM,LM,ST",2000000,16000,82,69,70,76,52,61,Senior,Average
A. Ulmer,74,74,36,FC Red Bull Salzburg,Austria,LB,925000,16000,69,62,69,73,71,71,Senior,Average
D. von Ballmoos,74,76,27,BSC Young Boys,Switzerland,GK,3900000,15000,75,75,74,74,50,73,Adult,Average
J. Castelletto,74,75,27,FC Nantes,Cameroon,CB,4200000,20000,68,30,51,61,75,75,Adult,Average
K. Fujimoto,74,83,23,Gil Vicente FC,Japan,"CM,RW,CAM",9500000,10000,77,70,72,75,52,52,Adult,Average
Medrán,74,74,28,Al Taawoun,Spain,"CM,CDM",4200000,23000,58,67,76,74,63,64,Adult,Average
M. Cauteruccio,74,74,35,Club Atlético Aldosivi,Uruguay,"ST,RM",1800000,10000,66,75,62,70,37,77,Senior,Average
E. Copetti,74,76,26,Racing Club,Argentina,"ST,RW",5500000,18000,81,72,63,68,49,86,Adult,Average
A. Matusiwa,74,78,24,Stade de Reims,Netherlands,"CDM,CM",5500000,16000,56,47,59,69,73,80,Adult,Average
C. Zambrano,74,74,32,Boca Juniors,Peru,CB,2700000,14000,55,48,59,66,73,77,Senior,Average
D. Bulthuis,74,74,32,Suwon Samsung Bluewings,Netherlands,CB,2700000,6000,60,38,55,53,73,85,Senior,Average
M. Vojvoda,74,74,27,Torino F.C.,Kosovo,"LWB,LM,RM",4099999,32000,69,51,69,71,70,71,Adult,Average
J. Schmid,74,74,32,Sport-Club Freiburg,France,"RM,RB",3300000,24000,67,64,75,76,68,76,Senior,Average
Lazo,74,75,26,RCD Espanyol de Barcelona,Spain,LM,5000000,17000,78,73,69,79,34,55,Adult,Average
Manu García,74,74,36,CD Mirandés,Spain,"CM,CDM",1300000,7000,40,68,72,69,74,76,Senior,Average
D. Udogie,74,82,19,Udinese Calcio,Italy,"LWB,LM",8500000,30000,87,63,66,74,67,71,Young,Average
L. Schøne,74,74,36,N.E.C. Nijmegen,Denmark,"CM,CDM",1300000,9000,36,74,80,75,61,62,Senior,Average
Cláudio Ramos,74,75,30,FC Porto,Portugal,GK,3200000,9000,78,72,64,74,55,71,Senior,Average
F. Ugrinic,74,82,23,BSC Young Boys,Switzerland,"CM,CDM,CAM",9500000,18000,73,73,72,74,68,82,Adult,Average
E. Karaca,74,74,32,Aytemiz Alanyaspor,Turkey,"RM,CAM",3300000,19000,78,63,70,76,44,46,Senior,Average
Walace,74,76,27,Udinese Calcio,Brazil,"CDM,CM",4600000,14000,66,65,68,69,70,75,Adult,Average
R. Christie,74,74,27,AFC Bournemouth,Scotland,"RW,RM",4500000,42000,81,71,72,76,65,77,Adult,Average
A. Gomes,74,82,21,LOSC Lille,England,"LM,CF,CDM",9500000,20000,77,70,72,77,61,59,Young,Average
J. Hauge,74,79,22,KAA Gent,Norway,"LM,RM,CAM",6500000,21000,83,69,66,77,42,66,Young,Average
Andrés Fernández,74,74,35,SD Huesca,Spain,GK,475000,5000,72,70,70,76,57,75,Senior,Average
J. Cazares,74,74,30,Club Atlético Independiente,Ecuador,CAM,4099999,14000,73,68,75,76,33,39,Senior,Average
J. Jønsson,74,74,29,AEK Athens,Denmark,"CDM,CM",3600000,1000,68,56,67,66,74,74,Adult,Average
C. Gordon,74,74,39,Heart of Midlothian,Scotland,GK,475000,3000,73,72,66,77,35,73,Senior,Average
A. Dreyer,74,80,24,FC Midtjylland,Denmark,"RW,ST,CM",6500000,23000,78,72,69,77,36,64,Adult,Average
I. Radu,74,77,25,US Cremonese,Romania,GK,4300000,32000,78,68,72,79,40,74,Adult,Average
T. Kubo,74,84,21,Real Sociedad,Japan,"RW,CAM,ST",9500000,21000,79,65,69,80,39,53,Young,Average
J. Toornstra,74,74,33,FC Utrecht,Netherlands,"CM,CAM",2600000,15000,52,74,77,70,70,70,Senior,Average
Guilherme Sityá,74,74,32,İttifak Holding Konyaspor,Brazil,"LB,LM,LWB",2900000,15000,82,61,70,72,67,77,Senior,Average
P. Capelle,74,74,35,Angers SCO,France,"RM,CM,LM",1700000,15000,64,72,74,73,69,69,Senior,Average
C. Kabasele,74,74,31,Watford,Belgium,CB,2900000,34000,63,50,51,59,74,76,Senior,Average
D. González,74,74,28,Club Olimpia,Paraguay,"ST,LM,RM",4300000,1000,81,75,71,77,44,64,Adult,Average
Djaniny,74,74,31,Trabzonspor,Cape Verde Islands,"ST,LW,RW",3600000,32000,79,72,67,75,35,76,Senior,Average
R. Czichos,74,74,32,Chicago Fire Football Club,Germany,"CB,LB",2700000,8000,59,47,59,61,75,77,Senior,Average
J. Nilsson,74,74,28,Free agent,Sweden,CB,0,0,59,32,54,55,75,74,Adult,Average
Éderson,74,80,22,Atalanta,Brazil,CM,6500000,32000,70,63,71,75,65,70,Young,Average
J. Rodriguez,74,74,32,Burnley,England,ST,3400000,40000,65,76,68,73,42,66,Senior,Average
Nuno Tavares,74,81,22,Olympique de Marseille,Portugal,LB,8000000,46000,85,52,65,73,67,77,Young,Average
A. Moreno,74,82,23,Racing Club,Argentina,"CDM,CM",9000000,13000,73,65,71,74,69,65,Adult,Average
Salvi Sánchez,74,74,31,Rayo Vallecano,Spain,"RM,LB",3500000,18000,84,64,73,73,39,46,Senior,Average
Manquillo,74,74,28,Newcastle United,Spain,"RB,RWB",3800000,60000,69,45,63,72,73,65,Adult,Average
M. Friedl,74,78,24,SV Werder Bremen,Austria,CB,5500000,17000,67,42,59,67,75,75,Adult,Average
Borja Mayoral,74,79,25,Getafe CF,Spain,ST,6500000,24000,66,74,67,74,38,66,Adult,Average
Merquelanz,74,74,27,Real Sociedad,Spain,"LW,RW,CAM",4500000,28000,70,77,75,74,45,64,Adult,Average
J. Silva,74,74,28,Granada CF,Argentina,"LB,LWB,CB",3800000,22000,70,60,68,72,71,75,Adult,Average
M. Pedersen,74,82,22,Feyenoord,Norway,"RB,LB",9000000,8000,89,48,68,71,66,70,Young,Average
J. Ward,74,74,32,Crystal Palace,England,RB,2900000,39000,54,52,68,66,77,70,Senior,Average
S. Dursun,74,74,30,Fenerbahçe SK,Turkey,ST,4099999,54000,60,74,61,71,40,79,Senior,Average
Matheus Henrique,74,78,24,U.S. Sassuolo Calcio,Brazil,"CM,CDM",6000000,24000,74,60,75,77,57,64,Adult,Average
L. Balogun,74,74,34,Queens Park Rangers,Nigeria,CB,1400000,28000,76,44,60,60,73,78,Senior,Average
G. Gudmundsson,74,82,23,LOSC Lille,Sweden,"LB,LM",9000000,21000,86,64,67,73,67,70,Adult,Average
Murilo Sancha,74,74,34,América Futebol Clube,Brazil,"RM,CM",2000000,16000,78,67,69,73,66,71,Senior,Average
G. Piovi,74,74,27,Racing Club,Argentina,"LB,LWB,CB",4099999,15000,72,53,68,67,71,79,Adult,Average
C. Lenz,74,74,27,Eintracht Frankfurt,Germany,"LWB,LM",4099999,22000,72,42,67,69,72,69,Adult,Average
Hélder Costa,74,74,28,Al Ittihad,Angola,"RM,LM",4200000,34000,82,68,70,75,31,56,Adult,Average
A. Obispo,74,80,23,PSV,Netherlands,CB,6000000,12000,75,42,57,66,72,79,Adult,Average
P. Berg,74,78,24,FK Bodø/Glimt,Norway,CM,6000000,5000,71,61,72,72,68,77,Adult,Average
A. Bardakcı,74,75,27,Galatasaray SK,Turkey,CB,4200000,45000,50,32,48,57,76,79,Adult,Average
T. Leibold,74,74,28,Hamburger SV,Germany,"LB,LM",3800000,13000,78,57,72,75,67,71,Adult,Average
Vinicius Souza,74,82,23,RCD Espanyol de Barcelona,Brazil,"CDM,CM",9000000,13000,66,47,63,66,73,79,Adult,Average
P. Jaeckel,74,79,23,1. FC Union Berlin,Germany,"CB,CDM",6000000,20000,73,33,52,51,76,73,Adult,Average
K. Mac Allister,74,77,24,Argentinos Juniors,Argentina,"CB,RB",5000000,10000,76,54,62,72,74,78,Adult,Average
P. Hofmann,74,74,29,VfL Bochum 1848,Germany,ST,4200000,24000,51,74,53,63,35,80,Adult,Average
K. Świderski,74,79,25,Charlotte FC,Poland,ST,6500000,9000,68,74,62,71,32,71,Adult,Average
M. Plattenhardt,74,74,30,Hertha BSC,Germany,LB,3600000,24000,66,56,73,71,71,71,Senior,Average
Guridi,74,75,27,Deportivo Alavés,Spain,"CM,CDM,CAM",4800000,12000,63,64,69,77,62,53,Adult,Average
N. Moro,74,81,24,Bologna,Croatia,"CDM,CM",8000000,21000,71,70,73,73,69,76,Adult,Average
L. Kilian,74,80,22,1. FC Köln,Germany,CB,6000000,19000,70,37,56,54,75,75,Young,Average
C. Bassey,74,84,22,Ajax,Nigeria,"LB,CB",9000000,11000,83,44,64,69,70,86,Young,Average
N. Petersen,74,74,33,Sport-Club Freiburg,Germany,ST,2700000,26000,52,77,58,65,40,73,Senior,Average
Nilson Alfarinho,74,74,38,Atlético Clube Goianiense,Brazil,GK,475000,6000,68,71,72,77,34,78,Senior,Average
A. Ademi,74,74,31,Dinamo Zagreb,North Macedonia,"CM,CDM",3500000,950,65,65,66,71,71,81,Senior,Average
B. Osayi-Samuel,74,79,24,Fenerbahçe SK,Nigeria,"RB,RM,RW",6000000,39000,94,59,62,78,65,74,Adult,Average
D. Valoyes,74,75,25,Club Atlético Talleres,Colombia,"RM,LM,ST",5000000,14000,88,69,67,74,49,68,Adult,Average
J. Angulo,74,74,33,Club Deportes Tolima,Colombia,RB,2200000,4000,71,59,69,68,71,75,Senior,Average
E. Ponce,74,79,25,Elche CF,Argentina,ST,6500000,19000,76,73,61,74,37,69,Adult,Average
K. Billiat,74,74,31,Kaizer Chiefs,Zimbabwe,"CF,RW,ST",3600000,1000,85,74,70,78,47,65,Senior,Average
G. Ferrari,74,74,30,U.S. Sassuolo Calcio,Italy,CB,3500000,25000,50,28,41,50,75,78,Senior,Average
M. Mohamed,74,81,24,FC Nantes,Egypt,ST,8500000,47000,70,74,57,69,38,79,Adult,Average
Y. Maleh,74,80,23,Fiorentina,Morocco,CM,6500000,35000,69,67,74,76,66,67,Adult,Average
B. van den Boomen,74,75,26,Toulouse Football Club,Netherlands,"CM,CDM",4900000,17000,62,73,78,70,66,76,Adult,Average
L. Cook,74,78,25,AFC Bournemouth,England,"CM,CDM",6000000,37000,60,63,74,77,66,66,Adult,Average
R. Marin,74,76,26,Empoli,Romania,CM,5000000,5000,68,73,76,74,62,67,Adult,Average
L. Masopust,74,74,29,SK Slavia Praha,Czech Republic,"RM,RB",4099999,1000,84,65,68,75,68,75,Adult,Average
Elias Fontoira,74,74,26,Internacional,Brazil,CDM,4099999,21000,69,69,74,73,73,70,Adult,Average
K. Malcuit,74,74,30,MKE Ankaragücü,France,RB,3600000,13000,75,62,70,74,72,70,Senior,Average
L. Sepe,74,74,31,US Salernitana 1919,Italy,GK,2200000,17000,74,71,70,76,44,72,Senior,Average
R. Jack,74,74,30,Rangers FC,Scotland,"CM,CDM",4000000,43000,62,67,72,72,73,78,Senior,Average
M. Pongračić,74,78,24,Lecce,Croatia,CB,5500000,28000,68,26,52,63,74,76,Adult,Average
E. Krafth,74,74,27,Newcastle United,Sweden,"RB,CB",4099999,57000,65,58,68,70,74,71,Adult,Average
A. Onana,74,84,20,Everton,Belgium,"CDM,CM",8500000,22000,74,59,69,71,71,76,Young,Average
S. Ricci,74,85,20,Torino F.C.,Italy,"CDM,CM",8500000,23000,74,55,70,71,71,70,Young,Average
A. Touré,74,76,26,Eintracht Frankfurt,Mali,"CB,RWB,RM",4600000,22000,80,58,66,72,74,73,Adult,Average
J. Amavi,74,74,28,Getafe CF,France,LB,3800000,30000,73,61,67,70,71,72,Adult,Average
N. Cozza,74,81,23,Montpellier Hérault SC,France,"CB,LB",8000000,16000,75,41,62,69,75,71,Adult,Average
J. Jankto,74,75,26,AC Sparta Praha,Czech Republic,"LM,CM,RM",5000000,1000,73,71,71,74,67,62,Adult,Average
M. Crépeau,74,77,28,Los Angeles FC,Canada,GK,3900000,6000,72,70,70,75,49,74,Adult,Average
R. Khedira,74,75,28,1. FC Union Berlin,Germany,"CDM,CB",4099999,25000,58,43,58,61,76,80,Adult,Average
A. Maher,74,74,28,Damac FC,Netherlands,"CDM,CM",3700000,19000,67,70,74,76,70,66,Adult,Average
Nuno Santos,74,81,23,Charlotte FC,Portugal,CM,8500000,7000,80,69,71,73,67,68,Adult,Average
Y. Eteki,74,80,24,Casa Pia,Cameroon,"CDM,CM",6000000,5000,58,55,66,70,70,75,Adult,Average
M. Uhre,74,75,27,Philadelphia Union,Denmark,ST,4900000,9000,89,73,51,70,33,77,Adult,Average
J. Kopic,74,74,32,FC Viktoria Plzeň,Czech Republic,"RM,LM",3300000,1000,76,71,72,75,36,59,Senior,Average
Diegildo Ramos,74,74,30,Flamengo,Brazil,"ST,RM",4099999,34000,30,79,67,67,28,70,Senior,Average
Arbilla,74,74,35,SD Eibar,Spain,CB,1100000,7000,53,57,70,66,73,79,Senior,Average
T. Nguen,74,74,28,Ferencvárosi TC,Norway,"CAM,LM",4200000,1000,87,71,65,79,45,59,Adult,Average
M. Nastasić,74,74,29,RCD Mallorca,Serbia,CB,3500000,21000,62,36,62,55,74,74,Adult,Average
F. Woodman,74,79,25,Preston North End,England,GK,4900000,21000,75,69,70,75,47,72,Adult,Average
M. Havel,74,74,27,FC Viktoria Plzeň,Czech Republic,"LB,RB",4099999,950,67,51,66,68,72,74,Adult,Average
L. Vangioni,74,74,35,Newell's Old Boys,Argentina,"LB,LWB",1300000,9000,77,63,70,70,71,72,Senior,Average
A. Tuanzebe,74,78,24,Manchester United,England,CB,5500000,60000,81,36,63,68,73,72,Adult,Average
P. Musa,74,81,24,SL Benfica,Croatia,ST,8500000,12000,83,72,61,71,37,82,Adult,Average
Álex Centelles,74,81,22,Unión Deportiva Almería,Spain,LB,8000000,17000,78,52,67,71,68,75,Young,Average
O. Solet,74,83,22,FC Red Bull Salzburg,France,CB,9000000,19000,83,43,57,67,72,81,Young,Average
M. Mittelstädt,74,77,25,Hertha BSC,Germany,"LB,LM",5000000,22000,77,61,68,74,71,67,Adult,Average
J. Worrall,74,80,25,Nottingham Forest,England,CB,6000000,42000,57,25,51,45,75,76,Adult,Average
S. Ascacíbar,74,78,25,US Cremonese,Argentina,"CDM,CM",5500000,22000,69,47,61,69,74,72,Adult,Average
B. Ramselaar,74,75,26,FC Utrecht,Netherlands,CAM,5000000,15000,84,71,69,76,52,67,Adult,Average
Ki Sung Yueng,74,74,33,FC Seoul,Korea Republic,"CDM,CM",2100000,8000,46,67,78,69,66,76,Senior,Average
G. Haraguchi,74,74,31,1. FC Union Berlin,Japan,"CAM,CM",3500000,26000,76,65,70,78,44,53,Senior,Average
P. Hrošovský,74,74,30,KRC Genk,Slovakia,CM,4000000,15000,67,71,74,75,70,66,Senior,Average
M. Rashica,74,75,26,Galatasaray SK,Kosovo,"LM,RM,CF",5000000,37000,81,74,68,77,47,64,Adult,Average
E. Wahi,74,84,19,Montpellier Hérault SC,France,"ST,LM",9000000,14000,82,73,64,76,31,65,Young,Average
J. Tanganga,74,82,23,Tottenham Hotspur,England,"RWB,RB,CB",9000000,49000,75,33,62,71,75,80,Adult,Average
M. Coda,74,74,33,Genoa,Italy,ST,2700000,6000,60,75,58,71,25,64,Senior,Average
F. Selemani,74,74,28,KV Kortrijk,Comoros,"LM,CAM",4200000,15000,83,73,70,75,56,61,Adult,Average
Vinicius Cardenha,74,74,30,Fluminense,Brazil,"RB,CB",3600000,19000,73,49,60,68,71,70,Senior,Average
Ferro,74,78,25,Vitesse,Portugal,CB,5500000,11000,52,43,55,60,75,75,Adult,Average
Enzo Marteiro,74,74,30,Flamengo,Brazil,GK,2800000,23000,82,73,73,69,40,74,Senior,Average
C. Benteke,74,74,31,D.C. United,Belgium,ST,3600000,9000,50,74,62,68,32,74,Senior,Average
I. Radovanović,73,73,33,US Salernitana 1919,Serbia,"CB,CDM",1500000,20000,47,60,68,66,74,71,Senior,Average
N. Vallys,73,74,25,Brøndby IF,Denmark,"LM,CAM",3600000,13000,81,66,69,72,38,75,Adult,Average
T. Delaine,73,73,30,RC Strasbourg Alsace,France,"RWB,LWB",2600000,19000,83,50,69,72,67,72,Senior,Average
Jubal,73,74,28,AJ Auxerre,Brazil,CB,2900000,15000,51,34,45,55,73,73,Adult,Average
Henrique,73,73,28,Olympique Lyonnais,Brazil,LB,2800000,41000,77,45,63,71,70,65,Adult,Average
Jony,73,73,30,Real Sporting de Gijón,Spain,LM,2900000,34000,83,68,72,73,52,65,Senior,Average
I. Zabarnyi,73,83,19,Dynamo Kyiv,Ukraine,CB,6000000,500,66,36,56,58,74,73,Young,Average
L. Garritano,73,73,28,Frosinone,Italy,"CAM,CM,LW",3100000,4000,89,70,68,74,55,62,Adult,Average
Manu Vallejo,73,78,25,Girona FC,Spain,"ST,LM,CAM",4500000,21000,74,74,68,75,43,61,Adult,Average
R. Kouamé,73,77,25,ESTAC Troyes,Mali,"CM,CDM",4200000,15000,69,54,69,74,70,77,Adult,Average
R. Ripart,73,73,29,ESTAC Troyes,France,"RM,LM,ST",3000000,17000,69,74,68,71,64,83,Adult,Average
T. Strobl,73,73,32,FC Augsburg,Germany,"CDM,CB",2000000,20000,34,49,65,57,73,75,Senior,Average
R. Delgado,73,73,32,Club Atlético Colón,Argentina,"CB,LB",2000000,11000,82,65,70,74,72,79,Senior,Average
S. Mustafi,73,73,30,Levante Unión Deportiva,Germany,CB,2500000,10000,53,57,62,59,73,77,Senior,Average
S. Peña,73,76,26,Malmö FF,Peru,"CAM,CM",4000000,8000,66,68,76,75,55,66,Adult,Average
G. Giakoumakis,73,74,27,Celtic,Greece,ST,3600000,43000,70,73,50,66,28,77,Adult,Average
A. Weimann,73,73,30,Bristol City,Austria,"ST,CAM,CM",3000000,30000,82,72,65,71,45,72,Senior,Average
D. Randolph,73,73,35,West Ham United,Republic of Ireland,GK,350000,22000,75,71,66,74,42,71,Senior,Average
S. Davis,73,73,29,Nashville SC,United States,"CDM,CM",2600000,7000,68,58,68,69,70,78,Adult,Average
J. Broun,73,73,36,Rosario Central,Argentina,GK,350000,7000,70,67,69,75,43,76,Senior,Average
M. Dupé,73,75,29,Toulouse Football Club,France,GK,2500000,12000,74,72,69,75,46,70,Adult,Average
S. Caulker,73,73,30,Fatih Karagümrük S.K.,Sierra Leone,CB,2500000,19000,55,30,56,53,74,81,Senior,Average
C. Tosun,73,73,31,Beşiktaş JK,Turkey,ST,2600000,39000,59,75,65,71,36,68,Senior,Average
R. Zerrouki,73,78,24,FC Twente,Algeria,"CM,CDM",4600000,10000,73,64,69,73,66,79,Adult,Average
M. Cáceres,73,73,35,LA Galaxy,Uruguay,"CB,RB,RM",800000,5000,68,51,62,68,73,74,Senior,Average
J. Komar,73,78,25,Rosario Central,Argentina,CB,4000000,11000,66,36,52,54,73,79,Adult,Average
A. Zeneli,73,73,27,Stade de Reims,Kosovo,"LM,LW",3200000,19000,74,70,72,76,35,56,Adult,Average
S. Gürler,73,73,30,İstanbul Başakşehir FK,Turkey,"RM,LM",2900000,28000,81,66,69,75,43,54,Senior,Average
Silvosinho,73,73,26,Santos,Brazil,"RB,RM,RWB",3000000,20000,65,54,64,64,70,69,Adult,Average
Neviano Neves,73,73,22,Sport Club Corinthians Paulista,Brazil,"CM,RM",3600000,20000,63,71,73,72,61,67,Young,Average
R. Haps,73,73,29,Venezia FC,Suriname,LB,2700000,5000,85,63,65,74,66,71,Adult,Average
J. Savarino,73,76,25,Real Salt Lake,Venezuela,"RM,RW,CAM",4000000,7000,82,70,66,77,37,63,Adult,Average
L. Coulibaly,73,76,26,US Salernitana 1919,Mali,"CDM,CM",3600000,20000,72,58,67,72,72,75,Adult,Average
L. Abada,73,81,20,Celtic,Israel,RW,6500000,33000,83,72,67,73,41,59,Young,Average
M. Lowton,73,73,33,Burnley,England,RB,1600000,31000,62,60,70,71,72,73,Senior,Average
J. Piroe,73,80,22,Swansea City,Netherlands,"ST,RW,CAM",6000000,22000,66,75,61,68,29,71,Young,Average
R. Loaiza,73,73,28,Club Atlético Lanús,Colombia,"CDM,CM",2700000,14000,57,46,66,66,70,77,Adult,Average
Jorge Cuenca,73,82,22,Villarreal CF,Spain,CB,6500000,19000,60,37,58,52,74,66,Young,Average
C. Basham,73,73,33,Sheffield United,England,CB,1500000,21000,53,43,61,63,74,76,Senior,Average
R. Hamouma,73,73,35,AC Ajaccio,France,"ST,RM",1300000,13000,68,75,74,77,42,65,Senior,Average
C. Piccini,73,73,29,1. FC Magdeburg,Italy,RB,2700000,11000,71,42,63,70,73,73,Adult,Average
S. Davis,73,73,37,Rangers FC,Northern Ireland,CM,950000,29000,36,63,75,74,72,64,Senior,Average
D. Sallói,73,74,25,Sporting Kansas City,Hungary,"LW,ST",3600000,8000,75,75,68,73,36,70,Adult,Average
Fábio Carvalho,73,86,19,Liverpool,Portugal,"CAM,CM,RM",7000000,37000,78,68,67,75,45,52,Young,Average
P. McNair,73,76,27,Middlesbrough,Northern Ireland,"CB,CDM,CM",3500000,21000,62,62,67,68,73,76,Adult,Average
N. Figal,73,74,28,Boca Juniors,Argentina,"CB,RB",2900000,13000,73,43,63,68,72,78,Adult,Average
J. Laporte,73,74,28,FC Lorient,France,CB,2900000,15000,44,29,45,49,73,81,Adult,Average
Mario González,73,76,26,Oud-Heverlee Leuven,Spain,ST,4000000,13000,71,72,64,73,22,66,Adult,Average
Y. M'Changama,73,73,31,AJ Auxerre,Comoros,"CAM,CM",2500000,16000,86,71,71,74,63,75,Senior,Average
Tramontinaldo,73,73,26,Club Athletico Paranaense,Brazil,"RB,RM",3000000,12000,66,50,70,67,72,59,Adult,Average
D. Lamkel Zé,73,76,25,KV Kortrijk,Cameroon,"ST,LM",4099999,13000,82,75,67,74,49,79,Adult,Average
B. Williams,73,78,21,Manchester United,England,"LB,RB",4400000,46000,79,56,65,72,69,69,Young,Average
Nacho,73,73,33,CD Tenerife,Spain,LB,1600000,9000,76,56,67,68,67,71,Senior,Average
E. Ampadu,73,80,21,Spezia,Wales,"CDM,CM,CB",6000000,43000,65,49,63,69,72,70,Young,Average
L. Sučić,73,84,19,FC Red Bull Salzburg,Croatia,"CAM,CM",6500000,13000,75,70,74,75,49,62,Young,Average
N. Fagioli,73,85,21,Juventus,Italy,"CM,CAM,CDM",7500000,47000,73,62,74,77,61,60,Young,Average
S. Bahoken,73,73,30,Kasimpaşa SK,Cameroon,ST,3000000,14000,73,72,59,71,24,72,Senior,Average
R. Lod,73,73,29,Minnesota United FC,Finland,"RM,ST,CAM",3000000,8000,72,73,71,73,54,69,Adult,Average
Sandelas Júnior,73,73,30,Santos,Brazil,CDM,2500000,20000,61,53,65,64,71,75,Senior,Average
O. Abildgaard,73,76,26,Celtic,Denmark,CDM,3600000,36000,64,62,66,68,70,79,Adult,Average
T. Kacharaba,73,73,27,SK Slavia Praha,Ukraine,CB,2800000,1000,71,34,50,59,72,78,Adult,Average
V. Verre,73,73,28,U.C. Sampdoria,Italy,"CAM,LM",3100000,17000,69,73,73,74,65,65,Adult,Average
D. Appiah,73,73,30,FC Nantes,France,"RB,CB,LB",2600000,19000,71,39,60,65,73,74,Senior,Average
M. Loum,73,78,25,Reading,Senegal,"CDM,CM",4099999,10000,43,53,60,63,72,80,Adult,Average
R. Nelson,73,80,22,Arsenal,England,"RW,LW",6000000,51000,86,64,68,77,36,54,Young,Average
C. Bravo,73,77,25,Portland Timbers,Argentina,LB,3900000,7000,77,48,63,72,70,69,Adult,Average
S. Romagnoli,73,73,32,Parma,Italy,CB,2000000,5000,61,40,47,56,74,78,Senior,Average
Jeffmeirson,73,73,30,RB Bragantino,Brazil,LB,2600000,13000,72,50,69,60,72,74,Senior,Average
David Costas,73,75,27,Real Oviedo,Spain,"CB,RB",3200000,9000,76,45,63,64,73,73,Adult,Average
Paulinho,73,74,27,FC Midtjylland,Brazil,"LWB,LB",3200000,20000,85,65,67,71,65,70,Adult,Average
M. Robinson,73,80,25,Atlanta United,United States,CB,5500000,7000,83,35,54,67,72,78,Adult,Average
Léo Duarte,73,77,25,İstanbul Başakşehir FK,Brazil,CB,3800000,25000,55,36,49,59,73,75,Adult,Average
Rubén Castro,73,73,41,Málaga CF,Spain,ST,0,7000,70,77,63,74,30,60,Senior,Average
J. Hendry,73,76,27,US Cremonese,Scotland,CB,3500000,18000,71,56,54,62,71,82,Adult,Average
M. Yandaş,73,73,27,Fenerbahçe SK,Turkey,"CM,CAM",3200000,45000,68,70,74,73,64,72,Adult,Average
Raíllo,73,73,30,RCD Mallorca,Spain,CB,2500000,19000,49,36,53,54,74,78,Senior,Average
Joo Min Kyu,73,73,32,Jeju United FC,Korea Republic,ST,2500000,8000,66,75,54,69,49,79,Senior,Average
J. Thielmann,73,82,20,1. FC Köln,Germany,"RM,CF,LM",6500000,16000,81,69,66,72,45,66,Young,Average
O. Duda,73,74,27,1. FC Köln,Slovakia,"CAM,CF",3500000,22000,69,71,71,78,53,63,Adult,Average
Hernani,73,73,28,Urbs Reggina 1914,Brazil,"CM,CDM",3000000,5000,65,69,69,72,74,70,Adult,Average
A. Bella Kotchap,73,83,20,Southampton,Germany,CB,6000000,26000,82,25,50,51,74,76,Young,Average
A. Barberis,73,74,28,AC Monza,Italy,"CDM,CM",2900000,34000,74,49,70,68,68,66,Adult,Average
Y. Brecher,73,75,29,FC Zürich,Switzerland,GK,2500000,12000,72,73,69,75,40,73,Adult,Average
I. Traoré,73,73,35,FC Metz,Côte d'Ivoire,CB,800000,5000,35,45,58,49,72,84,Senior,Average
J. Larrivey,73,73,37,Cosenza,Argentina,ST,1000000,3000,50,75,58,61,42,74,Senior,Average
J. Menéndez,73,73,28,Vélez Sarsfield,Argentina,"RM,LM,LW",3100000,8000,87,68,67,74,42,51,Adult,Average
J. Lucumí,73,81,24,Bologna,Colombia,CB,6500000,20000,70,28,59,63,72,78,Adult,Average
Juan Soriano,73,79,24,CD Tenerife,Spain,GK,3900000,6000,76,67,66,77,37,72,Adult,Average
S. Spierings,73,76,26,Toulouse Football Club,Netherlands,"CDM,CM",3600000,15000,49,60,67,71,69,72,Adult,Average
R. Carrera,73,73,28,Atlético Tucumán,Argentina,"CM,LM,RM",3000000,11000,79,69,71,71,63,73,Adult,Average
L. Görtler,73,73,28,FC St. Gallen 1879,Germany,"CM,RM,CAM",3000000,11000,67,63,75,69,56,79,Adult,Average
Léo Jardim,73,77,27,LOSC Lille,Brazil,GK,3200000,18000,74,70,68,75,41,70,Adult,Average
Juankar,73,73,32,Panathinaikos FC,Spain,"LB,LWB",2100000,700,74,62,69,73,67,70,Senior,Average
R. Zieler,73,73,33,Hannover 96,Germany,GK,1000000,17000,70,69,70,74,48,73,Senior,Average
K. Velasco,73,76,25,Deportivo Cali,Colombia,"LM,LB",4000000,4000,82,64,66,76,59,57,Adult,Average
M. Fathi,73,73,28,Al Taawoun,Egypt,"RM,CAM",3100000,21000,81,69,66,78,36,57,Adult,Average
G. Kvilitaia,73,73,28,APOEL Nicosia FC,Georgia,ST,3100000,1000,64,73,59,70,37,74,Adult,Average
Nuno Lisareda,73,73,22,Sport Club Corinthians Paulista,Brazil,ST,3600000,22000,78,74,60,73,29,60,Young,Average
S. Zoller,73,73,31,VfL Bochum 1848,Germany,"ST,RW,LW",2600000,22000,71,74,65,73,39,65,Senior,Average
M. Torrén,73,73,33,Argentinos Juniors,Argentina,CB,1500000,11000,69,49,64,59,73,76,Senior,Average
R. Rey,73,73,31,Gimnasia y Esgrima La Plata,Argentina,GK,1600000,11000,73,71,69,74,50,73,Senior,Average
N. Phillips,73,76,25,Liverpool,England,CB,3600000,57000,52,30,49,51,74,75,Adult,Average
J. Makengo,73,79,24,Udinese Calcio,France,"CM,CDM",4800000,12000,66,66,72,73,73,70,Adult,Average
P. Hatzidiakos,73,75,25,AZ Alkmaar,Greece,"CB,RB",3400000,8000,74,52,65,68,72,74,Adult,Average
T. Cleverley,73,73,32,Watford,England,CM,2400000,34000,56,68,73,73,61,65,Senior,Average
P. De la Vega,73,83,21,Club Atlético Lanús,Argentina,"RM,RW,LW",7000000,11000,82,70,69,75,50,71,Young,Average
M. de los Santos,73,74,29,Vélez Sarsfield,Uruguay,CB,2800000,12000,55,55,59,62,71,82,Adult,Average
M. Ritchie,73,73,32,Newcastle United,Scotland,"RM,LB",2400000,57000,60,72,75,75,66,65,Senior,Average
Luis Couprins,73,73,22,Club Athletico Paranaense,Brazil,"CDM,CM",3200000,10000,71,65,66,62,74,69,Young,Average
Douglas Augusto,73,76,25,PAOK,Brazil,"CAM,CM,CDM",4000000,1000,73,69,69,73,69,77,Adult,Average
A. Ousou,73,78,22,SK Slavia Praha,Sweden,CB,4200000,850,70,31,55,67,72,73,Young,Average
K. Bonifazi,73,75,26,Bologna,Italy,CB,3300000,23000,52,35,51,56,75,66,Adult,Average
Enric Gallego,73,73,35,CD Tenerife,Spain,ST,1300000,8000,54,76,56,67,25,71,Senior,Average
C. Tarragona,73,73,31,Gimnasia y Esgrima La Plata,Argentina,ST,2600000,16000,82,72,54,70,43,79,Senior,Average
B. Davies,73,76,26,Rangers FC,England,CB,3500000,36000,66,39,59,63,74,73,Adult,Average
K. Grabara,73,79,23,F.C. København,Poland,GK,3900000,12000,75,72,69,74,42,74,Adult,Average
Freder Cabral,73,73,30,Clube Atlético Mineiro,Brazil,GK,2000000,20000,73,77,69,66,46,76,Senior,Average
O. Norwood,73,73,31,Sheffield United,Northern Ireland,"CDM,CM",2100000,21000,48,66,77,67,68,64,Senior,Average
C. Hountondji,73,74,28,Angers SCO,Benin,CB,2900000,18000,45,33,53,56,74,70,Adult,Average
Dagoberto Esteiro,73,73,26,São Paulo,Brazil,ST,3400000,31000,64,76,52,67,25,59,Adult,Average
D. Khocholava,73,74,29,F.C. København,Georgia,CB,2800000,18000,55,50,54,61,73,80,Adult,Average
J. Leweling,73,82,21,1. FC Union Berlin,Germany,"ST,RW",7000000,20000,82,71,61,77,33,69,Young,Average
B. Schenkeveld,73,73,30,Panathinaikos FC,Netherlands,CB,2500000,700,73,40,61,66,73,77,Senior,Average
J. Gómez,73,73,32,Racing Club,Argentina,"CAM,CM",2400000,12000,72,68,72,76,51,64,Senior,Average
T. Nianzou,73,85,20,Sevilla FC,France,CB,7000000,13000,62,37,56,64,73,76,Young,Average
K. Taylor,73,85,20,Ajax,Netherlands,"CM,CDM",7500000,10000,76,69,76,74,61,66,Young,Average
J. Butland,73,73,29,Crystal Palace,England,GK,2100000,31000,73,68,66,75,57,74,Adult,Average
K. Olsson,73,74,27,FC Midtjylland,Sweden,"CM,CDM",3500000,18000,68,61,74,74,67,64,Adult,Average
Júlio Tavares,73,73,33,Al Raed,Cape Verde Islands,ST,1900000,18000,58,74,56,68,30,85,Senior,Average
D. Boyko,73,73,34,Dynamo Kyiv,Ukraine,GK,525000,650,75,69,75,70,49,74,Senior,Average
N. Gießelmann,73,73,30,1. FC Union Berlin,Germany,"LWB,LB",2600000,22000,66,60,71,68,70,75,Senior,Average
Josan,73,73,32,Elche CF,Spain,"RM,RWB",2400000,16000,83,68,67,74,54,49,Senior,Average
Jo Hyeon Woo,73,73,30,Ulsan Hyundai FC,Korea Republic,GK,2000000,8000,73,70,62,78,51,70,Senior,Average
A. El Kaabi,73,73,29,Atakaş Hatayspor,Morocco,"ST,LW,RW",3000000,14000,74,73,60,71,35,66,Adult,Average
M. Ingvartsen,73,74,26,1. FSV Mainz 05,Denmark,"ST,CF,CAM",3600000,24000,64,77,66,74,38,72,Adult,Average
N. Domingo,73,73,37,Club Atlético Banfield,Argentina,"CDM,CM,CB",600000,9000,41,59,68,67,71,72,Senior,Average
E. Piovi,73,73,29,LDU Quito,Argentina,"CDM,CM,RM",2600000,900,76,64,69,71,71,72,Adult,Average
G. Medel,73,73,34,Bologna,Chile,CB,1000000,23000,56,50,62,68,72,76,Senior,Average
Aleix Vidal,73,73,32,RCD Espanyol de Barcelona,Spain,"RB,RM",2100000,14000,79,66,72,75,67,71,Senior,Average
F. De Paul,73,73,31,CD Everton de Viña del Mar,Chile,GK,1600000,3000,74,66,63,75,40,73,Senior,Average
M. Nzola,73,76,25,Spezia,Angola,ST,4099999,16000,85,70,59,68,29,75,Adult,Average
Lee Kang In,73,81,21,RCD Mallorca,Korea Republic,"CAM,ST,RM",7000000,15000,70,71,74,76,30,52,Young,Average
S. Sunzu,73,73,33,Shijiazhuang Ever Bright F.C.,Zambia,CB,1500000,8000,39,41,49,50,74,84,Senior,Average
C. Gytkjær,73,73,32,AC Monza,Denmark,ST,2500000,39000,71,74,57,69,33,72,Senior,Average
S. Babić,73,78,26,Unión Deportiva Almería,Serbia,CB,4000000,19000,54,40,47,52,73,76,Adult,Average
Castro,73,73,34,SC Braga,Portugal,"CM,CDM",1400000,12000,67,70,71,73,69,78,Senior,Average
Soldado,73,73,37,Levante Unión Deportiva,Spain,ST,1000000,9000,48,76,69,72,44,66,Senior,Average
Pulido,73,73,31,SD Huesca,Spain,CB,2100000,9000,43,41,51,51,73,79,Senior,Average
Erik,73,73,27,Changchun Yatai FC,Brazil,"LM,LW,ST",3200000,10000,86,71,66,75,23,57,Adult,Average
Osvaldo Lodeiro,73,73,22,RB Bragantino,Brazil,"CB,RB,LB",3100000,11000,73,49,53,54,75,69,Young,Average
G. Larsonneur,73,76,25,Valenciennes FC,France,GK,3100000,13000,72,71,72,74,52,72,Adult,Average
L. Aued,73,73,35,Universidad Católica,Argentina,"CM,CDM",1200000,7000,52,65,73,71,65,73,Senior,Average
E. Mor,73,76,24,Fenerbahçe SK,Turkey,"RW,ST,RM",4200000,43000,87,65,64,83,31,57,Adult,Average
Toni Lato,73,78,24,Valencia CF,Spain,"LB,LWB,LM",4300000,20000,75,56,71,71,68,60,Adult,Average
N. Chalobah,73,75,27,Fulham,England,"CDM,CM",3300000,38000,55,61,67,72,71,72,Adult,Average
J. Duverne,73,77,24,Stade Brestois 29,France,"RB,LB,CB",4099999,15000,63,38,62,70,75,74,Adult,Average
A. Bertolacci,73,73,31,Yukatel Kayserispor,Italy,"CM,CAM,CDM",2500000,15000,63,69,73,75,73,65,Senior,Average
Eguaras,73,73,30,Unión Deportiva Almería,Spain,"CDM,CM",2500000,19000,53,56,75,65,68,73,Senior,Average
F. Bardi,73,73,30,Bologna,Italy,GK,2000000,18000,75,71,65,76,49,70,Senior,Average
V. Manceau,73,73,32,En Avant de Guingamp,France,"CB,RB,RWB",2000000,7000,42,47,69,71,75,70,Senior,Average
Y. Candelo,73,73,30,Atlético Nacional,Colombia,"RM,RB",2900000,5000,82,67,72,76,62,67,Senior,Average
R. Zalazar,73,80,22,FC Schalke 04,Uruguay,"CM,CAM",6000000,17000,75,67,70,77,62,70,Young,Average
L. O'Brien,73,80,23,Nottingham Forest,England,"CM,CDM,LM",6000000,38000,69,62,66,75,69,73,Adult,Average
M. Mancosu,73,73,33,Cagliari,Italy,CAM,1900000,5000,59,69,71,73,41,66,Senior,Average
Felipe Silva,73,73,29,Chengdu Rongcheng F.C.,Brazil,ST,3000000,10000,76,72,58,67,23,84,Adult,Average
M. Castro,73,74,26,Estudiantes de La Plata,Uruguay,"RM,LM",3600000,12000,77,67,71,72,52,61,Adult,Average
T. Kempe,73,73,33,SV Darmstadt 98,Germany,"CM,CAM",1900000,17000,65,73,77,74,52,71,Senior,Average
L. González Pirez,73,73,30,River Plate,Argentina,CB,2500000,7000,70,48,61,67,71,80,Senior,Average
Cantero,73,76,27,SD Eibar,Spain,GK,3000000,7000,72,74,69,73,60,75,Adult,Average
R. Glatzel,73,73,28,Hamburger SV,Germany,ST,3100000,14000,62,73,46,65,30,77,Adult,Average
Javi Sánchez,73,80,25,Real Valladolid CF,Spain,CB,5500000,16000,66,53,54,58,72,77,Adult,Average
Tiago Silva,73,73,29,Vitória de Guimarães,Portugal,"CM,CAM",3000000,10000,70,71,73,73,63,59,Adult,Average
A. Molinas,73,81,21,Boca Juniors,Argentina,"CAM,CM",7000000,10000,72,57,73,76,51,59,Young,Average
M. Müller,73,75,28,FC Luzern,Germany,GK,2600000,11000,72,69,69,74,30,73,Adult,Average
Sergi Guardiola,73,73,31,Real Valladolid CF,Spain,ST,2600000,20000,73,73,62,74,30,77,Senior,Average
A. Karazor,73,74,25,VfB Stuttgart,Germany,"CDM,CB",3200000,17000,51,36,60,63,76,70,Adult,Average
Antunes,73,73,35,FC Paços de Ferreira,Portugal,LB,925000,6000,69,69,74,74,70,68,Senior,Average
M. Cancellieri,73,86,19,Lazio,Italy,"RW,CF",7000000,14000,83,69,69,77,38,62,Young,Average
L. Díaz,73,73,30,Estudiantes de La Plata,Argentina,ST,3000000,12000,69,74,63,68,27,74,Senior,Average
C. Willock,73,78,24,Queens Park Rangers,England,"CAM,ST",4600000,24000,83,68,67,76,29,57,Adult,Average
J. Fleck,73,73,30,Sheffield United,Scotland,"CM,CDM",2900000,23000,65,69,74,74,66,73,Senior,Average
A. Ounas,73,76,25,LOSC Lille,Algeria,"RW,ST",4000000,26000,83,66,69,79,44,63,Adult,Average
Marlon,73,77,25,MKE Ankaragücü,Brazil,LB,3900000,11000,79,60,62,72,66,74,Adult,Average
D. Garmash,73,73,32,Dynamo Kyiv,Ukraine,"CAM,ST",2400000,850,67,74,74,70,67,72,Senior,Average
S. Moyano,73,73,31,Unión de Santa Fe,Argentina,GK,1600000,9000,73,69,68,74,54,72,Senior,Average
Yan Junling,73,73,31,Shanghai Port FC,China PR,GK,1600000,12000,72,70,69,74,49,72,Senior,Average
R. Řezník,73,73,33,FC Viktoria Plzeň,Czech Republic,"RB,CB",1600000,850,73,60,65,67,70,77,Senior,Average
F. Noguera,73,74,29,Estudiantes de La Plata,Argentina,CB,2800000,11000,40,38,46,50,73,84,Adult,Average
Alvildo Sousa,73,73,26,Atlético Clube Goianiense,Brazil,"CAM,CM",3300000,12000,69,69,72,73,30,70,Adult,Average
L. Kelly,73,80,23,AFC Bournemouth,England,CB,5500000,28000,72,40,62,68,74,75,Adult,Average
Carlos Augusto,73,80,23,AC Monza,Brazil,"LWB,LM,CB",6000000,28000,67,50,67,70,71,70,Adult,Average
M. Zárate,73,73,35,Platense,Argentina,"ST,CF,CAM",1300000,10000,72,75,69,79,35,66,Senior,Average
R. Thomas,73,73,27,Free agent,New Zealand,"CM,CAM,CDM",0,0,71,65,71,76,61,66,Adult,Average
J. Campuzano,73,75,26,GZT Giresunspor,Colombia,"CDM,CM",3400000,13000,72,40,60,65,72,72,Adult,Average
M. Travers,73,80,23,AFC Bournemouth,Republic of Ireland,GK,5000000,22000,73,69,70,76,40,73,Adult,Average
S. Bguir,73,73,28,Abha Club,Tunisia,"CAM,RM,ST",3100000,12000,69,70,71,75,33,64,Adult,Average
D. Vavro,73,76,26,F.C. København,Slovakia,CB,3500000,17000,64,56,57,60,72,80,Adult,Average
Fabri Arnoia,73,73,30,Flamengo,Brazil,"RW,CF",2900000,31000,80,65,67,73,27,58,Senior,Average
A. Hadžiahmetović,73,76,25,İttifak Holding Konyaspor,Bosnia and Herzegovina,"CDM,CM,LM",3600000,13000,69,60,70,72,69,74,Adult,Average
S. Iljutcenko,73,73,31,FC Seoul,Russia,ST,2600000,8000,73,75,53,65,37,81,Senior,Average
P. Solari,73,84,21,River Plate,Argentina,"RM,ST,RW",7000000,10000,85,72,62,74,25,66,Young,Average
Vágner Corraldo,73,73,22,Club Athletico Paranaense,Brazil,"LB,LM",3300000,10000,72,59,63,69,71,63,Young,Average
K. Zachariassen,73,73,28,Ferencvárosi TC,Norway,"CDM,CAM",2700000,900,77,69,69,71,67,77,Adult,Average
R. Hatate,73,80,24,Celtic,Japan,CM,6000000,34000,70,65,72,72,64,67,Adult,Average
M. Weiser,73,73,28,SV Werder Bremen,Germany,"RWB,RM",2800000,19000,71,62,71,77,68,67,Adult,Average
E. Cardona,73,73,29,Racing Club,Colombia,"CAM,LM,LW",3000000,16000,47,75,76,73,35,70,Adult,Average
F. Holland,73,73,31,SV Darmstadt 98,Germany,"LB,LWB",2200000,16000,68,47,65,71,71,72,Senior,Average
E. Gyasi,73,73,28,Spezia,Ghana,"RM,LM,ST",3100000,16000,77,62,65,74,44,68,Adult,Average
Cesc Fàbregas,73,73,35,Como,Spain,"CM,CAM,CDM",1200000,3000,35,65,80,74,60,49,Senior,Average
André Simões,73,73,32,Futebol Clube de Famalicão,Portugal,"CDM,CM",2000000,8000,72,67,70,69,73,73,Senior,Average
Clerc,73,73,30,Elche CF,Spain,"LB,LWB",2600000,15000,84,58,68,72,66,71,Senior,Average
A. Ibargüen,73,73,30,Club Deportes Tolima,Colombia,"LM,CAM",2900000,4000,91,65,68,76,37,46,Senior,Average
F. Krovinović,73,74,26,Hajduk Split,Croatia,"CAM,CM,CDM",3600000,950,67,67,74,75,61,63,Adult,Average
C. Højer,73,74,27,AC Sparta Praha,Denmark,LB,3200000,850,76,70,74,70,67,74,Adult,Average
Jorge Praceira,73,73,30,Palmeiras,Brazil,CB,2500000,26000,66,40,56,61,76,73,Senior,Average
D. Kreilach,73,73,33,Real Salt Lake,Croatia,"ST,CAM,CDM",1900000,8000,44,74,70,72,64,82,Senior,Average
T. Fosu-Mensah,73,79,24,Bayer 04 Leverkusen,Netherlands,"RB,CB",4500000,28000,67,60,64,66,74,76,Adult,Average
Pêpê,73,76,25,MKE Ankaragücü,Portugal,"CM,CDM",4000000,12000,59,63,70,72,66,71,Adult,Average
L. Travis,73,80,24,Blackburn Rovers,England,"CDM,CM",5500000,27000,69,59,65,69,71,76,Adult,Average
A. Diamanti,73,73,39,Western United FC,Italy,CAM,1000000,3000,56,68,77,73,33,65,Senior,Average
A. Stiller,73,79,21,TSG Hoffenheim,Germany,"CDM,CM",4500000,17000,66,56,74,72,68,67,Young,Average
F. Fragapane,73,73,29,Minnesota United FC,Argentina,"LM,CAM",3000000,8000,88,66,68,76,36,54,Adult,Average
J. Gorenc Stanković,73,74,26,SK Sturm Graz,Slovenia,"CDM,CB",3200000,16000,45,46,59,65,75,77,Adult,Average
Marcos Antonio,73,81,22,Lazio,Brazil,"CM,CDM",7000000,30000,84,65,71,77,59,48,Young,Average
J. Zirkzee,73,82,21,Bologna,Netherlands,"ST,CAM",7000000,21000,69,74,63,75,20,70,Young,Average
J. Sambia,73,75,25,US Salernitana 1919,France,"RWB,RB,RM",3500000,19000,73,69,71,73,69,70,Adult,Average
B. Bereszyński,73,73,29,U.C. Sampdoria,Poland,RB,2700000,15000,84,56,64,69,67,73,Adult,Average
A. Hassan,73,73,29,Aytemiz Alanyaspor,Egypt,ST,3000000,20000,54,74,57,69,32,78,Adult,Average
Munir,73,73,33,Al Wehda,Morocco,GK,1000000,15000,73,72,68,75,47,73,Senior,Average
Jaime Seoane,73,78,25,Getafe CF,Spain,"CM,CAM,CDM",4400000,21000,71,72,72,74,66,75,Adult,Average
S. Peeters,73,73,30,KAS Eupen,Belgium,"CM,CAM,CDM",2900000,11000,54,71,77,69,63,72,Senior,Average
D. Bentley,73,75,28,Bristol City,England,GK,2600000,22000,77,66,69,73,46,72,Adult,Average
J. Bryan,73,73,28,OGC Nice,England,"LB,LWB",2800000,40000,76,63,70,68,70,74,Adult,Average
S. Michel,73,73,31,1. FC Union Berlin,Germany,"ST,LW",2600000,26000,74,74,66,74,34,73,Senior,Average
B. Verstraete,73,74,28,KV Mechelen,Belgium,"CDM,CM",2900000,17000,65,61,73,71,68,70,Adult,Average
M. Tekdemir,73,73,34,İstanbul Başakşehir FK,Turkey,"CDM,CM,CB",1000000,26000,51,59,66,69,73,69,Senior,Average
Michel Cruceiro,73,73,30,Flamengo,Brazil,"CDM,CM",2500000,26000,60,64,68,64,71,78,Senior,Average
P. Jones,73,73,30,Manchester United,England,CB,2500000,64000,37,50,60,55,74,66,Senior,Average
D. Popov,73,83,23,Dynamo Kyiv,Ukraine,CB,6500000,650,63,38,48,57,74,74,Adult,Average
S. Deli,73,73,30,Adana Demirspor,Côte d'Ivoire,CB,2500000,16000,69,46,51,63,74,80,Senior,Average
Juan Cruz,73,73,29,CA Osasuna,Spain,"CB,LB",2500000,21000,73,40,63,64,73,72,Adult,Average
Artur,73,75,26,Columbus Crew,Brazil,"CDM,CM",3400000,7000,62,51,64,70,69,79,Adult,Average
Guto Costinho,73,73,34,Palmeiras,Brazil,CB,1000000,26000,62,37,56,61,74,74,Senior,Average
H. Magnússon,73,74,29,Panathinaikos FC,Iceland,"CB,LB",2800000,750,69,50,68,61,74,74,Adult,Average
S. Kums,73,73,34,KAA Gent,Belgium,"CM,CDM,CAM",1400000,18000,47,69,75,72,70,66,Senior,Average
Nolito,73,73,35,UD Ibiza,Spain,LM,1200000,6000,58,74,76,73,45,60,Senior,Average
F. Torres,73,81,22,Orlando City Soccer Club,Uruguay,"RM,LM",7000000,7000,81,70,70,73,38,54,Young,Average
G. Charbonnier,73,73,33,AJ Auxerre,France,ST,1900000,17000,31,75,68,72,36,66,Senior,Average
T. Čvančara,73,80,21,AC Sparta Praha,Czech Republic,ST,6000000,800,74,71,56,69,25,75,Young,Average
F. Garcés,73,79,22,Club Atlético Colón,Argentina,CB,4400000,9000,60,37,54,56,74,77,Young,Average
P. Pekarík,73,73,35,Hertha BSC,Slovakia,RB,925000,16000,66,40,63,73,71,65,Senior,Average
J. García,73,73,35,Boca Juniors,Argentina,GK,350000,7000,75,68,75,79,37,72,Senior,Average
W. Saïd,73,73,27,Racing Club de Lens,France,"ST,LW,LM",3300000,27000,74,73,67,76,29,58,Adult,Average
Nicolás Formido,73,73,22,Internacional,Brazil,"CAM,LM,CM",3600000,19000,68,65,75,74,34,67,Young,Average
F. Kadioglu,73,80,22,Fenerbahçe SK,Turkey,"LB,LM,RM",6000000,36000,80,63,72,78,65,65,Young,Average
Marcão,73,73,28,Wuhan Three Towns,Brazil,ST,3100000,18000,73,73,48,63,29,82,Adult,Average
J. Okumu,73,78,25,KAA Gent,Kenya,CB,4000000,16000,78,41,56,63,73,76,Adult,Average
Sergi Gómez,73,73,30,RCD Espanyol de Barcelona,Spain,CB,2500000,14000,58,46,61,61,74,72,Senior,Average
Aleix García,73,77,25,Girona FC,Spain,"CM,CDM",4200000,20000,65,69,72,75,64,63,Adult,Average
B. Verbič,73,73,28,Panathinaikos FC,Slovenia,"LW,ST",3100000,900,81,70,66,76,44,68,Adult,Average
C. Lykogiannis,73,73,28,Bologna,Greece,"LWB,LM,LB",2800000,24000,82,68,67,67,68,73,Adult,Average
M. Autret,73,73,31,AJ Auxerre,France,"LM,CM,CAM",2500000,16000,63,70,75,73,42,59,Senior,Average
Y. Belhanda,73,73,32,Adana Demirspor,Morocco,"CM,CAM",2400000,18000,72,71,76,76,59,67,Senior,Average
P. Pentz,73,78,25,Stade de Reims,Austria,GK,3600000,13000,71,69,74,75,53,73,Adult,Average
Adrián Marín,73,76,25,Gil Vicente FC,Spain,"LB,LWB",3700000,9000,72,48,67,69,70,70,Adult,Average
L. Menossi,73,73,29,Club Atlético Tigre,Argentina,CM,3000000,11000,75,62,71,74,66,70,Adult,Average
L. Villalba,73,73,27,Argentinos Juniors,Argentina,"CB,LB,LWB",2800000,11000,80,58,67,71,73,75,Adult,Average
L. Orellano,73,81,22,Vélez Sarsfield,Argentina,RW,7000000,12000,90,70,63,78,33,59,Young,Average
S. Amallah,73,76,25,Standard de Liège,Morocco,"CAM,CM,LW",4000000,13000,68,75,72,74,63,75,Adult,Average
M. Grimes,73,74,26,Swansea City,England,"CM,CDM",3600000,23000,62,59,75,71,65,67,Adult,Average
V. Eysseric,73,73,30,Kasimpaşa SK,France,"CM,LW,CAM",2900000,13000,65,70,76,75,50,65,Senior,Average
G. Gómez,73,76,26,Racing Club,Argentina,GK,3100000,12000,73,68,73,75,35,73,Adult,Average
C. Starfelt,73,76,27,Celtic,Sweden,CB,3500000,36000,73,31,53,68,73,76,Adult,Average
Vitinha,73,84,22,SC Braga,Portugal,ST,7000000,12000,75,72,61,71,28,80,Young,Average
S. Polter,73,73,31,FC Schalke 04,Germany,ST,2600000,22000,70,72,53,61,35,85,Senior,Average
B. Samudio,73,74,26,Club Cerro Porteño,Paraguay,"LM,RM,ST",3600000,850,81,70,63,74,39,72,Adult,Average
Y. Verschaeren,73,82,20,RSC Anderlecht,Belgium,"RM,CAM,CM",6500000,14000,71,67,72,79,44,47,Young,Average
J. Torunarigha,73,78,24,KAA Gent,Germany,"CB,LB",4200000,14000,85,34,63,65,74,74,Adult,Average
Córdoba,73,75,25,Fortuna Sittard,Spain,"CAM,RM",3800000,13000,81,71,70,76,63,68,Adult,Average
K. Grant,73,76,24,West Bromwich Albion,England,"LW,ST,LM",4200000,27000,86,73,62,72,33,65,Adult,Average
J. Álvarez,73,73,26,Club Atlético Colón,Argentina,"RM,RW",3300000,13000,79,67,68,74,40,67,Adult,Average
J. Barroso,73,73,37,CD Everton de Viña del Mar,Argentina,CB,550000,3000,64,56,57,61,75,76,Senior,Average
L. Bénes,73,77,24,Hamburger SV,Slovakia,"CM,CAM",4300000,11000,60,70,78,74,47,61,Adult,Average
V. Janssen,73,73,28,Royal Antwerp FC,Netherlands,ST,3100000,20000,75,71,60,68,39,82,Adult,Average
G. Clichy,73,73,36,Servette FC,France,LB,675000,10000,72,43,68,73,71,64,Senior,Average
C. O'Hare,73,80,24,Coventry City,England,"CAM,RW",6000000,17000,81,58,69,77,63,66,Adult,Average
I. Ganago,73,75,23,FC Nantes,Cameroon,ST,4000000,20000,81,73,59,73,34,67,Adult,Average
P. Ciss,73,73,28,Rayo Vallecano,Senegal,"CDM,CM",2700000,16000,63,56,61,62,71,82,Adult,Average
P. Goltz,73,73,37,Club Atlético Colón,Argentina,CB,550000,8000,54,55,65,58,72,78,Senior,Average
D. Türüç,73,73,29,İstanbul Başakşehir FK,Turkey,"RM,LM,CAM",3000000,29000,74,71,73,74,57,70,Adult,Average
Samuel Portugal,73,76,28,FC Porto,Brazil,GK,2800000,9000,74,67,77,78,43,71,Adult,Average
H. Choudhury,73,76,24,Watford,England,"CDM,CM",3800000,42000,63,45,62,66,74,73,Adult,Average
Chiquinho,73,73,26,SL Benfica,Portugal,"CAM,RM",3300000,11000,71,70,75,75,54,49,Adult,Average
F. Orellana,73,73,36,Universidad Católica,Chile,"RW,LW,CAM",1000000,8000,72,68,68,79,39,44,Senior,Average
Óscar Plano,73,73,31,Real Valladolid CF,Spain,"RM,LM,CF",2500000,18000,85,69,70,72,56,73,Senior,Average
Rubén Sobrino,73,73,30,Cádiz CF,Spain,"ST,RM,LM",3000000,25000,77,73,63,74,37,64,Senior,Average
S. Uçan,73,73,28,Beşiktaş JK,Turkey,"CM,CDM,CAM",3000000,38000,60,69,75,75,66,64,Adult,Average
A. Frías,73,79,24,Defensa y Justicia,Argentina,CB,4400000,10000,69,37,59,66,73,76,Adult,Average
H. Soudani,73,73,34,Damac FC,Algeria,"RW,LW,ST",1400000,19000,74,72,70,74,43,75,Senior,Average
T. Mangani,73,73,35,AC Ajaccio,France,"CDM,CM",850000,10000,40,69,76,69,68,73,Senior,Average
E. Insua,73,73,33,Racing Club,Argentina,"CB,LWB",1500000,14000,65,59,66,68,72,78,Senior,Average
T. Kaminski,73,74,29,Blackburn Rovers,Belgium,GK,2300000,27000,72,75,69,74,46,67,Adult,Average
S. Kittel,73,73,29,Hamburger SV,Germany,"CAM,LW,CM",3000000,13000,76,70,74,75,32,54,Adult,Average
A. Nordin,73,78,24,Montpellier Hérault SC,France,"RM,ST,LM",4600000,17000,83,69,68,75,37,57,Adult,Average
S. Tronstad,73,74,26,Vitesse,Norway,"CM,CDM",3600000,14000,69,64,70,72,72,76,Adult,Average
L. Diony,73,73,29,Angers SCO,France,"ST,LM",3000000,21000,71,74,63,71,25,73,Adult,Average
M. Lovato,73,82,22,US Salernitana 1919,Italy,CB,6500000,17000,70,30,52,60,75,72,Young,Average
L. Badé,73,81,22,Nottingham Forest,France,CB,6500000,26000,57,33,54,62,73,77,Young,Average
Manu Morlanes,73,80,23,Villarreal CF,Spain,"CDM,CM",5500000,19000,68,64,74,73,69,67,Adult,Average
D. Aleksić,73,73,31,İstanbul Başakşehir FK,Serbia,"CAM,CM,LM",2500000,28000,68,75,73,75,51,74,Senior,Average
W. Faríñez,73,78,24,Racing Club de Lens,Venezuela,GK,3700000,15000,74,70,67,76,52,74,Adult,Average
I. Jones,73,78,23,Middlesbrough,England,RWB,4300000,18000,85,55,65,73,64,58,Adult,Average
Y. Benrahou,73,81,23,Nîmes Olympique,Morocco,"RM,CM,ST",7000000,6000,75,67,72,79,41,57,Adult,Average
M. Rojas,73,73,26,Racing Club,Paraguay,"RW,RM,CM",3300000,17000,73,72,74,75,55,59,Adult,Average
Aderllan Santos,73,73,33,Rio Ave FC,Brazil,CB,1500000,8000,61,52,49,52,74,78,Senior,Average
Lucas João,73,73,28,Reading,Angola,ST,3100000,19000,69,73,61,72,27,65,Adult,Average
Corpas,73,73,30,SD Eibar,Spain,RM,2900000,9000,90,67,69,73,36,60,Senior,Average
C. Burgess,73,73,30,Royale Union Saint-Gilloise,England,CB,2500000,13000,44,34,52,50,75,79,Senior,Average
A. Vranckx,73,82,19,AC Milan,Belgium,"CM,CDM",6500000,18000,63,65,70,77,63,75,Young,Average
D. Zeefuik,73,78,24,Hertha BSC,Netherlands,RB,4300000,19000,82,41,60,69,69,80,Adult,Average
L. Höler,73,73,27,Sport-Club Freiburg,Germany,"ST,CF",3300000,24000,71,73,51,62,51,79,Adult,Average
R. Yates,73,79,24,Nottingham Forest,England,"CDM,CM",4400000,35000,65,59,60,64,71,84,Adult,Average
P. Pervan,73,73,34,VfL Wolfsburg,Austria,GK,525000,24000,72,73,69,75,30,70,Senior,Average
D. Heuer Fernandes,73,73,29,Hamburger SV,Portugal,GK,2100000,10000,74,69,75,75,43,70,Adult,Average
R. Echeverría,73,74,27,CD Everton de Viña del Mar,Chile,"CB,CDM",3100000,4000,75,61,67,70,71,83,Adult,Average
M. Siopis,73,73,28,Trabzonspor,Greece,"CDM,CM",2700000,26000,74,45,63,70,73,75,Adult,Average
R. Matondo,73,82,21,Rangers FC,Wales,"LW,RW,ST",7000000,33000,92,70,65,74,38,53,Young,Average
M. Valoti,73,73,28,AC Monza,Italy,"CM,CF",3000000,37000,62,70,75,75,54,52,Adult,Average
T. Heaton,73,73,36,Manchester United,England,GK,350000,34000,71,73,71,73,49,75,Senior,Average
D. Bradarić,73,79,22,US Salernitana 1919,Croatia,"LWB,LM,LB",4600000,17000,78,55,67,73,69,66,Young,Average
J. García,73,73,29,Newell's Old Boys,Argentina,ST,3000000,15000,78,72,50,67,37,77,Adult,Average
T. Sippel,73,73,34,Borussia Mönchengladbach,Germany,GK,525000,16000,74,69,76,77,47,69,Senior,Average
David Costa,73,81,21,Racing Club de Lens,Portugal,"LW,CAM,CM",7000000,20000,72,65,66,80,33,43,Young,Average
V. Milinković-Savić,73,77,25,Torino F.C.,Serbia,GK,3300000,22000,73,71,78,73,43,74,Adult,Average
J. Toljan,73,73,27,U.S. Sassuolo Calcio,Germany,RB,2900000,23000,86,42,63,69,66,67,Adult,Average
L. Lapoussin,73,74,26,Royale Union Saint-Gilloise,Madagascar,"LM,CM,LWB",3600000,14000,76,63,67,74,67,72,Adult,Average
I. Kebbal,73,79,23,Paris FC,Algeria,"RW,ST,RM",4800000,18000,77,66,71,79,24,53,Adult,Average
E. Green,73,81,21,AS Saint-Étienne,England,GK,6000000,4000,72,71,74,75,26,72,Young,Average
A. Gholizadeh,73,74,26,Royal Charleroi S.C.,Iran,"RM,CAM,LM",3600000,13000,76,68,68,76,48,69,Adult,Average
A. Andrade,73,73,33,Atlético Nacional,Colombia,"LM,CM,CAM",1900000,5000,77,73,69,75,41,63,Senior,Average
C. Cásseres Jr,73,81,22,New York Red Bulls,Venezuela,"CDM,CM,RM",6500000,6000,77,58,67,73,72,75,Young,Average
A. Conti,73,73,28,U.C. Sampdoria,Italy,RB,2800000,15000,74,58,67,72,70,62,Adult,Average
M. Blažič,73,74,29,Angers SCO,Slovenia,CB,2800000,18000,61,34,54,47,75,71,Adult,Average
Rodri,73,84,22,Real Betis Balompié,Spain,"RM,LM,CM",7000000,16000,71,71,69,76,38,48,Young,Average
J. Stacey,73,75,26,AFC Bournemouth,England,"RB,RWB",3500000,33000,73,55,66,70,69,71,Adult,Average
Lúcio Anselmão,73,73,30,São Paulo,Brazil,"CM,LB",2900000,28000,75,65,69,70,66,76,Senior,Average
A. Mehmedi,73,73,31,Antalyaspor,Switzerland,"CAM,CF,LW",2500000,21000,66,74,70,77,43,66,Senior,Average
H. Palacios,73,73,29,Elche CF,Colombia,"RB,RWB",2700000,16000,79,35,61,61,69,80,Adult,Average
A. Arregui,73,73,29,Independiente Medellín,Argentina,"CM,CDM",3000000,3000,72,67,72,71,71,79,Adult,Average
G. Lapadula,73,73,32,Cagliari,Peru,ST,2500000,5000,76,72,59,74,24,67,Senior,Average
M. Schuhen,73,73,29,SV Darmstadt 98,Germany,GK,2100000,13000,74,69,73,76,53,69,Adult,Average
R. Quaison,73,73,28,Ettifaq FC,Sweden,"CF,LM",3100000,27000,71,72,67,75,44,70,Adult,Average
P. Dummett,73,73,30,Newcastle United,Wales,"LB,CB",2600000,52000,62,40,63,67,75,69,Senior,Average
T. Guidara,73,76,26,Vélez Sarsfield,Argentina,"RB,RWB",3700000,12000,81,41,63,67,67,77,Adult,Average
F. Depaoli,73,76,25,Hellas Verona,Italy,"RB,RM",3700000,14000,73,53,70,72,69,57,Adult,Average
Sergio León,73,73,33,Real Valladolid CF,Spain,ST,1900000,20000,76,74,67,74,38,70,Senior,Average
Gustavo Henrique,73,74,29,Fenerbahçe SK,Brazil,CB,2800000,43000,54,34,49,57,73,79,Adult,Average
D. Sinkgraven,73,74,26,Bayer 04 Leverkusen,Netherlands,"LB,CM",3300000,32000,74,60,72,76,69,63,Adult,Average
S. Johnson,73,73,33,New York City FC,United States,GK,1000000,6000,73,67,70,76,42,70,Senior,Average
I. Šehić,73,73,33,İttifak Holding Konyaspor,Bosnia and Herzegovina,GK,1000000,11000,69,72,67,73,32,76,Senior,Average
Ivo Rodrigues,73,73,27,Futebol Clube de Famalicão,Portugal,"RM,LM,RWB",3200000,9000,75,70,69,75,43,64,Adult,Average
T. Kadewere,73,74,26,RCD Mallorca,Zimbabwe,"RW,ST",3600000,46000,75,74,67,74,38,67,Adult,Average
H. Onyekuru,73,76,25,Adana Demirspor,Nigeria,"LW,LM,RW",4000000,19000,91,70,64,75,34,54,Adult,Average
Thio Rolim,73,73,26,Cuiabá,Brazil,"LW,LM",3300000,16000,79,69,69,73,39,52,Adult,Average
Iván Sánchez,73,73,29,Real Valladolid CF,Spain,"RM,CM,CAM",3000000,19000,75,69,71,78,39,45,Adult,Average
A. Maxsø,73,73,28,Brøndby IF,Denmark,CB,2600000,13000,50,45,55,54,72,81,Adult,Average
Jason,73,73,27,Deportivo Alavés,Spain,RM,3200000,11000,70,71,71,72,49,63,Adult,Average
C. Hérelle,73,73,29,Stade Brestois 29,France,CB,2500000,18000,56,48,61,61,73,74,Adult,Average
B. McKay,73,73,27,Heart of Midlothian,Scotland,"LW,RW",3200000,8000,85,62,71,74,38,41,Adult,Average
D. Lenihan,73,75,28,Middlesbrough,Republic of Ireland,CB,3100000,22000,66,46,58,59,73,77,Adult,Average
Hugo Goiteira,73,73,30,Ceará Sporting Club,Brazil,CB,2500000,11000,41,48,55,51,74,80,Senior,Average
E. Rexhbeçaj,73,77,24,FC Augsburg,Kosovo,"CM,CDM,CAM",4300000,19000,66,64,70,74,65,69,Adult,Average
A. Callens,73,73,30,New York City FC,Peru,CB,2500000,7000,70,49,49,57,72,78,Senior,Average
Caio Chissano,73,73,34,São Paulo,Brazil,"LB,LM",1100000,26000,75,39,65,70,71,62,Senior,Average
Francés,73,82,19,Real Zaragoza,Spain,CB,6000000,5000,74,35,64,62,74,74,Young,Average
J. Cuevas,73,73,34,CD Everton de Viña del Mar,Argentina,"RW,LW",1400000,5000,80,65,72,76,48,68,Senior,Average
G. Athanasiadis,73,74,29,AEK Athens,Greece,GK,2300000,850,72,72,68,75,30,72,Adult,Average
F. Daniliuc,73,79,21,US Salernitana 1919,Austria,"CB,RB",4400000,14000,55,42,61,60,74,75,Young,Average
P. Arriola,73,73,27,FC Dallas,United States,"RM,RW",3200000,8000,81,66,68,72,60,76,Adult,Average
S. Mounié,73,74,27,Stade Brestois 29,Benin,ST,3600000,21000,59,72,62,68,45,79,Adult,Average
G. Escobar,73,76,25,UD Ibiza,Argentina,"LB,LWB",3700000,7000,82,49,65,69,68,77,Adult,Average
U. Dávila,73,73,31,Macarthur FC,Mexico,"RW,CAM,ST",2500000,5000,74,73,70,76,50,62,Senior,Average
Pedro Obiang,73,73,30,U.S. Sassuolo Calcio,Equatorial Guinea,"CDM,CM",2500000,23000,56,59,70,70,74,71,Senior,Average
S. Lung,73,73,33,Al Raed,Romania,GK,1000000,12000,72,70,69,74,37,74,Senior,Average
D. Heintz,73,74,28,VfL Bochum 1848,Germany,CB,2900000,23000,54,37,59,58,73,78,Adult,Average
S. Luperto,73,76,25,Empoli,Italy,CB,3600000,31000,58,55,60,59,75,68,Adult,Average
A. Forshaw,73,73,30,Leeds United,England,"CDM,CM",2500000,28000,61,61,73,74,66,70,Senior,Average
Rúben Vezo,73,75,28,Levante Unión Deportiva,Portugal,"CB,RB",3100000,10000,72,54,64,64,72,74,Adult,Average
X. Simons,73,86,19,PSV,Netherlands,"CAM,CM,RW",7000000,8000,77,63,71,77,55,63,Young,Average
M. Zeghba,73,73,31,Damac FC,Algeria,GK,1600000,13000,70,71,63,76,48,73,Senior,Average
Y. Sor,73,81,21,SK Slavia Praha,Nigeria,"RM,ST",7000000,800,89,65,61,75,28,54,Young,Average
C. Mathenia,73,73,30,1. FC Nürnberg,Germany,GK,2000000,9000,75,68,54,77,45,75,Senior,Average
Miguel Silva,73,77,27,Clube Sport Marítimo,Portugal,GK,3200000,7000,77,68,59,76,53,72,Adult,Average
José Pozo,73,76,26,Rayo Vallecano,Spain,"CAM,CM,LM",4000000,16000,74,72,71,75,61,58,Adult,Average
Mardial Cunha,73,73,22,Fortaleza,Brazil,CB,3100000,9000,74,41,60,53,77,66,Young,Average
R. Healey,73,74,27,Toulouse Football Club,England,ST,3600000,17000,76,75,61,71,30,62,Adult,Average
K. Grosicki,73,73,34,Pogoń Szczecin,Poland,LM,1400000,9000,86,68,69,73,37,58,Senior,Average
A. Čolak,73,73,28,Rangers FC,Croatia,ST,3100000,44000,71,74,55,67,34,76,Adult,Average
E. Berisha,73,73,33,Torino F.C.,Albania,GK,1000000,24000,70,72,66,74,28,72,Senior,Average
Eric Botteghin,73,73,34,Ascoli,Brazil,CB,1000000,5000,30,35,47,50,73,81,Senior,Average
J. Bogle,73,81,21,Sheffield United,England,"RWB,RB",6500000,15000,81,55,67,73,68,67,Young,Average
F. Moufi,73,76,26,Portimonense SC,Morocco,RB,3700000,7000,74,39,63,68,69,79,Adult,Average
D. Hotić,73,74,26,KSV Cercle Brugge,Bosnia and Herzegovina,"CAM,CM,RW",3600000,13000,76,70,75,73,48,71,Adult,Average
L. Mejía,73,73,31,Unión Española,Panama,GK,1600000,4000,73,69,63,75,55,74,Senior,Average
Lucas Souza,73,73,32,Al Khaleej,Brazil,"CDM,CM",2000000,11000,56,70,63,67,72,80,Senior,Average
S. Frei,73,73,36,Seattle Sounders FC,United States,GK,350000,4000,72,69,67,73,35,75,Senior,Average
M. Bułka,73,80,22,OGC Nice,Poland,GK,5500000,19000,74,72,69,74,27,73,Young,Average
J. Góralski,73,73,29,VfL Bochum 1848,Poland,CDM,2600000,19000,69,46,65,67,69,79,Adult,Average
S. Prevljak,73,74,27,KAS Eupen,Bosnia and Herzegovina,ST,3600000,12000,62,79,59,68,24,72,Adult,Average
Carlitos,73,73,32,Legia Warszawa,Spain,"ST,CAM",2500000,10000,79,74,68,76,27,70,Senior,Average
F. Carballo,73,78,25,Club Nacional de Football,Uruguay,"CM,CAM",4400000,750,69,67,70,72,66,72,Adult,Average
M. van der Hoorn,73,73,29,FC Utrecht,Netherlands,CB,2500000,13000,47,46,51,49,74,79,Adult,Average
M. Gavranović,73,73,32,Yukatel Kayserispor,Switzerland,ST,2500000,17000,62,74,60,72,38,65,Senior,Average
M. Ilaimaharitra,73,74,26,Royal Charleroi S.C.,Madagascar,"CDM,CM",3200000,12000,68,61,67,68,72,80,Adult,Average
C. Mayada,73,73,31,Club Libertad,Uruguay,"RB,CM",2200000,800,90,65,68,72,66,77,Senior,Average
Paulson Junqueira,73,73,26,Sport Club Corinthians Paulista,Brazil,LB,3000000,21000,77,48,61,69,69,70,Adult,Average
Nildo Reisão,73,73,26,Clube Atlético Mineiro,Brazil,"CDM,CB",2900000,24000,52,41,61,47,73,84,Adult,Average
Mingueza,73,81,23,RC Celta de Vigo,Spain,"CB,RB",6500000,14000,76,35,65,64,74,74,Adult,Average
M. Campaña,73,73,33,Al Batin,Uruguay,GK,1000000,11000,71,73,72,73,44,71,Senior,Average
F. Ortega,73,80,23,Vélez Sarsfield,Argentina,"LB,LWB,LW",6000000,10000,88,58,67,76,63,77,Adult,Average
D. Iversen,73,78,24,Leicester City,Denmark,GK,3700000,33000,73,72,75,75,45,71,Adult,Average
Fran Vélez,73,73,31,Al Fateh,Spain,CB,2100000,22000,54,37,63,64,71,80,Senior,Average
T. Chorý,73,73,27,FC Viktoria Plzeň,Czech Republic,ST,3300000,1000,50,70,57,63,32,84,Adult,Average
I. Moriba,73,82,19,Valencia CF,Guinea,CM,6500000,20000,70,71,64,74,64,64,Young,Average
Rafael Ratão,73,74,26,Toulouse Football Club,Brazil,"LW,ST,RW",3600000,17000,76,73,66,75,43,69,Adult,Average
Carlos Coronel,73,77,25,New York Red Bulls,Brazil,GK,3300000,5000,73,70,76,75,39,71,Adult,Average
J. Larsen,73,82,22,RC Celta de Vigo,Norway,ST,7000000,18000,77,72,56,67,32,82,Young,Average
Rúben Vinagre,73,81,23,Everton,Portugal,"LWB,LB",6500000,9000,86,55,70,77,64,63,Adult,Average
M. Gaćinović,73,74,27,AEK Athens,Serbia,"CAM,CM",3500000,1000,75,60,71,78,63,63,Adult,Average
O. Marmoush,73,81,23,VfL Wolfsburg,Egypt,"ST,RM,LM",7000000,31000,85,70,63,79,29,66,Adult,Average
Martín,73,76,26,Futebol Clube de Famalicão,Spain,"RB,RM,LB",3700000,8000,63,35,63,68,72,64,Adult,Average
Frederico Venâncio,73,73,29,SD Eibar,Portugal,CB,2500000,9000,57,33,50,55,74,69,Adult,Average
T. Asano,73,73,27,VfL Bochum 1848,Japan,"RW,CF,CAM",3200000,22000,88,67,61,77,30,67,Adult,Average
M. Günok,73,73,33,Beşiktaş JK,Turkey,GK,1000000,27000,72,73,72,70,56,78,Senior,Average
O. Hüsing,73,73,29,DSC Arminia Bielefeld,Germany,CB,2500000,15000,52,33,46,50,73,77,Adult,Average
J. Cifuentes,73,80,23,Los Angeles FC,Ecuador,"CDM,CM",5500000,6000,71,61,67,73,71,77,Adult,Average
F. Bonazzoli,73,77,25,US Salernitana 1919,Italy,"ST,CF",4300000,22000,70,74,55,72,28,60,Adult,Average
J. Cooper,73,74,27,Millwall,England,CB,3100000,12000,52,32,48,52,73,78,Adult,Average
N. Viergever,73,73,32,FC Utrecht,Netherlands,CB,2000000,13000,72,54,65,67,74,75,Senior,Average
M. Yoshida,73,73,33,FC Schalke 04,Japan,CB,1500000,18000,52,41,51,63,74,70,Senior,Average
Gumbau,73,74,27,Elche CF,Spain,"CM,CDM",3500000,16000,55,67,73,68,72,66,Adult,Average
V. Berisha,73,73,28,Hammarby IF,Norway,ST,3100000,8000,83,72,66,71,40,85,Adult,Average
M. Leverbe,73,76,25,Benevento,France,CB,3600000,4000,66,42,54,61,74,77,Adult,Average
A. Ndiaye,73,74,25,RCD Mallorca,Senegal,"LM,ST,RM",3600000,20000,91,68,66,75,49,65,Adult,Average
K. Lasagna,73,73,29,Hellas Verona,Italy,"ST,CF",3000000,24000,87,71,65,72,38,65,Adult,Average
Fernando,73,81,23,FC Red Bull Salzburg,Brazil,"ST,CAM",7000000,21000,88,74,65,77,37,62,Adult,Average
Stoichkov,73,73,28,SD Eibar,Spain,"LM,ST,CAM",3100000,10000,73,76,68,74,46,68,Adult,Average
Nico Melamed,73,83,21,RCD Espanyol de Barcelona,Spain,"LM,CAM,RM",7000000,11000,80,66,71,76,42,56,Young,Average
K. Ayhan,73,74,27,U.S. Sassuolo Calcio,Turkey,CB,3100000,23000,56,53,69,67,73,75,Adult,Average
A. Mitriță,73,73,27,Al Raed,Romania,"LW,LM,CM",3200000,18000,84,68,67,77,26,57,Adult,Average
J. Otero,73,73,27,Real Sporting de Gijón,Colombia,"RM,ST,RW",3200000,9000,91,73,66,75,31,72,Adult,Average
N. Boilesen,73,73,30,F.C. København,Denmark,"CB,LB",2500000,17000,66,49,67,69,73,74,Senior,Average
J. Martínez,73,74,27,Philadelphia Union,Venezuela,CDM,3100000,7000,72,43,60,71,72,80,Adult,Average
A. Long,73,73,29,New York Red Bulls,United States,CB,2500000,7000,78,39,54,62,70,82,Adult,Average
Y. Al Shahrani,73,73,30,Al Hilal,Saudi Arabia,"LB,RB",2600000,27000,84,54,66,71,67,64,Senior,Average
E. Gigliotti,73,73,35,Club Nacional de Football,Argentina,ST,1300000,650,49,74,59,68,41,80,Senior,Average
Juan Carlos,73,73,34,Girona FC,Spain,GK,525000,15000,72,73,72,73,59,71,Senior,Average
D. Biseswar,73,73,34,PAOK,Suriname,"LW,CAM",1400000,1000,69,68,75,77,33,58,Senior,Average
D. Dibusz,73,73,31,Ferencvárosi TC,Hungary,GK,1600000,700,75,72,70,78,24,68,Senior,Average
M. Veljković,73,75,26,SV Werder Bremen,Serbia,CB,3300000,18000,48,33,53,59,74,73,Adult,Average
F. Onyeka,73,78,24,Brentford,Nigeria,"CDM,CM",4200000,28000,81,57,64,70,71,80,Adult,Average
D. Giannoulis,73,74,26,Norwich City,Greece,"LB,LWB",3300000,31000,81,42,63,71,68,66,Adult,Average
E. Sobol,73,74,27,Club Brugge KV,Ukraine,"LB,LM",3200000,18000,78,64,67,70,70,73,Adult,Average
J. Gressel,73,73,28,Vancouver Whitecaps FC,Germany,"RM,RWB",3100000,8000,71,63,73,69,61,77,Adult,Average
J. Haberer,73,73,28,1. FC Union Berlin,Germany,"CM,CDM,RM",3000000,25000,63,63,70,73,62,70,Adult,Average
S. Doumbia,73,76,25,Angers SCO,Côte d'Ivoire,"LWB,LM,LB",3700000,17000,85,43,62,71,67,69,Adult,Average
S. Adamyan,73,73,29,1. FC Köln,Armenia,"ST,LM,CAM",3000000,25000,80,73,65,76,34,70,Adult,Average
M. Malsa,73,76,26,Real Valladolid CF,France,"CM,CDM",4000000,18000,71,62,71,72,71,75,Adult,Average
C. Pinsoglio,73,73,32,Juventus,Italy,GK,1500000,47000,74,72,62,76,42,74,Senior,Average
F. Roncaglia,73,73,35,Boca Juniors,Argentina,"RB,CB",925000,9000,64,53,65,63,75,72,Senior,Average
R. Oudin,73,75,25,Lecce,France,"LM,RM",3800000,8000,74,71,72,72,34,67,Adult,Average
D. Fry,73,79,24,Middlesbrough,England,CB,4400000,18000,64,29,56,59,74,72,Adult,Average
K. Moore,73,73,29,AFC Bournemouth,Wales,ST,3000000,40000,70,70,56,67,46,80,Adult,Average
Rodrigo Pinho,73,73,31,SL Benfica,Brazil,ST,2600000,12000,65,77,60,73,25,61,Senior,Average
E. Demirović,73,78,24,FC Augsburg,Bosnia and Herzegovina,ST,4700000,21000,73,73,61,71,33,74,Adult,Average
O. Karavaev,73,73,30,Dynamo Kyiv,Ukraine,"RM,LB,RB",2900000,850,79,55,70,71,59,64,Senior,Average
Marquinhos,73,86,19,Arsenal,Brazil,"RM,LM",7000000,30000,81,62,66,75,33,54,Young,Average
F. Pardo,73,73,31,Independiente Medellín,Colombia,"RM,RW",2500000,3000,75,72,70,75,38,77,Senior,Average
Tete Morente,73,76,25,Elche CF,Spain,"RM,LM,CF",4000000,16000,78,71,71,73,44,66,Adult,Average
Zarraga,73,80,23,Athletic Club de Bilbao,Spain,"CM,RM",6000000,18000,77,65,72,75,61,67,Adult,Average
Osmar,73,73,34,FC Seoul,Spain,"CB,CDM,CM",1000000,7000,37,60,69,58,73,84,Senior,Average
B. Stambouli,73,73,31,Adana Demirspor,France,"CDM,CB",2100000,16000,50,49,64,68,71,76,Senior,Average
M. Danielson,73,73,33,Djurgårdens IF,Sweden,CB,1500000,7000,47,37,49,56,76,72,Senior,Average
Rafa Soares,73,73,27,PAOK,Portugal,LB,2900000,1000,74,62,70,71,67,67,Adult,Average
Claudinho Vair,73,73,34,São Paulo,Brazil,RW,1400000,31000,79,63,71,74,49,62,Senior,Average
C. Kaboré,73,73,34,Chamois Niortais Football Club,Burkina Faso,"CDM,CM",1000000,6000,67,52,67,66,71,75,Senior,Average
Wilson Eduardo,73,73,31,Aytemiz Alanyaspor,Angola,"ST,RM",2600000,19000,77,75,70,74,31,67,Senior,Average
R. Schoofs,73,73,28,KV Mechelen,Belgium,"CM,CDM,CAM",3000000,13000,59,66,73,73,64,63,Adult,Average
L. Schaub,73,74,27,Hannover 96,Austria,"CAM,RM,CM",3500000,23000,59,67,72,77,41,67,Adult,Average
T. Lawrence,73,73,28,Rangers FC,Wales,"LW,ST,CAM",3100000,44000,74,75,71,73,42,70,Adult,Average
T. Ciğerci,73,73,30,MKE Ankaragücü,Turkey,"CDM,CM,LM",2500000,12000,68,65,69,68,70,78,Senior,Average
P. Djilobodji,73,73,33,Gazişehir Gaziantep F.K.,Senegal,CB,1500000,14000,58,47,54,57,72,80,Senior,Average
H. Elliott,73,87,19,Liverpool,England,"CAM,CM,RW",7000000,37000,78,62,71,78,37,42,Young,Average
R. Yılmaz,73,82,21,Rangers FC,Turkey,LB,6500000,26000,85,50,64,73,67,60,Young,Average
J. Barrera,73,74,26,Atlético Nacional,Colombia,"CAM,RM,RW",3600000,5000,73,65,74,75,42,57,Adult,Average
G. Brugman,73,73,29,LA Galaxy,Uruguay,"CM,CDM",3000000,8000,73,65,73,75,66,67,Adult,Average
Emu Teixeira,73,73,38,América Futebol Clube,Brazil,CB,550000,9000,66,36,55,54,72,78,Senior,Average
L. Marković,73,73,28,Gazişehir Gaziantep F.K.,Serbia,"RM,RW",3100000,16000,83,65,70,78,41,49,Adult,Average
E. Room,73,73,33,Columbus Crew,Curacao,GK,1000000,6000,74,69,68,75,45,68,Senior,Average
G. Busio,73,86,20,Venezia FC,United States,"CM,CDM",7500000,4000,67,66,70,75,62,62,Young,Average
R. Lauritsen,73,75,26,Dinamo Zagreb,Denmark,CB,3300000,800,60,41,58,53,74,76,Adult,Average
M. Bader,73,75,25,SV Darmstadt 98,Germany,"RB,RM",3500000,15000,79,34,61,70,68,68,Adult,Average
L. Melgarejo,73,73,31,Club Libertad,Paraguay,"ST,LM",2600000,950,85,72,65,76,56,69,Senior,Average
J. Zelený,73,73,29,AC Sparta Praha,Czech Republic,"LB,CB",2700000,900,74,61,65,70,72,75,Adult,Average
O. Toivonen,73,73,35,Malmö FF,Sweden,"CAM,ST",1200000,6000,37,77,75,71,41,63,Senior,Average
Aleñá,73,79,24,Getafe CF,Spain,"CM,RM,LM",4800000,19000,68,67,74,73,59,59,Adult,Average
Ó. Estupiñán,73,76,25,Hull City,Colombia,ST,4099999,16000,71,72,51,69,30,79,Adult,Average
Enzo Merques,73,73,26,Internacional,Brazil,LB,3000000,20000,72,64,70,73,67,74,Adult,Average
Marlion Simões,73,73,30,Ceará Sporting Club,Brazil,"LB,CM",2600000,11000,85,56,59,70,70,71,Senior,Average
M. Niang,73,74,27,AJ Auxerre,Senegal,"ST,LM",3600000,17000,74,75,66,71,31,68,Adult,Average
Rodolfo Pittaça,73,73,22,Cuiabá,Brazil,"ST,LM",3600000,14000,51,75,68,64,43,81,Young,Average
K. Roofe,73,73,29,Rangers FC,Jamaica,"ST,CF",3000000,44000,79,75,67,72,50,58,Adult,Average
N. Bentaleb,73,74,27,Angers SCO,Algeria,"CDM,CM",3100000,17000,54,71,73,78,67,72,Adult,Average
J. Sýkora,73,73,28,FC Viktoria Plzeň,Czech Republic,"LM,CAM,LB",3100000,1000,81,69,71,74,62,68,Adult,Average
J. Larsson,73,73,32,IF Elfsborg,Sweden,RB,2100000,5000,81,63,70,68,66,75,Senior,Average
B. Leroy,73,73,33,AC Ajaccio,France,GK,1000000,12000,72,72,71,73,46,72,Senior,Average
D. Johnsen,73,77,24,Venezia FC,Norway,"LW,RW",4400000,5000,87,60,69,74,32,61,Adult,Average
D. Batallini,73,74,26,Club Atlético Independiente,Argentina,"RM,LM,RW",3600000,12000,79,70,67,76,54,71,Adult,Average
R. Pierre-Gabriel,73,77,24,RC Strasbourg Alsace,France,RB,4099999,17000,73,48,61,69,71,71,Adult,Average
J. Pohjanpalo,73,73,27,Venezia FC,Finland,ST,3300000,5000,63,75,58,69,26,70,Adult,Average
J. Murphy,73,73,27,Newcastle United,England,"RM,RWB",3200000,57000,81,67,69,74,64,62,Adult,Average
D. Roef,73,74,28,KAA Gent,Belgium,GK,2400000,14000,74,73,72,72,51,72,Adult,Average
F. Bandinelli,73,74,27,Empoli,Italy,CM,3500000,10000,70,71,71,73,71,71,Adult,Average
G. Pereiro,73,74,27,Cagliari,Uruguay,CAM,3500000,5000,73,74,71,76,40,68,Adult,Average
B. Manuel,73,76,25,Burnley,Belgium,"RW,LW",4000000,35000,82,66,69,79,35,62,Adult,Average
F. Fernández,73,73,33,Elche CF,Argentina,CB,1500000,15000,33,30,54,53,75,71,Senior,Average
J. Onana,73,80,22,Racing Club de Lens,Cameroon,"CM,CDM",6000000,21000,59,66,69,71,70,81,Young,Average
J. Sosa,73,73,37,Estudiantes de La Plata,Argentina,"CM,CDM",950000,9000,52,70,80,75,65,60,Senior,Average
M. Murillo,73,75,26,RSC Anderlecht,Panama,"RB,RWB,RM",3500000,17000,83,57,66,69,68,75,Adult,Average
C. Kelleher,73,80,23,Liverpool,Republic of Ireland,GK,5000000,40000,72,71,74,76,43,70,Adult,Average
A. Harroui,73,77,24,U.S. Sassuolo Calcio,Morocco,"CDM,CM,RM",4000000,20000,74,68,70,75,67,75,Adult,Average
O. Richards,73,78,24,Nottingham Forest,England,"LB,LWB",4300000,35000,75,46,60,73,69,63,Adult,Average
O. Kabak,73,80,22,TSG Hoffenheim,Turkey,CB,5500000,20000,67,36,53,65,71,80,Young,Average
J. Hendrix,73,73,27,Fortuna Düsseldorf,Netherlands,"CDM,CM",2900000,18000,65,59,67,69,71,74,Adult,Average
C. Lampe,73,73,35,Atlético Tucumán,Bolivia,GK,350000,5000,73,71,66,74,34,75,Senior,Average
J. Dasilva,73,78,23,Brentford,England,"CM,CAM",4600000,31000,76,71,72,74,65,75,Adult,Average
S. Nsoki,73,79,23,TSG Hoffenheim,France,"CB,LWB",4400000,20000,73,38,62,67,73,77,Adult,Average
L. Barreiro Martins,73,79,22,1. FSV Mainz 05,Luxembourg,"CM,CDM",4900000,19000,75,58,67,77,70,64,Young,Average
Alberto Perea,73,73,31,Granada CF,Spain,"LM,CAM,RM",2500000,10000,73,69,70,77,35,59,Senior,Average
G. Letizia,73,73,32,Benevento,Italy,"RB,LB",2100000,5000,87,56,62,69,66,70,Senior,Average
I. Hagi,73,79,23,Rangers FC,Romania,"RW,CAM",4800000,38000,76,71,74,75,36,64,Adult,Average
J. Andersson,73,76,25,FC Midtjylland,Sweden,"RWB,RB",3700000,19000,83,51,67,71,64,74,Adult,Average
Y. Lodygin,73,73,32,Panathinaikos FC,Russia,GK,1500000,550,75,70,71,79,45,69,Senior,Average
V. Germain,73,73,32,Montpellier Hérault SC,France,ST,2500000,21000,65,73,70,72,39,65,Senior,Average
G. Makaridze,73,73,32,SD Ponferradina,Georgia,GK,1500000,7000,75,72,65,73,44,71,Senior,Average
J. Bijol,73,79,23,Udinese Calcio,Slovenia,"CB,CDM",4400000,11000,65,59,65,61,73,78,Adult,Average
André Franco,73,79,24,FC Porto,Portugal,"CAM,CM",4800000,10000,74,70,71,73,41,63,Adult,Average
L. Netz,73,85,19,Borussia Mönchengladbach,Germany,"LB,LM",7000000,11000,76,44,65,69,70,62,Young,Average
Monchu,73,79,22,Real Valladolid CF,Spain,"CM,CDM",4900000,16000,69,68,73,72,67,65,Young,Average
Z. Flemming,73,77,23,Millwall,Netherlands,"CAM,ST",4400000,11000,71,74,71,72,56,78,Adult,Average
Brenão Duarte,73,73,30,Cuiabá,Brazil,RM,2900000,14000,73,71,70,73,38,64,Senior,Average
D. Rensch,73,83,19,Ajax,Netherlands,"RB,LB",6500000,6000,77,56,65,72,70,69,Young,Average
B. Barišić,73,73,29,Rangers FC,Croatia,LB,2700000,38000,70,61,73,70,70,74,Adult,Average
M. Berisha,73,78,24,FC Augsburg,Germany,"ST,CF",4700000,43000,73,75,72,72,37,72,Adult,Average
M. Benítez,73,73,31,Rosario Central,Argentina,"LB,CM",2200000,12000,73,67,74,71,67,79,Senior,Average
Gustavo,73,73,28,Jeonbuk Hyundai Motors,Brazil,ST,3100000,12000,78,73,49,66,24,78,Adult,Average
Unai García,73,73,29,CA Osasuna,Spain,CB,2500000,21000,52,41,60,54,74,74,Adult,Average
M. Hjulmand,73,81,23,Lecce,Denmark,"CDM,CM",6500000,11000,60,53,70,67,67,76,Adult,Average
M. Okoye,73,82,22,Watford,Nigeria,GK,6000000,21000,73,70,68,77,24,71,Young,Average
Fabrio Farinha,73,73,30,Internacional,Brazil,"CAM,LM",2900000,21000,72,62,75,77,43,58,Senior,Average
Luís Hernández,73,73,33,Cádiz CF,Spain,CB,1500000,21000,64,50,63,64,73,75,Senior,Average
Jonas Damasto,73,73,26,Club Athletico Paranaense,Brazil,LB,3000000,12000,78,45,59,62,70,61,Adult,Average
P. Herrmann,73,73,31,Borussia Mönchengladbach,Germany,RM,2500000,22000,71,72,72,75,34,60,Senior,Average
Y. Vertessen,73,78,21,PSV,Belgium,RW,4700000,12000,93,68,65,73,33,68,Young,Average
J. Bruun Larsen,73,78,23,TSG Hoffenheim,Denmark,"LW,LM,ST",4600000,25000,85,70,69,73,55,66,Adult,Average
T. Mohr,73,73,26,FC Schalke 04,Germany,LM,3300000,20000,85,69,71,71,57,67,Adult,Average
M. Ihattaren,73,83,20,Ajax,Netherlands,"CAM,RW",6500000,47000,66,68,74,79,40,61,Young,Average
I. Niane,73,78,23,FC Metz,Senegal,"ST,LW",4700000,8000,83,74,54,72,20,64,Adult,Average
D. Onyango,73,73,37,Mamelodi Sundowns FC,Uganda,GK,350000,500,74,73,72,75,44,72,Senior,Average
André Almeida,73,81,22,Valencia CF,Portugal,CM,7000000,22000,72,62,69,78,62,63,Young,Average
M. Diakhaby,73,78,25,Valencia CF,Guinea,CB,4000000,22000,55,39,54,58,74,75,Adult,Average
R. Cherki,73,88,18,Olympique Lyonnais,France,"LW,ST,RW",7000000,19000,70,67,68,82,21,59,Young,Average
E. Kara,73,76,26,Orlando City Soccer Club,Austria,ST,4000000,8000,75,74,52,62,28,85,Adult,Average
Son Jun Ho,73,73,30,Shandong Taishan,Korea Republic,"CDM,CM",2500000,16000,70,62,69,70,67,76,Senior,Average
Allano,73,73,27,Santa Clara,Brazil,"LM,RM",3200000,6000,81,65,67,77,47,63,Adult,Average
L. Østigård,73,82,22,Napoli,Norway,CB,6500000,28000,68,37,50,61,71,81,Young,Average
Marcos André,73,76,25,Valencia CF,Brazil,"ST,LW,LM",4099999,27000,73,75,60,71,38,71,Adult,Average
S. Diomande,73,81,21,Olympique Lyonnais,Côte d'Ivoire,CB,6500000,28000,65,46,62,61,72,75,Young,Average
A. Voglsammer,73,73,30,Millwall,Germany,"ST,LM",3000000,14000,79,74,65,69,38,80,Senior,Average
J. Farfán,73,73,37,Club Alianza Lima,Peru,"CAM,ST,RM",1000000,700,76,73,73,73,36,65,Senior,Average
B. Sarr,73,73,30,FC Bayern München,Senegal,"RB,RM",2600000,36000,74,70,72,74,66,69,Senior,Average
J. Forrest,73,73,30,Celtic,Scotland,RW,2900000,43000,78,68,68,75,52,59,Senior,Average
E. Nketiah,73,80,23,Arsenal,England,ST,6000000,51000,81,71,55,75,24,61,Adult,Average
R. Del Castillo,73,74,26,Stade Brestois 29,France,"RM,LM",3600000,19000,74,67,71,77,39,64,Adult,Average
N. Kebano,73,73,30,Fulham,Congo DR,"LM,LW",2900000,41000,79,67,69,76,39,57,Senior,Average
M. Retegui,73,81,23,Club Atlético Tigre,Argentina,ST,7000000,13000,67,73,64,67,35,75,Adult,Average
B. Pearson,73,73,27,AFC Bournemouth,England,CDM,2900000,33000,65,49,64,69,68,81,Adult,Average
K. Strootman,73,73,32,Genoa,Netherlands,"CM,CDM",2400000,28000,46,68,72,70,71,75,Senior,Average
M. Badelj,73,73,33,Genoa,Croatia,"CDM,CM",1500000,5000,50,63,72,70,70,74,Senior,Average
J. Drommel,73,78,25,PSV,Netherlands,GK,3600000,10000,74,72,77,75,51,71,Adult,Average
M. Tisserand,73,73,29,Ettifaq FC,Congo DR,"CB,RB",2500000,23000,72,58,69,69,72,75,Adult,Average
S. McKenna,73,78,25,Nottingham Forest,Scotland,CB,4000000,38000,57,32,46,51,72,82,Adult,Average
I. Amadou,73,73,29,Angers SCO,France,"CDM,CB,CM",2600000,18000,65,55,65,70,71,80,Adult,Average
M. Antenucci,73,73,37,Bari,Italy,"ST,CF",1000000,4000,61,75,67,77,36,58,Senior,Average
J. Masharipov,72,72,28,Al Nassr,Uzbekistan,LM,2400000,27000,79,63,69,76,40,56,Adult,Average
Y. Rodríguez,72,72,29,Club Nacional de Football,Uruguay,"CDM,CM",2000000,650,67,56,68,69,69,74,Adult,Average
Salvador Agra,72,72,30,Boavista FC,Portugal,"RW,LW",2300000,12000,88,69,70,72,34,67,Senior,Average
M. Batna,72,72,32,Al Fateh,Morocco,RW,1900000,23000,75,71,70,74,35,71,Senior,Average
L. Marrone,72,72,32,AC Monza,Italy,CB,1500000,29000,52,61,72,69,71,73,Senior,Average
J. Horn,72,75,25,VfL Bochum 1848,Germany,"LB,CB",2900000,15000,83,34,59,67,68,68,Adult,Average
A. Burcă,72,73,29,CFR Cluj,Romania,CB,2200000,12000,68,24,44,52,71,81,Adult,Average
F. Helander,72,72,29,Free agent,Sweden,CB,0,0,41,32,46,54,75,77,Adult,Average
C. Adjapong,72,79,24,Ascoli,Italy,"RB,RWB",4500000,3000,71,51,66,73,70,60,Adult,Average
Zanka,72,72,32,Brentford,Denmark,CB,1500000,29000,51,39,57,54,72,77,Senior,Average
G. Güvenç,72,72,30,Gazişehir Gaziantep F.K.,Turkey,GK,1600000,10000,70,70,69,75,55,70,Senior,Average
Vítor Costa,72,72,28,Clube Sport Marítimo,Brazil,LB,2100000,8000,76,54,60,67,67,72,Adult,Average
Q. Timber,72,84,21,Feyenoord,Netherlands,"CM,CDM,CAM",5500000,6000,79,57,68,76,64,77,Young,Average
Lucas Lima,72,72,30,İstanbul Başakşehir FK,Brazil,LB,2000000,23000,72,57,71,71,66,72,Senior,Average
Juninho,72,74,27,FC Midtjylland,Brazil,CB,2500000,18000,71,35,51,59,71,79,Adult,Average
Lucas Cunha,72,79,25,Gil Vicente FC,Brazil,CB,4300000,8000,55,37,45,54,73,75,Adult,Average
San Emeterio,72,75,25,Cádiz CF,Spain,"CM,CDM",3100000,19000,57,67,67,67,72,76,Adult,Average
A. Hanche-Olsen,72,76,25,KAA Gent,Norway,CB,2900000,14000,66,37,56,59,72,77,Adult,Average
M. Bülter,72,72,29,FC Schalke 04,Germany,"ST,LM",2300000,20000,79,73,66,73,45,73,Adult,Average
M. Pulkrab,72,75,25,SV Sandhausen,Czech Republic,ST,3100000,7000,67,70,54,63,32,78,Adult,Average
D. Fagundez,72,72,27,Austin FC,Uruguay,"LM,RM",2500000,7000,73,65,70,75,39,61,Adult,Average
K. Stafylidis,72,72,28,VfL Bochum 1848,Greece,"LB,RB,CDM",2100000,17000,69,63,66,70,70,69,Adult,Average
U. Garcia,72,74,26,BSC Young Boys,Switzerland,"LB,LM",2700000,15000,79,42,62,69,66,76,Adult,Average
T. Wiesner,72,75,24,AC Sparta Praha,Czech Republic,"RB,RM",3000000,650,82,63,67,73,66,62,Adult,Average
H. Dalsgaard,72,72,32,FC Midtjylland,Denmark,"CB,RWB,RB",1500000,18000,72,57,63,67,71,77,Senior,Average
D. Kądzior,72,72,30,Piast Gliwice,Poland,"CF,LM,RM",2300000,9000,89,68,69,74,46,66,Senior,Average
C. Akpom,72,75,26,Middlesbrough,England,ST,3100000,23000,83,71,53,71,29,74,Adult,Average
M. Trauco,72,72,29,San Jose Earthquakes,Peru,"LB,LM",2100000,6000,70,57,71,74,67,74,Adult,Average
A. Laïdouni,72,78,25,Ferencvárosi TC,Tunisia,"CDM,CM",3300000,700,61,57,65,73,65,78,Adult,Average
O. Solbakken,72,78,23,FK Bodø/Glimt,Norway,"RW,LW",3700000,5000,86,67,65,72,37,69,Adult,Average
E. Mas,72,72,33,Estudiantes de La Plata,Argentina,"LB,LWB,LM",1200000,9000,78,60,64,69,69,75,Senior,Average
S. Bolat,72,72,33,KVC Westerlo,Turkey,GK,750000,7000,68,76,74,68,44,73,Senior,Average
Loren,72,72,28,Real Betis Balompié,Spain,ST,2400000,18000,67,72,60,70,31,72,Adult,Average
Carlos Mané,72,72,28,Yukatel Kayserispor,Portugal,"RW,LW,LM",2400000,15000,90,67,65,78,41,48,Adult,Average
P. Ortíz,72,72,32,CS Emelec,Ecuador,GK,1200000,550,74,70,69,74,26,71,Senior,Average
N. Maraš,72,77,26,Deportivo Alavés,Serbia,CB,3100000,17000,64,37,51,56,72,75,Adult,Average
A. Aouchiche,72,79,19,FC Lorient,France,"LM,CAM,CM",4600000,8000,68,63,72,74,56,60,Young,Average
S. Kagawa,72,72,33,Sint-Truidense VV,Japan,"CAM,CF,CM",1500000,11000,56,64,73,75,52,39,Senior,Average
Leonardo,72,76,25,Ulsan Hyundai FC,Brazil,ST,3300000,9000,75,74,58,69,31,65,Adult,Average
R. Pérez,72,72,32,Club Atlético Talleres,Colombia,CB,1500000,11000,59,43,51,61,70,84,Senior,Average
M. Thiam,72,72,29,Yukatel Kayserispor,Senegal,"LM,ST,LW",2300000,14000,75,72,66,72,26,73,Adult,Average
S. Klaiber,72,72,27,FC Utrecht,Suriname,RWB,2300000,11000,79,63,68,65,68,77,Adult,Average
M. Tavernier,72,80,23,AFC Bournemouth,England,"CAM,CM",5000000,28000,78,65,69,74,59,61,Adult,Average
G. Kotsiras,72,72,29,Panathinaikos FC,Greece,RB,2100000,650,83,50,68,70,67,69,Adult,Average
D. Machado,72,72,28,Racing Club de Lens,Colombia,"LWB,LB",2100000,21000,84,55,64,71,65,70,Adult,Average
C. Schindler,72,72,32,1. FC Nürnberg,Germany,CB,1500000,9000,60,33,55,56,74,73,Senior,Average
D. Johnson,72,72,29,Preston North End,Jamaica,"CAM,CM",2300000,26000,74,69,71,73,55,66,Adult,Average
R. Botta,72,72,32,Bari,Argentina,"CAM,RM,CF",1900000,4000,80,72,72,76,38,65,Senior,Average
L. Zanimacchia,72,78,23,US Cremonese,Italy,RM,3700000,49000,69,72,70,69,29,55,Adult,Average
L. Júnior,72,72,31,RCD Mallorca,Côte d'Ivoire,LM,1900000,18000,89,69,61,71,34,72,Senior,Average
M. Clarke,72,76,25,Middlesbrough,England,CB,2900000,18000,52,37,53,62,71,79,Adult,Average
I. Thelin,72,72,30,Malmö FF,Sweden,ST,2300000,7000,59,71,61,66,37,83,Senior,Average
B. Tetteh,72,76,24,Hull City,Ghana,"ST,LM",3400000,13000,80,67,58,70,24,78,Adult,Average
José Machín,72,74,25,AC Monza,Equatorial Guinea,CM,2900000,30000,62,63,70,72,58,65,Adult,Average
D. Hovorka,72,72,28,SK Slavia Praha,Czech Republic,CB,2000000,900,65,39,63,66,71,65,Adult,Average
T. Kalas,72,73,29,Bristol City,Czech Republic,CB,2200000,23000,71,47,56,64,71,76,Adult,Average
M. Cuero,72,72,29,Club Atlético Banfield,Colombia,"RM,LM",2300000,12000,90,67,65,73,28,63,Adult,Average
E. Viviano,72,72,36,Fatih Karagümrük S.K.,Italy,GK,250000,9000,70,72,69,72,35,74,Senior,Average
A. Pulido,72,72,31,Sporting Kansas City,Mexico,ST,2000000,7000,73,72,65,73,37,71,Senior,Average
Aitor Sanz,72,72,37,CD Tenerife,Spain,"CM,CDM",750000,6000,53,66,71,69,70,72,Senior,Average
T. Haye,72,73,27,SC Heerenveen,Netherlands,"CM,CDM",2700000,7000,58,63,76,72,57,63,Adult,Average
Carlinhos,72,72,28,Portimonense SC,Brazil,"CM,CAM",2300000,7000,68,68,72,74,55,73,Adult,Average
S. Schonlau,72,73,27,Hamburger SV,Germany,CB,2400000,10000,58,41,53,58,74,75,Adult,Average
P. Ciurria,72,73,27,AC Monza,Italy,"CF,ST,CM",2700000,34000,76,71,67,74,31,58,Adult,Average
C. Gruezo,72,75,27,FC Augsburg,Ecuador,"CDM,CM",2700000,18000,61,46,61,67,68,73,Adult,Average
Joan Sastre,72,77,25,PAOK,Spain,"RB,LB",3200000,900,77,41,59,67,69,64,Adult,Average
D. Olaru,72,77,24,FCSB (Steaua),Romania,"CM,CAM,RW",3500000,11000,82,70,72,73,63,79,Adult,Average
M. Vidangossy,72,72,35,Unión La Calera,Chile,"CAM,LM,RM",950000,3000,76,63,69,76,27,62,Senior,Average
M. Vitík,72,82,19,AC Sparta Praha,Czech Republic,"CB,RB",4700000,500,66,39,54,57,73,71,Young,Average
D. Rubio,72,72,29,Colorado Rapids,Chile,"ST,CAM",2300000,8000,66,73,65,72,47,73,Adult,Average
M. Sáček,72,74,25,AC Sparta Praha,Czech Republic,"CDM,CM",2600000,700,74,63,71,75,67,71,Adult,Average
S. Moore,72,76,25,Nashville SC,United States,"RB,RM",3000000,6000,90,59,62,70,62,76,Adult,Average
A. Traoré,72,72,27,Ferencvárosi TC,Mali,"RW,CAM",2500000,900,86,69,60,74,23,59,Adult,Average
F. Miretti,72,87,18,Juventus,Italy,"CM,CDM",5500000,20000,76,59,74,76,63,71,Young,Average
A. Cordaz,72,72,39,Inter,Italy,GK,250000,16000,67,71,62,74,26,72,Senior,Average
N. Fernández,72,75,26,Defensa y Justicia,Argentina,"ST,LW,RW",3100000,13000,85,69,61,76,38,65,Adult,Average
S. Aydoğdu,72,72,31,Antalyaspor,Turkey,"CM,CDM",1900000,19000,63,68,74,72,64,64,Senior,Average
A. Reca,72,72,27,Spezia,Poland,"LWB,LM,LB",2300000,12000,78,57,66,70,67,66,Adult,Average
J. Stage,72,74,25,SV Werder Bremen,Denmark,"CM,RM",2900000,17000,71,65,69,71,71,81,Adult,Average
Vanderleiton,72,72,22,Santos,Brazil,CB,2400000,15000,62,46,57,57,72,68,Young,Average
F. Zampano,72,72,28,Venezia FC,Italy,"RB,LB",2100000,4000,79,45,66,72,64,71,Adult,Average
J. Stanislas,72,72,32,AFC Bournemouth,England,"LW,LM,RW",1900000,34000,69,71,71,72,36,52,Senior,Average
A. Bamba,72,72,28,FC Nantes,France,"LM,RM,CM",2400000,19000,84,62,68,74,40,59,Adult,Average
P. De Blasis,72,72,34,FC Cartagena,Argentina,"CAM,CM",1100000,7000,71,72,68,77,63,48,Senior,Average
H. Toffolo,72,73,26,Nottingham Forest,England,"LWB,LB",2500000,36000,76,52,62,65,66,72,Adult,Average
M. Thiaw,72,83,20,AC Milan,Germany,CB,4800000,24000,73,47,60,65,71,73,Young,Average
D. Odoi,72,72,34,Club Brugge KV,Ghana,"RB,CDM",850000,16000,73,53,68,73,68,72,Senior,Average
G. Akkan,72,74,27,MKE Ankaragücü,Turkey,GK,2100000,8000,71,68,66,76,48,74,Adult,Average
L. Lerager,72,72,28,F.C. København,Denmark,CM,2300000,18000,55,67,68,68,71,80,Adult,Average
A. Gunn,72,76,26,Norwich City,England,GK,2500000,22000,73,70,68,74,48,70,Adult,Average
O. Tymchyk,72,76,25,Dynamo Kyiv,Ukraine,RB,3000000,650,87,41,64,63,69,53,Adult,Average
D. Okereke,72,77,24,US Cremonese,Nigeria,"ST,RW,LW",3600000,10000,87,68,54,75,26,67,Adult,Average
L. Vázquez,72,82,21,Boca Juniors,Argentina,ST,5500000,10000,69,71,62,69,27,71,Young,Average
E. Kawashima,72,72,39,RC Strasbourg Alsace,Japan,GK,250000,8000,72,71,72,71,43,71,Senior,Average
J. Ryerson,72,76,24,1. FC Union Berlin,Norway,"RWB,CDM",3100000,16000,70,59,64,69,69,76,Adult,Average
S. Kingsley,72,73,27,Heart of Midlothian,Scotland,"CB,LWB,LB",2400000,6000,63,55,70,71,72,73,Adult,Average
J. Torres,72,76,25,Club Atlético Sarmiento,Argentina,ST,3300000,10000,61,71,54,67,23,70,Adult,Average
Kainho Selva,72,72,22,Atlético Clube Goianiense,Brazil,CB,2400000,8000,66,30,49,61,73,73,Young,Average
Mario Suárez,72,72,35,Rayo Vallecano,Spain,"CDM,CM,CB",650000,10000,36,65,70,64,68,73,Senior,Average
C. Álvarez,72,72,36,Real Zaragoza,Argentina,GK,250000,4000,74,68,67,73,46,74,Senior,Average
A. Touré,72,73,28,Genoa,France,"CDM,CM",2300000,4000,39,56,59,58,74,80,Adult,Average
K. Laifis,72,72,29,Standard de Liège,Cyprus,CB,2000000,12000,64,58,64,68,72,74,Adult,Average
E. Pavez,72,72,32,Colo-Colo,Chile,"CDM,CM",1600000,5000,79,65,68,71,67,81,Senior,Average
E. Vignato,72,82,21,Bologna,Italy,CAM,5500000,16000,72,61,72,76,39,47,Young,Average
M. Boyle,72,72,29,Hibernian,Australia,"RM,ST",2300000,7000,92,69,62,72,45,59,Adult,Average
Y. Akgün,72,78,21,Galatasaray SK,Turkey,"RW,CAM,RM",3800000,33000,82,67,65,77,29,53,Young,Average
B. Rovira,72,76,25,Club Deportes Tolima,Colombia,"CDM,CM",3000000,3000,59,57,65,62,74,76,Adult,Average
M. Esser,72,72,34,VfL Bochum 1848,Germany,GK,400000,13000,73,71,66,74,38,70,Senior,Average
J. Pinola,72,72,39,River Plate,Argentina,"CB,LB",425000,8000,65,61,70,70,70,76,Senior,Average
Jesé,72,72,29,MKE Ankaragücü,Spain,"LW,ST,RW",2300000,13000,75,71,69,73,25,69,Adult,Average
Gregore,72,72,28,Inter Miami CF,Brazil,"CDM,CM",2100000,6000,76,55,64,68,71,83,Adult,Average
Quini,72,72,32,Granada CF,Spain,"RB,LB",1600000,8000,71,60,65,69,69,61,Senior,Average
M. Hongla,72,78,24,Hellas Verona,Cameroon,"CM,CDM",3700000,16000,79,69,69,75,66,77,Adult,Average
J. Price,72,72,29,Colorado Rapids,England,"CDM,CM",2000000,6000,47,51,74,65,65,74,Adult,Average
Daniel Figueira,72,79,23,Estoril Praia,Portugal,GK,4000000,4000,72,68,67,74,27,71,Adult,Average
T. Buchanan,72,78,23,Club Brugge KV,Canada,"RM,LM,CM",3700000,15000,92,62,60,74,55,64,Adult,Average
Lyanco,72,79,25,Southampton,Brazil,CB,4300000,30000,64,36,52,58,73,70,Adult,Average
T. Goiginger,72,72,29,LASK Linz,Austria,"RM,LM,CF",2300000,20000,80,69,69,70,35,62,Adult,Average
Igor Madinha,72,72,26,São Paulo,Brazil,"RM,CAM",2600000,25000,94,61,63,73,27,57,Adult,Average
H. Souttar,72,77,23,Stoke City,Australia,CB,3200000,16000,39,28,50,58,73,76,Adult,Average
Sergi Canós,72,74,25,Brentford,Spain,"LW,RWB,LWB",2900000,33000,71,69,69,75,55,69,Adult,Average
M. Miazga,72,74,26,FC Cincinnati,United States,CB,2600000,6000,48,26,47,57,73,77,Adult,Average
A. Zorgane,72,79,22,Royal Charleroi S.C.,Algeria,"CM,CDM",4700000,10000,60,69,70,70,66,80,Young,Average
M. Mohammadi,72,72,28,AEK Athens,Iran,"LB,LM",2100000,900,84,59,67,72,66,71,Adult,Average
H. Magnetti,72,76,24,Stade Brestois 29,France,"CDM,CM",3100000,13000,52,49,66,71,66,75,Adult,Average
J. Scally,72,82,19,Borussia Mönchengladbach,United States,"RB,LB",4800000,9000,76,43,62,70,69,69,Young,Average
Pablo Santos,72,72,30,Al Raed,Brazil,CB,1900000,13000,62,39,45,53,73,74,Senior,Average
Pol Lozano,72,81,22,RCD Espanyol de Barcelona,Spain,"CDM,CM",5000000,11000,73,60,68,69,65,74,Young,Average
F. Ferreyra,72,72,31,Club Atlético Independiente,Argentina,ST,2000000,12000,59,73,59,73,30,66,Senior,Average
M. van Bergen,72,78,22,Stade de Reims,Netherlands,"RW,ST,LW",3800000,16000,86,66,65,73,27,56,Young,Average
André Milazisco,72,72,26,São Paulo,Brazil,GK,1900000,19000,77,64,62,77,34,66,Adult,Average
J. Glesnes,72,74,28,Philadelphia Union,Norway,CB,2400000,6000,56,55,56,60,72,81,Adult,Average
J. Elliott,72,75,26,Philadelphia Union,England,"CB,CDM",2700000,6000,52,24,48,50,73,79,Adult,Average
M. Balikwisha,72,80,21,Royal Antwerp FC,Belgium,"LW,CAM,ST",5500000,13000,85,66,69,75,33,60,Young,Average
Alminho Boas,72,72,26,Clube Atlético Mineiro,Brazil,"CDM,CM,CB",2300000,22000,60,39,62,66,69,76,Adult,Average
J. de Wijs,72,74,27,Fortuna Düsseldorf,Netherlands,CB,2500000,16000,52,51,50,48,72,82,Adult,Average
Francisco Conceição,72,86,19,Ajax,Portugal,RW,5500000,8000,79,61,66,80,32,44,Young,Average
Joãozinho,72,72,32,Estoril Praia,Portugal,LB,1600000,6000,68,56,65,68,68,72,Senior,Average
Jordi Quintillà,72,72,28,FC St. Gallen 1879,Spain,"CDM,CM",2100000,9000,68,68,73,74,65,68,Adult,Average
B. Perlaza,72,72,30,Club Atlético Colón,Colombia,"CDM,CM",2000000,10000,57,51,59,61,73,85,Senior,Average
I. Díaz,72,76,25,C.D. Universidad Católica del Ecuador,Panama,"ST,LW",3300000,800,87,69,58,73,34,75,Adult,Average
A. Sabiri,72,77,25,U.C. Sampdoria,Morocco,"CAM,CM,LM",3400000,14000,60,69,69,77,56,65,Adult,Average
Elady,72,72,31,CD Tenerife,Spain,"ST,LM,RM",2000000,9000,75,72,65,74,39,70,Senior,Average
F. Gulbrandsen,72,72,29,Adana Demirspor,Norway,"ST,LW",2300000,18000,85,71,61,74,36,77,Adult,Average
S. Denswil,72,72,29,Trabzonspor,Netherlands,"CB,LB",2000000,23000,57,56,67,65,74,74,Adult,Average
Iza Carcelén,72,72,29,Cádiz CF,Spain,"RB,RM",2100000,19000,77,58,68,69,67,69,Adult,Average
V. Fischer,72,72,28,Royal Antwerp FC,Denmark,"LW,CAM",2400000,17000,72,66,71,75,35,64,Adult,Average
J. Rothwell,72,73,27,AFC Bournemouth,England,CM,2700000,32000,77,62,70,75,60,67,Adult,Average
L. Villafañez,72,72,30,APOEL Nicosia FC,Argentina,"CAM,CM,LW",2300000,950,73,67,72,75,42,56,Senior,Average
P. Seguin,72,73,27,1. FC Union Berlin,Germany,CM,2700000,21000,61,59,68,71,68,76,Adult,Average
Son,72,72,28,Levante Unión Deportiva,Spain,"RB,RWB,LWB",2100000,9000,87,56,65,69,64,76,Adult,Average
J. Risdon,72,72,29,Western United FC,Australia,RB,2100000,3000,75,49,61,66,69,82,Adult,Average
J. Dilrosun,72,77,24,Feyenoord,Netherlands,"RW,LW,CAM",3500000,8000,86,63,64,78,43,53,Adult,Average
M. Vušković,72,83,20,Hamburger SV,Croatia,CB,4800000,7000,65,33,46,47,72,74,Young,Average
Vako,72,72,29,Ulsan Hyundai FC,Georgia,"LW,LM,CAM",2300000,10000,74,69,68,77,36,65,Adult,Average
L. Tonelli,72,72,32,Empoli,Italy,CB,1500000,8000,54,31,43,58,75,66,Senior,Average
B. Hamid,72,72,31,D.C. United,United States,GK,1200000,5000,74,66,67,74,40,72,Senior,Average
A. Hutchinson,72,72,39,Beşiktaş JK,Canada,"CM,CDM",750000,22000,52,65,73,70,73,69,Senior,Average
T. Sainsbury,72,72,30,Free agent,Australia,CB,0,0,64,58,56,54,74,75,Senior,Average
V. Pálsson,72,72,31,D.C. United,Iceland,"CDM,CM",1600000,6000,73,56,59,60,74,82,Senior,Average
J. Lukaku,72,72,27,SD Ponferradina,Belgium,"LM,LB,LWB",2500000,8000,85,61,67,73,67,78,Adult,Average
Aketxe,72,72,28,SD Eibar,Spain,"CAM,RM",2400000,9000,60,77,78,72,44,59,Adult,Average
L. Fomba,72,79,24,Nîmes Olympique,France,"CDM,CM",4400000,5000,68,52,63,73,72,79,Adult,Average
M. Wakaso,72,72,31,KAS Eupen,Ghana,"CM,LM",1900000,10000,83,69,69,72,69,84,Senior,Average
D. Biraschi,72,74,27,Fatih Karagümrük S.K.,Italy,"CB,RB",2500000,4000,61,36,61,69,75,69,Adult,Average
N. Haikin,72,75,26,FK Bodø/Glimt,Russia,GK,2400000,3000,73,68,71,73,51,71,Adult,Average
Teixe Gaúcho,72,72,22,Cuiabá,Brazil,CB,2400000,10000,73,50,63,67,71,75,Young,Average
Pedro Rebocho,72,73,27,Lech Poznań,Portugal,LB,2500000,8000,77,57,68,72,67,73,Adult,Average
G. Courtet,72,72,33,En Avant de Guingamp,France,ST,1500000,8000,65,75,64,70,27,69,Senior,Average
F. Ballo-Touré,72,76,25,AC Milan,Senegal,LB,3000000,32000,85,51,67,71,67,72,Adult,Average
C. Ekuban,72,72,28,Genoa,Ghana,"ST,RM",2400000,5000,87,68,65,71,28,84,Adult,Average
A. Valera,72,75,26,Al Fateh,Peru,ST,3100000,23000,69,75,52,69,28,69,Adult,Average
A. Yiadom,72,72,30,Reading,Ghana,"RWB,RB,CB",2000000,14000,80,53,61,70,68,77,Senior,Average
Raúl Guti,72,77,25,Elche CF,Spain,"CM,CDM",3400000,14000,66,67,70,69,67,78,Adult,Average
A. Guðmundsson,72,75,25,Genoa,Iceland,"RM,RW,CAM",3100000,4000,83,65,66,77,34,68,Adult,Average
C. Tzolis,72,80,20,FC Twente,Greece,"LW,RW",5000000,25000,86,69,63,73,35,63,Young,Average
C. Gonzáles,72,72,29,Al Adalah,Peru,"CAM,LW,CM",2300000,16000,68,72,69,76,56,54,Adult,Average
W. Gargano,72,72,37,Club Atlético Peñarol,Uruguay,"CDM,CM",450000,500,64,55,72,61,71,71,Senior,Average
J. Tagueu,72,72,28,Clube Sport Marítimo,Cameroon,"ST,LW",2400000,10000,70,70,58,70,29,70,Adult,Average
Álvaro Tejero,72,75,25,SD Eibar,Spain,"RB,LB",2900000,7000,80,64,67,71,65,69,Adult,Average
E. Matazo,72,83,20,AS Monaco,Belgium,"CM,CDM",5000000,23000,73,58,70,75,65,69,Young,Average
J. Karlström,72,74,27,Lech Poznań,Sweden,CDM,2500000,8000,67,54,65,67,69,81,Adult,Average
Hugo Rubiães,72,72,26,Fluminense,Brazil,"CDM,RB",2300000,15000,67,61,61,69,75,66,Adult,Average
G. Zahid,72,72,27,MKE Ankaragücü,Norway,"CAM,CM",2500000,11000,74,63,71,74,35,64,Adult,Average
V. Nsimba,72,72,28,FC Girondins de Bordeaux,Congo DR,LB,2100000,7000,83,58,64,71,65,59,Adult,Average
Y. Ndayishimiye,72,80,23,İstanbul Başakşehir FK,Burundi,"CB,CDM,CM",4900000,20000,73,48,64,71,71,76,Adult,Average
M. Cafaro,72,75,25,AS Saint-Étienne,France,"LM,RM,CM",3100000,12000,75,68,70,75,47,62,Adult,Average
N. Petrović,72,81,22,Granada CF,Serbia,"CDM,CM",5000000,7000,58,51,68,63,68,76,Young,Average
H. Villalba,72,72,27,Club Libertad,Paraguay,"RM,LM,RW",2500000,750,88,71,65,75,45,61,Adult,Average
O. Kiteishvili,72,74,26,SK Sturm Graz,Georgia,"CAM,CM,LM",2900000,16000,73,67,69,75,67,61,Adult,Average
Fábio Melitinho,72,72,26,Fluminense,Brazil,"CAM,LM",2600000,17000,46,73,75,75,24,56,Adult,Average
O. Nwobodo,72,76,25,FC Cincinnati,Nigeria,"CDM,CM",3000000,6000,82,62,62,70,73,74,Adult,Average
L. Dimata,72,74,24,N.E.C. Nijmegen,Belgium,ST,3100000,13000,76,70,63,69,39,78,Adult,Average
L. Castro,72,72,33,Club Atlético Sarmiento,Argentina,"CM,CAM",1400000,10000,66,68,73,74,64,66,Senior,Average
M. Estigarribia,72,72,34,Club Sol de América,Paraguay,"LM,CM,RM",1100000,700,75,65,71,70,63,70,Senior,Average
Alam Basteirinho,72,72,30,Santos,Brazil,CAM,2300000,19000,62,65,72,73,36,53,Senior,Average
C. Zapata,72,72,35,San Lorenzo de Almagro,Colombia,CB,625000,7000,37,33,47,59,73,73,Senior,Average
K. Davis,72,77,24,Watford,England,ST,3600000,45000,69,69,54,72,43,82,Adult,Average
A. Jahanbakhsh,72,72,28,Feyenoord,Iran,RW,2400000,10000,77,72,68,74,43,69,Adult,Average
K. Nordfeldt,72,72,33,AIK,Sweden,GK,750000,5000,70,70,72,72,50,71,Senior,Average
A. Trubin,72,80,20,Shakhtar Donetsk,Ukraine,GK,4400000,500,66,72,67,77,36,71,Young,Average
M. Sarkaria,72,74,25,SK Sturm Graz,Austria,"CAM,RM,ST",2900000,15000,82,70,70,73,34,66,Adult,Average
O. Popescu,72,85,19,FCSB (Steaua),Romania,"LW,CAM",5500000,8000,82,68,69,76,31,59,Young,Average
D. Bachmann,72,72,27,Watford,Austria,GK,1800000,22000,71,67,71,73,45,70,Adult,Average
H. Moukoudi,72,77,24,AEK Athens,Cameroon,CB,3200000,750,43,32,52,49,72,78,Adult,Average
J. Lewis,72,77,24,Newcastle United,Northern Ireland,"LB,LWB",3300000,40000,74,53,65,73,69,66,Adult,Average
H. Menosse,72,72,35,Club Atlético Peñarol,Uruguay,CB,625000,500,50,44,43,41,75,78,Senior,Average
João Bruinheira,72,72,34,América Futebol Clube,Brazil,GK,400000,9000,71,63,77,75,33,74,Senior,Average
J. Vásquez,72,81,23,US Cremonese,Mexico,"CB,LB",4900000,3000,65,32,57,56,74,75,Adult,Average
S. Hakšabanović,72,81,23,Celtic,Montenegro,LW,5000000,33000,76,67,69,75,29,59,Adult,Average
S. Rojas,72,76,26,Club Nacional,Paraguay,GK,2500000,500,72,67,70,74,25,73,Adult,Average
L. Andersen,72,72,27,Aalborg BK,Denmark,"LW,ST",2500000,13000,73,68,71,74,36,56,Adult,Average
M. Cuisance,72,81,22,Venezia FC,France,"CM,CAM",5000000,4000,71,66,76,76,53,62,Young,Average
J. Dudziak,72,73,26,SpVgg Greuther Fürth,Tunisia,"CAM,CM",2800000,9000,73,62,72,77,65,66,Adult,Average
M. Chanot,72,72,32,New York City FC,Luxembourg,CB,1500000,6000,51,49,48,50,71,79,Senior,Average
A. Traoré,72,73,27,Hull City,Mali,"CAM,CM,RW",2700000,14000,78,62,73,75,61,67,Adult,Average
M. Moreno Martins,72,72,35,Club Cerro Porteño,Bolivia,ST,1000000,650,54,78,63,67,35,75,Senior,Average
Paulinho,72,76,25,Al Fayha,Brazil,CM,3200000,23000,77,64,66,77,66,71,Adult,Average
A. Pérez,72,74,28,GZT Giresunspor,Colombia,"CB,LB",2400000,11000,68,33,52,58,72,76,Adult,Average
Kauã Abranches,72,72,26,Fortaleza,Brazil,"CAM,RM,RB",2600000,11000,84,64,67,73,51,61,Adult,Average
H. Delcroix,72,78,23,RSC Anderlecht,Belgium,CB,3400000,13000,71,33,61,62,72,70,Adult,Average
Eduardo Santos,72,76,24,SK Slavia Praha,Brazil,"CB,RB",3000000,750,68,45,59,66,72,74,Adult,Average
Kim Tae Hwan,72,72,32,Ulsan Hyundai FC,Korea Republic,"RB,RWB",1600000,8000,87,53,62,67,64,80,Senior,Average
D. Alemdar,72,80,19,Stade Rennais FC,Turkey,GK,4400000,9000,71,70,69,71,38,73,Young,Average
F. Stojković,72,72,29,LASK Linz,Montenegro,"RB,CB,RWB",2100000,19000,70,42,69,66,69,77,Adult,Average
M. Eriksson,72,72,32,Djurgårdens IF,Sweden,CM,1800000,7000,51,69,75,68,53,81,Senior,Average
Portillo,72,72,32,Unión Deportiva Almería,Spain,"RM,LM",1900000,18000,64,69,74,73,55,62,Senior,Average
André Ferreira,72,77,26,Granada CF,Portugal,GK,2700000,7000,72,69,65,75,38,72,Adult,Average
Kelivelson,72,72,26,Ceará Sporting Club,Brazil,"CDM,RB,RM",2300000,10000,70,47,66,62,72,74,Adult,Average
M. Fares,72,73,26,Lazio,Algeria,"LW,LM",2800000,33000,75,63,67,75,67,68,Adult,Average
P. Ceccaroni,72,75,26,Venezia FC,Italy,CB,2700000,4000,69,30,52,54,74,72,Adult,Average
B. Cortés,72,74,27,Colo-Colo,Chile,GK,2100000,4000,73,69,71,75,48,68,Adult,Average
R. Thelander,72,72,30,Ferencvárosi TC,Denmark,CB,1900000,750,45,30,46,43,71,81,Senior,Average
E. Durm,72,72,30,1. FC Kaiserslautern,Germany,"RB,LB",2000000,9000,71,55,65,68,68,67,Senior,Average
A. Čermák,72,73,27,FC Viktoria Plzeň,Czech Republic,"CAM,CM",2700000,850,66,67,73,72,43,62,Adult,Average
L. Baker,72,73,27,Stoke City,England,"CM,CDM",2700000,21000,66,69,72,72,66,71,Adult,Average
L. Henderson,72,75,26,Empoli,Scotland,"CM,CAM,CF",3000000,9000,73,64,69,72,65,76,Adult,Average
T. Alarcón,72,81,23,Cádiz CF,Chile,"CDM,CB,CM",4900000,16000,62,52,62,61,70,73,Adult,Average
G. Burgstaller,72,72,33,SK Rapid Wien,Austria,ST,1500000,23000,59,73,66,67,39,80,Senior,Average
C. Njie,72,72,28,Demir Grup Sivasspor,Cameroon,"LW,RW,ST",2400000,15000,84,68,63,76,32,63,Adult,Average
D. Maeda,72,77,24,Celtic,Japan,"LW,ST",3500000,33000,91,73,61,70,45,69,Adult,Average
F. Mattiello,72,72,26,Go Ahead Eagles,Italy,"RB,RM,LM",2300000,7000,72,64,70,73,69,60,Adult,Average
M. Bianchetti,72,73,29,US Cremonese,Italy,CB,2200000,10000,61,35,56,59,73,74,Adult,Average
Curro Sánchez,72,73,26,Burgos CF,Spain,"RM,CAM,CM",2800000,7000,76,72,70,73,41,48,Adult,Average
S. Pedroza,72,80,23,Al Batin,Colombia,"CDM,CM",4900000,10000,71,63,70,67,69,71,Adult,Average
N. Moisander,72,72,36,Malmö FF,Finland,CB,425000,5000,45,50,68,67,74,68,Senior,Average
S. Adegbenro,72,72,26,Beijing Guoan FC,Nigeria,"ST,LW,RW",2600000,15000,90,69,62,76,39,74,Adult,Average
Leordinho Paes,72,72,22,Santos,Brazil,"CAM,LM",2800000,16000,69,64,73,73,43,54,Young,Average
J. Cabrera,72,72,30,Argentinos Juniors,Uruguay,"RM,LM,RWB",2300000,10000,73,62,67,75,51,70,Senior,Average
Kiko Olivas,72,72,33,FC Cartagena,Spain,CB,1100000,7000,46,49,60,59,73,73,Senior,Average
M. Melluso,72,78,24,Gimnasia y Esgrima La Plata,Argentina,"LB,LWB",3500000,10000,78,44,61,71,68,65,Adult,Average
J. Blaswich,72,72,31,RB Leipzig,Germany,GK,1200000,23000,71,70,67,76,43,72,Senior,Average
Talles Magno,72,84,20,New York City FC,Brazil,"LM,CF",5500000,5000,82,61,60,80,37,62,Young,Average
A. Grassi,72,73,27,Empoli,Italy,"CM,CDM",2700000,4000,64,63,70,73,67,63,Adult,Average
Josué,72,72,31,Legia Warszawa,Portugal,"CAM,CM,CF",1900000,8000,37,69,76,75,51,59,Senior,Average
J. Mensah,72,72,31,Columbus Crew,Ghana,CB,1600000,6000,61,46,56,54,70,80,Senior,Average
S. Kapino,72,74,28,DSC Arminia Bielefeld,Greece,GK,2000000,11000,73,67,66,77,41,71,Adult,Average
C. Hourihane,72,72,31,Derby County,Republic of Ireland,"CM,CDM",1900000,7000,55,68,73,69,65,72,Senior,Average
A. Cicâldău,72,75,24,Free agent,Romania,"CM,CAM",0,0,66,69,74,72,62,69,Adult,Average
Lázaro,72,85,20,Unión Deportiva Almería,Brazil,"LM,CM,RM",5500000,13000,69,58,68,73,38,59,Young,Average
T. Jantschke,72,72,32,Borussia Mönchengladbach,Germany,"CB,RB",1500000,18000,64,41,62,66,73,70,Senior,Average
Dani Raba,72,73,26,CD Leganés,Spain,"RM,RW",2800000,10000,62,71,71,73,38,56,Adult,Average
Akieme,72,79,24,Unión Deportiva Almería,Spain,"LB,LWB,LM",4500000,14000,79,44,57,69,68,70,Adult,Average
Iván Jaime,72,82,21,Futebol Clube de Famalicão,Spain,"CAM,ST,LW",5500000,6000,72,70,67,73,50,61,Young,Average
A. Linde,72,74,28,SpVgg Greuther Fürth,Sweden,GK,2000000,7000,75,68,66,75,48,73,Adult,Average
Iñaki Peña,72,81,23,FC Barcelona,Spain,GK,4500000,44000,71,67,76,72,35,71,Adult,Average
F. Lustenberger,72,72,34,BSC Young Boys,Switzerland,CB,750000,15000,39,37,58,61,73,71,Senior,Average
Sebas Couteira,72,72,22,Club Athletico Paranaense,Brazil,"CAM,RM",2800000,10000,74,62,72,74,42,52,Young,Average
Dersan Dinis,72,72,30,Palmeiras,Brazil,RW,2300000,27000,78,66,69,67,52,68,Senior,Average
B. Cufré,72,77,25,RCD Mallorca,Argentina,"LB,LM",3200000,16000,78,64,69,69,68,75,Adult,Average
Y. Bodiger,72,74,27,Granada CF,France,"CDM,CM,CAM",2500000,8000,52,58,69,66,70,74,Adult,Average
Samú Costa,72,81,21,Unión Deportiva Almería,Portugal,"CDM,CM",5000000,12000,64,63,66,67,69,73,Young,Average
Ailton Valpaços,72,72,30,São Paulo,Brazil,"CB,CDM",1900000,23000,64,58,60,63,71,76,Senior,Average
M. Rangel,72,72,31,Club Deportes Tolima,Colombia,ST,2000000,4000,54,76,59,66,36,73,Senior,Average
R. Pröpper,72,73,28,FC Twente,Netherlands,CB,2200000,10000,48,53,61,56,72,77,Adult,Average
T. Rincón,72,72,34,U.C. Sampdoria,Venezuela,"CM,CDM",1100000,14000,60,59,70,71,72,75,Senior,Average
Aurélio Buta,72,75,25,Eintracht Frankfurt,Portugal,"RM,RWB",3100000,18000,93,59,66,74,64,68,Adult,Average
Gil Dias,72,73,25,SL Benfica,Portugal,"LW,RW,LB",2800000,10000,76,66,69,75,63,66,Adult,Average
R. Donk,72,72,36,Kasimpaşa SK,Suriname,"CB,CDM",425000,7000,37,65,67,63,72,76,Senior,Average
G. Weissbeck,72,77,25,FC Sochaux-Montbéliard,France,"CAM,RM",3400000,6000,66,70,72,75,46,67,Adult,Average
J. O'Connell,72,74,28,Sheffield United,England,CB,2400000,20000,55,37,63,60,72,73,Adult,Average
T. Chandler,72,72,32,Eintracht Frankfurt,United States,"RM,RWB",1900000,19000,59,69,72,71,73,78,Senior,Average
P. Lavandeira,72,72,32,Club Alianza Lima,Uruguay,"CAM,RM,LM",1900000,850,70,73,69,71,35,59,Senior,Average
J. Stanišić,72,81,22,FC Bayern München,Croatia,"RB,CB",5000000,27000,71,39,58,64,71,69,Young,Average
Z. Ferhat,72,72,29,Aytemiz Alanyaspor,Algeria,"LM,RM",2300000,16000,80,63,70,71,31,70,Adult,Average
Fabiano Sonta,72,72,30,Fluminense,Brazil,"CB,CDM",1900000,15000,46,41,56,53,74,71,Senior,Average
R. Ábila,72,72,32,Club Atlético Colón,Argentina,ST,1900000,11000,66,71,61,70,32,78,Senior,Average
A. Hrustić,72,75,25,Hellas Verona,Australia,"CM,CDM,RM",3100000,18000,74,68,73,73,60,70,Adult,Average
D. Saba,72,72,29,Demir Grup Sivasspor,Israel,"CAM,ST",2300000,14000,78,71,70,74,29,63,Adult,Average
F. Sierralta,72,77,25,Watford,Chile,CB,3100000,26000,52,30,51,53,70,76,Adult,Average
A. Aguerre,72,72,31,Club Atlético Talleres,Argentina,GK,1200000,9000,73,71,63,74,47,72,Senior,Average
M. Bouldini,72,75,26,Levante Unión Deportiva,Morocco,ST,3100000,10000,80,71,54,69,25,76,Adult,Average
J. Le Douaron,72,76,24,Stade Brestois 29,France,"ST,LM",3400000,16000,70,70,65,71,49,73,Adult,Average
Àlex Corredera,72,75,26,CD Tenerife,Spain,"CM,CAM,RM",3000000,8000,64,65,72,71,55,67,Adult,Average
J. Duque,72,72,35,Atlético Nacional,Colombia,ST,1000000,4000,62,76,57,67,27,68,Senior,Average
R. Schmid,72,79,22,SV Werder Bremen,Austria,CAM,4800000,15000,79,64,68,78,48,55,Young,Average
I. Ugbo,72,78,23,ESTAC Troyes,Canada,ST,3700000,13000,76,70,57,69,29,69,Adult,Average
P. Drewes,72,72,29,SV Sandhausen,Germany,GK,1600000,6000,73,69,65,75,30,71,Adult,Average
Rúben Lameiras,72,72,27,Vitória de Guimarães,Portugal,RW,2500000,9000,76,69,69,76,42,62,Adult,Average
J. Ballón,72,72,34,Club Alianza Lima,Peru,"CDM,CM",800000,750,70,63,69,67,66,77,Senior,Average
A. Ciciretti,72,72,28,Ascoli,Italy,"RW,CAM",2400000,5000,81,68,71,72,40,50,Adult,Average
Juan Iglesias,72,79,23,Getafe CF,Spain,"RB,RM,RWB",4500000,15000,71,37,60,64,70,67,Adult,Average
Guerrero,72,79,24,FC Zürich,Spain,"LWB,LB,LM",4500000,11000,74,67,68,69,69,72,Adult,Average
H. Al Haydos,72,72,31,Free agent,Qatar,"RW,CAM,LW",0,0,79,65,68,75,34,46,Senior,Average
C. Borja,72,72,29,SC Braga,Colombia,LB,2100000,10000,85,50,64,69,67,73,Adult,Average
C. Espinoza,72,72,27,San Jose Earthquakes,Argentina,RM,2500000,7000,81,64,69,73,42,63,Adult,Average
N. Gaitán,72,72,34,FC Paços de Ferreira,Argentina,"CAM,CM",1100000,8000,57,70,74,74,41,46,Senior,Average
A. Barkok,72,78,24,1. FSV Mainz 05,Morocco,"CAM,CF,CM",3700000,17000,76,65,68,78,55,65,Adult,Average
L. Dickmann,72,75,25,SPAL,Italy,RB,2900000,3000,71,53,63,68,69,64,Adult,Average
A. Cadavid,72,72,36,Independiente Medellín,Colombia,CB,425000,2000,31,63,53,49,71,73,Senior,Average
K. Diks,72,75,25,F.C. København,Netherlands,"RB,LB",2900000,15000,75,57,62,70,69,76,Adult,Average
E. Amor,72,74,27,Colo-Colo,Argentina,CB,2500000,5000,51,36,47,52,70,80,Adult,Average
V. Chiricheș,72,72,32,US Cremonese,Romania,CB,1500000,9000,54,61,57,62,74,66,Senior,Average
R. Ledson,72,75,24,Preston North End,England,"CDM,CM",2900000,19000,63,56,69,66,67,74,Adult,Average
M. Rog,72,73,26,Cagliari,Croatia,"CM,CDM",2700000,4000,67,66,72,74,63,68,Adult,Average
Guto Milazar,72,72,30,Flamengo,Brazil,LB,2000000,23000,73,40,61,64,70,58,Senior,Average
F. Mura,72,77,23,Racing Club,Argentina,"RB,LB",3300000,11000,78,54,66,70,67,70,Adult,Average
V. Jemelka,72,74,27,FC Viktoria Plzeň,Czech Republic,"CB,LB",2500000,750,65,43,60,65,72,73,Adult,Average
Wallace,72,74,27,Wuhan Three Towns,Brazil,CB,2500000,13000,68,28,44,49,71,77,Adult,Average
K. Sowah,72,79,22,Club Brugge KV,Ghana,"CF,CAM,LM",4800000,17000,84,69,65,73,44,64,Young,Average
Paulinho,72,72,27,Shanghai Port FC,Brazil,"ST,CM",2500000,15000,81,71,73,76,44,67,Adult,Average
Leandro Vivenço,72,72,22,RB Bragantino,Brazil,ST,2800000,12000,75,76,59,75,30,62,Young,Average
F. Mora,72,72,28,Portland Timbers,Chile,ST,2400000,8000,78,71,55,71,27,65,Adult,Average
B. Al Ahbabi,72,72,31,Al Ain FC,United Arab Emirates,"RB,RM",1700000,900,84,51,70,71,64,53,Senior,Average
Nélson Oliveira,72,72,30,PAOK,Portugal,ST,2300000,1000,68,73,64,71,37,74,Senior,Average
T. Monconduit,72,72,31,AS Saint-Étienne,France,"CDM,CM",1600000,7000,50,57,68,66,71,74,Senior,Average
D. Banguero,72,72,32,Atlético Nacional,Colombia,LB,1600000,4000,78,58,63,62,67,80,Senior,Average
Leo Coelho,72,73,29,Club Nacional de Football,Brazil,CB,2200000,650,69,43,57,57,73,73,Adult,Average
L. Négo,72,72,31,Free agent,Hungary,"RM,RB,CM",0,0,80,67,68,71,63,67,Senior,Average
M. Barrios,72,72,31,Colorado Rapids,Colombia,"RM,ST",1900000,7000,85,66,66,75,41,54,Senior,Average
S. Lovrič,72,79,24,Udinese Calcio,Slovenia,"CM,CDM",4700000,11000,53,64,72,70,62,68,Adult,Average
S. Torrico,72,72,42,San Lorenzo de Almagro,Argentina,GK,250000,5000,66,71,72,73,39,76,Senior,Average
S. Schrijvers,72,75,25,Oud-Heverlee Leuven,Belgium,"CM,CF,ST",3100000,11000,67,72,72,73,62,63,Adult,Average
Xavi Torres,72,72,35,CD Lugo,Spain,"CDM,CB",650000,5000,59,60,69,64,69,79,Senior,Average
Luiz Júnior,72,82,21,Futebol Clube de Famalicão,Brazil,GK,4600000,4000,72,71,67,73,30,72,Young,Average
F. Bjørkan,72,77,23,Feyenoord,Norway,LB,3300000,16000,78,52,62,72,66,71,Adult,Average
B. Ndiaye,72,72,31,Adana Demirspor,Senegal,"CM,CDM",1900000,16000,82,69,68,75,70,78,Senior,Average
Jutglà,72,80,23,Club Brugge KV,Spain,"ST,LW",5000000,17000,76,72,58,76,29,74,Adult,Average
M. Lis,72,77,25,ESTAC Troyes,Poland,GK,2700000,24000,74,71,66,75,27,74,Adult,Average
Samu,72,75,26,FC Vizela,Portugal,CM,3000000,5000,73,69,69,77,58,63,Adult,Average
L. Di Plácido,72,72,28,Club Atlético Lanús,Argentina,"RB,RWB,RM",2100000,12000,86,60,63,73,65,71,Adult,Average
M. Hedges,72,72,32,FC Dallas,United States,CB,1500000,6000,41,28,51,53,71,84,Senior,Average
O. Özyakup,72,72,29,Fortuna Sittard,Turkey,"CM,CAM",2300000,12000,57,68,77,77,57,60,Adult,Average
Diego Mariño,72,72,32,Real Sporting de Gijón,Spain,GK,1200000,6000,73,71,66,75,50,68,Senior,Average
L. Da Cunha,72,78,21,OGC Nice,France,"RM,CAM,RW",3800000,20000,76,68,68,74,37,55,Young,Average
H. Barcos,72,72,38,Club Alianza Lima,Argentina,ST,800000,700,53,74,66,66,46,71,Senior,Average
N. Dussenne,72,72,30,Standard de Liège,Belgium,CB,1900000,11000,35,34,52,52,74,74,Senior,Average
R. Coetzee,72,79,25,Mamelodi Sundowns FC,South Africa,"CDM,CB",4300000,850,76,29,63,64,74,64,Adult,Average
M. Villanueva,72,72,29,Vitória de Guimarães,Venezuela,CB,2000000,8000,64,40,59,62,71,82,Adult,Average
C. Cuesta,72,79,23,KRC Genk,Colombia,CB,4400000,10000,74,28,52,64,72,75,Adult,Average
E. Bologna,72,72,40,Club Atlético Banfield,Argentina,GK,250000,5000,74,67,72,74,42,71,Senior,Average
J. Robinson,72,72,28,Sheffield United,England,"CB,LB",2000000,20000,69,41,60,61,72,74,Adult,Average
L. López,72,72,39,Club Atlético Sarmiento,Argentina,"ST,CAM",800000,8000,63,72,70,72,53,60,Senior,Average
B. Özdemir,72,76,24,Ettifaq FC,Turkey,"CDM,CM",3100000,16000,68,60,67,68,71,74,Adult,Average
C. Clark,72,72,32,Sheffield United,Republic of Ireland,CB,1500000,46000,35,51,51,54,73,71,Senior,Average
A. Ali,72,75,25,Free agent,Qatar,ST,0,0,76,74,52,64,23,69,Adult,Average
L. Cacace,72,82,21,Empoli,New Zealand,"LB,LWB",5000000,6000,80,62,65,69,66,77,Young,Average
O. Zubkov,72,73,25,Shakhtar Donetsk,Ukraine,"RW,CAM,LW",2800000,800,83,71,63,72,20,55,Adult,Average
E. Adebayo,72,76,24,Luton Town,England,ST,3400000,23000,73,71,50,68,44,79,Adult,Average
F. Tănase,72,72,27,Free agent,Romania,"CF,ST,CM",0,0,74,72,72,69,42,57,Adult,Average
L. Karius,72,72,29,Newcastle United,Germany,GK,1600000,40000,75,66,72,75,55,70,Adult,Average
A. Alvarado,72,80,23,LDU Quito,Ecuador,"LM,LW,CF",5000000,700,82,68,67,72,53,69,Adult,Average
T. Reijnders,72,77,23,AZ Alkmaar,Netherlands,CM,3500000,7000,79,68,73,75,63,68,Adult,Average
S. Dieng,72,75,27,Queens Park Rangers,Senegal,GK,2300000,18000,70,68,71,75,40,69,Adult,Average
Y. Yotún,72,72,32,Club Sporting Cristal,Peru,"CM,CDM,LM",1800000,750,62,68,74,71,65,76,Senior,Average
H. Calcaterra,72,72,33,Club Sporting Cristal,Peru,"CM,CAM",1400000,750,66,66,76,70,60,63,Senior,Average
G. Suso,72,72,31,Platense,Argentina,CB,1600000,10000,52,41,52,51,73,75,Senior,Average
D. Dąbrowski,72,72,29,Pogoń Szczecin,Poland,CDM,2000000,8000,70,56,68,66,66,81,Adult,Average
S. Byram,72,72,28,Norwich City,England,"LB,RB",2100000,29000,74,57,64,69,70,67,Adult,Average
A. Hansen,72,72,32,Rosenborg BK,Norway,GK,1200000,5000,73,70,72,74,33,72,Senior,Average
T. Walcott,72,72,33,Southampton,England,RM,1500000,35000,74,68,70,74,39,52,Senior,Average
Y. Court,72,72,32,Stade Malherbe Caen,France,"RM,LM,CAM",1900000,7000,68,65,72,72,40,70,Senior,Average
K. Asllani,72,84,20,Inter,Albania,"CDM,CM",5500000,6000,66,61,70,70,69,62,Young,Average
G. González,72,72,27,RCD Mallorca,Uruguay,"RB,RWB,RM",2300000,17000,73,43,61,65,68,71,Adult,Average
S. Beukema,72,80,23,AZ Alkmaar,Netherlands,CB,4900000,7000,66,55,55,60,72,73,Adult,Average
E. Zeballos,72,85,20,Boca Juniors,Argentina,"RW,LW",5500000,10000,85,63,66,77,31,46,Young,Average
J. Paterson,72,72,30,Swansea City,England,"LW,CM,CAM",2300000,23000,75,67,70,73,39,51,Senior,Average
H. Cuypers,72,76,25,KAA Gent,Belgium,ST,3300000,17000,75,72,64,68,26,69,Adult,Average
R. Schunke,72,72,30,Independiente del Valle,Argentina,CB,1900000,800,59,34,52,54,70,80,Senior,Average
B. Šutalo,72,79,22,Dinamo Zagreb,Croatia,CB,4400000,600,61,44,56,63,74,67,Young,Average
G. Donati,72,72,32,AC Monza,Italy,"CB,RWB",1500000,29000,66,42,63,62,72,74,Senior,Average
M. Dæhli,72,73,27,1. FC Nürnberg,Norway,CAM,2700000,10000,77,55,69,80,36,62,Adult,Average
F. Hinestroza,72,72,32,Junior FC,Colombia,"LM,RM",1900000,4000,88,63,67,73,43,66,Senior,Average
M. Wanitzek,72,72,29,Karlsruher SC,Germany,CM,2300000,12000,70,65,74,73,56,67,Adult,Average
W. Cyprien,72,73,27,FC Sion,France,"CDM,CM",2400000,4000,64,69,71,72,70,73,Adult,Average
A. Cambiaso,72,82,22,Bologna,Italy,"LWB,LM,RWB",5000000,44000,74,54,67,71,68,57,Young,Average
S. Kalu,72,75,24,Watford,Nigeria,"LM,RW",3200000,26000,85,64,67,75,34,56,Adult,Average
A. Chatzigiovanis,72,75,25,MKE Ankaragücü,Greece,RW,3100000,12000,81,65,68,74,36,61,Adult,Average
V. Shepelev,72,76,25,Dynamo Kyiv,Ukraine,"CM,CDM",3200000,750,64,63,64,69,65,62,Adult,Average
Um Won Sang,72,80,23,Ulsan Hyundai FC,Korea Republic,"RW,ST,RM",5000000,9000,93,66,58,74,38,67,Adult,Average
B. Dack,72,72,28,Blackburn Rovers,England,"CAM,CM",2400000,31000,70,70,71,75,53,71,Adult,Average
W. Reid,72,72,33,Free agent,New Zealand,CB,0,0,53,51,45,47,74,69,Senior,Average
M. Benassi,72,72,27,Fiorentina,Italy,CM,2500000,33000,54,70,71,75,70,66,Adult,Average
A. Matějů,72,72,26,Palermo,Czech Republic,RB,2300000,4000,73,49,64,68,71,78,Adult,Average
M. Estève,72,82,20,Montpellier Hérault SC,France,CB,4800000,11000,67,33,51,54,72,75,Young,Average
F. Maouassa,72,75,23,Montpellier Hérault SC,France,LB,3000000,14000,78,64,70,74,67,74,Adult,Average
I. Sosa,72,72,35,CD Everton de Viña del Mar,Argentina,"ST,CAM,LW",1000000,3000,75,72,69,72,45,71,Senior,Average
M. Castagnetti,72,72,32,US Cremonese,Italy,"CDM,CM",1600000,9000,57,70,68,68,69,76,Senior,Average
R. Insigne,72,72,28,Frosinone,Italy,"RW,RM",2400000,4000,82,65,71,74,27,40,Adult,Average
P. Rubio,72,72,33,Deportivo Ñublense,Chile,"ST,LW",1500000,7000,72,71,62,70,27,75,Senior,Average
E. Cömert,72,78,24,Valencia CF,Switzerland,CB,3400000,18000,74,49,59,56,70,76,Adult,Average
L. Cháves,72,73,26,Club Atlético Huracán,Argentina,GK,2100000,8000,75,68,67,72,49,72,Adult,Average
Á. Nagy,72,74,27,Pisa,Hungary,"CDM,CM",2500000,4000,68,54,70,73,69,61,Adult,Average
S. Memišević,72,72,28,Beijing Guoan FC,Bosnia and Herzegovina,"CB,CM,CDM",2000000,14000,59,50,55,62,69,86,Adult,Average
K. Thorstvedt,72,79,23,U.S. Sassuolo Calcio,Norway,"CAM,CM",4700000,19000,63,72,69,72,66,80,Adult,Average
M. Ishak,72,72,29,Lech Poznań,Sweden,ST,2300000,9000,72,73,57,65,38,79,Adult,Average
Dani Ojeda,72,72,27,SD Ponferradina,Spain,"RM,LM,CAM",2500000,8000,74,67,67,73,41,63,Adult,Average
Jeong Woo Yeong,72,77,22,Sport-Club Freiburg,Korea Republic,"CF,CAM",3600000,18000,82,63,66,77,36,63,Young,Average
S. Moharrami,72,74,26,Dinamo Zagreb,Iran,"RB,RM",2700000,700,80,30,59,68,70,60,Adult,Average
Y. Maçon,72,78,23,AS Saint-Étienne,France,"RB,RWB,LB",3500000,6000,88,50,61,72,65,72,Adult,Average
J. Souttar,72,76,25,Rangers FC,Scotland,CB,2900000,30000,66,44,58,64,71,74,Adult,Average
A. Franco,72,78,25,Atlanta United,Argentina,CB,3300000,6000,59,34,56,66,71,78,Adult,Average
M. Grüll,72,77,23,SK Rapid Wien,Austria,"LM,ST",3500000,18000,86,70,65,74,32,67,Adult,Average
Heitor Gesse,72,72,26,Clube Atlético Mineiro,Brazil,LB,2300000,22000,78,55,66,64,69,61,Adult,Average
J. Gelhardt,72,87,20,Leeds United,England,"ST,CAM",5500000,22000,75,72,61,77,28,70,Young,Average
T. Moffi,72,78,23,FC Lorient,Nigeria,ST,3700000,13000,72,72,53,68,24,74,Adult,Average
L. Crisetig,72,72,29,Urbs Reggina 1914,Italy,"CDM,CM",2000000,3000,49,58,68,70,69,74,Adult,Average
A. Mowatt,72,72,27,Middlesbrough,England,"CM,CDM",2500000,24000,56,69,72,70,64,73,Adult,Average
P. Pérez,72,72,36,Newell's Old Boys,Argentina,"CM,CDM",750000,9000,54,66,73,71,70,75,Senior,Average
João Bardinho,72,72,26,América Futebol Clube,Brazil,"LB,RB",2300000,12000,71,58,71,73,68,62,Adult,Average
V. Berisha,72,72,29,Melbourne City FC,Kosovo,"CM,CDM",2300000,18000,68,67,70,75,58,76,Adult,Average
Igor Paixão,72,82,22,Feyenoord,Brazil,"LW,RW",5500000,8000,80,60,67,78,30,61,Young,Average
Y. Cabrera,72,72,31,Junior FC,Colombia,"CAM,CM",1900000,4000,75,65,69,77,50,49,Senior,Average
B. Osborn,72,72,27,Sheffield United,England,"LWB,LM,CM",2300000,19000,71,65,71,72,65,60,Adult,Average
N. Eliasson,72,73,26,AEK Athens,Sweden,"LM,LWB",2800000,950,88,60,68,75,38,56,Adult,Average
Y. Salmier,72,73,29,ESTAC Troyes,France,CB,2200000,13000,37,28,45,52,72,80,Adult,Average
Calegarcinho,72,72,38,Fortaleza,Brazil,"ST,CAM",800000,9000,66,70,62,65,25,70,Senior,Average
Sacramentinho,72,72,38,Clube Atlético Mineiro,Brazil,GK,250000,11000,74,68,72,71,45,74,Senior,Average
Caio Milaçar,72,72,26,Ceará Sporting Club,Brazil,CAM,2600000,11000,66,68,69,76,31,52,Adult,Average
A. Jung,72,72,30,SV Werder Bremen,Germany,"LWB,CB",2000000,16000,66,60,66,65,72,77,Senior,Average
Iago,72,72,30,Al Shabab,Brazil,CB,1900000,22000,47,30,48,53,72,81,Senior,Average
A. Barnes,72,72,32,Burnley,England,ST,1900000,32000,51,73,68,70,47,79,Senior,Average
I. Pandur,72,79,22,Fortuna Sittard,Croatia,GK,4099999,12000,71,69,62,77,39,69,Young,Average
Anselmo,72,72,33,Al Wehda,Brazil,"CM,CDM,CAM",1400000,18000,66,68,67,71,71,80,Senior,Average
Dener,72,72,30,Al Tai,Brazil,"CM,CDM,CAM",2200000,16000,65,67,68,70,71,80,Senior,Average
Lee Chang Min,72,72,28,Jeju United FC,Korea Republic,CM,2300000,7000,67,67,69,69,61,77,Adult,Average
F. Amuzu,72,78,22,RSC Anderlecht,Belgium,"RM,LM",3800000,14000,89,64,65,74,36,59,Young,Average
A. Vlkanova,72,72,27,FC Viktoria Plzeň,Czech Republic,"CAM,LM,RM",2500000,850,73,64,71,75,33,51,Adult,Average
Matheus Costa,72,75,27,Clube Sport Marítimo,Brazil,CB,2700000,8000,82,33,42,53,72,77,Adult,Average
Timo Triano,72,72,26,Sport Club Corinthians Paulista,Brazil,"CDM,CM",2300000,18000,48,46,67,64,74,68,Adult,Average
E. Akbaba,72,72,29,Adana Demirspor,Turkey,"CAM,CM,LM",2300000,16000,61,73,74,70,57,59,Adult,Average
S. Al Ghannam,72,72,28,Al Nassr,Saudi Arabia,RB,2100000,25000,81,59,69,71,66,70,Adult,Average
G. Kyriakopoulos,72,74,26,U.S. Sassuolo Calcio,Greece,"LB,LM,LW",2700000,20000,67,48,64,71,69,69,Adult,Average
A. Ndao,72,75,25,Antalyaspor,Senegal,"RM,RW",3100000,18000,82,63,66,73,31,54,Adult,Average
Kiko Bondoso,72,73,26,FC Vizela,Portugal,"RW,LW",2800000,6000,75,69,67,75,33,52,Adult,Average
Z. Youssouf,72,78,22,Futebol Clube de Famalicão,France,"CM,CDM,RM",3700000,7000,64,58,70,76,64,73,Young,Average
A. Álvarez Martínez,72,80,21,U.S. Sassuolo Calcio,Uruguay,ST,5500000,18000,70,72,61,68,36,68,Young,Average
D. Antolić,72,72,31,Damac FC,Croatia,"CM,CDM,CAM",1900000,16000,55,69,74,69,68,70,Senior,Average
O. Omoijuanfo,72,72,28,Brøndby IF,Norway,ST,2400000,13000,75,72,62,68,44,74,Adult,Average
P. Cutrone,72,77,24,Como,Italy,ST,3600000,3000,72,70,54,71,29,68,Adult,Average
Vieiraldo Junior,72,72,30,Atlético Clube Goianiense,Brazil,"CDM,LB",2000000,10000,68,45,62,67,73,78,Senior,Average
J. Anthony,72,79,22,AFC Bournemouth,England,"LW,ST",4800000,30000,79,64,70,73,25,65,Young,Average
Z. Vanheusden,72,79,22,AZ Alkmaar,Belgium,CB,4400000,29000,55,45,61,65,73,75,Young,Average
P. Bauer,72,72,29,Preston North End,Germany,CB,2000000,23000,32,45,53,46,73,76,Adult,Average
K. Stöger,72,72,28,VfL Bochum 1848,Austria,"CM,CAM",2300000,18000,56,68,76,76,41,61,Adult,Average
M. Degenek,72,73,28,Columbus Crew,Australia,CB,2200000,6000,76,61,66,60,70,83,Adult,Average
N. Lavanchy,72,72,28,FC Sion,Switzerland,"RB,RWB,RM",2100000,17000,80,62,66,70,64,71,Adult,Average
F. Tardieu,72,72,30,ESTAC Troyes,France,"CDM,CM",2000000,13000,48,63,70,67,68,75,Senior,Average
M. Samatta,72,72,29,KRC Genk,Tanzania,ST,2300000,45000,84,70,63,69,31,71,Adult,Average
L. Pernica,72,72,32,FC Viktoria Plzeň,Czech Republic,CB,1500000,750,68,50,56,59,72,76,Senior,Average
A. Cistana,72,75,25,Brescia,Italy,CB,2800000,4000,68,52,57,64,74,71,Adult,Average
K. Sandoval,72,75,25,Cienciano,Peru,"LW,LM,CM",3100000,800,77,70,68,73,32,56,Adult,Average
B. Oczipka,72,72,33,DSC Arminia Bielefeld,Germany,"LWB,CB",1200000,13000,66,59,69,63,72,73,Senior,Average
M. Le Marchand,72,72,32,RC Strasbourg Alsace,France,CB,1500000,17000,60,39,68,65,73,68,Senior,Average
J. Rodríguez,72,73,28,Rosario Central,Argentina,CB,2200000,11000,69,39,58,64,70,75,Adult,Average
M. Eikrem,72,72,31,Molde FK,Norway,"CF,CAM",2000000,6000,64,69,76,74,33,44,Senior,Average
H. Toledo,72,73,26,Estudiantes de La Plata,Argentina,"LM,RM,LW",2800000,10000,80,66,69,73,46,62,Adult,Average
D. Holec,72,74,27,AC Sparta Praha,Slovakia,GK,2100000,600,72,68,76,75,34,71,Adult,Average
K. Acosta,72,73,26,Los Angeles FC,United States,"CM,CDM",2700000,7000,76,67,72,72,66,77,Adult,Average
O. Etebo,72,74,26,Stoke City,Nigeria,"CDM,CM",2600000,19000,71,65,67,73,70,77,Adult,Average
M. Pigliacelli,72,72,29,Palermo,Italy,GK,1600000,3000,69,71,83,71,48,70,Adult,Average
A. Tinnerholm,72,72,31,New York City FC,Sweden,"RB,RWB",1700000,6000,71,52,66,69,68,75,Senior,Average
Álex Pozo,72,79,23,Unión Deportiva Almería,Spain,"RB,RM,RWB",4500000,14000,75,68,67,74,67,46,Adult,Average
Flávio Rebeilo,72,72,30,Santos,Brazil,LB,2000000,17000,79,44,61,71,68,62,Senior,Average
J. Rodon,72,80,24,Stade Rennais FC,Wales,CB,4900000,40000,58,29,49,57,74,72,Adult,Average
C. Musonda,72,75,25,Levante Unión Deportiva,Belgium,"RM,LM",3100000,9000,77,63,68,79,24,38,Adult,Average
L. Depoitre,72,72,33,KAA Gent,Belgium,ST,1500000,18000,51,71,62,61,45,82,Senior,Average
João Amaral,72,72,30,Lech Poznań,Portugal,CAM,2300000,8000,81,68,70,73,35,55,Senior,Average
R. Jarstein,72,72,37,Hertha BSC,Norway,GK,250000,10000,72,70,67,71,37,75,Senior,Average
E. Kılınç,72,72,27,MKE Ankaragücü,Turkey,"RM,CM,LM",2500000,40000,75,69,67,74,51,58,Adult,Average
A. Urzi,72,83,22,Club Atlético Banfield,Argentina,"LM,LW",5500000,10000,85,63,64,74,36,59,Young,Average
A. Bedoya,72,72,35,Philadelphia Union,United States,"CM,CDM",950000,5000,60,65,71,72,65,73,Senior,Average
V. Jurečka,72,72,28,SK Slavia Praha,Czech Republic,"ST,RM",2400000,1000,75,71,60,69,28,70,Adult,Average
J. Soñora,72,75,25,Clube Sport Marítimo,United States,"CAM,CM",3100000,8000,82,68,71,75,55,58,Adult,Average
T. Belmonte,72,78,24,Club Atlético Lanús,Argentina,"CM,CDM",3700000,11000,68,65,66,73,70,77,Adult,Average
C. Buonaiuto,72,72,29,US Cremonese,Italy,"LM,CAM",2300000,10000,77,72,68,70,44,57,Adult,Average
Jeong Seung Hyun,72,74,28,Ulsan Hyundai FC,Korea Republic,CB,2400000,9000,43,29,52,43,71,81,Adult,Average
M. Frendrup,72,81,21,Genoa,Denmark,"CDM,CM",5000000,3000,79,52,64,71,67,75,Young,Average
J. Garner,72,82,21,Everton,England,"CDM,CM",5000000,18000,67,63,72,68,68,70,Young,Average
J. Mellot,72,72,28,CD Tenerife,France,RB,2100000,8000,81,42,58,67,67,77,Adult,Average
J. Dompé,72,72,26,Hamburger SV,France,"LW,LWB",2600000,12000,73,69,71,75,38,53,Adult,Average
A. Ferrari,72,73,28,U.C. Sampdoria,Italy,"CB,RB",2200000,14000,63,35,51,63,74,71,Adult,Average
G. Taylor,72,77,24,Celtic,Scotland,LB,3300000,27000,72,49,70,71,68,70,Adult,Average
A. Murić,72,80,23,Burnley,Kosovo,GK,4500000,18000,72,71,73,74,45,73,Adult,Average
M. Diouf,72,72,34,İttifak Holding Konyaspor,Senegal,ST,1100000,15000,66,71,61,67,55,78,Senior,Average
M. Catalán,72,72,29,Club Atlético Talleres,Argentina,"CB,RB",2000000,11000,84,58,63,64,72,76,Adult,Average
A. Paleari,72,72,29,Benevento,Italy,GK,1600000,3000,73,70,69,72,32,73,Adult,Average
V. Korniienko,72,81,23,Shakhtar Donetsk,Ukraine,LB,5000000,600,77,52,70,72,66,73,Adult,Average
A. Cubas,72,75,26,Vancouver Whitecaps FC,Paraguay,"CM,CDM",3000000,7000,69,54,67,73,73,58,Adult,Average
V. Pule,72,72,30,Orlando Pirates,South Africa,"RW,LW,CAM",2300000,850,82,77,62,73,41,51,Senior,Average
P. Mainka,72,73,27,1. FC Heidenheim 1846,Germany,CB,2400000,16000,55,40,51,53,74,79,Adult,Average
H. Wolf,72,79,23,Borussia Mönchengladbach,Austria,"CAM,LM",4700000,17000,76,68,67,76,36,65,Adult,Average
R. van Wolfswinkel,72,72,33,FC Twente,Netherlands,"ST,CAM",1500000,11000,65,73,67,69,44,70,Senior,Average
P. Nardi,72,74,28,KAA Gent,France,GK,2000000,13000,74,66,67,76,50,71,Adult,Average
F. Díaz,72,83,19,Liverpool Fútbol Club,Uruguay,"CDM,CM",4800000,500,70,64,67,72,70,63,Young,Average
Yuri,72,72,39,SD Ponferradina,Brazil,ST,800000,6000,64,74,61,70,37,71,Senior,Average
J. Onguéné,72,78,24,Eintracht Frankfurt,Cameroon,CB,3400000,15000,72,38,49,59,71,73,Adult,Average
Evandro Rochedo,72,72,26,Clube Atlético Mineiro,Brazil,ST,2600000,26000,55,75,60,70,36,64,Adult,Average
S. Lobjanidze,72,72,27,Atakaş Hatayspor,Georgia,"RW,RM,LM",2500000,12000,88,66,67,76,25,55,Adult,Average
M. Seuntjens,72,72,30,Fortuna Sittard,Netherlands,"LM,ST",2300000,12000,77,73,69,71,61,78,Senior,Average
H. Ito,72,77,23,VfB Stuttgart,Japan,"CB,CDM",3200000,14000,84,54,65,65,73,71,Adult,Average
M. Elia,72,77,24,BSC Young Boys,Congo DR,"ST,RM",3600000,16000,91,70,65,76,26,69,Adult,Average
L. Nicholls,72,74,29,Huddersfield Town,England,GK,1900000,12000,73,71,69,74,41,73,Adult,Average
E. Bohinen,72,79,23,US Salernitana 1919,Norway,"CM,CDM",4700000,16000,67,62,71,73,68,69,Adult,Average
D. Quintero,72,72,34,Houston Dynamo,Colombia,"CAM,LW,LM",1100000,7000,73,69,69,76,28,54,Senior,Average
A. Browne,72,72,27,Preston North End,Republic of Ireland,"CM,CAM,CDM",2500000,24000,75,69,69,71,69,82,Adult,Average
R. Manaj,72,76,25,Watford,Albania,ST,3300000,31000,67,72,54,71,28,70,Adult,Average
L. Paqarada,72,72,27,FC St. Pauli,Kosovo,"LB,LWB",2300000,13000,76,47,69,70,65,70,Adult,Average
R. Laryea,72,72,27,Toronto FC,Canada,"RWB,RB,LB",2300000,36000,83,60,64,71,64,70,Adult,Average
Gerson Rodrigues,72,72,27,Al Wehda,Luxembourg,"LM,ST",2500000,750,86,68,66,69,44,80,Adult,Average
Gustavo Lobateiro,72,72,22,Internacional,Brazil,"CAM,ST,CF",2800000,16000,77,65,68,72,33,60,Young,Average
K. Ehizibue,72,73,27,Udinese Calcio,Nigeria,RB,2500000,12000,88,57,63,69,66,76,Adult,Average
D. Furlong,72,75,26,West Bromwich Albion,England,"RWB,RB",2800000,22000,74,36,60,69,69,72,Adult,Average
N. Powell,72,72,28,Stoke City,England,"CAM,CM,ST",2400000,22000,67,72,70,72,54,67,Adult,Average
Rogério,72,76,24,U.S. Sassuolo Calcio,Brazil,LB,3100000,17000,74,53,67,74,69,58,Adult,Average
L. Sadílek,72,75,26,AC Sparta Praha,Czech Republic,"CM,CDM",3000000,850,71,62,72,73,64,60,Adult,Average
D. Viera,72,72,31,Club Libertad,Paraguay,CB,1600000,700,31,27,44,49,73,79,Senior,Average
Tony Muttinho,72,72,26,Fortaleza,Brazil,"RB,RWB,RM",2300000,10000,69,48,64,64,70,71,Adult,Average
S. Moutoussamy,72,75,25,FC Nantes,Congo DR,"CM,CDM,LW",3100000,17000,68,58,68,75,72,69,Adult,Average
J. Joronen,72,73,29,Venezia FC,Finland,GK,1800000,3000,70,70,68,72,47,71,Adult,Average
Durval Dutría,72,72,30,Cuiabá,Brazil,CM,2200000,13000,68,69,70,71,69,76,Senior,Average
A. Schlager,72,75,26,LASK Linz,Austria,GK,2400000,14000,72,68,66,74,46,72,Adult,Average
C. Cathcart,72,72,33,Watford,Northern Ireland,CB,1100000,27000,35,37,55,53,74,71,Senior,Average
D. Latza,72,72,32,FC Schalke 04,Germany,"CM,CDM",1800000,18000,57,61,71,73,62,75,Senior,Average
D. Greif,72,78,25,RCD Mallorca,Slovakia,GK,2900000,13000,70,73,77,70,18,71,Adult,Average
J. Hansen,72,72,37,Aarhus GF,Denmark,GK,250000,6000,70,70,74,72,41,73,Senior,Average
D. Kourbelis,72,72,28,Panathinaikos FC,Greece,"CDM,CB",2100000,650,75,52,64,67,70,74,Adult,Average
N. Gavory,72,72,27,Fortuna Düsseldorf,France,"LB,LWB,CB",2300000,16000,66,62,70,70,68,72,Adult,Average
M. Lowe,72,77,25,Sheffield United,England,"LWB,LB",3200000,18000,80,46,63,73,69,66,Adult,Average
J. Dahlin,72,72,35,Malmö FF,Sweden,GK,250000,3000,67,71,67,68,38,79,Senior,Average
A. Oukidja,72,72,33,FC Metz,Algeria,GK,750000,5000,69,71,69,72,47,73,Senior,Average
P. Tachtsidis,72,72,31,Al Fayha,Greece,"CM,CAM,CDM",1900000,18000,46,62,74,65,65,80,Senior,Average
M. Satriano,72,81,21,Empoli,Uruguay,ST,5500000,31000,65,72,56,71,32,69,Young,Average
Túlio Changas,72,72,26,Palmeiras,Brazil,GK,1900000,19000,72,71,75,73,43,68,Adult,Average
L. Pavoletti,72,72,33,Cagliari,Italy,ST,1500000,5000,63,69,52,64,35,73,Senior,Average
K. Mier,72,84,22,Atlético Nacional,Colombia,GK,5000000,3000,72,70,67,74,43,68,Young,Average
Sin Jin Ho,72,72,33,Pohang Steelers,Korea Republic,"CDM,CAM",1200000,6000,64,65,74,71,64,75,Senior,Average
A. Ahmedhodžić,72,82,23,Sheffield United,Bosnia and Herzegovina,CB,4900000,16000,78,34,60,63,70,77,Adult,Average
R. Nicolaisen,72,77,25,Toulouse Football Club,Denmark,CB,3100000,12000,57,41,56,60,72,74,Adult,Average
B. Kouyaté,72,77,25,FC Metz,Mali,CB,3100000,6000,65,37,50,58,73,76,Adult,Average
A. Ramos,72,72,36,América de Cali,Colombia,ST,800000,2000,66,72,65,67,42,70,Senior,Average
G. Blanco Leschuk,72,72,30,SD Eibar,Argentina,ST,2300000,9000,64,70,56,66,36,80,Senior,Average
Jair Amador,72,72,32,Real Zaragoza,Portugal,CB,1500000,8000,66,29,48,46,71,83,Senior,Average
Y. Namli,72,72,28,Sparta Rotterdam,Denmark,"CAM,RM,LM",2400000,9000,76,60,71,78,45,61,Adult,Average
S. Corchia,72,72,31,FC Nantes,France,"RB,RWB",1700000,17000,68,62,71,70,71,59,Senior,Average
M. van Ewijk,72,80,21,SC Heerenveen,Netherlands,RWB,5000000,5000,91,48,58,67,66,70,Young,Average
S. Koita,72,82,22,FC Red Bull Salzburg,Mali,ST,5500000,19000,92,72,62,76,35,71,Young,Average
J. Tomkins,72,72,33,Crystal Palace,England,CB,1100000,32000,33,32,56,49,74,67,Senior,Average
B. Sharp,72,72,36,Sheffield United,England,ST,800000,17000,55,74,62,65,39,67,Senior,Average
M. Kolke,72,72,31,F.C. Hansa Rostock,Germany,GK,1200000,8000,74,69,62,75,45,71,Senior,Average
K. Boudiaf,72,72,31,Free agent,Qatar,"CM,CDM",0,0,52,62,71,69,67,75,Senior,Average
R. Nouri,72,72,37,AC Ajaccio,France,"RM,LM",750000,10000,66,72,72,75,31,57,Senior,Average
N. Mushekwi,72,72,34,Zhejiang Professional FC,Zimbabwe,ST,1100000,9000,78,71,53,60,31,76,Senior,Average
J. Uronen,72,72,27,Stade Brestois 29,Finland,LB,2300000,15000,68,57,69,67,69,74,Adult,Average
A. Sima,72,84,21,Angers SCO,Senegal,"RM,ST",6000000,30000,88,73,62,69,41,72,Young,Average
M. Heča,72,72,31,AC Sparta Praha,Czech Republic,GK,1200000,600,73,71,65,72,45,72,Senior,Average
B. Gilmour,72,82,21,Brighton & Hove Albion,Scotland,"CM,CDM",5000000,30000,61,55,70,73,67,55,Young,Average
B. Bianchi,72,72,33,Atlético Tucumán,Argentina,CB,1100000,9000,59,35,56,56,72,77,Senior,Average
Deiverson Kaio,72,72,38,Flamengo,Brazil,CAM,750000,19000,81,71,71,75,44,59,Senior,Average
M. Kelly,72,72,32,West Bromwich Albion,England,"CB,RB",1500000,22000,37,44,59,61,74,64,Senior,Average
T. Augello,72,72,27,U.C. Sampdoria,Italy,LB,2300000,13000,76,39,64,69,67,61,Adult,Average
P. Förster,72,72,27,VfL Bochum 1848,Germany,"CAM,CF,CM",2500000,18000,64,68,71,71,61,78,Adult,Average
J. Duque,72,72,30,Atlético Nacional,Colombia,CDM,2000000,4000,64,44,61,65,72,74,Senior,Average
J. Insaurralde,72,72,37,Club Atlético Independiente,Argentina,CB,425000,7000,55,53,57,58,71,80,Senior,Average
A. Musa,72,72,29,Demir Grup Sivasspor,Nigeria,"RW,ST,LW",2300000,15000,89,67,63,74,30,53,Adult,Average
A. Herrera,72,77,23,River Plate,Argentina,"RB,RWB",3300000,10000,80,62,61,73,67,70,Adult,Average
F. Quignon,72,72,29,FC Dallas,Argentina,"CDM,CM",2000000,6000,62,53,66,74,70,74,Adult,Average
B. Raman,72,72,27,RSC Anderlecht,Belgium,"ST,RM,LM",2500000,18000,90,73,66,75,33,60,Adult,Average
Antonio Sánchez,72,75,25,RCD Mallorca,Spain,"RM,CM,LM",3100000,17000,75,66,72,71,63,72,Adult,Average
S. Cáseres,72,78,25,Vélez Sarsfield,Argentina,"CDM,CM,CB",3300000,10000,65,55,66,70,67,78,Adult,Average
Fábio,72,72,31,FC Nantes,Brazil,"LB,RB,RWB",1700000,17000,74,52,69,73,69,65,Senior,Average
Pavelinho Serra,72,72,30,América Futebol Clube,Brazil,CB,1900000,12000,35,47,49,51,74,68,Senior,Average
P. Shalulile,72,72,28,Mamelodi Sundowns FC,Namibia,ST,2400000,1000,78,71,52,70,21,62,Adult,Average
D. Padelli,72,72,36,Udinese Calcio,Italy,GK,250000,6000,73,72,60,68,45,77,Senior,Average
B. Mensah,72,73,27,Yukatel Kayserispor,Ghana,"CAM,CM",2700000,13000,77,70,71,74,62,65,Adult,Average
G. Wüthrich,72,74,27,SK Sturm Graz,Switzerland,CB,2500000,14000,53,35,51,53,71,82,Adult,Average
J. Cajuste,72,79,22,Stade de Reims,Sweden,"CM,CDM",4700000,15000,75,58,68,74,68,77,Young,Average
P. Michorl,72,72,27,LASK Linz,Austria,"CM,CDM,CAM",2500000,19000,67,66,75,71,64,67,Adult,Average
L. Gourna,72,83,18,FC Red Bull Salzburg,France,"CDM,CM",4600000,5000,76,52,65,71,70,73,Young,Average
Óscar Sielva,72,72,30,SD Huesca,Spain,"CDM,CM",2000000,8000,63,71,72,70,66,73,Senior,Average
D. Ndong,72,73,28,Dijon FCO,Gabon,"CDM,CM",2300000,6000,70,59,66,69,68,80,Adult,Average
K. Sema,72,72,28,Watford,Sweden,"LW,LM,LWB",2400000,34000,78,66,70,73,60,67,Adult,Average
F. Ricca,72,73,27,Oud-Heverlee Leuven,Uruguay,"LB,CB",2500000,10000,67,50,60,66,72,70,Adult,Average
Édundo Oliveira,72,72,30,RB Bragantino,Brazil,CB,1900000,12000,56,46,59,51,73,75,Senior,Average
A. Hjulsager,72,73,27,KAA Gent,Denmark,"CAM,CM,CF",2700000,16000,71,68,71,73,62,72,Adult,Average
L. Brassier,72,79,22,Stade Brestois 29,France,"CB,LB",4400000,13000,69,36,61,67,72,73,Young,Average
B. Bannan,72,72,32,Sheffield Wednesday,Scotland,"CM,CAM",1800000,11000,63,64,74,75,57,56,Senior,Average
Mateu Morey,72,79,22,Borussia Dortmund,Spain,"RB,RM",4500000,22000,74,46,67,76,68,60,Young,Average
C. Luyindama,72,72,28,Antalyaspor,Congo DR,CB,2000000,38000,67,35,47,49,71,84,Adult,Average
G. Acosta,72,72,33,Atlético Tucumán,Argentina,"CM,RM",1400000,10000,67,68,69,72,63,71,Senior,Average
N. Orsini,72,72,27,Boca Juniors,Argentina,ST,2500000,13000,79,71,57,67,31,74,Adult,Average
L. Podolski,72,72,37,Górnik Zabrze,Germany,"CF,ST,CAM",800000,6000,49,78,73,71,36,69,Senior,Average
M. Usor,72,79,20,SK Slavia Praha,Nigeria,"RM,LM,ST",4600000,700,86,68,64,74,38,60,Young,Average
Cadu,72,75,24,FC Viktoria Plzeň,Brazil,"RM,RB,CDM",3200000,700,75,61,70,74,68,62,Adult,Average
S. Cook,72,72,31,Nottingham Forest,England,CB,1600000,36000,45,34,54,58,73,72,Senior,Average
V. Gyökeres,72,78,24,Coventry City,Sweden,ST,3700000,16000,75,71,63,73,29,76,Adult,Average
P. Lasne,72,72,33,Paris FC,France,"CDM,CM",1200000,7000,44,62,71,69,69,70,Senior,Average
H. Evjen,72,79,22,AZ Alkmaar,Norway,"RW,CAM",4800000,8000,87,62,67,74,53,62,Young,Average
J. Maidana,72,72,36,River Plate,Argentina,CB,425000,8000,35,39,62,51,72,75,Senior,Average
B. Šeško,72,85,19,FC Red Bull Salzburg,Slovenia,ST,5500000,13000,81,70,60,70,42,74,Young,Average
F. Panák,72,74,26,AC Sparta Praha,Czech Republic,"CB,CDM",2600000,750,67,53,66,68,72,76,Adult,Average
V. Malcorra,72,72,34,Rosario Central,Argentina,"LM,CM",1100000,13000,74,66,73,75,59,69,Senior,Average
J. Bořil,72,72,31,SK Slavia Praha,Czech Republic,"LB,RB",1700000,900,67,60,69,69,71,77,Senior,Average
Vicemte Tófoli,72,72,26,RB Bragantino,Brazil,LW,2600000,14000,79,71,63,75,36,48,Adult,Average
O. Vranješ,72,72,32,Atakaş Hatayspor,Bosnia and Herzegovina,CB,1500000,10000,53,50,53,55,71,85,Senior,Average
D. Martínez,72,72,32,Rosario Central,Argentina,RB,1600000,12000,74,65,65,72,67,74,Senior,Average
Rúben Ribeiro,72,72,34,Atakaş Hatayspor,Portugal,"CM,CDM,CAM",1100000,11000,63,69,74,77,64,62,Senior,Average
K. Mrabti,72,72,28,KV Mechelen,Sweden,"CAM,RM,ST",2400000,12000,80,72,69,71,51,74,Adult,Average
G. Corujo,72,75,25,Charlotte FC,Uruguay,CB,2800000,6000,70,35,46,47,74,74,Adult,Average
S. Ilsanker,72,72,33,Genoa,Austria,"CB,CDM",1100000,4000,56,53,50,50,72,81,Senior,Average
A. Pellegrino,72,72,32,FK Bodø/Glimt,Norway,LW,1900000,5000,85,72,66,71,38,57,Senior,Average
A. Šporar,72,72,28,Panathinaikos FC,Slovenia,ST,2400000,750,75,72,66,70,19,67,Adult,Average
J. Jantscher,72,72,33,SK Sturm Graz,Austria,ST,1500000,17000,67,73,73,72,38,65,Senior,Average
A. Abedzadeh,72,73,29,SD Ponferradina,Iran,GK,1800000,6000,71,69,66,73,28,72,Adult,Average
M. Bíttolo,72,72,32,Argentinos Juniors,Argentina,"LB,LWB,LM",1600000,10000,76,46,70,70,67,64,Senior,Average
M. Dauda,72,77,24,CD Tenerife,Ghana,"LM,ST",3500000,14000,88,69,63,75,27,61,Adult,Average
R. Nteka,72,79,24,Rayo Vallecano,France,"ST,CAM,CM",4700000,14000,73,71,64,72,54,82,Adult,Average
N. Murru,72,73,27,U.C. Sampdoria,Italy,LB,2500000,13000,70,40,61,69,70,66,Adult,Average
Marcelo,72,72,35,Western Sydney Wanderers,Brazil,CB,625000,5000,36,44,57,56,71,79,Senior,Average
Fran Villalba,72,79,24,Málaga CF,Spain,"CAM,LM,RM",4700000,7000,73,64,72,73,48,42,Adult,Average
R. Williams,72,72,30,Mamelodi Sundowns FC,South Africa,GK,1600000,700,73,68,68,73,55,70,Senior,Average
Postigo,72,72,33,Levante Unión Deportiva,Spain,CB,1100000,9000,66,46,53,55,73,72,Senior,Average
F. Aguilar,72,72,29,Club Atlético Lanús,Colombia,CB,2000000,12000,48,40,48,49,75,80,Adult,Average
I. Cardona,72,76,24,Stade Brestois 29,France,ST,3400000,16000,71,73,66,72,26,62,Adult,Average
I. Ivušić,72,76,27,Free agent,Croatia,GK,0,0,71,70,69,71,41,70,Adult,Average
G. Arteaga,72,79,23,KRC Genk,Mexico,LB,4500000,10000,80,53,67,70,67,66,Adult,Average
M. Sagnan,72,81,23,FC Utrecht,France,CB,4900000,17000,64,32,56,56,73,73,Adult,Average
F. Andrijašević,72,72,31,Zhejiang Professional FC,Croatia,"ST,CM,CAM",2000000,9000,69,71,66,68,52,76,Senior,Average
Dani Calvo,72,74,28,Real Oviedo,Spain,CB,2400000,8000,52,46,56,56,72,79,Adult,Average
G. Castro,72,72,37,Club Atlético River Plate,Uruguay,"LM,LW,CAM",750000,500,58,73,78,75,47,58,Senior,Average
E. Cabaco,72,75,27,Granada CF,Uruguay,CB,2700000,17000,49,41,48,54,73,74,Adult,Average
De La Hoz,72,72,30,Unión Deportiva Almería,Spain,"CDM,CB",2000000,17000,52,58,62,65,70,77,Senior,Average
Ivan Cavaleiro,72,72,28,Aytemiz Alanyaspor,Portugal,"LM,LW,ST",2400000,38000,82,70,66,73,37,68,Adult,Average
M. Prietl,72,72,30,DSC Arminia Bielefeld,Austria,"CDM,CM,CB",2000000,13000,64,51,61,65,70,78,Senior,Average
J. Drmić,72,72,29,Dinamo Zagreb,Switzerland,ST,2300000,850,74,74,65,70,38,70,Adult,Average
N. Mbuku,72,82,20,Stade de Reims,France,"CF,RM,CAM",5000000,14000,77,66,70,78,35,53,Young,Average
A. Rouault,72,84,21,Toulouse Football Club,France,CB,5500000,9000,62,30,60,55,72,71,Young,Average
C. Erkin,72,72,33,Fatih Karagümrük S.K.,Turkey,"LB,LM",1200000,16000,66,72,77,74,66,67,Senior,Average
T. Valls,72,74,26,Servette FC,France,"CM,CDM,LM",2900000,14000,66,66,73,71,64,70,Adult,Average
S. Otálvaro,72,72,35,Club Olimpia,Colombia,RB,725000,500,74,54,71,67,68,71,Senior,Average
F. Mateos,72,72,29,Deportivo Ñublense,Argentina,"CM,CAM",2300000,7000,66,68,70,71,53,66,Adult,Average
Hélton Celanova,72,72,30,Internacional,Brazil,ST,2300000,21000,53,76,60,67,22,73,Senior,Average
J. Mišić,72,72,28,Dinamo Zagreb,Croatia,"CM,CDM",2300000,800,58,69,76,66,65,72,Adult,Average
Adrián,72,72,35,Liverpool,Spain,GK,250000,28000,73,70,67,74,43,69,Senior,Average
L. Caldirola,72,72,31,AC Monza,Italy,CB,1600000,29000,47,42,64,60,72,68,Senior,Average
B. Hrgota,72,72,29,SpVgg Greuther Fürth,Sweden,"ST,RW",2300000,10000,75,74,65,75,25,63,Adult,Average
J. Báez,72,72,31,Rosario Central,Paraguay,"CB,RB",1600000,12000,70,55,65,66,72,72,Senior,Average
C. Ciano,72,72,32,Benevento,Italy,"ST,CAM",1900000,5000,82,73,72,75,28,62,Senior,Average
J. Meffert,72,73,27,Hamburger SV,Germany,"CDM,CM",2400000,10000,54,48,64,66,71,77,Adult,Average
F. Ricci,72,72,28,Urbs Reggina 1914,Italy,"RW,CAM",2400000,3000,81,62,66,76,47,46,Adult,Average
J. Kouassi,72,72,27,Fatih Karagümrük S.K.,Côte d'Ivoire,"LW,ST,RW",2500000,26000,87,69,59,77,31,67,Adult,Average
D. Zabala,72,72,30,Club Nacional de Football,Uruguay,"RW,RM,CAM",2300000,750,70,73,72,71,39,61,Senior,Average
Choi Young Joon,72,72,30,Jeju United FC,Korea Republic,"CDM,CM",2000000,6000,68,60,66,66,69,81,Senior,Average
E. Thommy,72,72,27,Sporting Kansas City,Germany,"LM,RM,CF",2500000,7000,77,69,70,74,33,50,Adult,Average
F. Tudor,72,73,26,Raków Częstochowa,Croatia,"RM,CB,RWB",2800000,10000,88,60,65,72,67,74,Adult,Average
D. Gayle,72,72,31,Stoke City,England,"ST,LW",2000000,23000,75,73,58,73,28,57,Senior,Average
N. Capaldo,72,79,23,FC Red Bull Salzburg,Argentina,CM,4700000,17000,76,65,71,72,69,77,Adult,Average
A. Zerbin,72,80,23,Napoli,Italy,LW,5000000,31000,76,67,67,74,36,65,Adult,Average
Gérson Noalha,72,72,30,Palmeiras,Brazil,"ST,CAM,LM",2300000,27000,76,76,58,75,31,68,Senior,Average
M. Pereira Lage,72,75,25,Stade Brestois 29,Portugal,"LM,RWB,RM",3100000,16000,72,71,70,71,61,65,Adult,Average
F. Barba,72,73,28,Pisa,Italy,"CB,LB",2200000,4000,69,30,57,61,73,72,Adult,Average
M. Jajalo,72,72,34,Udinese Calcio,Bosnia and Herzegovina,"CDM,CM",800000,12000,58,64,70,71,70,73,Senior,Average
J. Guðmundsson,72,72,31,Burnley,Iceland,"RM,LM",1900000,30000,65,70,74,73,61,66,Senior,Average
K. Schlotterbeck,72,76,25,Sport-Club Freiburg,Germany,CB,2900000,17000,60,27,51,54,74,74,Adult,Average
L. Venuti,72,73,27,Fiorentina,Italy,RB,2500000,30000,72,26,61,67,68,62,Adult,Average
L. Chichizola,71,71,32,Parma,Argentina,GK,925000,3000,70,70,67,72,51,69,Senior,Average
J. Allen,71,71,32,Swansea City,Wales,"CDM,CM",1200000,17000,64,61,68,72,69,63,Senior,Average
M. Ullmann,71,74,26,Venezia FC,Austria,LB,2300000,3000,86,60,63,68,63,73,Adult,Average
D. O'Shea,71,78,23,West Bromwich Albion,Republic of Ireland,"CB,RB",3500000,17000,61,33,54,55,72,74,Adult,Average
A. Onaiwu,71,74,26,Toulouse Football Club,Japan,ST,2500000,14000,84,70,62,67,38,70,Adult,Average
Jesús Jiménez,71,71,28,Toronto FC,Spain,ST,1900000,7000,80,71,65,73,37,69,Adult,Average
L. Öztunalı,71,72,26,1. FC Union Berlin,Germany,"RM,CM,RWB",2200000,19000,75,67,67,73,48,68,Adult,Average
I. Jakobs,71,79,22,AS Monaco,Germany,"LM,LB",4200000,24000,85,59,60,73,65,68,Young,Average
M. Hermansen,71,80,21,Brøndby IF,Denmark,GK,3600000,5000,71,69,69,74,49,69,Young,Average
H. Sakhi,71,74,26,AJ Auxerre,Morocco,"CM,LM,RM",2400000,12000,69,66,73,72,57,59,Adult,Average
E. Sahiti,71,75,23,Hajduk Split,Kosovo,"RW,LW,LM",2700000,700,84,69,64,74,40,58,Adult,Average
S. Scuffet,71,72,26,CFR Cluj,Italy,GK,1600000,8000,70,67,60,75,50,70,Adult,Average
K. Boateng,71,77,25,Santa Clara,Togo,CB,2600000,4000,69,41,43,48,71,77,Adult,Average
F. Uribe,71,71,34,Junior FC,Colombia,ST,900000,3000,71,72,56,66,28,69,Senior,Average
Abdón Prats,71,71,29,RCD Mallorca,Spain,"ST,LM",1900000,18000,64,73,60,71,29,66,Adult,Average
Bracali,71,71,41,Boavista FC,Brazil,GK,210000,5000,71,71,60,69,39,71,Senior,Average
O. Čelůstka,71,71,33,AC Sparta Praha,Czech Republic,CB,900000,650,61,52,62,57,69,76,Senior,Average
João Pedro,71,84,20,Watford,Brazil,"ST,LM",4500000,22000,77,69,61,74,25,58,Young,Average
G. Olveira,71,72,29,Club Olimpia,Uruguay,GK,1400000,500,72,74,53,70,19,68,Adult,Average
L. Juliš,71,71,27,AC Sparta Praha,Czech Republic,ST,2000000,800,82,69,60,67,29,68,Adult,Average
E. Mašović,71,76,23,VfL Bochum 1848,Serbia,"CB,CDM",2600000,12000,55,30,48,54,74,68,Adult,Average
Mauro Riboas,71,71,30,RB Bragantino,Brazil,CAM,1800000,11000,66,61,70,73,39,55,Senior,Average
F. Vicari,71,73,27,Bari,Italy,CB,2000000,3000,34,27,52,46,73,68,Adult,Average
Ramalho,71,71,29,Málaga CF,Angola,"CB,RB",1600000,7000,67,35,57,57,71,72,Adult,Average
Édson,71,71,31,Al Adalah,Brazil,"CDM,CB",1300000,13000,67,64,63,64,71,76,Senior,Average
E. Pieters,71,71,33,West Bromwich Albion,Netherlands,"LB,LM",975000,20000,53,40,69,69,74,72,Senior,Average
A. Aguilar,71,71,33,Club Olimpia,Paraguay,GK,600000,500,75,68,69,73,46,68,Senior,Average
H. Kessler,71,76,24,New England Revolution,United States,CB,2600000,5000,57,27,49,60,71,76,Adult,Average
Carleto Costinha,71,71,30,Fluminense,Brazil,"CAM,ST,RM",1800000,15000,82,63,71,73,38,54,Senior,Average
R. Lenis,71,71,29,Al Adalah,Colombia,"RM,LM,ST",1800000,15000,80,64,66,71,36,62,Adult,Average
R. Manning,71,73,26,Swansea City,Republic of Ireland,"LWB,CB,LB",2100000,17000,67,60,67,71,67,69,Adult,Average
E. Cerutti,71,71,30,San Lorenzo de Almagro,Argentina,"RW,RM,ST",1800000,11000,83,63,66,73,34,63,Senior,Average
A. Al Mayoof,71,71,35,Al Hilal,Saudi Arabia,GK,210000,11000,61,72,80,73,32,72,Senior,Average
Camarasa,71,71,28,Real Betis Balompié,Spain,"CM,CAM,RM",1900000,15000,52,72,71,71,68,70,Adult,Average
A. Tanaka,71,76,23,Fortuna Düsseldorf,Japan,"CDM,CM",2600000,12000,67,66,68,70,68,69,Adult,Average
C. Falletti,71,71,29,Ternana,Uruguay,"CAM,RM,CF",1800000,4000,79,64,69,77,33,62,Adult,Average
M. Meyer,71,72,26,FC Luzern,Germany,"CM,CAM,LM",2200000,11000,63,61,75,76,63,59,Adult,Average
L. Fernández,71,71,31,Club Atlético Independiente,Argentina,"ST,RW,LW",1600000,11000,77,71,69,74,41,68,Senior,Average
C. Robinson,71,71,27,Cardiff City,Republic of Ireland,"ST,LW,RW",2000000,24000,79,70,65,74,32,62,Adult,Average
Fredy,71,71,32,Antalyaspor,Angola,"CM,CAM,CDM",1500000,17000,86,67,68,75,63,60,Senior,Average
D. Diaw,71,71,30,Modena,Italy,ST,1800000,30000,82,69,55,68,27,71,Senior,Average
Toni Moya,71,78,24,Deportivo Alavés,Spain,"CM,CDM",3700000,7000,55,64,64,72,64,55,Adult,Average
D. Bocanegra,71,71,35,Club Libertad,Colombia,"CB,RB,CDM",500000,500,64,55,68,64,70,79,Senior,Average
P. Pfeiffer,71,77,22,SV Darmstadt 98,Germany,CB,2700000,11000,76,33,44,52,71,78,Young,Average
R. Guitane,71,79,23,Stade de Reims,France,"RM,CAM,CM",4200000,13000,76,58,66,77,31,45,Adult,Average
Luíz Carlos,71,71,36,FC Paços de Ferreira,Brazil,"CM,CDM",600000,6000,53,67,68,68,69,72,Senior,Average
C. Michelin,71,73,25,FC Girondins de Bordeaux,France,"RB,RWB",2200000,750,70,50,66,69,66,68,Adult,Average
J. Guidetti,71,71,30,AIK,Sweden,ST,1800000,7000,46,72,66,70,38,68,Senior,Average
H. ter Avest,71,75,25,FC Utrecht,Netherlands,RWB,2400000,9000,72,53,65,70,66,71,Adult,Average
L. Gueye,71,75,24,FC Metz,Senegal,"RM,RW,LM",2700000,5000,77,70,68,70,25,61,Adult,Average
Jordi,71,72,28,FC Paços de Ferreira,Brazil,GK,1500000,6000,71,70,70,72,45,68,Adult,Average
S. Van der Heyden,71,76,24,Royale Union Saint-Gilloise,Belgium,CB,2600000,9000,61,34,57,53,72,73,Adult,Average
J. Kiwior,71,78,22,Spezia,Poland,"CB,CDM",3500000,9000,65,37,58,60,71,75,Young,Average
João Basso,71,76,25,FC Arouca,Brazil,"CB,CDM",2500000,5000,54,51,55,57,72,71,Adult,Average
A. Dijksteel,71,75,25,Middlesbrough,Netherlands,"CB,RWB,RB",2300000,16000,77,34,57,66,71,75,Adult,Average
S. Pérez,71,71,31,Universidad Católica,Chile,GK,1000000,6000,73,69,70,74,42,71,Senior,Average
E. Bullaude,71,80,21,Feyenoord,Argentina,"CAM,CM,RM",4200000,6000,79,69,64,74,32,65,Young,Average
D. Barlaser,71,75,25,Rotherham United,England,CDM,2400000,10000,51,61,71,67,66,70,Adult,Average
A. Ismajli,71,74,25,Empoli,Albania,CB,2200000,7000,72,28,48,61,74,65,Adult,Average
B. Białkowski,71,71,34,Millwall,Poland,GK,325000,8000,66,71,68,70,41,75,Senior,Average
L. Štulac,71,73,27,Palermo,Slovenia,"CDM,CM",2000000,7000,68,61,68,67,69,68,Adult,Average
Jorge Fernandes,71,75,25,Vitória de Guimarães,Portugal,CB,2300000,6000,37,34,47,57,70,78,Adult,Average
Ricardo Ryller,71,71,28,Al Fayha,Brazil,"CDM,CM",1600000,16000,62,63,66,67,66,77,Adult,Average
J. Börner,71,71,31,Hannover 96,Germany,CB,1300000,16000,59,58,57,58,70,79,Senior,Average
Zhang Linpeng,71,71,33,Shanghai Port FC,China PR,"CB,RB",900000,11000,72,56,64,68,68,84,Senior,Average
Bernardo Motinho,71,71,30,Fortaleza,Brazil,"RB,RM",1600000,9000,72,52,66,66,69,63,Senior,Average
A. Ricaurte,71,71,30,Independiente Medellín,Colombia,"CAM,CDM,CM",1800000,2000,64,58,74,70,56,70,Senior,Average
D. Joveljić,71,78,22,LA Galaxy,Serbia,ST,3800000,6000,72,71,63,72,31,72,Young,Average
N. Colombo,71,81,23,Defensa y Justicia,Argentina,CB,3900000,8000,66,39,51,54,71,78,Adult,Average
A. Vallci,71,72,26,FC St. Gallen 1879,Austria,"RB,CB,LB",2000000,7000,73,57,60,56,71,79,Adult,Average
J. Livermore,71,71,32,West Bromwich Albion,England,"CDM,CM",1200000,20000,55,61,66,67,69,76,Senior,Average
Guilherme Ramos,71,76,24,DSC Arminia Bielefeld,Portugal,CB,2600000,10000,61,33,47,51,71,74,Adult,Average
B. Rollheiser,71,77,22,Estudiantes de La Plata,Argentina,"LM,CAM,ST",3000000,8000,80,67,66,75,36,58,Young,Average
A. Jali,71,71,32,Mamelodi Sundowns FC,South Africa,"CDM,CM",1200000,800,73,58,69,73,64,67,Senior,Average
S. Clark,71,71,36,Houston Dynamo,United States,GK,210000,3000,70,68,64,72,47,73,Senior,Average
L. Pons,71,71,32,Independiente Medellín,Argentina,ST,1500000,3000,55,73,55,65,23,70,Senior,Average
M. Busch,71,71,27,1. FC Heidenheim 1846,Germany,RB,1800000,14000,89,50,61,67,64,74,Adult,Average
J. Laso,71,71,31,Club Atlético Independiente,Argentina,"CB,RB",1300000,9000,62,41,52,57,68,79,Senior,Average
A. Sâyoud,71,71,31,Al Tai,Algeria,"CAM,CF,RM",1600000,14000,72,69,73,71,32,61,Senior,Average
J. Verhoek,71,71,33,F.C. Hansa Rostock,Netherlands,ST,1200000,10000,62,71,59,67,25,83,Senior,Average
A. Bodart,71,76,24,Standard de Liège,Belgium,GK,2300000,7000,71,70,69,72,51,70,Adult,Average
O. Ejaria,71,76,24,Reading,England,"LM,CM,CAM",2800000,12000,60,63,67,80,64,63,Adult,Average
T. Klose,71,71,34,Bristol City,Switzerland,CB,600000,20000,32,38,54,38,74,67,Senior,Average
L. Lacroix,71,71,30,Western United FC,Switzerland,CB,1500000,3000,46,43,58,58,71,80,Senior,Average
A. Godoy,71,71,32,Nashville SC,Panama,"CDM,CM",1200000,5000,32,55,64,65,64,75,Senior,Average
Germano Monico,71,71,34,Sport Club Corinthians Paulista,Brazil,CM,875000,18000,57,69,73,70,64,65,Senior,Average
S. Lammers,71,76,25,Empoli,Netherlands,ST,2800000,28000,70,73,59,71,34,66,Adult,Average
C. Tiéhi,71,75,24,SK Slavia Praha,Côte d'Ivoire,CDM,2400000,650,65,47,64,66,70,75,Adult,Average
B. Franjic,71,78,22,VfL Wolfsburg,Croatia,"CDM,CB,LB",3600000,20000,78,50,62,65,69,77,Young,Average
G. Michailidis,71,79,22,PAOK,Greece,CB,3900000,700,68,51,63,61,72,71,Young,Average
Wang Dalei,71,71,33,Shandong Taishan,China PR,GK,600000,10000,70,69,70,72,60,68,Senior,Average
M. Delgado,71,71,27,LA Galaxy,United States,"CDM,CM",1800000,5000,67,52,64,66,66,70,Adult,Average
Arnau Martínez,71,83,19,Girona FC,Spain,"RWB,RB,CB",4300000,8000,74,43,60,66,68,67,Young,Average
Alexandre Pato,71,71,32,Orlando City Soccer Club,Brazil,"ST,RM,LM",1500000,6000,71,70,67,72,32,64,Senior,Average
S. Juklerød,71,71,28,Vålerenga Fotball,Norway,LB,1700000,4000,83,68,68,70,62,72,Adult,Average
T. Antalyalı,71,72,27,MKE Ankaragücü,Turkey,"CDM,CM",1900000,32000,64,63,68,66,67,73,Adult,Average
G. Honeyman,71,71,27,Millwall,England,"CM,RW,CAM",2000000,10000,72,65,71,70,65,74,Adult,Average
O. Jansson,71,71,31,IFK Norrköping,Sweden,GK,1000000,4000,72,67,67,72,33,70,Senior,Average
R. Holzhauser,71,71,29,Oud-Heverlee Leuven,Austria,"CAM,CM,CF",1800000,11000,47,75,78,70,57,71,Adult,Average
G. Burdisso,71,71,33,Deportivo Cali,Argentina,CB,900000,3000,42,43,54,53,70,78,Senior,Average
J. Bree,71,75,24,Luton Town,England,"RWB,RB",2500000,17000,73,44,64,66,67,67,Adult,Average
S. Rodríguez,71,81,22,New York City FC,Uruguay,"CAM,LM,RM",4200000,5000,77,63,67,74,38,48,Young,Average
M. Koné,71,75,25,Nîmes Olympique,Senegal,ST,2600000,6000,92,68,58,74,32,68,Adult,Average
Ronaldo Vieira,71,76,23,U.C. Sampdoria,England,"CDM,CM",2600000,10000,73,58,65,72,67,74,Adult,Average
Q. Bernard,71,71,32,AJ Auxerre,France,"LB,CB",1300000,11000,59,57,69,64,66,79,Senior,Average
P. Testroet,71,71,31,FC Ingolstadt 04,Germany,ST,1600000,7000,66,74,57,64,39,78,Senior,Average
M. Christiansen,71,74,25,SpVgg Greuther Fürth,Germany,"CDM,CM",2200000,7000,63,50,65,65,70,77,Adult,Average
Vítor Gomes,71,71,34,Rio Ave FC,Portugal,"CM,CDM",875000,7000,55,65,73,70,64,73,Senior,Average
I. Kaboré,71,82,21,Olympique de Marseille,Burkina Faso,"RWB,RB",4000000,38000,89,29,63,71,63,70,Young,Average
V. Le Goff,71,71,32,FC Lorient,France,"LB,LWB",1300000,11000,67,60,66,69,67,67,Senior,Average
M. Ashimeru,71,76,24,RSC Anderlecht,Ghana,"CM,CAM,CDM",2800000,12000,73,65,69,75,62,64,Adult,Average
J. Muleka,71,80,22,Beşiktaş JK,Congo DR,"ST,RW,LW",4200000,27000,81,69,58,73,35,70,Young,Average
N. Jackson,71,81,21,Villarreal CF,Senegal,"ST,CAM,LM",4200000,15000,76,72,56,72,40,68,Young,Average
D. Sundgren,71,71,31,Free agent,Sweden,"RWB,CB",0,0,72,50,59,62,67,75,Senior,Average
A. Grgić,71,75,25,FC Sion,Switzerland,"CM,CDM,CAM",2600000,15000,62,68,75,66,64,72,Adult,Average
O. Moruțan,71,77,23,Pisa,Romania,"RM,RW,CM",3000000,3000,73,70,69,76,46,55,Adult,Average
J. Howson,71,71,34,Middlesbrough,England,"CDM,CM",650000,17000,54,68,67,68,68,71,Senior,Average
S. Thomas,71,76,23,Huddersfield Town,Wales,"RW,LW,RWB",2800000,13000,87,66,70,71,52,69,Adult,Average
B. Dibassy,71,71,32,Minnesota United FC,Mali,"CB,LB",1200000,5000,71,54,61,65,71,78,Senior,Average
Chema,71,71,30,SD Eibar,Spain,CB,1500000,7000,56,59,58,60,71,72,Senior,Average
F. Dahmen,71,79,24,1. FSV Mainz 05,Germany,GK,3600000,10000,73,67,78,74,45,68,Adult,Average
K. Musona,71,71,32,Al Tai,Zimbabwe,"CAM,LM,ST",1500000,14000,74,70,69,73,39,72,Senior,Average
R. Pucino,71,71,31,Bari,Italy,"RB,CB,RM",1400000,3000,73,45,59,68,67,72,Senior,Average
A. Morales,71,71,32,New York City FC,United States,"CDM,CM",1200000,5000,59,58,67,67,66,80,Senior,Average
B. Bye,71,74,26,New England Revolution,United States,RB,2300000,5000,77,58,61,65,68,73,Adult,Average
Manolo Reina,71,71,37,Málaga CF,Spain,GK,210000,3000,69,67,65,72,56,71,Senior,Average
J. Hromada,71,72,26,SK Slavia Praha,Slovakia,"CDM,CM",2000000,800,77,55,64,69,67,74,Adult,Average
Rafanilton Vilela,71,71,34,São Paulo,Brazil,"ST,CF,CAM",900000,24000,82,63,60,73,25,62,Senior,Average
O. Ntcham,71,72,26,Swansea City,France,"CM,CAM,RW",2200000,18000,67,68,72,75,63,73,Adult,Average
K. Müller,71,71,31,1. FC Heidenheim 1846,Germany,GK,1000000,12000,71,67,64,73,48,71,Senior,Average
S. Pavlović,71,82,21,FC Red Bull Salzburg,Serbia,CB,3900000,11000,65,43,50,62,70,77,Young,Average
D. Lopy,71,79,20,Stade de Reims,Senegal,"CM,CDM",4099999,11000,67,59,68,71,68,73,Young,Average
J. Estrada,71,74,25,Cienciano,Peru,"RB,LB,RM",2300000,550,80,60,63,65,63,61,Adult,Average
C. Quintana,71,71,34,Patronato,Argentina,CB,600000,9000,48,37,45,49,71,77,Senior,Average
Daguinho Parrela,71,71,26,Internacional,Brazil,"RB,RWB",1900000,15000,75,44,68,59,68,75,Adult,Average
M. Leckie,71,71,31,Melbourne City FC,Australia,"LM,RM",1600000,9000,82,65,64,72,53,75,Senior,Average
B. Hussein,71,78,22,AIK,Sweden,CM,3800000,5000,68,58,70,73,64,71,Young,Average
Ontiveros,71,74,24,Villarreal Club de Fútbol B,Spain,"LM,LW",2600000,5000,71,72,71,73,35,50,Adult,Average
M. Camara,71,75,24,BSC Young Boys,Guinea,CB,2400000,11000,73,35,51,46,71,80,Adult,Average
O. El Kaddouri,71,71,31,PAOK,Morocco,"CM,CAM,LW",1500000,900,70,68,74,71,58,68,Senior,Average
M. Colin,71,71,30,Birmingham City,France,"RWB,RB,CB",1600000,20000,72,34,63,67,69,73,Senior,Average
M. Demir,71,71,30,İttifak Holding Konyaspor,Turkey,ST,1800000,13000,72,73,68,71,37,67,Senior,Average
M. Besuschkow,71,75,25,Hannover 96,Germany,"CM,CDM",2600000,17000,43,60,70,68,67,73,Adult,Average
B. Zech,71,71,31,Pogoń Szczecin,Austria,CB,1300000,7000,82,29,55,57,73,73,Senior,Average
G. Cimirot,71,71,29,Standard de Liège,Bosnia and Herzegovina,"CDM,CM",1600000,10000,63,61,68,68,67,72,Adult,Average
Z. Gano,71,71,28,SV Zulte Waregem,Guinea Bissau,ST,1900000,11000,55,71,53,63,34,78,Adult,Average
J. Gondorf,71,71,34,Karlsruher SC,Germany,"CM,CDM",875000,10000,56,63,70,70,67,76,Senior,Average
Rúben Fernandes,71,71,36,Gil Vicente FC,Portugal,CB,325000,5000,57,51,57,57,73,75,Senior,Average
Luisinho Conradi,71,71,22,Fortaleza,Brazil,LB,2000000,7000,69,56,66,74,68,71,Young,Average
A. Hohberg,71,71,30,Club Sporting Cristal,Peru,"LW,CAM",1800000,750,75,69,70,75,32,64,Senior,Average
L. Amani,71,75,24,Royale Union Saint-Gilloise,Côte d'Ivoire,CM,2700000,10000,77,65,67,78,63,69,Adult,Average
P. Wålemark,71,82,20,Feyenoord,Sweden,"RW,LW",4099999,6000,77,67,66,73,31,61,Young,Average
M. Crooks,71,71,28,Middlesbrough,England,"CM,CAM",1900000,19000,67,67,64,68,68,80,Adult,Average
D. Douděra,71,76,24,SK Slavia Praha,Czech Republic,"RB,RM",2600000,650,85,63,64,70,65,60,Adult,Average
A. Alcáraz,71,71,39,Club Olimpia,Paraguay,CB,325000,500,31,43,52,60,70,72,Senior,Average
B. Özcan,71,78,24,İstanbul Başakşehir FK,Turkey,"CM,CAM,LM",3700000,19000,70,64,72,75,55,66,Adult,Average
R. Santa Cruz,71,71,40,Club Libertad,Paraguay,ST,0,500,33,74,59,62,36,62,Senior,Average
Edsinho Torres,71,71,26,Atlético Clube Goianiense,Brazil,LB,1900000,9000,70,54,60,60,67,70,Adult,Average
M. Linnes,71,71,30,Molde FK,Norway,"RWB,LB",1600000,5000,86,56,63,69,64,63,Senior,Average
J. Dossou,71,71,30,Clermont Foot 63,Benin,RM,1800000,12000,83,64,65,70,35,62,Senior,Average
M. Sylla,71,71,28,Deportivo Alavés,Senegal,"ST,RM,LM",1900000,10000,75,70,63,70,37,71,Adult,Average
J. Rassoul,71,74,26,Aytemiz Alanyaspor,Senegal,"LB,CB,RB",2300000,13000,78,46,60,66,68,79,Adult,Average
J. Ebobisse,71,75,25,San Jose Earthquakes,Cameroon,"ST,RM",2600000,6000,77,68,62,67,33,79,Adult,Average
J. Mejdr,71,72,27,AC Sparta Praha,Czech Republic,RB,2000000,650,74,46,57,64,69,77,Adult,Average
Amilton,71,71,32,İttifak Holding Konyaspor,Brazil,"LM,RW,RM",1500000,12000,86,68,64,71,33,66,Senior,Average
Cryzan,71,71,25,Shandong Taishan,Brazil,"RW,ST",2100000,14000,76,69,69,70,22,79,Adult,Average
André Vidigal,71,77,23,Clube Sport Marítimo,Portugal,"LM,RM",3000000,7000,83,64,62,74,27,58,Adult,Average
Li Xuepeng,71,71,33,Guangzhou FC,China PR,"LB,LM",975000,6000,81,55,68,68,66,71,Senior,Average
S. Andersson,71,71,30,1. FC Köln,Sweden,ST,1800000,18000,48,72,53,67,31,72,Senior,Average
M. Desler,71,72,27,Toulouse Football Club,Denmark,"RB,RWB",2000000,11000,76,60,66,68,65,70,Adult,Average
B. Moe,71,71,30,FK Bodø/Glimt,Norway,CB,1500000,4000,68,43,52,58,70,79,Senior,Average
R. Gumny,71,76,24,FC Augsburg,Poland,"RWB,CB,RM",2600000,13000,74,41,60,68,67,69,Adult,Average
F. Boli,71,71,28,Ferencvárosi TC,Côte d'Ivoire,ST,1900000,850,72,72,47,70,26,66,Adult,Average
F. Chafaï,71,71,32,Damac FC,Algeria,CB,1200000,13000,41,44,46,46,72,82,Senior,Average
E. Riis,71,75,24,Preston North End,Denmark,ST,2700000,21000,76,70,53,67,28,73,Adult,Average
Sergi Cardona,71,80,22,Unión Deportiva Las Palmas,Spain,"LB,LM",4000000,5000,76,42,59,62,69,65,Young,Average
T. Suslov,71,80,20,FC Groningen,Slovakia,"CAM,LM",4099999,5000,74,65,70,74,48,65,Young,Average
Sergio Ruiz,71,73,27,Granada CF,Spain,"CDM,CM,CAM",2000000,7000,62,62,65,68,66,73,Adult,Average
M. Heyer,71,72,27,Hamburger SV,Germany,"RB,CDM,CB",2000000,9000,67,55,62,66,70,75,Adult,Average
T. Krauß,71,79,21,FC Schalke 04,Germany,"CM,CDM",4200000,21000,71,66,64,70,67,72,Young,Average
L. Morales,71,71,31,Gimnasia y Esgrima La Plata,Argentina,"CB,RB",1300000,10000,66,33,52,61,72,75,Senior,Average
S. Long,71,71,35,Reading,Republic of Ireland,ST,800000,11000,78,68,61,71,36,61,Senior,Average
P. Tietz,71,75,24,SV Darmstadt 98,Germany,ST,2700000,13000,66,71,54,66,33,74,Adult,Average
Sivera,71,75,25,Deportivo Alavés,Spain,GK,2000000,6000,72,65,70,75,57,68,Adult,Average
C. Sierra,71,71,31,América de Cali,Colombia,"CM,CDM",1500000,2000,61,74,71,70,63,78,Senior,Average
H. Dervişoğlu,71,78,22,Burnley,Turkey,"ST,CF",3800000,27000,75,70,64,73,36,65,Young,Average
J. Lowe,71,71,27,AFC Bournemouth,Jamaica,"ST,LW,RW",2000000,30000,86,69,60,73,40,72,Adult,Average
R. Neustädter,71,71,34,KVC Westerlo,Russia,"CB,CDM",600000,8000,36,52,65,64,71,73,Senior,Average
L. Lucca,71,82,21,Ajax,Italy,ST,4200000,3000,66,72,59,63,32,78,Young,Average
M. Pantović,71,73,25,1. FC Union Berlin,Serbia,"CAM,CM",2400000,18000,76,69,68,73,40,61,Adult,Average
M. Ekpiteta,71,74,26,Blackpool,England,CB,2200000,9000,69,29,48,52,71,76,Adult,Average
E. Méndez,71,71,33,Club Atlético Sarmiento,Argentina,"CDM,CM",925000,8000,47,49,61,63,70,83,Senior,Average
Wiliam Santinho,71,74,26,Fluminense,Brazil,GK,1900000,11000,61,77,76,73,36,70,Adult,Average
D. St. Clair,71,77,25,Minnesota United FC,Canada,GK,2300000,4000,71,66,56,76,27,70,Adult,Average
Y. Barbet,71,71,29,FC Girondins de Bordeaux,France,CB,1600000,6000,68,51,67,64,71,75,Adult,Average
M. Meyerhöfer,71,72,26,SpVgg Greuther Fürth,Germany,"RB,RM",2000000,7000,66,40,61,70,67,71,Adult,Average
D. Ginczek,71,71,31,Fortuna Düsseldorf,Germany,"ST,RW",1600000,17000,67,72,51,65,38,75,Senior,Average
F. Reese,71,74,24,Holstein Kiel,Germany,"LM,LW,RW",2600000,11000,86,64,66,68,44,76,Adult,Average
L. Ramazani,71,81,21,Unión Deportiva Almería,Belgium,"RM,LM,ST",4200000,12000,87,65,63,75,33,56,Young,Average
O. Kragl,71,71,32,SV Ried,Germany,"LM,LB,CM",1500000,8000,75,72,70,70,59,73,Senior,Average
Wagner Orsinho,71,71,22,Fluminense,Brazil,LB,2000000,12000,77,57,68,64,68,59,Young,Average
K. Miyoshi,71,74,25,Royal Antwerp FC,Japan,"RW,CAM,LW",2500000,14000,76,67,69,76,46,53,Adult,Average
Riccieli,71,80,23,Futebol Clube de Famalicão,Brazil,CB,3900000,5000,53,33,49,56,71,77,Adult,Average
T. Salquist,71,73,27,Silkeborg IF,Denmark,CB,2000000,8000,64,43,51,53,70,80,Adult,Average
S. Boey,71,76,21,Galatasaray SK,Cameroon,"RB,RWB",2700000,23000,85,43,59,70,67,65,Young,Average
A. Karabec,71,84,18,AC Sparta Praha,Czech Republic,"CAM,RM,LM",4400000,500,73,65,69,73,35,54,Young,Average
B. Džemaili,71,71,36,FC Zürich,Switzerland,"CM,CDM",600000,9000,43,69,72,69,70,66,Senior,Average
V. Salazar,71,71,29,Club Olimpia,Argentina,"RB,RWB",1600000,650,88,48,57,69,64,70,Adult,Average
B. Dejaegere,71,71,31,Toulouse Football Club,Belgium,"CM,CAM",1500000,12000,70,60,71,71,66,70,Senior,Average
K. Glik,71,71,34,Benevento,Poland,CB,600000,3000,35,32,44,52,71,79,Senior,Average
K. D'Haene,71,71,32,KV Kortrijk,Belgium,"LB,LWB,LM",1300000,9000,71,59,67,74,64,61,Senior,Average
D. Pavelka,71,71,31,AC Sparta Praha,Czech Republic,"CDM,CM,CB",1300000,650,63,60,68,68,68,76,Senior,Average
E. Başsan,71,71,30,Yukatel Kayserispor,Turkey,"RM,LM",1800000,12000,77,69,70,72,22,58,Senior,Average
Adrián Burnabão,71,71,26,América Futebol Clube,Brazil,"CAM,CF",2000000,11000,62,65,74,75,24,61,Adult,Average
A. Lucoqui,71,74,24,F.C. Hansa Rostock,Angola,LWB,2400000,13000,75,45,59,71,67,71,Adult,Average
G. Fuentes,71,76,25,Real Zaragoza,Colombia,LB,2600000,6000,82,49,61,69,65,75,Adult,Average
A. Colpani,71,79,23,AC Monza,Italy,CM,4099999,24000,68,62,71,73,62,64,Adult,Average
L. Morales,71,81,22,Newell's Old Boys,Argentina,GK,3600000,7000,70,69,68,72,52,73,Young,Average
M. Henriksen,71,71,29,Rosenborg BK,Norway,"CB,CDM",1600000,5000,55,67,67,65,69,79,Adult,Average
J. Deminguet,71,77,24,Stade Malherbe Caen,France,"CM,CDM",2900000,5000,72,63,71,73,62,71,Adult,Average
Jorge Carvallinho,71,71,26,América Futebol Clube,Brazil,"CB,LB",1800000,10000,59,54,58,55,71,74,Adult,Average
G. Mikautadze,71,81,21,FC Metz,Georgia,"ST,CF,CAM",4200000,5000,79,71,66,74,36,67,Young,Average
J. Bidwell,71,71,29,Coventry City,England,"LWB,LB",1600000,14000,68,48,66,64,68,76,Adult,Average
E. Horvath,71,74,27,Luton Town,United States,GK,1800000,25000,78,66,57,76,48,62,Adult,Average
A. Ralston,71,78,23,Celtic,Scotland,RB,3600000,24000,76,58,66,67,67,78,Adult,Average
S. Griesbeck,71,71,31,SpVgg Greuther Fürth,Germany,"CB,CDM",1300000,7000,68,47,58,55,71,81,Senior,Average
J. Ring,71,71,30,Jeju United FC,Sweden,"RW,CF",1800000,7000,81,64,68,72,47,70,Senior,Average
M. Bolados,71,72,26,Colo-Colo,Chile,"RW,RM",2200000,6000,83,65,66,73,55,62,Adult,Average
V. Kovalenko,71,73,26,Spezia,Ukraine,"CM,CAM",2300000,27000,72,70,72,73,57,71,Adult,Average
Alex das Freitas,71,71,22,América Futebol Clube,Brazil,"CDM,CM",2000000,9000,66,55,59,66,72,70,Young,Average
J. van Hecke,71,80,22,Brighton & Hove Albion,Netherlands,CB,3900000,28000,60,45,56,61,72,72,Young,Average
S. Clucas,71,71,31,Stoke City,England,"CM,CDM",1500000,18000,66,70,71,69,66,72,Senior,Average
C. Halkett,71,73,27,Heart of Midlothian,Scotland,CB,2000000,5000,63,51,56,61,71,74,Adult,Average
M. Maolida,71,76,23,Hertha BSC,France,"LM,ST",2800000,16000,77,67,62,76,24,59,Adult,Average
J. Balkovec,71,71,27,Aytemiz Alanyaspor,Slovenia,"LB,CB,RB",1800000,13000,72,53,64,64,68,74,Adult,Average
G. Gaetano,71,79,22,Napoli,Italy,"CAM,CM",4200000,25000,63,71,69,71,49,58,Young,Average
M. O'Riley,71,80,21,Celtic,Denmark,"CM,CAM",4200000,23000,67,65,71,70,58,67,Young,Average
F. Plach,71,71,30,Piast Gliwice,Slovakia,GK,1200000,6000,70,69,66,71,33,72,Senior,Average
S. van de Streek,71,71,29,FC Utrecht,Netherlands,"CAM,CM,ST",1800000,11000,64,72,68,71,58,68,Adult,Average
Jordi Mboula,71,80,23,Racing Santander,Spain,"RM,LM",4200000,14000,87,66,62,75,32,63,Adult,Average
L. Benegas,71,71,33,Club Atlético Independiente,Chile,"ST,LW",1200000,11000,70,68,63,68,40,81,Senior,Average
L. González,71,71,31,Junior FC,Venezuela,"RM,CAM,LM",1600000,3000,76,66,68,75,37,57,Senior,Average
Juanpe,71,71,31,Girona FC,Spain,CB,1300000,15000,54,37,55,49,70,78,Senior,Average
F. Hadergjonaj,71,71,27,Kasimpaşa SK,Kosovo,"RB,LB",1800000,9000,81,50,66,69,65,70,Adult,Average
R. Petretta,71,75,25,Kasimpaşa SK,Italy,LB,2400000,9000,80,36,66,70,66,73,Adult,Average
M. Kaye,71,72,27,Toronto FC,Canada,"CM,CDM",2100000,6000,71,54,66,71,68,75,Adult,Average
M. Payero,71,78,23,Boca Juniors,Argentina,CM,3700000,16000,70,59,73,71,61,69,Adult,Average
Mujaid,71,82,22,KRC Genk,Spain,"CB,RB",3900000,9000,73,26,49,55,72,77,Young,Average
E. Rashani,71,71,29,Clermont Foot 63,Kosovo,"LM,LW",1800000,13000,81,65,62,71,39,66,Adult,Average
J. Clarke-Harris,71,71,27,Peterborough United,Jamaica,ST,2000000,10000,77,72,55,68,27,78,Adult,Average
T. Băluță,71,75,23,FC Farul Constanța,Romania,"CDM,CM",2400000,6000,59,51,57,53,70,74,Adult,Average
A. Ioniță,71,71,31,Pisa,Moldova,CM,1500000,4000,57,68,69,70,73,78,Senior,Average
R. Nyambe,71,75,24,Wigan Athletic,Namibia,"RWB,RB",2500000,7000,81,33,58,69,68,76,Adult,Average
C. Vega,71,71,28,Club Atlético Colón,Argentina,"CDM,CM",1600000,9000,68,61,66,65,68,72,Adult,Average
Fernando Karanga,71,71,31,Henan Songshan Longmen FC,Brazil,"ST,RW,RM",1600000,9000,68,71,55,62,30,78,Senior,Average
H. Arslan,71,71,33,Demir Grup Sivasspor,Turkey,"CM,CDM",1200000,12000,59,69,66,72,70,75,Senior,Average
M. Saliakas,71,74,25,FC St. Pauli,Greece,RB,2300000,11000,75,57,66,67,66,65,Adult,Average
Jairão Zezé,71,71,22,Atlético Clube Goianiense,Brazil,"CAM,CM",2200000,8000,76,54,73,77,41,47,Young,Average
E. Cobbaut,71,76,24,Parma,Belgium,CB,2600000,3000,68,41,67,67,70,77,Adult,Average
P. Bočkaj,71,73,25,Dinamo Zagreb,Croatia,"LB,LWB,LM",2200000,600,71,72,76,73,64,68,Adult,Average
Jessé Ledeiro,71,71,22,RB Bragantino,Brazil,"CAM,CF",2200000,10000,69,63,73,72,37,56,Young,Average
J. Kamiński,71,83,20,VfL Wolfsburg,Poland,LM,4500000,19000,89,65,62,72,47,57,Young,Average
R. Ilie,71,83,19,OGC Nice,Romania,"LW,CAM,LM",4400000,16000,80,67,68,73,41,62,Young,Average
S. Ajayi,71,72,28,West Bromwich Albion,Nigeria,CB,1800000,21000,76,48,47,62,70,79,Adult,Average
T. Kleindienst,71,71,26,1. FC Heidenheim 1846,Germany,ST,2100000,17000,67,72,55,61,33,81,Adult,Average
E. Capradossi,71,73,26,Cagliari,Italy,CB,2000000,3000,60,36,51,51,73,69,Adult,Average
K. Pedersen,71,71,27,1. FC Köln,Denmark,"LB,CB",1800000,16000,64,37,57,65,69,81,Adult,Average
Iñigo Vicente,71,77,24,Racing Santander,Spain,LM,3000000,6000,74,65,70,73,47,55,Adult,Average
M. Kamiński,71,71,30,FC Schalke 04,Poland,CB,1500000,14000,53,57,63,60,72,70,Senior,Average
Y. Méïté,71,74,26,Reading,Côte d'Ivoire,"ST,RM",2500000,15000,79,72,56,64,49,85,Adult,Average
Jony Reitosa,71,71,30,Ceará Sporting Club,Brazil,RB,1600000,9000,74,42,54,59,67,74,Senior,Average
Villalibre,71,78,24,Athletic Club de Bilbao,Spain,ST,3800000,15000,72,70,55,67,39,81,Adult,Average
M. Pavkov,71,71,28,Al Fayha,Serbia,ST,1900000,18000,51,72,52,63,26,80,Adult,Average
S. Malone,71,71,31,Millwall,England,"LWB,LB",1400000,9000,72,63,63,70,65,71,Senior,Average
Quique,71,71,32,SD Eibar,Spain,"ST,LM",1500000,8000,72,70,64,71,43,70,Senior,Average
T. Trybull,71,71,29,SV Sandhausen,Germany,"CDM,CM",1600000,6000,62,47,65,66,69,72,Adult,Average
F. Parisi,71,83,21,Empoli,Italy,LB,4400000,5000,70,63,60,70,65,63,Young,Average
S. Abdulhamid,71,77,22,Al Hilal,Saudi Arabia,"RB,CB,CDM",2800000,18000,89,43,58,67,64,69,Young,Average
M. Burda,71,72,27,Dynamo Kyiv,Ukraine,CB,1900000,600,64,23,43,42,72,71,Adult,Average
Marc Martínez,71,71,32,FC Cartagena,Spain,GK,925000,5000,72,69,65,77,49,69,Senior,Average
Diego González,71,74,27,Elche CF,Spain,CB,2100000,12000,66,34,62,59,71,74,Adult,Average
B. Touré,71,71,30,AJ Auxerre,Mali,"CDM,CM",1600000,11000,36,53,64,66,68,77,Senior,Average
M. Bero,71,72,26,Vitesse,Slovakia,"CM,CAM",2200000,11000,72,71,69,71,67,82,Adult,Average
K. Eissa,71,71,32,Al Ain FC,United Arab Emirates,GK,925000,650,71,66,60,76,49,70,Senior,Average
H. De La Fuente,71,75,25,Futebol Clube de Famalicão,Argentina,RB,2400000,6000,84,60,61,71,63,78,Adult,Average
M. Collocolo,71,79,22,Ascoli,Italy,"CDM,CM",4000000,3000,70,58,65,66,69,74,Young,Average
M. Çetin,71,77,25,Lecce,Turkey,CB,2600000,15000,61,44,54,59,71,73,Adult,Average
R. Mmaee,71,75,25,Ferencvárosi TC,Morocco,ST,2600000,750,76,70,54,71,28,63,Adult,Average
G. Ortíz,71,71,29,Godoy Cruz,Argentina,CB,1600000,7000,65,41,48,48,71,77,Adult,Average
P. Klement,71,71,29,1. FC Kaiserslautern,Germany,"CAM,CM",1800000,9000,49,68,75,73,40,53,Adult,Average
J. Hendrick,71,71,30,Reading,Republic of Ireland,"CM,RM",1800000,45000,62,68,72,71,69,73,Senior,Average
F. Kaša,71,71,28,FC Viktoria Plzeň,Czech Republic,CB,1600000,700,73,38,55,62,71,71,Adult,Average
M. Falzerano,71,71,31,Ascoli,Italy,"RW,CM,RM",1600000,4000,88,64,66,74,56,64,Senior,Average
P. Sarr,71,82,19,Tottenham Hotspur,Senegal,CM,4000000,25000,67,63,68,72,66,65,Young,Average
Daniel Candeias,71,71,34,Aytemiz Alanyaspor,Portugal,"RM,LM",875000,14000,74,64,70,72,56,76,Senior,Average
F. Macheda,71,71,30,MKE Ankaragücü,Italy,ST,1800000,11000,69,72,61,71,30,63,Senior,Average
Y. Valery,71,79,23,Angers SCO,France,"RB,RWB",4000000,12000,69,52,60,69,69,72,Adult,Average
Dalbert,71,71,28,Inter,Brazil,"LWB,LM",1700000,31000,85,57,65,72,64,69,Adult,Average
Edmilson Dove,71,71,27,Kaizer Chiefs,Mozambique,"LB,LM,CB",1800000,600,78,44,52,65,70,72,Adult,Average
Saúl Berjón,71,71,36,Burgos CF,Spain,LM,600000,4000,77,70,72,72,41,64,Senior,Average
C. Dájome,71,71,28,Vancouver Whitecaps FC,Colombia,"LM,ST",1900000,6000,82,63,63,71,54,72,Adult,Average
Murilo Henrique,71,71,27,Suwon FC,Brazil,"LM,CAM,CM",2000000,6000,85,64,65,73,45,69,Adult,Average
C. Okoli,71,81,20,Atalanta,Italy,CB,3800000,17000,54,30,46,53,72,77,Young,Average
A. Briançon,71,72,27,AS Saint-Étienne,France,CB,1900000,6000,48,47,56,53,71,80,Adult,Average
A. Bareiro,71,74,25,San Lorenzo de Almagro,Paraguay,ST,2500000,10000,67,68,55,69,36,73,Adult,Average
N. Peranic,71,71,37,Universidad Católica,Argentina,GK,210000,4000,71,70,66,72,28,71,Senior,Average
M. Maertens,71,72,27,Oud-Heverlee Leuven,Belgium,"CF,CAM,CM",2200000,11000,74,70,67,70,64,68,Adult,Average
Hernâni,71,71,30,Rio Ave FC,Portugal,"RM,LM",1800000,7000,91,65,63,77,29,60,Senior,Average
Pedro Santos,71,71,34,Columbus Crew,Portugal,"LB,LM,RM",700000,5000,69,69,71,73,68,65,Senior,Average
Fer Niño,71,80,21,Villarreal Club de Fútbol B,Spain,ST,4200000,5000,65,72,59,67,35,68,Young,Average
João Gamboa,71,75,25,Oud-Heverlee Leuven,Portugal,"CDM,CM",2400000,9000,65,58,66,67,68,74,Adult,Average
P. Carlgren,71,71,30,Randers FC,Sweden,GK,1200000,7000,69,69,69,72,42,69,Senior,Average
D. Boloca,71,78,23,Frosinone,Romania,CM,3700000,2000,64,58,68,70,50,74,Adult,Average
O. Doumbia,71,71,30,FC Lugano,Côte d'Ivoire,"CDM,CM",1600000,7000,72,58,65,66,69,78,Senior,Average
Eminho Moringa,71,71,34,Sport Club Corinthians Paulista,Brazil,CB,600000,16000,63,50,62,61,71,78,Senior,Average
Ailton Cardenhas,71,71,22,Santos,Brazil,GK,1600000,10000,71,72,72,72,23,76,Young,Average
A. Rogel,71,78,24,Hertha BSC,Uruguay,CB,3500000,15000,46,33,48,55,71,78,Adult,Average
J. Vagnoman,71,79,21,VfB Stuttgart,Germany,"RB,RM,LB",4000000,10000,84,46,61,67,66,77,Young,Average
N. Maksimović,71,71,30,Genoa,Serbia,CB,1500000,3000,51,28,44,53,73,76,Senior,Average
M. Fraisl,71,73,29,DSC Arminia Bielefeld,Austria,GK,1600000,10000,72,71,70,73,41,66,Adult,Average
J. Justvan,71,75,24,SC Paderborn 07,Germany,"CAM,RM,LWB",2700000,12000,84,55,69,74,52,52,Adult,Average
M. Carabajal,71,77,25,Independiente del Valle,Argentina,"CB,RB,CDM",2600000,650,71,43,63,62,70,75,Adult,Average
A. Flint,71,71,32,Stoke City,England,CB,1200000,17000,41,48,40,41,69,82,Senior,Average
F. Sakala,71,74,25,Rangers FC,Zambia,"ST,LW",2500000,32000,90,71,60,72,31,66,Adult,Average
S. Holmén,71,71,30,IF Elfsborg,Sweden,CB,1500000,4000,55,36,49,51,73,75,Senior,Average
T. Skarke,71,72,25,1. FC Union Berlin,Germany,"RM,LM,RWB",2200000,18000,88,68,60,73,45,55,Adult,Average
T. Ambrose,71,75,25,KV Oostende,France,"ST,LM",2600000,9000,82,68,60,72,29,66,Adult,Average
W. Troost-Ekong,71,71,28,Watford,Nigeria,CB,1600000,25000,61,32,43,43,72,77,Adult,Average
S. Bastoni,71,73,25,Spezia,Italy,"CM,LM,LB",2300000,11000,66,57,71,71,69,66,Adult,Average
A. Jeremejeff,71,71,28,BK Häcken,Sweden,ST,1900000,6000,67,69,61,63,29,69,Adult,Average
S. Johansen,71,71,31,Queens Park Rangers,Norway,"CM,CAM",1500000,22000,63,66,73,70,67,72,Senior,Average
M. Langerak,71,71,33,Free agent,Australia,GK,0,0,72,68,53,73,26,72,Senior,Average
S. De Maio,71,71,35,Modena,France,CB,500000,2000,52,42,41,51,73,74,Senior,Average
Anuar,71,72,27,Real Valladolid CF,Morocco,"CM,CAM,LM",2100000,14000,79,67,66,73,67,69,Adult,Average
B. Adjei-Boateng,71,71,28,CFR Cluj,Ghana,"CDM,CM",1600000,11000,75,64,60,67,67,84,Adult,Average
D. Špikić,71,76,23,Dinamo Zagreb,Croatia,"RW,LW,RM",2800000,650,84,67,64,76,47,61,Adult,Average
A. Finnbogason,71,71,33,Lyngby BK,Iceland,ST,1200000,9000,41,75,61,72,33,62,Senior,Average
S. Kerk,71,71,28,Hannover 96,Germany,"CAM,CF,LM",1900000,19000,69,74,76,72,34,63,Adult,Average
S. Janko,71,72,26,VfL Bochum 1848,Gambia,"RB,RW",2000000,13000,88,52,60,69,66,79,Adult,Average
Guilherme Schettine,71,72,26,Grasshopper Club Zürich,Brazil,ST,2200000,10000,65,72,59,69,25,67,Adult,Average
J. Paintsil,71,76,24,KRC Genk,Ghana,"LW,RW,ST",2800000,10000,89,67,60,74,33,72,Adult,Average
D. Braghieri,71,71,35,Club Atlético Lanús,Argentina,CB,500000,7000,57,48,49,56,69,79,Senior,Average
L. Pfeiffer,71,73,25,VfB Stuttgart,Germany,ST,2400000,16000,53,70,50,62,33,80,Adult,Average
Danilo,71,76,23,Feyenoord,Brazil,ST,2900000,7000,77,72,58,73,22,64,Adult,Average
J. Lössl,71,71,33,FC Midtjylland,Denmark,GK,600000,13000,72,72,69,71,37,69,Senior,Average
S. Surridge,71,77,23,Nottingham Forest,England,ST,3000000,33000,69,71,55,69,28,71,Adult,Average
A. Flips,71,78,22,Stade de Reims,France,"RM,LM,CAM",3800000,13000,70,68,68,73,43,60,Young,Average
Pedro Sá,71,71,28,Portimonense SC,Portugal,"CDM,CM",1600000,6000,61,55,62,66,68,75,Adult,Average
M. Pedersen,71,72,25,FC Augsburg,Denmark,LM,2200000,16000,84,52,65,73,66,67,Adult,Average
S. van Beek,71,71,27,SC Heerenveen,Netherlands,CB,1700000,6000,60,39,55,51,72,72,Adult,Average
K. Omeruo,71,73,28,CD Leganés,Nigeria,CB,1900000,8000,64,32,50,56,70,77,Adult,Average
U. Hünemeier,71,71,36,SC Paderborn 07,Germany,CB,325000,9000,41,51,60,56,73,66,Senior,Average
T. Smith,71,71,30,Middlesbrough,England,"RWB,RB",1600000,17000,67,46,66,65,68,72,Senior,Average
Erik Morán,71,71,31,SD Ponferradina,Spain,CDM,1300000,6000,41,50,69,66,68,74,Senior,Average
K. Duncan,71,75,24,New York Red Bulls,United States,"RWB,RM,RB",2500000,7000,89,46,58,69,65,71,Adult,Average
A. Blin,71,75,25,Lecce,France,"CDM,CM,CB",2400000,10000,38,52,63,62,68,78,Adult,Average
A. Benali,71,71,30,Brescia,Libya,"CM,CDM,CF",1800000,4000,76,63,69,75,44,63,Senior,Average
A. Caracciolo,71,71,32,Pisa,Italy,CB,1200000,3000,57,32,49,62,72,76,Senior,Average
Neto Borges,71,74,25,Clermont Foot 63,Brazil,LB,2300000,11000,72,50,64,71,66,78,Adult,Average
E. Derdiyok,71,71,34,MKE Ankaragücü,Switzerland,ST,900000,11000,36,74,66,65,32,65,Senior,Average
Cláudio Winck,71,71,28,Clube Sport Marítimo,Brazil,RB,1700000,7000,69,59,61,66,68,73,Adult,Average
E. Fernandes,71,73,26,1. FSV Mainz 05,Switzerland,"CM,CDM",2300000,17000,67,65,67,72,70,66,Adult,Average
Yan Couto,71,79,20,Girona FC,Brazil,"RM,RB,RWB",4099999,43000,82,56,65,74,62,59,Young,Average
J. Ríos,71,71,30,Club Deportes Tolima,Colombia,"CDM,CM",1600000,3000,64,54,61,63,70,75,Senior,Average
L. de la Torre,71,77,24,RC Celta de Vigo,United States,"CM,CDM,LM",2900000,13000,65,56,70,74,59,61,Adult,Average
R. Schüller,71,71,31,Djurgårdens IF,Finland,"CDM,CM",1300000,6000,50,56,65,65,71,70,Senior,Average
K. Çörekçi,71,71,30,Atakaş Hatayspor,Turkey,"RB,LB,RWB",1600000,9000,81,49,65,70,66,68,Senior,Average
C. Ganea,71,71,30,Panathinaikos FC,Romania,LB,1600000,550,74,66,70,69,65,70,Senior,Average
L. Iberico,71,77,24,FBC Melgar,Peru,"LW,LM,ST",3000000,650,83,70,61,74,25,67,Adult,Average
M. Dárdai,71,82,20,Hertha BSC,Germany,CB,3800000,12000,65,31,65,63,72,70,Young,Average
O. El Hajjam,71,71,31,Le Havre AC,Morocco,"CB,RB,RWB",1300000,5000,65,45,65,67,72,73,Senior,Average
L. Veldwijk,71,71,30,Suwon FC,South Africa,ST,1800000,6000,57,73,51,64,33,79,Senior,Average
E. Loiodice,71,83,21,Unión Deportiva Las Palmas,France,"CDM,CM",4400000,5000,66,59,67,73,65,65,Young,Average
Gerard Valentín,71,71,28,SD Huesca,Spain,"RM,RB",1900000,8000,91,53,59,78,60,70,Adult,Average
A. Mendy,71,71,28,Stade Malherbe Caen,Guinea Bissau,ST,1900000,7000,72,72,52,64,25,81,Adult,Average
N. Theuerkauf,71,71,35,1. FC Heidenheim 1846,Germany,"CDM,LB,CB",525000,10000,62,56,64,63,71,80,Senior,Average
S. van den Berg,71,81,20,FC Schalke 04,Netherlands,CB,3800000,34000,60,34,62,64,72,72,Young,Average
P. Pentke,71,71,37,TSG Hoffenheim,Germany,GK,210000,10000,70,69,65,74,37,72,Senior,Average
M. Dreyer,71,71,33,AS Saint-Étienne,France,GK,600000,5000,71,72,68,73,49,69,Senior,Average
F. Gutiérrez,71,71,31,Colorado Rapids,Chile,"CM,CAM",1500000,6000,65,68,72,74,59,61,Senior,Average
D. Jones,71,76,25,New England Revolution,United States,"LB,RB",2600000,5000,82,56,65,69,66,75,Adult,Average
M. McKenzie,71,78,23,KRC Genk,United States,CB,3500000,9000,78,36,48,62,71,74,Adult,Average
B. Gimber,71,75,25,SSV Jahn Regensburg,Germany,CDM,2400000,8000,65,48,59,56,71,79,Adult,Average
A. Oğuz,71,71,29,İttifak Holding Konyaspor,Turkey,"RB,RWB",1600000,11000,76,59,67,71,67,78,Adult,Average
T. Olsen,71,71,31,Lillestrøm SK,Norway,ST,1600000,5000,75,70,59,64,41,79,Senior,Average
S. Hutchinson,71,71,31,Millwall,England,CB,1300000,9000,47,29,50,53,72,78,Senior,Average
D. Adorni,71,71,29,Brescia,Italy,CB,1600000,4000,73,44,52,53,73,69,Adult,Average
K. El Berkaoui,71,72,27,Al Raed,Morocco,"ST,LW",2200000,14000,87,73,56,72,24,63,Adult,Average
S. Sosa,71,80,23,Atlanta United,Argentina,"CDM,CM",3900000,5000,59,56,61,66,69,76,Adult,Average
I. Fossum,71,74,25,Aalborg BK,Norway,"CM,CAM",2500000,10000,69,68,69,71,64,74,Adult,Average
André Silva,71,75,25,Vitória de Guimarães,Brazil,"ST,LW",2600000,8000,76,70,65,72,32,66,Adult,Average
M. Andersen,71,77,23,Venezia FC,Denmark,"CM,CDM",2900000,3000,68,61,69,71,63,73,Adult,Average
J. Greguš,71,71,31,San Jose Earthquakes,Slovakia,"CDM,CM",1300000,5000,63,68,73,68,66,73,Senior,Average
E. Agbadou,71,78,25,Stade de Reims,Côte d'Ivoire,"CB,CDM",3400000,13000,67,47,50,57,69,79,Adult,Average
Sergio Castel,71,72,27,UD Ibiza,Spain,ST,2200000,6000,58,72,53,65,23,76,Adult,Average
R. McGree,71,78,23,Middlesbrough,Australia,"CM,CAM",3700000,16000,79,69,69,74,63,73,Adult,Average
N. Acevedo,71,71,33,Godoy Cruz,Argentina,"CM,CDM",1200000,8000,64,55,73,72,63,81,Senior,Average
Kang Sang Woo,71,71,28,Beijing Guoan FC,Korea Republic,"LB,LWB,LM",1700000,12000,81,63,69,68,64,62,Adult,Average
P. Gerkens,71,72,27,Royal Antwerp FC,Belgium,"CM,CAM,CF",2100000,14000,54,69,70,69,66,69,Adult,Average
José León,71,73,27,CD Tenerife,Spain,CB,2000000,7000,68,36,54,55,71,76,Adult,Average
O. Kamara,71,71,32,D.C. United,Norway,ST,1500000,6000,73,72,60,68,33,77,Senior,Average
J. Murillo,71,73,28,Los Angeles FC,Colombia,"CB,RB",1900000,6000,81,38,54,62,71,79,Adult,Average
J. Buckley,71,79,22,Blackburn Rovers,England,"CAM,CM",4200000,23000,77,60,67,72,65,69,Young,Average
R. Hennings,71,71,34,Fortuna Düsseldorf,Germany,ST,900000,17000,62,76,61,65,40,73,Senior,Average
A. Ba Loua,71,72,25,Lech Poznań,Côte d'Ivoire,RM,2200000,7000,88,60,67,73,27,52,Adult,Average
J. Huth,71,72,28,SC Paderborn 07,Germany,GK,1500000,11000,71,66,75,74,59,68,Adult,Average
N. Tripichio,71,74,26,Defensa y Justicia,Argentina,"RB,CB",2300000,9000,78,50,65,71,64,69,Adult,Average
D. Stipica,71,71,31,Pogoń Szczecin,Croatia,GK,1000000,6000,72,72,64,74,29,73,Senior,Average
M. Vlap,71,74,25,FC Twente,Netherlands,"CAM,CM",2500000,9000,58,73,69,70,47,65,Adult,Average
J. Zoet,71,71,31,Spezia,Netherlands,GK,1000000,9000,70,73,74,70,51,71,Senior,Average
S. Gómez,71,76,26,Atlético Nacional,Colombia,"CDM,CM",2500000,3000,63,62,64,67,69,73,Adult,Average
Y. Neyou,71,76,25,CD Leganés,Cameroon,"CDM,CM",2500000,6000,66,60,65,75,70,68,Adult,Average
B. Kuwas,71,71,29,GZT Giresunspor,Curacao,RM,1800000,10000,78,72,67,75,32,65,Adult,Average
I. Sylla,71,71,28,Toulouse Football Club,Guinea,LB,1700000,12000,71,61,67,66,65,73,Adult,Average
B. Martella,71,71,29,Ternana,Italy,"LB,LM",1600000,4000,81,57,69,66,62,74,Adult,Average
M. Sobottka,71,71,28,Fortuna Düsseldorf,Germany,"CDM,CM",1600000,15000,66,57,63,66,71,74,Adult,Average
M. Capuano,71,71,30,Ternana,Italy,CB,1500000,3000,63,33,49,57,71,81,Senior,Average
Iago Falqué,71,71,32,América de Cali,Spain,"CAM,ST,RW",1500000,2000,67,68,73,74,38,51,Senior,Average
Nanu,71,71,28,FC Dallas,Guinea Bissau,"RB,RM",1700000,8000,86,61,63,70,66,73,Adult,Average
J. Steer,71,71,29,Aston Villa,England,GK,1300000,33000,72,70,70,71,51,70,Adult,Average
N. Bancu,71,71,29,Universitatea Craiova,Romania,"LB,LWB",1600000,10000,79,66,67,70,64,74,Adult,Average
M. Meli,71,71,30,Club Atlético Aldosivi,Argentina,"CM,RM",1800000,8000,74,61,67,69,66,75,Senior,Average
M. Gersbeck,71,72,27,Karlsruher SC,Germany,GK,1600000,8000,67,72,58,71,42,71,Adult,Average
Kim Jin Su,71,71,30,Jeonbuk Hyundai Motors,Korea Republic,LB,1600000,21000,83,40,64,68,66,66,Senior,Average
M. Rojas,71,71,30,Free agent,New Zealand,"LM,RM",0,0,85,66,67,74,45,47,Senior,Average
J. Buffarini,71,71,33,Club Atlético Talleres,Argentina,RB,975000,9000,75,58,64,70,65,78,Senior,Average
Hong Chul,71,71,31,Daegu FC,Korea Republic,"LWB,LB",1400000,6000,85,49,65,69,63,73,Senior,Average
Pep Chavarría,71,78,24,Rayo Vallecano,Spain,LB,3600000,10000,84,49,63,67,64,75,Adult,Average
D. Dike,71,82,22,West Bromwich Albion,United States,ST,4200000,21000,68,71,47,62,21,80,Young,Average
Vanderlei Cõembra,71,71,22,Cuiabá,Brazil,"RB,LB",2000000,9000,87,36,60,68,64,67,Young,Average
Carraça,71,71,29,Gil Vicente FC,Portugal,"RB,RWB,RM",1600000,8000,68,59,67,69,67,70,Adult,Average
R. Walter,71,72,27,Sporting Kansas City,France,"CDM,CM",1900000,5000,63,61,71,73,66,68,Adult,Average
P. Mazzocchi,71,72,26,US Salernitana 1919,Italy,"RWB,RM,RB",2000000,15000,76,56,65,67,67,71,Adult,Average
A. Bobichon,71,72,26,Angers SCO,France,"CM,CAM,LM",2200000,15000,65,73,72,71,56,64,Adult,Average
L. Magallán,71,71,28,Ajax,Argentina,CB,1600000,10000,48,38,52,58,71,78,Adult,Average
A. Pascanu,71,79,23,SD Ponferradina,Romania,CB,3900000,5000,71,39,50,58,71,81,Adult,Average
Thiago Martins,71,74,27,New York City FC,Brazil,CB,2100000,5000,76,41,57,58,71,73,Adult,Average
I. Franco,71,80,22,Club Libertad,Paraguay,"CF,RM",4200000,650,80,66,58,73,37,60,Young,Average
Tiago Sá,71,75,27,SC Braga,Portugal,GK,2000000,7000,71,70,66,71,44,70,Adult,Average
L. Kleinheisler,71,71,28,Free agent,Hungary,"CAM,CM",0,0,74,70,68,75,60,75,Adult,Average
S. Abdul Samed,71,75,22,Racing Club de Lens,Ghana,"CDM,CM",2500000,15000,50,47,60,65,69,62,Young,Average
A. Meyer,71,71,31,Borussia Dortmund,Germany,GK,1000000,18000,71,69,67,70,25,72,Senior,Average
I. Chair,71,77,24,Queens Park Rangers,Morocco,CAM,3000000,19000,75,66,68,73,31,48,Adult,Average
Walter Silvieiro,71,71,30,Atlético Clube Goianiense,Brazil,ST,1800000,10000,72,76,61,64,36,62,Senior,Average
S. Larsson,71,71,37,AIK,Sweden,CM,600000,5000,51,69,76,66,66,70,Senior,Average
S. Gregersen,71,74,27,FC Girondins de Bordeaux,Norway,"CB,RB",2100000,6000,75,44,50,46,69,84,Adult,Average
J. Brenet,71,71,28,FC Twente,Netherlands,"RB,LB",1700000,9000,79,36,61,70,68,67,Adult,Average
O. Lewicki,71,71,29,Malmö FF,Sweden,"CDM,CM,CB",1600000,6000,61,55,62,67,71,75,Adult,Average
Balde,71,82,18,FC Barcelona,Spain,LB,3800000,17000,84,47,67,74,64,54,Young,Average
T. Borevković,71,76,25,Hajduk Split,Croatia,CB,2500000,650,44,30,46,46,72,78,Adult,Average
J. Maja,71,77,23,FC Girondins de Bordeaux,Nigeria,ST,3000000,6000,76,70,62,73,28,58,Adult,Average
Josué Sá,71,71,30,Rio Ave FC,Portugal,CB,1500000,6000,45,36,49,64,73,73,Senior,Average
F. Falco,71,71,30,Cagliari,Italy,"CF,CAM,RW",1800000,4000,79,67,69,77,29,54,Senior,Average
C. Nyman,71,71,29,IFK Norrköping,Sweden,ST,1900000,6000,81,69,58,66,41,81,Adult,Average
Henrique Araújo,71,85,20,SL Benfica,Portugal,ST,4500000,7000,70,71,56,65,27,70,Young,Average
J. Infante,71,73,26,Platense,Argentina,"LB,LWB",2100000,9000,74,51,60,67,69,68,Adult,Average
L. Agoumé,71,82,20,ESTAC Troyes,France,"CDM,CM",3900000,22000,64,54,68,72,67,69,Young,Average
R. Brady,71,71,30,Preston North End,Republic of Ireland,"RM,LM,LWB",1800000,22000,63,69,73,72,65,59,Senior,Average
E. Owusu,71,75,24,KAA Gent,Ghana,"CDM,CM",2400000,11000,67,52,64,71,68,70,Adult,Average
M. Helik,71,72,26,Huddersfield Town,Poland,CB,1900000,12000,62,49,47,53,70,76,Adult,Average
Kim Young Gwon,71,71,32,Ulsan Hyundai FC,Korea Republic,CB,1200000,7000,68,44,63,59,71,75,Senior,Average
Gabriel Silva,71,71,31,AS Saint-Étienne,Brazil,"LB,LWB",1400000,6000,65,57,69,70,68,69,Senior,Average
L. Krejčí,71,71,29,AC Sparta Praha,Czech Republic,"LM,LB",1800000,750,74,67,70,71,66,55,Adult,Average
G. Zardes,71,71,30,Colorado Rapids,United States,ST,1800000,6000,83,70,53,68,44,75,Senior,Average
M. Zimmermann,71,71,30,Fortuna Düsseldorf,Germany,RB,1600000,14000,69,52,67,66,68,71,Senior,Average
Claudemir,71,71,34,FC Vizela,Brazil,"CDM,CM",650000,4000,50,66,70,69,68,72,Senior,Average
S. Shashoua,71,80,23,CD Tenerife,England,"ST,CAM,RM",4200000,7000,89,71,64,76,39,58,Adult,Average
D. Baselli,71,71,30,Como,Italy,CM,1800000,3000,67,71,75,74,65,61,Senior,Average
F. Lucioni,71,71,34,Frosinone,Italy,CB,600000,10000,46,33,47,50,72,75,Senior,Average
Y. Guzmán,71,78,24,Atlético Nacional,Colombia,"CAM,RM",3800000,3000,74,65,69,75,29,43,Adult,Average
Z. Tripić,71,71,29,Viking FK,Norway,LW,1800000,4000,83,72,66,71,42,77,Adult,Average
M. Tramoni,71,79,22,Pisa,France,"LM,LW",4200000,3000,80,63,68,71,48,62,Young,Average
M. Nadé,71,79,23,AS Saint-Étienne,France,CB,3900000,5000,35,30,44,52,70,82,Adult,Average
E. Torregrossa,71,71,30,Pisa,Italy,ST,1800000,14000,73,70,55,68,28,74,Senior,Average
N. Gyömbér,71,71,29,US Salernitana 1919,Slovakia,CB,1600000,16000,62,31,43,50,73,72,Adult,Average
E. Palmer-Brown,71,77,25,ESTAC Troyes,United States,CB,2600000,11000,65,30,52,53,69,77,Adult,Average
Miguelón,71,74,26,Real Oviedo,Spain,RB,2300000,11000,76,51,64,73,66,65,Adult,Average
R. Giles,71,78,22,Middlesbrough,England,"LWB,LW",3600000,33000,89,56,67,69,58,64,Young,Average
A. Marchesano,71,71,31,FC Zürich,Switzerland,CAM,1600000,12000,68,66,71,74,48,51,Senior,Average
Dani Gómez,71,76,23,RCD Espanyol de Barcelona,Spain,ST,2900000,8000,78,71,62,70,37,63,Adult,Average
S. Wharton,71,76,24,Blackburn Rovers,England,CB,2600000,21000,63,32,50,62,70,77,Adult,Average
A. Pelmard,71,79,22,FC Basel 1893,France,"CB,LB",3900000,10000,81,35,61,70,72,73,Young,Average
A. Smithies,71,71,32,Leicester City,England,GK,925000,31000,72,69,68,71,59,71,Senior,Average
A. Epureanu,71,71,35,İstanbul Başakşehir FK,Moldova,CB,500000,14000,32,53,54,55,73,74,Senior,Average
J. Gorter,71,82,22,Ajax,Netherlands,GK,3600000,6000,72,65,66,74,50,71,Young,Average
Maurício,71,71,30,Al Batin,Brazil,CB,1500000,10000,58,43,53,51,71,81,Senior,Average
Mailson,71,75,25,Al Taawoun,Brazil,GK,2000000,11000,73,69,66,74,36,67,Adult,Average
B. Salamon,71,71,31,Lech Poznań,Poland,CB,1300000,7000,50,47,58,55,72,75,Senior,Average
C. Cándido,71,72,27,Club Nacional de Football,Uruguay,"LB,LW,LM",2000000,550,85,56,66,67,67,52,Adult,Average
G. Esparza,71,71,29,Club The Strongest,Argentina,LM,1800000,950,90,60,63,73,44,54,Adult,Average
U. Matić,71,71,32,Abha Club,Serbia,"CM,CDM",1500000,9000,67,67,67,71,62,79,Senior,Average
A. Rodríguez,71,71,33,Deportivo Cali,Colombia,ST,1200000,3000,69,68,57,70,32,78,Senior,Average
D. Man,71,77,23,Parma,Romania,"RM,LM,RW",3000000,3000,88,68,65,72,45,72,Adult,Average
K. Möhwald,71,71,28,1. FC Union Berlin,Germany,"CM,CAM",1900000,19000,43,70,74,72,63,68,Adult,Average
J. González,71,77,23,Minnesota United FC,Mexico,"CM,CDM",2900000,5000,71,58,66,72,70,68,Adult,Average
F. Sambueza,71,71,33,Junior FC,Argentina,"RM,CAM",1200000,3000,71,64,73,70,37,49,Senior,Average
N. Kühn,71,77,22,SK Rapid Wien,Germany,"RM,ST,CAM",3000000,16000,88,62,61,75,24,46,Young,Average
K. Piątkowski,71,79,22,FC Red Bull Salzburg,Poland,CB,3900000,13000,81,47,64,66,69,81,Young,Average
M. Viti,71,83,20,OGC Nice,Italy,CB,4200000,16000,71,35,48,48,73,70,Young,Average
K. Djidji,71,72,29,Torino F.C.,Côte d'Ivoire,CB,1700000,24000,65,32,53,63,72,69,Adult,Average
Iván Villar,71,77,24,RC Celta de Vigo,Spain,GK,2400000,9000,71,70,69,71,32,70,Adult,Average
V. Babacan,71,71,33,İstanbul Başakşehir FK,Turkey,GK,600000,16000,73,69,67,70,50,76,Senior,Average
A. Milošević,71,71,30,AIK,Sweden,CB,1500000,6000,54,53,58,56,71,76,Senior,Average
A. Trebel,71,71,31,RSC Anderlecht,France,"CM,CDM",1500000,14000,61,67,72,71,68,65,Senior,Average
M. Coco,71,72,26,FC Nantes,France,"RM,RW,RWB",2200000,16000,81,66,68,70,53,56,Adult,Average
S. Arfield,71,71,33,Rangers FC,Canada,"CM,CAM",1200000,31000,53,68,71,72,66,69,Senior,Average
G. Bruno,71,71,30,Sint-Truidense VV,Belgium,"ST,RW",1800000,16000,73,71,66,71,39,65,Senior,Average
M. Bruno,71,71,28,KV Kortrijk,Belgium,"CAM,LM,RM",1900000,11000,72,68,71,72,42,61,Adult,Average
Y. Touzghar,71,71,35,AC Ajaccio,Tunisia,ST,800000,10000,65,72,61,71,24,67,Senior,Average
Gus Outomouro,71,71,26,Internacional,Brazil,"ST,LM",2100000,18000,71,72,68,73,28,62,Adult,Average
A. Tagnaouti,71,75,26,Free agent,Morocco,GK,0,0,71,69,67,70,38,69,Adult,Average
N. Williams,71,82,21,Nottingham Forest,Wales,"RB,RWB",4000000,23000,73,45,64,71,67,60,Young,Average
J. Faussurier,71,71,35,FC Sochaux-Montbéliard,France,"RB,RM",575000,4000,50,59,73,70,71,68,Senior,Average
I. Nestorovski,71,71,32,Udinese Calcio,North Macedonia,ST,1500000,12000,64,73,53,68,35,71,Senior,Average
Pedro Mendes,71,78,22,Ascoli,Portugal,ST,3800000,4000,71,72,56,67,34,77,Young,Average
D. Polenta,71,71,30,Unión de Santa Fe,Uruguay,"CB,LB",1500000,9000,69,39,59,57,69,82,Senior,Average
K. Miller,71,75,25,Club de Foot Montréal,Canada,"CB,LB",2300000,5000,81,37,58,64,69,79,Adult,Average
A. Sørensen,71,72,26,AC Sparta Praha,Denmark,CB,1900000,650,57,42,57,58,72,72,Adult,Average
C. Fuentes,71,71,29,Colo-Colo,Chile,"CDM,CM",1600000,5000,66,60,63,64,69,80,Adult,Average
D. Jurásek,71,77,21,SK Slavia Praha,Czech Republic,"LB,LM",2800000,550,80,56,67,71,64,73,Young,Average
C. Christie,71,71,29,Hull City,Republic of Ireland,"RB,RWB,RM",1600000,12000,79,53,63,68,65,76,Adult,Average
D. Palacios,71,79,22,Los Angeles FC,Ecuador,LB,4000000,5000,75,33,63,70,67,67,Young,Average
L. Merolla,71,74,27,Club Atlético Huracán,Argentina,CB,2100000,9000,47,26,49,47,73,78,Adult,Average
Alberto Soro,71,80,23,Granada CF,Spain,"RM,ST,LM",4200000,7000,77,63,69,71,44,59,Adult,Average
Jairo,71,71,28,FC Cartagena,Spain,"LWB,LB,LM",1700000,6000,89,66,66,71,63,56,Adult,Average
M. D'Alessandro,71,71,31,AC Monza,Italy,"LM,RM",1600000,28000,87,60,66,77,44,46,Senior,Average
R. Leal,71,74,25,Nashville SC,Costa Rica,"LM,RM",2500000,6000,70,65,69,73,38,50,Adult,Average
Róber,71,74,27,Levante Unión Deportiva,Spain,"CB,CDM",2100000,8000,56,48,62,61,72,71,Adult,Average
M. Müldür,71,77,23,U.S. Sassuolo Calcio,Turkey,RB,2800000,15000,77,49,60,72,67,72,Adult,Average
Pedrildo Rocha,71,71,30,Sport Club Corinthians Paulista,Brazil,"LW,LM",1800000,19000,77,71,66,75,43,63,Senior,Average
E. Saveljich,71,71,31,Rayo Vallecano,Montenegro,CB,1300000,12000,39,32,49,45,71,79,Senior,Average
F. Hübner,71,71,31,1. FC Nürnberg,Germany,CB,1300000,8000,41,43,46,44,75,71,Senior,Average
S. Ferreira,71,78,24,Houston Dynamo,Paraguay,ST,3800000,6000,71,73,57,73,32,61,Adult,Average
D. Hyam,71,74,26,Blackburn Rovers,Scotland,CB,2200000,24000,54,32,53,58,72,74,Adult,Average
N. Viola,71,71,32,Cagliari,Italy,"CM,CDM",1500000,4000,60,64,75,72,58,68,Senior,Average
K. Dowell,71,76,24,Norwich City,England,"CAM,RM",2800000,23000,64,68,71,72,40,51,Adult,Average
H. Mendes,71,74,24,Unión Deportiva Almería,France,"RB,CB",2400000,13000,75,42,61,64,70,73,Adult,Average
Antonaldo Vaz,71,71,22,Palmeiras,Brazil,LB,2000000,17000,71,38,62,65,68,68,Young,Average
E. Insua,71,71,31,Vélez Sarsfield,Argentina,"LB,LWB,LM",1400000,9000,73,57,62,66,68,74,Senior,Average
I. Diallo,71,74,25,AC Ajaccio,Côte d'Ivoire,"LB,CB",2300000,11000,69,38,54,68,70,74,Adult,Average
A. Hatem,71,71,31,Free agent,Qatar,"CM,CDM",0,0,61,68,71,68,62,69,Senior,Average
L. Cavallini,71,71,29,Vancouver Whitecaps FC,Canada,ST,1900000,7000,72,70,50,66,36,87,Adult,Average
B. Nieuwkoop,71,72,26,Royale Union Saint-Gilloise,Netherlands,"RM,RWB,RB",2200000,11000,71,58,69,68,71,73,Adult,Average
Bernardo,71,72,27,FC Red Bull Salzburg,Brazil,"LB,CB",2000000,16000,71,53,62,68,70,73,Adult,Average
F. Di Mariano,71,72,26,Palermo,Italy,LW,2200000,4000,73,65,65,73,32,50,Adult,Average
Y. Benzia,71,71,27,Dijon FCO,Algeria,"CAM,CM",2000000,6000,66,69,70,73,45,61,Adult,Average
Antonio Blanco,71,82,21,Cádiz CF,Spain,"CM,CDM",4200000,51000,54,57,67,66,62,58,Young,Average
M. Bauer,71,78,22,FC Augsburg,Germany,CB,3500000,13000,54,26,48,49,73,73,Young,Average
A. Arias,71,74,26,FBC Melgar,Peru,"CM,CDM,CAM",2400000,650,60,65,68,68,73,54,Adult,Average
A. Hoffmann,71,72,29,Fortuna Düsseldorf,Germany,CB,1700000,15000,52,38,56,56,71,72,Adult,Average
F. Troyansky,71,76,25,Club Atlético Lanús,Argentina,"ST,LM",2800000,10000,75,70,69,72,35,73,Adult,Average
M. Olsson,71,71,34,Malmö FF,Sweden,"LB,CB,LWB",700000,6000,69,62,67,67,68,73,Senior,Average
R. Boffin,71,71,34,Antalyaspor,Belgium,GK,325000,12000,72,67,68,72,56,70,Senior,Average
M. Wallace,71,71,29,Millwall,Scotland,"CB,LWB,LB",1600000,10000,58,29,55,60,72,79,Adult,Average
A. Rami,71,71,36,ESTAC Troyes,France,CB,325000,8000,37,48,53,56,71,75,Senior,Average
Álvaro,71,78,24,RCD Espanyol de Barcelona,Spain,GK,3200000,5000,73,67,66,75,47,68,Adult,Average
B. Khoukhi,71,71,31,Free agent,Qatar,"CB,CDM",0,0,62,60,57,54,70,77,Senior,Average
Zé Carlos,71,78,23,UD Ibiza,Portugal,RB,3600000,8000,77,39,57,69,68,65,Adult,Average
K. Behrens,71,71,31,1. FC Union Berlin,Germany,ST,1600000,20000,72,71,51,65,29,80,Senior,Average
Y. Demir,71,82,19,Galatasaray SK,Austria,"RW,CAM,RM",4000000,23000,82,66,65,78,19,50,Young,Average
E. Stevens,71,71,31,Sheffield United,Republic of Ireland,"LWB,LB",1400000,17000,66,45,64,70,68,71,Senior,Average
L. Jara,71,71,31,Vélez Sarsfield,Argentina,"RB,RWB,RM",1400000,9000,70,51,64,68,66,72,Senior,Average
D. Szymański,71,72,27,AEK Athens,Poland,"CM,CDM",2100000,850,69,67,66,68,69,78,Adult,Average
M. Trmal,71,81,23,Clube Sport Marítimo,Czech Republic,GK,3600000,5000,70,70,58,74,22,69,Adult,Average
J. Bruma,71,71,30,Kasimpaşa SK,Netherlands,CB,1500000,9000,58,53,56,56,71,76,Senior,Average
C. Auzqui,71,71,31,Ferencvárosi TC,Argentina,"CAM,RM",1600000,750,81,69,71,71,52,77,Senior,Average
E. Goldaniga,71,71,28,Cagliari,Italy,CB,1600000,4000,39,33,42,51,72,69,Adult,Average
F. Bartels,71,71,35,Holstein Kiel,Germany,"CF,RW,CAM",800000,11000,71,69,70,75,41,49,Senior,Average
Kaio Jorge,71,82,20,Juventus,Brazil,ST,4099999,41000,77,70,59,76,25,65,Young,Average
M. Bolaños,71,71,32,Shanghai Shenhua FC,Ecuador,ST,1500000,10000,84,72,64,74,26,64,Senior,Average
F. Kunze,71,76,24,Hannover 96,Germany,"CDM,CM",2600000,14000,53,40,57,58,74,75,Adult,Average
R. Matarrita,71,71,27,FC Cincinnati,Costa Rica,"LB,LM,LWB",1800000,5000,78,49,65,69,68,70,Adult,Average
S. Breitkreuz,71,71,30,SSV Jahn Regensburg,Germany,"CB,RB",1500000,9000,62,56,46,53,72,76,Senior,Average
Lucas Áfrico,71,72,27,Estoril Praia,Brazil,CB,1900000,6000,52,41,56,52,70,76,Adult,Average
N. Reniero,71,71,27,Argentinos Juniors,Argentina,ST,2000000,13000,77,69,63,69,32,69,Adult,Average
S. Hezze,71,82,20,Club Atlético Huracán,Argentina,"CDM,CM",3900000,6000,66,54,64,67,67,74,Young,Average
J. Elez,71,72,28,Hajduk Split,Croatia,CB,1800000,700,59,60,68,63,70,74,Adult,Average
Gabriel Sara,71,79,23,Norwich City,Brazil,"CAM,CM",4200000,23000,77,71,69,72,47,72,Adult,Average
R. Sawyers,71,71,30,Cardiff City,Saint Kitts and Nevis,"CM,CAM,CDM",1800000,22000,64,61,71,73,60,66,Senior,Average
Jorge Miramón,71,71,33,CD Leganés,Spain,"RB,RWB",975000,8000,71,58,72,68,65,71,Senior,Average
C. Arcus,71,74,26,Vitesse,Haiti,RWB,2300000,10000,71,42,64,65,67,73,Adult,Average
S. Moreo,71,71,29,Brescia,Italy,"ST,LW",1900000,4000,77,66,61,68,47,80,Adult,Average
A. Partipilo,71,72,27,Ternana,Italy,"CAM,ST",2200000,4000,84,66,69,67,43,65,Adult,Average
M. Martínez,71,71,29,Racing Club,Argentina,"CDM,CB",1600000,12000,62,58,63,63,69,78,Adult,Average
C. Sapong,71,71,33,Nashville SC,United States,"ST,LM",1200000,6000,70,69,60,67,40,82,Senior,Average
D. Benlamri,71,71,32,Al Khaleej,Algeria,CB,1200000,9000,53,35,51,49,70,83,Senior,Average
S. Strandberg,71,71,31,Vålerenga Fotball,Norway,CB,1300000,4000,54,42,54,57,71,76,Senior,Average
I. Doumbia,71,75,24,Aytemiz Alanyaspor,Côte d'Ivoire,"CDM,CM",2400000,7000,65,56,67,70,66,81,Adult,Average
Gonzalo Verdú,71,71,33,Elche CF,Spain,CB,900000,12000,51,53,58,56,71,76,Senior,Average
M. Pisano,71,71,30,Club Atlético Aldosivi,Argentina,"RW,CAM,RM",1800000,9000,79,67,69,74,42,46,Senior,Average
C. Townsend,71,71,29,West Bromwich Albion,England,"LWB,LB,CB",1600000,21000,69,46,64,67,68,69,Adult,Average
R. Carstensen,71,81,21,KRC Genk,Denmark,RB,4000000,7000,85,48,64,69,63,71,Young,Average
C. Ortiz,71,71,29,Defensa y Justicia,Argentina,"CAM,CM",1800000,11000,76,68,66,71,41,52,Adult,Average
Sergio Camello,71,82,21,Rayo Vallecano,Spain,"ST,CAM",4200000,23000,69,73,58,72,27,48,Young,Average
M. Jevtović,71,71,28,Gazişehir Gaziantep F.K.,Serbia,"CDM,CB,CM",1600000,11000,48,62,64,60,72,79,Adult,Average
K. Galanopoulos,71,76,24,AEK Athens,Greece,"CM,CDM",2800000,750,76,71,68,71,69,71,Adult,Average
C. Jean,71,72,26,Inter Miami CF,France,"ST,RW",2200000,6000,70,71,69,74,31,55,Adult,Average
A. Abdi,71,71,28,Stade Malherbe Caen,Tunisia,LWB,1700000,6000,86,60,66,70,61,74,Adult,Average
B. Assombalonga,71,71,29,Adana Demirspor,Congo DR,"ST,LW",1900000,16000,81,69,59,68,35,75,Adult,Average
N. Benezet,71,71,31,Nîmes Olympique,France,"LM,CAM",1600000,5000,76,68,68,72,34,53,Senior,Average
R. Hollingshead,71,71,31,Los Angeles FC,United States,"LB,RB,CB",1400000,5000,53,63,66,69,70,79,Senior,Average
B. Atik,71,71,27,1. FC Magdeburg,Turkey,"LW,ST,CAM",2000000,10000,75,68,68,76,39,53,Adult,Average
C. Fuchs,71,71,36,Charlotte FC,Austria,"CB,LB",325000,4000,48,66,74,67,72,67,Senior,Average
C. Stengs,71,78,23,Royal Antwerp FC,Netherlands,"RW,RM,CAM",3800000,23000,74,65,70,73,33,56,Adult,Average
E. Aguilar,71,71,30,Incheon United FC,Costa Rica,"RW,CM,ST",1800000,5000,64,65,77,73,46,70,Senior,Average
J. Ekkelenkamp,71,78,22,Royal Antwerp FC,Netherlands,"CAM,CM",3800000,12000,58,67,67,73,60,72,Young,Average
G. Makouta,71,76,24,Boavista FC,Congo,"CM,CAM",2800000,9000,65,68,66,73,64,80,Adult,Average
F. Frei,71,71,33,FC Basel 1893,Switzerland,"CB,CDM",900000,12000,55,69,70,69,72,73,Senior,Average
A. Mosquera,71,71,30,Independiente Medellín,Colombia,GK,1200000,2000,72,67,65,75,44,68,Senior,Average
K. Bartley,71,71,31,West Bromwich Albion,England,CB,1300000,20000,53,29,49,49,71,81,Senior,Average
Dinei Peixo,71,71,26,Sport Club Corinthians Paulista,Brazil,"RW,RM",2000000,19000,73,66,69,73,58,75,Adult,Average
S. Twine,71,78,22,Burnley,England,LW,3800000,25000,83,69,69,72,58,47,Young,Average
M. Núñez,71,80,22,Norwich City,Chile,"CM,CAM",4200000,23000,65,62,73,74,56,64,Young,Average
M. Santos,71,71,29,Club Atlético Talleres,Uruguay,ST,1900000,12000,76,70,61,71,40,75,Adult,Average
A. Carroll,71,71,33,Reading,England,ST,1200000,15000,33,74,62,62,48,79,Senior,Average
S. Horvath,71,74,25,LASK Linz,Austria,"CAM,RM,LM",2500000,16000,86,69,67,75,44,57,Adult,Average
K. Agudelo,71,77,23,Spezia,Colombia,"RW,CAM",3000000,11000,74,61,67,76,50,66,Adult,Average
Y. Mallı,71,71,30,Kasimpaşa SK,Turkey,"CAM,LW,CM",1800000,10000,68,66,72,74,33,52,Senior,Average
B. Whiteman,71,74,26,Preston North End,England,"CM,CDM",2400000,22000,68,64,69,70,65,72,Adult,Average
A. Ivan,71,74,25,Universitatea Craiova,Romania,"LM,ST",2500000,10000,84,70,65,68,34,69,Adult,Average
M. Ricci,71,71,28,Fatih Karagümrük S.K.,Italy,"CM,CDM",1900000,3000,72,66,70,70,62,68,Adult,Average
L. Reis,71,78,22,Hamburger SV,Netherlands,"CM,CDM",3800000,9000,75,59,67,73,67,69,Young,Average
Ó. Cardozo,71,71,39,Club Libertad,Paraguay,ST,650000,500,41,76,63,62,27,67,Senior,Average
Gerso,71,71,31,Jeju United FC,Guinea Bissau,"LW,RW",1600000,7000,91,65,61,74,41,51,Senior,Average
E. Kayembe,71,79,24,Watford,Congo DR,"CDM,CM",3900000,21000,72,61,66,68,66,77,Adult,Average
B. Fornaroli,71,71,34,Perth Glory,Australia,ST,900000,5000,70,73,63,74,38,71,Senior,Average
R. Snodgrass,71,71,34,Heart of Midlothian,Scotland,"CM,RM",875000,6000,53,73,75,73,47,68,Senior,Average
Núrio Fortuna,71,71,27,KAA Gent,Angola,"LM,LB,CB",2000000,14000,82,63,65,72,69,70,Adult,Average
E. Meza,71,76,23,Club Atlético Colón,Argentina,"RB,RWB",2600000,7000,81,62,65,72,64,68,Adult,Average
Jon Morcillo,71,77,23,Athletic Club de Bilbao,Spain,"LM,LW",3000000,14000,74,73,70,73,37,60,Adult,Average
E. Crivelli,71,72,27,Servette FC,France,"ST,LW",2200000,13000,62,69,62,66,36,85,Adult,Average
L. Holík,71,74,24,FC Viktoria Plzeň,Czech Republic,"RB,LB",2400000,550,74,49,65,70,67,67,Adult,Average
Rômulo Calsede,71,71,22,São Paulo,Brazil,ST,2200000,21000,72,72,60,67,32,69,Young,Average
Fran Gámez,71,71,30,Real Zaragoza,Spain,RB,1600000,7000,83,52,61,65,66,73,Senior,Average
S. Thioub,71,71,27,Angers SCO,Senegal,"RM,LM",2000000,15000,78,70,67,70,50,72,Adult,Average
D. Bronn,71,73,27,US Salernitana 1919,Tunisia,"CB,RB",2000000,15000,63,61,67,60,72,73,Adult,Average
S. Vasiliadis,71,75,24,DSC Arminia Bielefeld,Greece,"CM,CDM",2700000,11000,68,61,67,73,65,73,Adult,Average
A. Al Amri,71,76,25,Al Nassr,Saudi Arabia,CB,2500000,20000,70,28,47,46,68,82,Adult,Average
F. Benković,71,75,24,Eintracht Braunschweig,Croatia,CB,2400000,9000,58,44,54,55,71,79,Adult,Average
Diego Farias,71,71,32,Benevento,Brazil,"LW,CF,ST",1500000,4000,83,67,66,75,38,49,Senior,Average
Caio Canedo,71,71,31,Al Ain FC,United Arab Emirates,"LM,ST,RM",1600000,850,80,71,64,75,31,68,Senior,Average
C. Mepham,71,74,24,AFC Bournemouth,Wales,CB,2300000,22000,58,37,55,60,72,72,Adult,Average
K. McLean,71,71,30,Norwich City,Scotland,"CM,CDM",1800000,26000,67,69,68,71,66,73,Senior,Average
Alex Muñoz,71,71,27,Levante Unión Deportiva,Spain,"LB,CB",1800000,8000,81,68,62,64,66,80,Adult,Average
J. Bauman,71,71,31,Independiente del Valle,Argentina,ST,1600000,850,71,72,54,66,31,62,Senior,Average
A. Bamba,71,71,32,Angers SCO,Côte d'Ivoire,"RB,RWB,LB",1300000,14000,73,40,63,64,68,68,Senior,Average
S. Alexandropoulos,71,81,20,Sporting CP,Greece,"CDM,CM",3900000,6000,76,60,63,69,68,72,Young,Average
S. Sturaro,71,71,29,Genoa,Italy,"CM,CDM",1800000,4000,65,66,69,70,72,74,Adult,Average
G. Baldock,71,71,29,Sheffield United,Greece,"RWB,RB",1600000,18000,76,47,63,69,66,72,Adult,Average
K. Lewis-Potter,71,80,21,Brentford,England,"LW,LM,ST",4200000,23000,81,67,64,72,36,58,Young,Average
F. Agu,71,80,22,SV Werder Bremen,Germany,"RWB,LWB",4000000,12000,84,47,61,75,62,59,Young,Average
R. Majecki,71,78,22,KSV Cercle Brugge,Poland,GK,3200000,17000,70,69,66,72,28,71,Young,Average
Timor,71,71,32,SD Huesca,Spain,"CDM,CM,CB",1200000,7000,35,66,71,66,67,76,Senior,Average
V. Supriaha,71,78,22,Dynamo Kyiv,Ukraine,ST,3800000,650,85,70,51,71,19,51,Young,Average
Ricardo Mangas,71,78,24,Boavista FC,Portugal,"LWB,LB,CB",3600000,8000,71,46,61,69,66,74,Adult,Average
A. Donnarumma,71,71,31,Ternana,Italy,ST,1600000,4000,79,72,59,70,36,60,Senior,Average
S. Alzate,71,78,23,Standard de Liège,Colombia,"CM,CDM",3700000,31000,68,60,69,75,62,68,Adult,Average
C. Deac,71,71,36,CFR Cluj,Romania,"CAM,RW",600000,8000,68,68,73,71,57,72,Senior,Average
G. Tzavellas,71,71,34,AEK Athens,Greece,CB,600000,800,66,52,59,59,71,76,Senior,Average
I. Schor,71,81,21,Platense,Argentina,"RM,RW,LM",4200000,7000,73,62,68,70,51,63,Young,Average
J. Lucumí,71,71,27,Club Deportes Tolima,Colombia,"LM,LW,RW",2000000,3000,77,67,66,74,24,62,Adult,Average
Thiago Alminxa,71,71,30,RB Bragantino,Brazil,"ST,RW",1800000,12000,82,67,62,72,25,64,Senior,Average
G. Alanís,71,71,28,Defensa y Justicia,Argentina,"LM,LWB",1900000,8000,77,63,66,69,57,71,Adult,Average
L. Mazzitelli,71,74,26,Frosinone,Italy,"CM,CDM",2400000,28000,53,60,72,70,63,69,Adult,Average
D. Bain,71,72,28,AJ Auxerre,France,CB,1800000,12000,55,26,48,52,71,75,Adult,Average
L. James,71,71,29,Demir Grup Sivasspor,Nigeria,ST,1900000,13000,69,70,54,71,30,74,Adult,Average
O. Syrota,71,79,22,Dynamo Kyiv,Ukraine,CB,3900000,500,69,27,42,49,73,74,Young,Average
C. Alcaraz,71,84,19,Racing Club,Argentina,"CAM,CM,LM",4400000,7000,84,67,66,77,46,66,Young,Average
D. Selke,71,72,27,Hertha BSC,Germany,ST,2200000,20000,72,71,53,67,37,75,Adult,Average
D. Sinik,71,76,23,Hull City,Turkey,"LW,LM,CAM",2800000,12000,80,64,65,75,42,52,Adult,Average
T. Mauricio,71,71,28,FC Sochaux-Montbéliard,France,RM,1900000,6000,80,67,65,74,31,59,Adult,Average
B. Jatta,71,73,24,Hamburger SV,Gambia,"RW,RM,LW",2400000,10000,87,69,64,69,39,75,Adult,Average
K. Naismith,71,71,30,Bristol City,Scotland,"CB,LB",1500000,20000,67,65,65,67,70,77,Senior,Average
S. Kitsiou,71,71,28,Gazişehir Gaziantep F.K.,Greece,"RWB,RB",1700000,11000,77,61,65,71,68,67,Adult,Average
M. Weigandt,71,79,22,Boca Juniors,Argentina,RB,4000000,9000,77,39,53,69,67,75,Young,Average
Arsénio,71,71,32,FC Arouca,Portugal,"LW,RM,LM",1500000,6000,73,67,68,72,40,65,Senior,Average
D. González,71,71,34,Boca Juniors,Argentina,CM,875000,11000,56,66,69,69,68,71,Senior,Average
P. Magnín,71,71,32,Club Atlético Tigre,Argentina,"ST,CAM",1500000,9000,65,75,55,69,24,64,Senior,Average
L. Beltrán,71,79,21,River Plate,Argentina,"ST,RW",4200000,9000,72,68,64,73,40,68,Young,Average
B. Sheaf,71,77,24,Coventry City,England,"CDM,CM",2700000,12000,50,46,69,65,69,73,Adult,Average
J. Morris,71,71,27,Seattle Sounders FC,United States,"LM,ST,RM",2000000,6000,83,67,66,70,38,80,Adult,Average
Z. Aboukhlal,71,80,22,Toulouse Football Club,Morocco,"RW,LW",4200000,12000,86,67,63,73,41,71,Young,Average
C. Awaziem,71,78,25,Hajduk Split,Nigeria,CB,3400000,650,72,39,45,61,71,77,Adult,Average
U. Đurđević,71,71,28,Real Sporting de Gijón,Montenegro,ST,1900000,8000,79,73,54,68,31,83,Adult,Average
Alexandre Frandeira,71,71,22,Atlético Clube Goianiense,Brazil,"CB,CDM",1900000,7000,49,44,53,51,70,81,Young,Average
S. Di Carmine,71,71,33,Perugia,Italy,ST,1200000,4000,63,72,53,72,36,75,Senior,Average
P. Galdames,71,75,25,Genoa,Chile,"CM,CDM",2600000,4000,80,60,71,73,61,69,Adult,Average
D. Bisoli,71,71,28,Brescia,Italy,"CM,CDM",1900000,4000,71,70,68,70,68,69,Adult,Average
J. Siebenhandl,71,71,32,SK Sturm Graz,Austria,GK,925000,10000,71,68,75,73,46,69,Senior,Average
Nathan,71,74,27,San Jose Earthquakes,Brazil,CB,2100000,5000,73,44,52,58,69,76,Adult,Average
Eduardo Fonseira,71,71,22,Sport Club Corinthians Paulista,Brazil,GK,1600000,11000,71,70,74,69,34,72,Young,Average
R. Rojas,71,71,34,Club Sol de América,Paraguay,"CM,RM",875000,600,70,67,71,71,66,78,Senior,Average
L. Holtby,71,71,31,Holstein Kiel,Germany,"CM,CDM",1500000,13000,64,66,73,74,59,65,Senior,Average
J. Espínola,71,73,27,Godoy Cruz,Paraguay,GK,1700000,6000,71,67,74,72,40,74,Adult,Average
K. Bielik,71,75,24,Birmingham City,Poland,CDM,2400000,5000,59,45,63,67,70,73,Adult,Average
L. Blondel,71,74,25,Club Atlético Tigre,Argentina,RB,2300000,7000,78,61,60,70,67,69,Adult,Average
R. Schallenberg,71,76,23,SC Paderborn 07,Germany,"CDM,CM",2600000,11000,60,50,63,65,68,71,Adult,Average
Lee Myung Joo,71,71,32,Incheon United FC,Korea Republic,CM,1500000,4000,70,61,69,70,61,71,Senior,Average
O. Gonzalez,71,76,24,AC Ajaccio,Cameroon,CB,2600000,10000,59,37,40,57,70,76,Adult,Average
V. Mihăilă,71,77,22,Parma,Romania,"LM,LW",3000000,3000,86,64,64,72,33,58,Young,Average
J. Dina Ebimbe,71,78,21,Eintracht Frankfurt,France,"RM,CM",3800000,29000,79,60,67,73,67,75,Young,Average
T. Didillon,71,75,26,AS Monaco,France,GK,2000000,8000,73,67,72,72,56,71,Adult,Average
O. McBurnie,70,73,26,Sheffield United,Scotland,ST,2100000,17000,54,69,57,67,33,76,Adult,Average
Martin Cordeia,70,70,26,Internacional,Brazil,"CAM,CM",1700000,15000,48,70,74,70,36,63,Adult,Average
I. Khune,70,70,35,Kaizer Chiefs,South Africa,GK,180000,500,70,68,90,75,35,64,Senior,Average
G. Saville,70,70,29,Millwall,Northern Ireland,CM,1600000,9000,63,66,69,69,68,74,Adult,Average
S. Adekugbe,70,71,27,Atakaş Hatayspor,Canada,LB,1700000,8000,86,50,61,69,62,77,Adult,Average
Bruno Wilson,70,75,25,FC Vizela,Portugal,CB,2100000,3000,50,30,45,49,70,75,Adult,Average
S. Khaoui,70,71,27,Clermont Foot 63,Tunisia,"CAM,RM,CM",1800000,11000,61,68,71,72,46,59,Adult,Average
C. Albanis,70,70,27,FC Andorra,Greece,"LM,RM,ST",1700000,750,77,69,61,73,38,62,Adult,Average
S. Moreno,70,79,22,Portland Timbers,Colombia,"RM,LM",3600000,5000,83,64,60,76,51,57,Young,Average
S. Hierländer,70,70,31,SK Sturm Graz,Austria,"RM,CM",1300000,12000,67,65,68,70,65,72,Senior,Average
F. Sørensen,70,70,30,Ternana,Denmark,"CB,RB",1300000,3000,51,33,61,59,69,78,Senior,Average
J. Velázquez,70,70,31,Rosario Central,Argentina,CB,1100000,9000,56,40,46,51,72,74,Senior,Average
J. Araujo,70,80,20,LA Galaxy,Mexico,"RB,RWB,RM",3300000,3000,80,33,61,68,65,70,Young,Average
Leonardo Lopes,70,77,23,KSV Cercle Brugge,Portugal,"CM,CDM",3200000,8000,78,61,67,73,65,70,Adult,Average
G. Costa,70,70,32,Colo-Colo,Peru,"RW,LW,RM",1300000,5000,76,62,68,70,22,65,Senior,Average
Daniel Penha,70,77,23,Daegu FC,Brazil,"CAM,CM,LW",3200000,5000,70,66,71,72,33,58,Adult,Average
W. Vaulks,70,70,28,Sheffield Wednesday,Wales,"CDM,CM",1400000,8000,54,64,64,64,68,78,Adult,Average
Kim Dong Joon,70,70,27,Jeju United FC,Korea Republic,GK,1200000,4000,71,68,65,73,43,68,Adult,Average
G. Bazunu,70,85,20,Southampton,Republic of Ireland,GK,3400000,13000,70,68,72,72,47,67,Young,Average
Álvaro Valles,70,75,24,Unión Deportiva Las Palmas,Spain,GK,1900000,4000,72,68,69,72,29,69,Adult,Average
L. Boyce,70,70,31,Heart of Midlothian,Northern Ireland,ST,1300000,5000,68,71,60,69,33,76,Senior,Average
H. Boumous,70,71,26,ATK Mohun Bagan FC,Morocco,CAM,1900000,2000,79,64,67,74,40,69,Adult,Average
J. Okore,70,70,29,Changchun Yatai FC,Denmark,CB,1300000,6000,68,42,52,57,66,84,Adult,Average
V. Demarconnay,70,70,39,Paris FC,France,GK,180000,3000,70,69,70,69,42,70,Senior,Average
B. Onyango,70,72,27,Mamelodi Sundowns FC,Kenya,CB,1700000,700,70,38,53,60,68,81,Adult,Average
Saberto Botelho,70,70,22,Club Athletico Paranaense,Brazil,CDM,1700000,7000,65,51,54,58,72,78,Young,Average
Kirian,70,73,26,Unión Deportiva Las Palmas,Spain,"CM,CDM,CAM",2100000,6000,63,61,69,72,54,70,Adult,Average
J. Ngakia,70,81,21,Watford,England,"RB,RWB",3400000,15000,73,28,53,66,68,63,Young,Average
C. Dell'Orco,70,70,28,Perugia,Italy,"CB,LB",1400000,3000,61,47,59,67,71,65,Adult,Average
J. Moreno,70,70,28,FC Cincinnati,Venezuela,"CDM,CM",1400000,5000,62,57,68,63,67,75,Adult,Average
S. Mosquera,70,70,27,Deportivo Cali,Colombia,"LM,LW",1700000,3000,78,63,66,71,26,65,Adult,Average
Luan Sendeiro,70,70,30,Internacional,Brazil,CDM,1300000,13000,67,56,71,61,68,68,Senior,Average
I. Chicco,70,71,26,Club Atlético Colón,Argentina,GK,1400000,6000,69,69,60,69,43,71,Adult,Average
Filipe Ferreira,70,70,31,Boavista FC,Portugal,LWB,1200000,8000,69,53,65,68,65,67,Senior,Average
Pablo Valcarce,70,70,29,Burgos CF,Spain,"RM,LM,ST",1600000,5000,77,68,66,71,51,69,Adult,Average
J. Cuffaut,70,70,34,Valenciennes FC,France,"CB,RB",525000,4000,67,58,63,62,70,79,Senior,Average
A. Dønnum,70,75,24,Standard de Liège,Norway,RM,2400000,8000,82,64,62,73,38,69,Adult,Average
Paik Seung Ho,70,75,25,Jeonbuk Hyundai Motors,Korea Republic,"CM,CDM",2300000,7000,67,62,68,72,60,72,Adult,Average
B. Cabango,70,80,22,Swansea City,Wales,CB,3300000,13000,64,28,42,48,71,73,Young,Average
Josep Martínez,70,75,24,Genoa,Spain,GK,1900000,15000,72,69,65,72,26,69,Adult,Average
E. Ebosse,70,78,23,Udinese Calcio,Cameroon,"CB,LWB",3300000,8000,70,35,56,64,71,71,Adult,Average
L. Klünter,70,72,26,DSC Arminia Bielefeld,Germany,"CB,RWB",1700000,10000,84,43,59,67,71,68,Adult,Average
F. Fattori,70,70,29,Club Atlético Huracán,Argentina,"CDM,CM",1400000,8000,69,54,67,68,64,69,Adult,Average
S. Molina,70,70,30,AC Monza,Italy,"RM,LM",1500000,24000,73,50,68,72,61,65,Senior,Average
A. Méndez,70,73,26,Newell's Old Boys,Uruguay,"RB,RWB",1900000,8000,80,37,52,60,66,86,Adult,Average
A. Vigo,70,76,23,Club Atlético Independiente,Argentina,"RB,RWB",2400000,8000,84,56,64,75,62,72,Adult,Average
S. Burchert,70,70,32,FC St. Pauli,Germany,GK,800000,8000,70,68,67,70,46,72,Senior,Average
T. Morena,70,70,28,Mamelodi Sundowns FC,South Africa,RB,1400000,700,82,60,63,72,67,53,Adult,Average
Agus Medina,70,71,27,SD Ponferradina,Spain,"CDM,CAM",1600000,6000,69,62,67,65,67,72,Adult,Average
L. Cardozo,70,70,33,Club Libertad,Paraguay,"CB,RB",750000,550,77,35,46,55,71,74,Senior,Average
Jota Silva,70,79,22,Vitória de Guimarães,Portugal,"RW,LW",3600000,6000,82,65,61,70,30,65,Young,Average
D. Ndongala,70,70,31,APOEL Nicosia FC,Congo DR,"RW,RM",1300000,800,83,59,65,75,28,44,Senior,Average
P. Mortensen,70,70,32,Aarhus GF,Denmark,ST,1300000,10000,53,68,54,66,32,79,Senior,Average
A. Johnston,70,74,23,Club de Foot Montréal,Canada,"RM,RWB,CB",2300000,5000,79,54,65,68,69,75,Adult,Average
J. Paradela,70,75,23,River Plate,Argentina,"LM,CM,CDM",2400000,8000,70,65,70,73,58,60,Adult,Average
J. Brown,70,75,24,Stoke City,Scotland,"ST,RM,RWB",2400000,15000,75,69,62,69,48,73,Adult,Average
Y. van Osch,70,73,25,Fortuna Sittard,Netherlands,GK,1600000,6000,70,66,71,73,42,68,Adult,Average
Marlinito Dias,70,70,26,Fortaleza,Brazil,"CDM,CB",1500000,7000,56,44,64,57,66,71,Adult,Average
A. Batalla,70,74,26,San Lorenzo de Almagro,Argentina,GK,1700000,7000,70,67,66,71,43,68,Adult,Average
C. Archer,70,79,20,Aston Villa,England,"ST,RW",3500000,30000,77,69,53,71,25,64,Young,Average
E. Lenjani,70,70,32,Ümraniyespor,Albania,"LWB,LB,LM",1100000,8000,77,64,67,68,59,72,Senior,Average
M. Al-Tamari,70,73,25,Oud-Heverlee Leuven,Jordan,"RM,RWB",2100000,8000,83,61,62,77,37,57,Adult,Average
V. Bondar,70,80,23,Shakhtar Donetsk,Ukraine,CB,3300000,500,71,32,51,52,71,72,Adult,Average
Nascimentardo,70,70,22,Ceará Sporting Club,Brazil,"CAM,CF",1900000,7000,83,57,72,74,39,48,Young,Average
Heltinho Melo,70,70,26,Club Athletico Paranaense,Brazil,"CAM,RB",1700000,9000,78,54,71,74,48,55,Adult,Average
M. Bani,70,71,28,Genoa,Italy,CB,1500000,3000,54,18,42,53,71,72,Adult,Average
A. Hughes,70,70,30,Preston North End,Wales,CB,1300000,17000,63,40,59,60,70,76,Senior,Average
M. Quiroga,70,70,32,CS Emelec,Argentina,ST,1300000,600,67,68,51,66,29,81,Senior,Average
B. Koita,70,70,31,Kasimpaşa SK,Guinea,"ST,RW",1300000,20000,78,69,58,67,22,67,Senior,Average
T. Harwood-Bellis,70,82,20,Burnley,England,CB,3600000,33000,66,36,57,59,70,70,Young,Average
M. Dräger,70,73,26,FC Luzern,Tunisia,"RB,RWB",1900000,27000,81,64,63,70,64,62,Adult,Average
M. Pajač,70,70,29,Genoa,Croatia,LB,1400000,3000,76,63,66,63,62,66,Adult,Average
V. Kovacević,70,78,24,Raków Częstochowa,Bosnia and Herzegovina,GK,3100000,5000,74,66,68,74,37,72,Adult,Average
N. Besara,70,70,31,Hammarby IF,Sweden,"CAM,ST,CM",1300000,5000,69,70,71,69,44,66,Senior,Average
K. Parks,70,75,24,New York City FC,United States,"CM,CDM",2400000,5000,35,62,66,68,68,71,Adult,Average
F. Lanzillotta,70,70,29,Argentinos Juniors,Argentina,GK,1100000,6000,72,67,64,72,45,71,Adult,Average
A. Zapata,70,70,27,CS Emelec,Colombia,"RM,CF",1700000,550,77,65,66,73,31,63,Adult,Average
J. Quiñónes,70,70,32,Club Deportes Tolima,Colombia,CB,1000000,2000,53,35,47,43,70,80,Senior,Average
J. Dátolo,70,70,38,Club Atlético Banfield,Argentina,"CAM,CM",525000,7000,52,71,73,68,47,55,Senior,Average
A. Rispoli,70,70,33,Cosenza,Italy,"RB,RM",825000,2000,76,64,65,67,65,74,Senior,Average
T. Dallinga,70,80,21,Toulouse Football Club,Netherlands,ST,3600000,9000,72,70,59,65,26,63,Young,Average
Lee Dong Jun,70,73,25,Hertha BSC,Korea Republic,RM,2100000,15000,82,62,56,77,43,60,Adult,Average
J. Bacuna,70,75,24,Birmingham City,Curacao,"CM,CAM",2400000,16000,70,69,70,73,65,76,Adult,Average
T. Ream,70,70,34,Fulham,United States,CB,525000,26000,54,43,67,68,72,68,Senior,Average
A. Sigurðsson,70,79,23,IFK Norrköping,Iceland,"CF,CM",3600000,5000,79,68,67,73,41,62,Adult,Average
M. Udol,70,73,26,FC Metz,France,"LWB,LB,CB",1900000,5000,71,42,62,69,69,72,Adult,Average
Lourival Rodeiro,70,70,30,São Paulo,Brazil,CM,1500000,19000,69,58,62,69,64,59,Senior,Average
Garrido,70,70,32,Cádiz CF,Spain,CDM,1100000,14000,33,48,56,52,70,88,Senior,Average
C. Villalba,70,76,23,Platense,Argentina,"CDM,CM",2300000,7000,66,51,60,68,70,71,Adult,Average
L. Ferguson,70,78,22,Bologna,Scotland,"CM,CDM",3600000,15000,72,68,69,70,67,83,Young,Average
Simy,70,70,30,Benevento,Nigeria,ST,1600000,16000,58,72,45,60,29,75,Senior,Average
Camora,70,70,35,CFR Cluj,Romania,LB,500000,6000,68,56,68,63,65,70,Senior,Average
F. Muslija,70,73,23,SC Paderborn 07,Kosovo,"LM,CAM",2200000,10000,75,65,66,76,30,49,Adult,Average
S. Esposito,70,82,19,RSC Anderlecht,Italy,"ST,CAM",3800000,19000,71,70,70,74,38,62,Young,Average
L. Carole,70,70,31,Yukatel Kayserispor,France,"LB,LWB",1200000,10000,73,42,63,67,69,74,Senior,Average
W. Cuesta,70,72,29,Club Deportes Tolima,Colombia,GK,1300000,2000,68,69,68,72,46,70,Adult,Average
D. Congré,70,70,37,Dijon FCO,France,CB,275000,3000,34,31,59,62,71,75,Senior,Average
Jailson Oliva,70,70,30,Clube Atlético Mineiro,Brazil,RB,1400000,17000,81,38,58,69,67,57,Senior,Average
C. Zesiger,70,75,24,BSC Young Boys,Switzerland,CB,2200000,10000,62,32,47,46,71,77,Adult,Average
Sergio Gónzalez,70,76,25,CD Tenerife,Spain,"CB,CDM",2200000,6000,64,43,58,59,69,76,Adult,Average
L. Palacios,70,71,27,Al Adalah,Argentina,ST,1900000,13000,58,70,49,66,23,74,Adult,Average
V. Edvardsen,70,73,26,Djurgårdens IF,Sweden,"ST,LW",2100000,6000,78,70,60,70,32,79,Adult,Average
K. Broll,70,74,26,Górnik Zabrze,Germany,GK,1700000,4000,72,65,48,74,15,68,Adult,Average
D. McGoldrick,70,70,34,Derby County,Republic of Ireland,"ST,CAM",775000,6000,58,71,66,71,33,66,Senior,Average
N. Leali,70,72,29,Ascoli,Italy,GK,1300000,2000,72,70,58,73,33,64,Adult,Average
M. Caicedo,70,82,20,Brighton & Hove Albion,Ecuador,"CM,CDM",3800000,23000,73,61,66,69,71,69,Young,Average
A. Soto,70,70,28,Defensa y Justicia,Argentina,"LB,CB",1400000,10000,78,46,62,71,63,72,Adult,Average
P. Mpanzu,70,70,28,Luton Town,Congo DR,"CM,CDM",1600000,20000,79,62,64,72,68,81,Adult,Average
A. Semenyo,70,79,22,Bristol City,Ghana,"ST,RW,RM",3600000,18000,85,68,58,71,22,74,Young,Average
G. Mensah,70,76,23,AJ Auxerre,Ghana,"LB,LWB",2400000,9000,77,56,63,71,64,68,Adult,Average
D. Høegh,70,70,31,Randers FC,Denmark,CB,1100000,8000,35,40,51,52,70,74,Senior,Average
B. Vazquez,70,78,23,FC Cincinnati,United States,ST,3600000,5000,68,68,50,63,34,74,Adult,Average
T. Deeney,70,70,34,Birmingham City,England,ST,775000,20000,46,71,64,65,37,76,Senior,Average
Gonçalo Esteves,70,83,18,Estoril Praia,Portugal,"RB,RWB",3500000,2000,76,39,64,69,65,64,Young,Average
S. García,70,70,33,Unión La Calera,Argentina,"CB,LB",750000,3000,63,50,61,60,70,73,Senior,Average
Jean Mota,70,70,28,Inter Miami CF,Brazil,"CM,CDM",1600000,5000,72,64,72,72,58,59,Adult,Average
T. Dähne,70,71,28,Holstein Kiel,Germany,GK,1300000,9000,75,65,68,74,47,66,Adult,Average
Paulolettinho,70,70,26,Fortaleza,Brazil,"CAM,RM,RW",1700000,8000,79,59,70,72,32,63,Adult,Average
T. Xhaka,70,70,31,FC Basel 1893,Albania,CDM,1100000,10000,70,62,67,66,65,79,Senior,Average
L. González,70,76,22,Club Atlético Independiente,Argentina,"CM,CDM",2500000,7000,74,57,71,74,57,67,Young,Average
C. Corvalán,70,70,33,Unión de Santa Fe,Argentina,"LB,CB,LWB",825000,7000,65,49,62,63,68,78,Senior,Average
F. Dionisi,70,70,35,Ascoli,Italy,"ST,RW",675000,3000,79,72,50,69,35,68,Senior,Average
K. Malinov,70,70,28,Oud-Heverlee Leuven,Bulgaria,"CDM,CM",1400000,8000,70,55,62,61,66,73,Adult,Average
M. Đurić,70,70,32,Hellas Verona,Bosnia and Herzegovina,ST,1300000,16000,53,69,53,56,32,78,Senior,Average
Sávio,70,86,18,PSV,Brazil,RW,4000000,5000,67,63,70,72,30,42,Young,Average
J. Carranza,70,77,22,Philadelphia Union,Argentina,ST,3300000,5000,69,69,60,69,41,71,Young,Average
G. Hubert,70,73,28,KV Oostende,Belgium,GK,1500000,6000,72,65,65,71,42,70,Adult,Average
M. Djitté,70,78,22,Austin FC,Senegal,ST,3600000,5000,82,67,56,73,28,70,Young,Average
N. Fernández,70,79,22,Elche CF,Argentina,"LWB,LM,LB",3400000,9000,83,63,65,75,61,63,Young,Average
M. Dijks,70,70,29,Vitesse,Netherlands,"LWB,LM,LB",1400000,9000,60,40,64,64,70,76,Adult,Average
C. Ikonomidis,70,70,27,Melbourne Victory,Australia,"RM,ST,LM",1700000,6000,78,67,66,70,51,66,Adult,Average
B. Trawally,70,70,27,Hammarby IF,Gambia,"LW,ST",1700000,5000,77,69,61,71,31,60,Adult,Average
David Gil,70,72,28,Cádiz CF,Spain,GK,1400000,12000,71,70,68,70,47,67,Adult,Average
D. Godoy,70,70,30,Guaireña FC,Paraguay,"LM,RM,LB",1500000,500,71,67,64,72,37,57,Senior,Average
J. Bay,70,70,29,Club Atlético Central Córdoba,Argentina,"LB,LWB",1400000,8000,74,53,58,65,65,73,Adult,Average
Valery,70,78,22,Girona FC,Spain,"RM,LWB,LM",3600000,12000,87,61,63,70,62,65,Young,Average
A. Mühling,70,70,29,Holstein Kiel,Germany,CM,1600000,12000,65,70,71,72,57,71,Adult,Average
A. Mejía,70,70,33,Atlético Nacional,Colombia,"CDM,CM",800000,3000,61,40,60,54,66,82,Senior,Average
S. Perica,70,71,26,Standard de Liège,Croatia,ST,1900000,10000,62,69,49,65,27,70,Adult,Average
A. Ruiz,70,70,28,FC Arouca,Argentina,"ST,CAM",1600000,6000,54,72,74,74,34,66,Adult,Average
S. Pérez,70,70,29,Boavista FC,Colombia,"CM,CDM",1600000,9000,68,59,62,67,65,65,Adult,Average
J. Benet,70,71,27,Amiens SC,France,"CM,CAM,LW",1800000,5000,60,64,71,69,59,77,Adult,Average
B. Ogbeche,70,70,37,Hyderabad FC,Nigeria,ST,550000,1000,63,74,53,65,35,77,Senior,Average
Rubén Sánchez,70,83,21,RCD Espanyol de Barcelona,Spain,"RB,RM",3800000,7000,85,56,62,68,61,71,Young,Average
R. Maiello,70,70,30,Bari,Italy,"CM,CDM",1500000,3000,70,61,67,73,57,67,Senior,Average
S. Sabelli,70,70,29,Genoa,Italy,RB,1400000,3000,74,39,59,61,66,68,Adult,Average
C. Budescu,70,70,33,Petrolul Ploiești,Romania,"CAM,LM,CF",1000000,5000,44,72,75,70,32,56,Senior,Average
Vinicius Trieiro,70,70,30,América Futebol Clube,Brazil,RB,1400000,9000,71,44,63,68,66,68,Senior,Average
Fábio Silva,70,83,19,RSC Anderlecht,Portugal,ST,3800000,24000,74,70,51,73,25,68,Young,Average
Fran Sol,70,70,30,Málaga CF,Spain,ST,1600000,650,68,71,55,66,33,71,Senior,Average
G. Cristaldo,70,70,33,Club Always Ready,Paraguay,"RM,LM,ST",1000000,500,73,67,71,70,41,75,Senior,Average
J. Sandoval,70,70,35,Atlético Tucumán,Uruguay,"RB,RWB",500000,5000,67,53,58,64,68,74,Senior,Average
A. Šemper,70,73,24,Genoa,Croatia,GK,1700000,2000,71,67,63,70,31,68,Adult,Average
W. Ditta,70,75,25,Newell's Old Boys,Colombia,CB,2100000,8000,59,24,48,56,68,79,Adult,Average
J. Zemura,70,77,22,AFC Bournemouth,Zimbabwe,"LB,LWB",3100000,19000,82,39,59,67,63,61,Young,Average
E. Haji Safi,70,70,32,AEK Athens,Iran,"LB,LM,CM",1100000,700,71,65,71,70,65,70,Senior,Average
F. Diédhiou,70,70,29,Aytemiz Alanyaspor,Senegal,ST,1600000,14000,62,69,48,66,31,74,Adult,Average
J. Dasilva,70,75,24,Bristol City,England,"LB,LWB,RM",2200000,15000,85,40,62,72,65,57,Adult,Average
N. Baxter,70,77,23,Hull City,England,GK,2700000,27000,70,69,66,70,41,72,Adult,Average
M. Pack,70,70,31,Portsmouth,England,"CDM,CM,CB",1100000,7000,50,60,69,66,67,76,Senior,Average
Y. Rahmani,70,70,27,SD Eibar,France,LM,1700000,6000,80,69,63,75,31,55,Adult,Average
Pedrão,70,76,25,Portimonense SC,Brazil,CB,2200000,5000,54,30,44,46,70,76,Adult,Average
N. Al Abed,70,70,32,Al Shabab,Saudi Arabia,"CAM,LW,RW",1300000,18000,53,70,71,72,45,54,Senior,Average
A. Fransson,70,70,28,AEK Athens,Sweden,CM,1600000,750,68,64,67,71,66,73,Adult,Average
J. Levi,70,70,26,IFK Norrköping,Sweden,RW,1700000,5000,79,68,67,69,36,60,Adult,Average
L. Maina,70,78,23,1. FC Köln,Germany,"LM,RM,ST",3500000,13000,91,58,61,73,25,49,Adult,Average
J. Ruddy,70,70,35,Birmingham City,England,GK,180000,9000,70,66,72,71,40,70,Senior,Average
J. Van Cleemput,70,75,25,Royal Charleroi S.C.,Belgium,"CB,RB,RWB",2100000,8000,71,31,64,68,71,74,Adult,Average
Guruzeta,70,72,25,Athletic Club de Bilbao,Spain,ST,2000000,14000,68,69,63,70,26,67,Adult,Average
H. Delbridge,70,70,30,Incheon United FC,Australia,"CB,RB",1300000,3000,58,32,44,46,68,88,Senior,Average
N. Breitenbruch,70,73,26,Godoy Cruz,Argentina,"CB,RB",1800000,6000,77,40,60,65,68,77,Adult,Average
Nélson Monte,70,72,26,GD Chaves,Portugal,"CB,RB",1700000,5000,54,37,59,59,70,76,Adult,Average
E. Kalinski,70,70,35,Club Atlético Central Córdoba,Argentina,"CDM,CM",450000,5000,59,50,67,67,68,74,Senior,Average
Ríos Reina,70,70,32,SD Eibar,Spain,LB,1100000,6000,77,60,69,67,62,78,Senior,Average
Ansel Barni,70,70,22,Fortaleza,Brazil,"CDM,CM,RM",1700000,6000,63,54,65,62,70,72,Young,Average
A. Bernede,70,76,23,FC Red Bull Salzburg,France,"CDM,CM",2300000,12000,66,59,65,72,66,62,Adult,Average
M. Chouiar,70,73,23,İstanbul Başakşehir FK,France,"LM,CAM",2200000,17000,74,65,69,74,35,65,Adult,Average
G. Pegolo,70,70,41,U.S. Sassuolo Calcio,Italy,GK,180000,7000,68,68,60,70,43,70,Senior,Average
M. Méndez,70,77,23,Estudiantes de La Plata,Uruguay,ST,3200000,8000,72,70,63,63,35,64,Adult,Average
N. Vasilj,70,74,26,FC St. Pauli,Bosnia and Herzegovina,GK,1700000,8000,68,66,64,71,34,71,Adult,Average
P. Ziereis,70,70,29,LASK Linz,Germany,CB,1300000,14000,74,24,57,57,70,69,Adult,Average
Edardynho Neto,70,70,26,Cuiabá,Brazil,ST,1800000,11000,79,73,50,72,23,57,Adult,Average
G. Álvarez,70,80,22,Getafe CF,Uruguay,"CB,LB",3300000,11000,59,25,51,51,72,65,Young,Average
L. Prip,70,73,25,Aalborg BK,Denmark,"RW,CF,ST",2100000,9000,78,70,66,72,46,67,Adult,Average
T. Kane,70,70,28,Coventry City,England,"RWB,RB",1400000,12000,74,51,64,65,64,67,Adult,Average
I. Šunjić,70,73,25,Hertha BSC,Croatia,"CDM,CM",1900000,16000,66,58,57,64,70,77,Adult,Average
S. Sow,70,81,19,AS Saint-Étienne,Guinea,CB,3200000,3000,63,41,54,60,70,68,Young,Average
D. Perić,70,71,27,Dinamo Zagreb,Croatia,CB,1600000,550,66,35,52,65,68,77,Adult,Average
R. Mak,70,70,31,Sydney FC,Slovakia,"RW,RM,LM",1300000,7000,73,69,65,72,37,58,Senior,Average
A. Najar,70,70,29,D.C. United,Honduras,"CB,RB",1300000,5000,72,62,67,72,72,67,Adult,Average
N. Larsen,70,70,31,Silkeborg IF,Denmark,GK,850000,5000,67,70,70,72,45,73,Senior,Average
Óscar Whalley,70,73,28,CD Lugo,Spain,GK,1500000,4000,71,67,69,74,49,65,Adult,Average
D. Lovitz,70,70,30,Nashville SC,United States,"LWB,LB",1400000,5000,71,53,66,62,66,72,Senior,Average
H. Maïga,70,73,26,FC Metz,Côte d'Ivoire,"CDM,CM",1900000,5000,59,54,64,68,67,79,Adult,Average
I. Nevistić,70,77,23,Dinamo Zagreb,Croatia,GK,2700000,500,73,67,62,71,38,70,Adult,Average
Vítor Angulho,70,70,26,Fortaleza,Brazil,GK,1300000,6000,69,73,58,74,37,63,Adult,Average
T. Kunimoto,70,77,24,Casa Pia,Japan,"CM,LM,ST",3200000,3000,81,65,70,76,45,70,Adult,Average
G. Castellani,70,70,34,Unión La Calera,Argentina,"CAM,CM,CDM",750000,3000,64,65,73,71,56,75,Senior,Average
E. Özbir,70,70,32,Adana Demirspor,Turkey,GK,800000,9000,72,67,65,71,29,70,Senior,Average
A. La Gumina,70,72,26,Benevento,Italy,ST,2000000,12000,78,71,61,69,36,69,Adult,Average
A. Dovbyk,70,75,25,Free agent,Ukraine,ST,0,0,74,67,55,64,28,72,Adult,Average
C. Mueller,70,71,25,Chicago Fire Football Club,United States,"RM,RW",1900000,5000,81,64,62,72,25,62,Adult,Average
A. La Mantia,70,70,31,SPAL,Italy,ST,1300000,7000,54,69,41,63,30,79,Senior,Average
Caro,70,72,28,Burgos CF,Spain,GK,1400000,4000,69,67,67,71,38,69,Adult,Average
Zeng Cheng,70,70,35,Shanghai Shenhua FC,China PR,GK,180000,4000,70,66,69,70,32,71,Senior,Average
V. Černý,70,75,24,FC Twente,Czech Republic,RW,2400000,8000,83,64,61,74,27,52,Adult,Average
Coke,70,70,35,UD Ibiza,Spain,"RB,CB",500000,3000,53,66,67,67,72,63,Senior,Average
Andrés Martín,70,79,22,Rayo Vallecano,Spain,"ST,RM,CAM",3600000,11000,79,70,65,70,27,65,Young,Average
S. Tecl,70,70,31,SK Slavia Praha,Czech Republic,ST,1300000,800,78,66,63,69,39,74,Senior,Average
M. Barrow,70,70,29,Jeonbuk Hyundai Motors,Gambia,"LM,LW,RM",1600000,7000,92,63,61,72,37,56,Adult,Average
Vadillo,70,70,27,SD Eibar,Spain,"LM,RM,ST",1700000,10000,83,67,66,72,34,54,Adult,Average
Rafael Martins,70,70,33,Casa Pia,Brazil,ST,1000000,4000,71,73,58,68,27,67,Senior,Average
G. Kastanos,70,75,24,US Salernitana 1919,Cyprus,"CAM,CM",2400000,13000,68,64,67,73,28,60,Adult,Average
I. Pettersson,70,76,25,Toulouse Football Club,Sweden,GK,2000000,8000,72,62,77,74,44,66,Adult,Average
R. Bauer,70,71,27,Sint-Truidense VV,Germany,"CB,RB,CDM",1600000,8000,71,51,61,64,69,75,Adult,Average
Na Sang Ho,70,70,25,FC Seoul,Korea Republic,"LW,LM,ST",1800000,6000,87,68,60,70,33,70,Adult,Average
S. Kiyine,70,74,24,Oud-Heverlee Leuven,Morocco,"CM,LW",2300000,8000,76,59,68,76,64,59,Adult,Average
H. Nielsen,70,70,28,Hannover 96,Norway,"ST,CAM",1600000,17000,78,69,66,70,42,75,Adult,Average
C. Ramirez,70,70,31,Aberdeen,United States,ST,1300000,6000,63,70,53,69,30,74,Senior,Average
F. Platte,70,73,26,SC Paderborn 07,Germany,ST,2100000,13000,78,67,54,63,25,74,Adult,Average
E. Velasco,70,70,30,Junior FC,Colombia,LB,1400000,2000,79,38,58,64,64,79,Senior,Average
D. Cabezas,70,70,29,Independiente del Valle,Ecuador,"CAM,CM,LM",1600000,700,81,67,68,70,60,66,Adult,Average
Rui Pires,70,76,24,FC Paços de Ferreira,Portugal,"CDM,CM",2300000,5000,63,53,63,68,66,72,Adult,Average
M. Vera,70,72,26,Houston Dynamo,Argentina,"CDM,CM",1800000,5000,67,45,65,63,66,67,Adult,Average
M. Godden,70,70,30,Coventry City,England,ST,1600000,14000,58,72,55,67,32,68,Senior,Average
M. Tijani,70,74,24,FC Viktoria Plzeň,Côte d'Ivoire,CB,2100000,500,66,32,52,58,67,75,Adult,Average
I. Ramírez,70,74,25,Club Nacional de Football,Uruguay,ST,2200000,550,68,73,51,60,25,63,Adult,Average
J. Hoilett,70,70,32,Reading,Canada,"LM,LWB,RM",1300000,12000,80,69,67,73,41,62,Senior,Average
A. Alipour,70,71,26,Gil Vicente FC,Iran,ST,1900000,8000,77,69,55,64,23,65,Adult,Average
S. Silva,70,70,41,Club Atlético Aldosivi,Uruguay,ST,0,6000,32,73,61,64,42,80,Senior,Average
I. Chebake,70,70,32,APOEL Nicosia FC,Morocco,RB,1100000,700,70,45,56,68,69,70,Senior,Average
Francisco Geraldes,70,71,27,Estoril Praia,Portugal,"CAM,CM",1800000,5000,73,60,70,74,44,56,Adult,Average
G. Arlauskis,70,70,34,Universitatea Craiova,Lithuania,GK,275000,7000,72,65,65,73,33,70,Senior,Average
E. Touré,70,80,20,Unión Deportiva Almería,Mali,"ST,LW",3500000,12000,71,70,57,69,22,64,Young,Average
F. Feuillassier,70,75,24,FC Cartagena,Argentina,"LM,RM",2400000,6000,75,65,65,71,29,59,Adult,Average
G. Servio,70,70,30,Rosario Central,Argentina,GK,1100000,7000,70,69,70,71,48,66,Senior,Average
L. Mothiba,70,73,26,RC Strasbourg Alsace,South Africa,ST,2100000,15000,66,71,60,69,27,65,Adult,Average
A. Bouzat,70,70,28,Colo-Colo,Argentina,"RW,LW",1600000,5000,86,60,66,73,54,62,Adult,Average
M. Romero,70,78,23,Racing Club,Argentina,ST,3600000,9000,75,71,50,64,31,70,Adult,Average
Gálvez,70,70,33,UD Ibiza,Spain,CB,750000,5000,32,44,60,57,69,79,Senior,Average
K. Schade,70,83,20,Sport-Club Freiburg,Germany,RM,3800000,11000,94,63,57,72,25,56,Young,Average
J. Hernández,70,77,23,Club Deportes Tolima,Colombia,LB,3000000,2000,78,56,63,65,65,55,Adult,Average
C. Rolón,70,70,30,Club Cerro Porteño,Paraguay,"CB,RB",1300000,550,54,32,40,47,71,74,Senior,Average
E. Botka,70,70,27,Ferencvárosi TC,Hungary,"RB,CB",1500000,600,71,36,52,54,72,70,Adult,Average
N. Byrne,70,70,30,Charlotte FC,England,RB,1400000,5000,83,50,63,71,64,67,Senior,Average
D. Kuciak,70,70,37,Lechia Gdańsk,Slovakia,GK,180000,3000,71,65,59,72,37,73,Senior,Average
T. Molina,70,71,27,LDU Quito,Argentina,ST,1900000,700,81,69,56,67,24,67,Adult,Average
Saúl,70,71,27,Racing Santander,Spain,LB,1700000,6000,66,45,65,66,69,62,Adult,Average
M. Bešić,70,70,29,Ferencvárosi TC,Bosnia and Herzegovina,"CDM,RB",1400000,600,52,55,64,71,69,70,Adult,Average
F. Makaringe,70,70,29,Orlando Pirates,South Africa,"CAM,CM",1600000,600,74,66,69,69,47,66,Adult,Average
J. Fernández,70,72,27,Newell's Old Boys,Argentina,"CDM,CM",1700000,8000,67,54,61,66,68,75,Adult,Average
D. Blum,70,70,31,APOEL Nicosia FC,Germany,"RW,LW",1300000,800,74,71,65,73,32,64,Senior,Average
Juanjo Nieto,70,71,27,Unión Deportiva Almería,Spain,RB,1700000,13000,79,62,64,70,63,69,Adult,Average
D. Léon,70,71,29,AJ Auxerre,France,GK,1200000,9000,70,68,67,72,47,68,Adult,Average
B. Uphoff,70,71,28,Sport-Club Freiburg,Germany,GK,1300000,12000,69,69,68,71,38,69,Adult,Average
T. Schick,70,70,32,SK Rapid Wien,Austria,"RM,RWB,RB",1300000,16000,70,65,70,69,65,68,Senior,Average
Choi Kyoung Rok,70,70,27,Karlsruher SC,Korea Republic,"CAM,CM,RW",1700000,9000,65,63,64,75,33,52,Adult,Average
D. Moreno,70,70,30,Junior FC,Colombia,"CDM,CM",1300000,2000,70,40,59,62,66,79,Senior,Average
Tang Miao,70,70,31,Guangzhou City,China PR,"RWB,RB",1200000,6000,80,33,63,69,60,77,Senior,Average
B. Riascos,70,70,27,Al Khaleej,Colombia,"ST,LM,RM",1700000,9000,86,70,63,67,35,80,Adult,Average
P. Jensen,70,75,24,AZ Alkmaar,Denmark,GK,1900000,4000,73,65,68,71,36,69,Adult,Average
A. Cerri,70,72,26,Como,Italy,ST,2000000,3000,51,74,51,64,37,73,Adult,Average
I. Ndiaye,70,80,22,Sheffield United,Senegal,"CAM,ST",3600000,14000,80,65,61,75,33,56,Young,Average
L. Zigi,70,76,25,FC St. Gallen 1879,Ghana,GK,2000000,5000,74,63,64,75,40,67,Adult,Average
A. Trouillet,70,81,21,Panathinaikos FC,France,CM,3600000,500,63,55,69,74,60,63,Young,Average
J. Morel,70,79,24,Estudiantes de La Plata,Paraguay,"CDM,CM,CB",3300000,6000,66,48,62,60,68,72,Adult,Average
J. Bela,70,70,29,Clermont Foot 63,Angola,"LM,LWB,RM",1600000,11000,90,67,62,72,39,63,Adult,Average
D. Sinani,70,73,25,Norwich City,Luxembourg,"RM,CAM",2100000,22000,67,68,70,69,41,68,Adult,Average
Gustavo Assunção,70,77,22,Futebol Clube de Famalicão,Brazil,"CDM,CM",3000000,5000,66,58,64,73,67,65,Young,Average
A. Bernabei,70,80,21,Celtic,Argentina,LB,3400000,18000,90,65,67,74,58,69,Young,Average
Y. Attiat-Allah,70,71,27,Free agent,Morocco,LB,0,0,78,53,65,67,62,71,Adult,Average
A. Beka Beka,70,80,21,OGC Nice,France,"CDM,CM",3400000,14000,76,57,63,71,67,70,Young,Average
J. Lepenant,70,83,19,Olympique Lyonnais,France,"CDM,CM",3600000,14000,72,43,65,69,65,68,Young,Average
Tiago Pombeira,70,70,22,Clube Atlético Mineiro,Brazil,CAM,1900000,16000,74,64,68,73,32,47,Young,Average
S. Walukiewicz,70,78,22,Empoli,Poland,CB,3300000,2000,59,38,49,59,71,74,Young,Average
Claytinho Branco,70,70,26,Santos,Brazil,RB,1600000,13000,64,52,63,58,72,64,Adult,Average
Javi Martínez,70,80,22,Albacete BP,Spain,"CM,RM",3600000,13000,66,63,63,70,57,67,Young,Average
R. Krishna,70,70,34,Bengaluru FC,Fiji,ST,775000,2000,90,69,66,72,46,78,Senior,Average
Jiang Guangtai,70,72,28,Shanghai Port FC,China PR,CB,1600000,10000,82,34,47,59,69,77,Adult,Average
Brandon Thomas,70,71,27,PAOK,Spain,"ST,LM,RM",1900000,850,76,73,61,73,32,68,Adult,Average
E. Sarić,70,70,31,Suwon Samsung Bluewings,Bosnia and Herzegovina,"CM,CDM",1300000,4000,67,60,69,71,64,71,Senior,Average
B. Celina,70,71,25,Kasimpaşa SK,Kosovo,"LM,CAM",1900000,5000,79,65,68,72,25,61,Adult,Average
Y. Cabral,70,70,30,Club Atlético Lanús,Argentina,CB,1300000,7000,41,29,46,44,71,70,Senior,Average
T. Chong,70,78,22,Birmingham City,Netherlands,"LM,CAM,RW",3600000,16000,80,64,68,69,45,62,Young,Average
B. Ojeda,70,80,22,Real Salt Lake,Paraguay,"CDM,CM",3400000,23000,67,54,64,69,66,69,Young,Average
A. Pritchard,70,70,29,Sunderland,England,CAM,1600000,11000,69,67,71,73,46,45,Adult,Average
T. Dolan,70,81,20,Blackburn Rovers,England,"RW,ST",3500000,19000,82,60,63,74,42,50,Young,Average
P. Sagna,70,70,31,Santa Clara,Senegal,RB,1200000,4000,73,44,67,67,67,68,Senior,Average
A. El Messaoudi,70,70,26,FC Emmen,Morocco,"CM,CAM,CDM",1700000,6000,67,70,65,73,64,73,Adult,Average
A. Toșca,70,70,30,Gazişehir Gaziantep F.K.,Romania,"CB,LWB,LB",1300000,10000,70,46,60,61,70,70,Senior,Average
G. Marinelli,70,70,32,Club Atlético Tigre,Argentina,GK,800000,6000,70,69,64,70,36,70,Senior,Average
A. Duarte,70,80,22,Club Cerro Porteño,Paraguay,CB,3300000,500,68,37,47,54,73,69,Young,Average
G. Hachen,70,70,31,Club Atlético Independiente,Argentina,"CM,CDM,ST",1300000,9000,80,66,64,75,65,52,Senior,Average
Adrizinho Bastos,70,70,34,Cuiabá,Brazil,GK,275000,7000,72,64,72,68,45,70,Senior,Average
Flávio Paixão,70,70,37,Lechia Gdańsk,Portugal,"ST,CAM",550000,5000,66,71,65,70,34,70,Senior,Average
A. Espínola,70,70,31,Club Cerro Porteño,Paraguay,RB,1200000,550,59,42,58,58,67,65,Senior,Average
Álex Collado,70,79,23,Elche CF,Spain,"CM,RM,CAM",3500000,49000,60,68,73,72,58,56,Adult,Average
Kim Dae Won,70,73,25,Gangwon FC,Korea Republic,"ST,LW",2100000,5000,86,70,65,73,25,68,Adult,Average
S. Baptiste,70,76,24,Brentford,Grenada,"CM,CDM",2500000,21000,73,58,67,75,68,69,Adult,Average
F. Gaibor,70,70,30,Independiente del Valle,Ecuador,"CAM,CF,CM",1500000,650,66,66,72,72,59,69,Senior,Average
V. Belec,70,70,32,APOEL Nicosia FC,Slovenia,GK,800000,550,70,69,65,71,49,69,Senior,Average
J. Galván,70,70,30,Racing Club,Argentina,"CB,CDM",1300000,7000,62,55,65,62,66,82,Senior,Average
S. Motta,70,70,38,La Equidad,Colombia,"CAM,CM,CDM",525000,1000,59,64,74,72,58,64,Senior,Average
J. Allevinah,70,70,27,Clermont Foot 63,Gabon,"LM,RM",1700000,11000,83,69,63,72,28,49,Adult,Average
R. Porteous,70,75,23,Hibernian,Scotland,CB,2200000,4000,65,42,61,59,67,79,Adult,Average
W. Caballero,70,70,40,Southampton,Argentina,GK,180000,12000,70,70,65,68,39,73,Senior,Average
G. Kalulu,70,75,24,FC Lorient,Congo DR,"RB,LB",2200000,9000,80,40,55,66,69,75,Adult,Average
J. Tymon,70,77,23,Stoke City,England,"LWB,LB",3000000,13000,75,52,67,66,62,70,Adult,Average
R. Berić,70,70,31,Tianjin Jinmen Tiger FC,Slovenia,ST,1300000,7000,56,71,63,66,37,76,Senior,Average
I. Sissoko,70,72,26,FC Sochaux-Montbéliard,France,ST,2000000,5000,73,72,54,65,32,71,Adult,Average
Leôncio Lobeiro,70,70,22,Flamengo,Brazil,"RW,RM",1900000,18000,83,64,64,74,31,64,Young,Average
Ó. Opazo,70,70,31,Colo-Colo,Chile,"RB,LB",1200000,4000,78,57,65,71,62,71,Senior,Average
I. Tajouri-Shradi,70,70,28,New England Revolution,Libya,"RM,RW,LW",1600000,5000,82,70,63,74,33,56,Adult,Average
P. Roberts,70,73,25,Sunderland,England,"RW,RM,CAM",2100000,11000,79,63,66,75,27,40,Adult,Average
Daniel Ayala,70,70,31,Blackburn Rovers,Spain,CB,1100000,21000,51,41,50,61,71,71,Senior,Average
F. Hanin,70,70,32,Paris FC,France,"LB,LM,LWB",1100000,6000,79,44,66,68,65,73,Senior,Average
H. Siquet,70,81,19,Sport-Club Freiburg,Belgium,"RB,RWB",3300000,7000,75,55,72,68,63,66,Young,Average
R. Fährmann,70,70,33,FC Schalke 04,Germany,GK,525000,10000,72,65,38,76,42,70,Senior,Average
D. Dessoleil,70,70,29,KV Kortrijk,Belgium,CB,1300000,11000,52,47,57,51,70,75,Adult,Average
M. Sampirisi,70,70,29,Frosinone,Italy,"CB,RWB,RM",1300000,23000,67,41,59,60,70,76,Adult,Average
M. Torres,70,74,26,América de Cali,Colombia,CB,2000000,2000,68,44,50,49,68,83,Adult,Average
Iván Cuéllar,70,70,38,Real Sporting de Gijón,Spain,GK,180000,3000,68,70,66,70,47,69,Senior,Average
F. Ogier,70,70,33,Clermont Foot 63,France,CB,750000,10000,32,34,40,52,72,76,Senior,Average
Iván Martos,70,75,25,Unión Deportiva Almería,Spain,"LB,CB",2200000,12000,73,39,55,65,68,68,Adult,Average
J. Méndez,70,74,25,San Lorenzo de Almagro,Argentina,"CDM,CM",2000000,7000,69,62,67,71,68,71,Adult,Average
R. Hack,70,75,23,DSC Arminia Bielefeld,Germany,"LM,CAM,CF",2400000,9000,79,64,63,74,33,51,Adult,Average
M. Phillips,70,70,31,West Bromwich Albion,Scotland,"RW,RM",1300000,20000,74,69,68,71,43,68,Senior,Average
J. Dom,70,70,32,Oud-Heverlee Leuven,Belgium,"RB,RWB,CM",1100000,8000,75,58,63,63,65,73,Senior,Average
A. Bellemo,70,71,26,Como,Italy,CM,1900000,2000,54,58,64,68,63,69,Adult,Average
P. Köhn,70,76,24,FC Red Bull Salzburg,Switzerland,GK,2000000,9000,73,63,67,73,46,67,Adult,Average
S. Thill,70,70,28,F.C. Hansa Rostock,Luxembourg,CAM,1600000,9000,67,67,69,72,38,59,Adult,Average
J. Soraire,70,70,33,Club Atlético Central Córdoba,Argentina,CM,975000,8000,73,60,71,74,61,81,Senior,Average
D. Giraldo,70,70,30,Junior FC,Colombia,"CDM,CM",1300000,2000,71,46,66,62,67,80,Senior,Average
Erison,70,77,23,Estoril Praia,Brazil,ST,3200000,5000,62,70,53,67,24,74,Adult,Average
D. Pérez,70,70,33,Arsenal de Sarandí,Argentina,LB,825000,6000,76,52,60,67,64,70,Senior,Average
J. Williams,70,74,25,Bristol City,England,"CDM,CM,CAM",2000000,16000,60,56,67,67,68,66,Adult,Average
Douglas Friedrich,70,70,33,Al Khaleej,Brazil,GK,525000,6000,71,70,57,76,21,69,Senior,Average
S. Lauper,70,75,25,BSC Young Boys,Switzerland,"CB,CDM,CM",2100000,11000,73,63,65,69,70,71,Adult,Average
G. Mera,70,70,32,Deportivo Cali,Colombia,CB,1000000,2000,42,26,39,42,70,81,Senior,Average
C. Martínez Borja,70,70,34,C.D. Universidad Católica del Ecuador,Colombia,ST,775000,600,66,72,59,64,32,79,Senior,Average
Kim Bo Kyung,70,70,32,Jeonbuk Hyundai Motors,Korea Republic,"CM,CAM,RM",1300000,7000,74,65,70,73,59,66,Senior,Average
Lucas Possignolo,70,72,28,Zhejiang Professional FC,Brazil,CB,1600000,6000,50,37,46,50,70,76,Adult,Average
M. Zaldivia,70,70,31,Colo-Colo,Argentina,CB,1100000,4000,40,39,60,56,69,73,Senior,Average
A. Campbell,70,76,23,Luton Town,Scotland,"CM,CDM",2500000,16000,75,63,65,69,70,77,Adult,Average
G. Diangana,70,76,24,West Bromwich Albion,England,"LM,ST,RM",2500000,16000,83,60,63,73,27,57,Adult,Average
C. Brannagan,70,72,26,Oxford United,England,CM,2000000,8000,64,66,69,68,61,71,Adult,Average
K. Tagawa,70,76,23,Santa Clara,Japan,"ST,RW,LW",2500000,4000,88,69,60,69,31,73,Adult,Average
M. Lebusa,70,70,29,Mamelodi Sundowns FC,South Africa,"CB,LB",1300000,700,74,41,58,62,71,68,Adult,Average
M. Bird,70,78,21,Derby County,England,"CDM,CM",3400000,3000,68,55,68,68,66,62,Young,Average
A. Davies,70,70,29,Sheffield United,Wales,GK,1100000,13000,71,67,66,71,40,70,Adult,Average
F. Gattoni,70,76,23,San Lorenzo de Almagro,Argentina,CB,2300000,7000,68,48,58,57,70,74,Adult,Average
Natinho Mestres,70,70,30,São Paulo,Brazil,RM,1500000,19000,77,64,65,72,34,52,Senior,Average
Anderson Jesus,70,71,27,FC Vizela,Brazil,CB,1600000,4000,58,30,40,43,71,77,Adult,Average
J. Vossen,70,70,33,SV Zulte Waregem,Belgium,ST,1000000,10000,55,75,68,66,37,69,Senior,Average
V. Dubinchak,70,75,24,Dynamo Kyiv,Ukraine,LB,2200000,500,77,45,69,70,66,57,Adult,Average
F. de Keijzer,70,78,22,FC Utrecht,Netherlands,GK,3100000,6000,70,65,68,72,31,67,Young,Average
Lourival Dinisco,70,70,22,Fortaleza,Brazil,CB,1600000,6000,61,52,53,49,71,73,Young,Average
A. Ueda,70,75,23,KSV Cercle Brugge,Japan,"ST,CAM",2400000,8000,82,71,52,64,27,69,Adult,Average
S. McCallum,70,80,21,Norwich City,England,"LB,LWB",3400000,15000,80,56,63,67,65,68,Young,Average
G. Tsitaishvili,70,80,21,Lech Poznań,Georgia,"RM,LM",3600000,500,88,60,60,77,33,43,Young,Average
Afonso Sousa,70,79,22,Lech Poznań,Portugal,"CM,LM,CAM",3600000,6000,75,62,67,75,57,55,Young,Average
J. Baez,70,70,27,US Cremonese,Uruguay,"RM,LM",1700000,8000,73,65,66,72,31,55,Adult,Average
M. Mehlem,70,74,24,SV Darmstadt 98,Germany,"CAM,LM",2300000,10000,76,59,66,75,49,60,Adult,Average
A. Chumacero,70,70,31,Club Always Ready,Bolivia,"CM,RM",1300000,500,66,66,71,72,62,70,Senior,Average
M. Cóccaro,70,76,24,Club Atlético Huracán,Uruguay,ST,2500000,8000,67,72,46,67,29,63,Adult,Average
M. Minchev,70,76,21,AC Sparta Praha,Bulgaria,"RM,LM,ST",2600000,500,82,67,63,69,34,74,Young,Average
L. Ranieri,70,78,23,Fiorentina,Italy,"LB,CB",3400000,20000,75,41,59,66,70,61,Adult,Average
F. Jensen,70,75,24,FC Augsburg,Finland,"CAM,RM,LM",2400000,13000,64,68,68,73,51,69,Adult,Average
N. Ferreyra,70,70,29,Barracas Central,Argentina,CB,1300000,6000,35,31,41,49,71,83,Adult,Average
R. Inglese,70,70,30,Parma,Italy,ST,1600000,4000,48,70,52,67,26,67,Senior,Average
G. Martirena,70,77,22,Liverpool Fútbol Club,Uruguay,"RB,RWB",3100000,500,78,65,67,64,63,56,Young,Average
Romário Baró,70,80,22,Casa Pia,Portugal,"CAM,RW",3600000,7000,71,66,69,73,46,58,Young,Average
Cho Gue Sung,70,77,24,Jeonbuk Hyundai Motors,Korea Republic,"ST,LW",3200000,7000,81,69,51,66,28,77,Adult,Average
Jaume Grau,70,77,25,Real Zaragoza,Spain,"CDM,CM",2900000,6000,64,58,67,66,68,69,Adult,Average
Igor Silva,70,73,25,FC Lorient,Brazil,"RB,RWB",1900000,9000,77,54,63,72,66,64,Adult,Average
Marcos Paulo,70,82,21,CD Mirandés,Portugal,"LM,CAM,ST",3900000,18000,70,67,67,69,43,52,Young,Average
T. Koubek,70,70,29,FC Augsburg,Czech Republic,GK,1100000,12000,74,62,67,73,41,69,Adult,Average
E. Guessand,70,79,21,FC Nantes,France,"ST,LW",3600000,17000,74,70,55,68,26,68,Young,Average
Luquinha,70,81,21,Portimonense SC,Brazil,"CAM,CM",3600000,4000,76,59,73,75,34,46,Young,Average
F. Pereyra,70,70,32,Club Atlético Central Córdoba,Argentina,CB,1000000,7000,64,35,46,51,69,79,Senior,Average
G. González,70,78,21,Orlando City Soccer Club,Argentina,"LM,LW,LWB",3600000,4000,81,67,61,70,40,74,Young,Average
J. Holland,70,70,33,FK Austria Wien,Australia,"CDM,CM,CB",800000,10000,58,61,66,68,68,72,Senior,Average
A. Bukia,70,70,27,FC Arouca,Congo DR,"RW,RM",1700000,5000,85,65,58,77,36,56,Adult,Average
H. Moldovan,70,76,24,Rapid București,Romania,GK,2000000,4000,71,67,63,73,43,68,Adult,Average
N. Sarenren Bazee,70,71,25,FC Augsburg,Nigeria,RM,1900000,14000,87,61,64,73,29,47,Adult,Average
D. Melnjak,70,70,29,Hajduk Split,Croatia,LB,1400000,600,69,66,63,68,66,67,Adult,Average
B. Bvuma,70,74,27,Kaizer Chiefs,South Africa,GK,1700000,500,73,73,67,68,33,70,Adult,Average
D. Fisher,70,70,28,Middlesbrough,England,"RWB,RB",1400000,15000,79,26,52,64,68,75,Adult,Average
Marlion Rolim,70,70,30,RB Bragantino,Brazil,CAM,1500000,10000,67,66,65,69,49,54,Senior,Average
J. Narváez,70,70,27,Real Valladolid CF,Colombia,"LM,ST",1700000,13000,76,68,66,72,55,67,Adult,Average
A. Mumin,70,78,24,Rayo Vallecano,Ghana,CB,3300000,9000,79,36,58,61,69,74,Adult,Average
Juanma García,70,70,29,Albacete BP,Spain,"ST,LM,RM",1600000,6000,85,71,64,71,28,51,Adult,Average
M. Pearson,70,71,28,Huddersfield Town,England,CB,1500000,11000,55,43,50,55,70,77,Adult,Average
D. Caicedo,70,77,22,Vancouver Whitecaps FC,Colombia,"LM,ST",3200000,5000,83,63,61,77,35,55,Young,Average
José Crespo,70,70,35,APOEL Nicosia FC,Spain,"CB,RB,LB",425000,500,62,40,63,61,71,71,Senior,Average
O. Kemen,70,73,25,Yukatel Kayserispor,France,"CM,CAM,CDM",2100000,10000,76,67,65,72,65,80,Adult,Average
Jairo Farnias,70,70,22,Internacional,Brazil,GK,1400000,9000,64,68,69,75,54,68,Young,Average
Eugeni,70,70,27,Real Zaragoza,Spain,"CM,CDM,CAM",1700000,6000,62,69,74,70,56,66,Adult,Average
L. Blessing,70,74,25,Los Angeles FC,Ghana,"CM,RB",2200000,5000,86,61,64,75,66,61,Adult,Average
Júnior Urso,70,70,33,Orlando City Soccer Club,Brazil,"CDM,CM",800000,5000,64,64,65,70,66,75,Senior,Average
H. Cornick,70,71,27,Luton Town,England,"ST,RW",1900000,20000,86,68,58,70,36,61,Adult,Average
V. Mannone,70,70,34,FC Lorient,Italy,GK,275000,8000,68,67,66,71,55,72,Senior,Average
M. Hilgers,70,82,21,FC Twente,Netherlands,"CB,RB",3700000,5000,75,42,51,57,71,71,Young,Average
L. Lozano,70,77,23,Club Nacional de Football,Uruguay,"RB,RWB,LB",3000000,500,77,56,63,66,65,67,Adult,Average
M. Busi,70,76,22,Stade de Reims,Belgium,RB,2400000,10000,72,49,63,67,66,66,Young,Average
R. Abascal,70,72,28,Boavista FC,Uruguay,CB,1600000,8000,61,44,49,54,70,77,Adult,Average
N. Haas,70,73,26,Empoli,Switzerland,CM,2100000,7000,77,58,70,72,62,67,Adult,Average
A. Bareiro,70,70,33,Club Libertad,Paraguay,RM,1000000,600,78,55,65,70,33,58,Senior,Average
C. Bassett,70,80,20,Fortuna Sittard,United States,"CAM,CM",3500000,4000,68,60,66,69,58,65,Young,Average
Víctor Gómez,70,80,22,SC Braga,Spain,RB,3400000,8000,77,50,68,69,64,68,Young,Average
K. Yeboah,70,77,22,Genoa,Italy,ST,3300000,3000,92,67,56,71,24,69,Young,Average
A. Mabil,70,70,26,Cádiz CF,Australia,"LM,RM,LW",1700000,16000,87,64,63,71,34,59,Adult,Average
R. Carrascal,70,70,29,Club Cerro Porteño,Colombia,"CM,CDM",1600000,600,66,63,69,64,65,73,Adult,Average
Nico Serrano,70,81,19,CD Mirandés,Spain,"LM,CAM,RM",3400000,8000,74,65,64,75,24,48,Young,Average
R. Stewart,70,73,25,Sunderland,Scotland,ST,2100000,11000,75,69,57,63,30,76,Adult,Average
C. Groß,70,70,33,SV Werder Bremen,Germany,"CDM,CB",800000,12000,57,55,62,65,70,71,Senior,Average
Tiago Esgaio,70,71,26,FC Arouca,Portugal,"RB,RWB,CB",1700000,8000,68,55,62,66,69,63,Adult,Average
G. İnler,70,70,38,Adana Demirspor,Switzerland,"CDM,CM",325000,8000,36,67,72,68,68,67,Senior,Average
Y. Cimignani,70,80,20,AC Ajaccio,France,"LM,RM",3500000,8000,75,67,65,72,52,62,Young,Average
E. Mathoho,70,70,32,Kaizer Chiefs,South Africa,CB,1000000,550,62,40,48,52,70,74,Senior,Average
C. Brüls,70,70,33,Sint-Truidense VV,Belgium,"CAM,CM,RM",1000000,9000,63,65,72,72,53,60,Senior,Average
R. Radunović,70,70,30,FCSB (Steaua),Montenegro,LB,1400000,9000,77,58,64,63,66,79,Senior,Average
I. Kandouss,70,74,24,Royale Union Saint-Gilloise,Morocco,CB,2100000,8000,58,29,47,51,70,76,Adult,Average
Ji Xiang,70,70,32,Shandong Taishan,China PR,"RB,RM",1100000,11000,71,58,71,65,65,73,Senior,Average
A. Medina,70,70,35,Arsenal de Sarandí,Argentina,GK,180000,3000,67,65,60,75,29,72,Senior,Average
O. Hernández,70,70,29,Norwich City,Cuba,"LM,ST,LWB",1600000,24000,86,64,62,71,34,73,Adult,Average
C. Atsu,70,70,30,Atakaş Hatayspor,Ghana,"RW,LW",1500000,9000,77,66,68,72,34,45,Senior,Average
M. Alphonse,70,70,32,AC Ajaccio,France,"RB,LB",1100000,10000,73,53,60,64,68,70,Senior,Average
B. Yáñez,70,79,21,Unión Española,Chile,"LM,LW",3600000,3000,88,63,62,72,28,58,Young,Average
J. Serra,70,75,24,DSC Arminia Bielefeld,Germany,ST,2400000,10000,61,71,53,60,37,77,Adult,Average
T. Lees,70,70,31,Huddersfield Town,England,CB,1100000,11000,54,36,55,62,71,74,Senior,Average
Javi López,70,70,36,Adelaide United,Spain,RB,350000,2000,60,52,68,67,66,75,Senior,Average
H. Orzán,70,70,34,FBC Melgar,Argentina,"CM,CDM,CB",725000,550,84,56,70,70,64,73,Senior,Average
C. Austin,70,70,32,Brisbane Roar,England,ST,1300000,4000,48,73,56,65,36,65,Senior,Average
Paolinho Leima,70,70,22,Clube Atlético Mineiro,Brazil,"RWB,RB",1700000,14000,75,50,65,69,63,72,Young,Average
M. Obafemi,70,77,21,Swansea City,Republic of Ireland,ST,3300000,13000,81,69,56,71,23,64,Young,Average
F. Saucedo,70,70,32,Club The Strongest,Bolivia,"CM,CAM",1300000,800,56,61,68,65,68,57,Senior,Average
Paris Adot,70,70,32,SD Ponferradina,Spain,RB,1100000,6000,74,58,63,69,65,73,Senior,Average
D. Loader,70,81,21,FC Porto,England,ST,3600000,6000,77,70,57,72,21,65,Young,Average
Sergio Tejera,70,70,32,FC Cartagena,Spain,"CDM,CM",1100000,5000,67,68,69,69,66,75,Senior,Average
F. Pérez,70,76,22,Club Atlético Lanús,Argentina,"CM,RM",2500000,9000,70,61,68,69,65,64,Young,Average
N. Hult,70,70,32,IF Elfsborg,Sweden,"LB,LW",1100000,3000,70,59,67,71,65,64,Senior,Average
S. Moore,70,70,32,Coventry City,England,GK,800000,10000,69,69,73,70,49,68,Senior,Average
T. Douvikas,70,77,22,FC Utrecht,Greece,ST,3300000,9000,81,67,61,69,34,71,Young,Average
J. Geis,70,70,28,1. FC Nürnberg,Germany,CDM,1400000,8000,38,63,77,64,67,69,Adult,Average
K. Mudau,70,70,27,Mamelodi Sundowns FC,South Africa,RB,1500000,700,83,46,59,68,62,68,Adult,Average
C. Styles,70,78,22,Millwall,Hungary,"LWB,CM,RM",3400000,6000,69,62,64,71,64,67,Young,Average
Álvaro Jiménez,70,70,27,Unión Deportiva Las Palmas,Spain,"RM,LM",1700000,16000,79,67,66,69,46,65,Adult,Average
K. McFadzean,70,70,35,Coventry City,England,CB,425000,9000,34,37,49,49,70,79,Senior,Average
B. Soppy,70,81,20,Atalanta,France,"RWB,RM",3300000,15000,80,48,64,68,65,73,Young,Average
F. Klaus,70,70,29,Fortuna Düsseldorf,Germany,"RM,LM",1600000,14000,83,66,64,72,39,66,Adult,Average
M. Bauer,70,70,30,Servette FC,Austria,"RB,LB,RWB",1400000,10000,76,46,65,69,66,68,Senior,Average
P. Anton,70,70,31,AFC UTA Arad,Romania,"CDM,CM",1100000,5000,65,64,66,63,65,76,Senior,Average
A. Omobamidele,70,82,20,Norwich City,Republic of Ireland,CB,3600000,15000,74,27,46,57,71,74,Young,Average
R. Petrović,70,70,33,Real Zaragoza,Serbia,CDM,800000,6000,35,54,61,58,70,76,Senior,Average
D. Ward,70,70,31,Huddersfield Town,England,ST,1300000,13000,68,72,62,67,38,71,Senior,Average
J. Rodriguez,70,75,25,Club Nacional de Football,Uruguay,"RB,RWB",2200000,500,82,45,64,70,64,68,Adult,Average
Bruno Xadas,70,75,24,Clube Sport Marítimo,Portugal,"CAM,CM",2400000,6000,73,68,70,74,43,62,Adult,Average
A. Samaris,70,70,33,Rio Ave FC,Greece,"CB,CDM",750000,6000,49,62,65,66,69,74,Senior,Average
F. Ulvestad,70,70,30,Demir Grup Sivasspor,Norway,"CM,CDM,CAM",1500000,10000,64,64,67,71,69,79,Senior,Average
A. Lotti,70,72,26,Atlético Tucumán,Argentina,ST,2000000,8000,78,68,56,70,26,66,Adult,Average
J. Panzo,70,77,21,Coventry City,England,"CB,LB,LWB",3000000,20000,68,42,62,62,70,72,Young,Average
O. Merlo,70,70,35,Club Sporting Cristal,Argentina,CB,425000,500,52,35,51,45,69,75,Senior,Average
J. Czerwiński,70,70,30,Piast Gliwice,Poland,CB,1300000,6000,54,32,44,46,69,81,Senior,Average
R. Rúnarsson,70,72,27,Aytemiz Alanyaspor,Iceland,GK,1500000,27000,71,68,72,71,45,68,Adult,Average
K. Long,70,70,31,Burnley,Republic of Ireland,CB,1100000,21000,51,35,50,56,70,69,Senior,Average
Carrillo,70,70,28,SD Huesca,Spain,ST,1600000,7000,64,73,63,68,34,57,Adult,Average
Breno Bemposta,70,70,26,Ceará Sporting Club,Brazil,"CDM,CM",1500000,7000,44,57,66,69,71,68,Adult,Average
F. Pellistri,70,82,20,Manchester United,Uruguay,RM,3800000,35000,82,64,64,73,32,60,Young,Average
İ. Eğribayat,70,77,24,Fenerbahçe SK,Turkey,GK,2700000,19000,68,69,73,72,47,70,Adult,Average
S. Piette,70,70,27,Club de Foot Montréal,Canada,"CDM,CM",1500000,5000,53,35,56,61,70,79,Adult,Average
A. Noppert,70,73,28,SC Heerenveen,Netherlands,GK,1500000,4000,72,67,65,69,47,69,Adult,Average
C. Spinelli,70,75,25,Club Atlético Lanús,Argentina,ST,2400000,10000,67,68,57,69,26,63,Adult,Average
K. Gjasula,70,70,32,SV Darmstadt 98,Albania,"CDM,CB",1100000,11000,49,51,56,54,71,85,Senior,Average
Farley,70,70,28,Tianjin Jinmen Tiger FC,Brazil,"LM,CM,LW",1600000,6000,83,64,65,71,22,52,Adult,Average
N. Ngoumou,70,81,22,Borussia Mönchengladbach,France,"RW,RM",3600000,14000,86,65,64,69,33,60,Young,Average
Bustinza,70,70,30,Málaga CF,Spain,"CB,RB",1300000,6000,57,35,61,61,70,78,Senior,Average
Lee Dong Kyeong,70,75,24,F.C. Hansa Rostock,Korea Republic,"CM,CAM",2400000,6000,74,63,72,71,58,67,Adult,Average
G. Scalvini,70,86,18,Atalanta,Italy,CB,3800000,6000,55,29,44,52,72,67,Young,Average
Jesús Vázquez,70,81,19,Valencia CF,Spain,"LB,LWB,LM",3300000,8000,69,49,64,64,67,62,Young,Average
C. Fai,70,70,29,Al Tai,Cameroon,"RB,RWB",1400000,12000,85,32,58,68,65,72,Adult,Average
T. Pembélé,70,81,19,Paris Saint-Germain,France,"RB,RWB,CB",3300000,16000,87,49,63,71,64,64,Young,Average
Patrick William,70,76,25,Rio Ave FC,Brazil,CB,2200000,5000,57,64,63,56,69,75,Adult,Average
C. Devlin,70,77,24,Heart of Midlothian,Australia,"CM,CDM",3200000,4000,70,55,65,71,68,74,Adult,Average
B. Petersen,70,73,28,Kaizer Chiefs,South Africa,GK,1500000,500,67,71,68,74,51,69,Adult,Average
Waldo,70,70,26,CD Tenerife,Spain,"LM,RM",1700000,6000,83,70,62,74,35,60,Adult,Average
S. Arzamendia,70,77,24,Cádiz CF,Paraguay,"LB,LM",3000000,12000,73,57,61,67,67,59,Adult,Average
I. Saavedra,70,77,23,Universidad Católica,Chile,"CM,CDM",3200000,6000,66,57,62,70,59,74,Adult,Average
A. Hassan,70,70,28,Free agent,Qatar,"LWB,CB",0,0,74,67,65,64,65,81,Adult,Average
I. Voca,70,74,25,Cosenza,Kosovo,"CDM,CM",2000000,2000,63,51,63,67,69,70,Adult,Average
A. Lusamba,70,74,25,Aytemiz Alanyaspor,France,"CM,RW",2200000,12000,72,64,70,74,64,70,Adult,Average
N. Pasquini,70,70,31,Club Atlético Lanús,Argentina,"LB,LM,CM",1200000,9000,77,59,72,63,65,70,Senior,Average
A. Schäfer,70,79,23,1. FC Union Berlin,Hungary,"CM,CDM",3500000,14000,72,61,66,70,62,59,Adult,Average
D. Ignatenko,70,75,25,FC Girondins de Bordeaux,Ukraine,"CM,CDM",2300000,5000,51,53,69,67,72,82,Adult,Average
P. Wiesinger,70,72,28,LASK Linz,Austria,CB,1600000,14000,70,54,58,60,71,71,Adult,Average
M. Bokadi,70,75,26,Standard de Liège,Congo DR,"CB,CDM",2100000,9000,60,33,53,62,70,75,Adult,Average
T. van Weert,70,70,32,AEK Athens,Netherlands,ST,1300000,800,69,70,57,68,28,75,Senior,Average
D. Yedlin,70,70,28,Inter Miami CF,United States,"RB,RWB",1400000,5000,90,51,58,65,64,72,Adult,Average
E. Zenga,70,70,29,SV Sandhausen,Germany,"CDM,CM",1400000,5000,78,56,67,70,66,69,Adult,Average
A. Rodríguez,70,76,22,C.D. Universidad Católica del Ecuador,Ecuador,"LW,LM,RW",2600000,550,90,57,61,71,42,55,Young,Average
Y. Osorio,70,72,28,Parma,Venezuela,CB,1600000,3000,55,31,44,51,69,78,Adult,Average
C. Sørensen,70,70,29,F.C. København,Denmark,LB,1400000,12000,83,59,70,69,60,73,Adult,Average
R. Leonard,70,70,30,Millwall,England,"CDM,CM,RWB",1300000,8000,77,65,65,67,67,78,Senior,Average
Q. Merlin,70,84,20,FC Nantes,France,"LB,LWB,LM",3700000,9000,70,59,69,75,64,58,Young,Average
J. Fulton,70,71,28,Swansea City,Scotland,"CDM,CM",1500000,15000,62,55,61,66,70,72,Adult,Average
N. Raskin,70,80,21,Standard de Liège,Belgium,"CM,CDM",3600000,7000,68,62,70,72,65,75,Young,Average
A. Modiba,70,70,26,Mamelodi Sundowns FC,South Africa,LB,1600000,700,82,58,68,73,65,49,Adult,Average
F. Torrent,70,70,30,Rosario Central,Argentina,RB,1400000,9000,78,49,61,69,63,72,Senior,Average
J. Caicedo,70,70,32,Club Deportes Tolima,Colombia,ST,1300000,3000,64,70,60,63,33,66,Senior,Average
M. Álvarez,70,70,33,Club Atlético Independiente,Argentina,GK,525000,6000,71,65,65,71,34,73,Senior,Average
G. Hein,70,71,25,AJ Auxerre,France,"RM,CM,CAM",1900000,10000,79,68,66,75,34,54,Adult,Average
C. De Norre,70,73,25,Oud-Heverlee Leuven,Belgium,"LM,LB,CM",2100000,8000,69,63,66,71,66,70,Adult,Average
D. Mantilla,70,73,25,Atlético Nacional,Colombia,"RM,LM,RW",2100000,3000,77,65,66,69,42,62,Adult,Average
Eltson Marques,70,70,30,Internacional,Brazil,CB,1300000,13000,40,43,43,49,70,70,Senior,Average
C. Menéndez,70,70,34,Atlético Tucumán,Argentina,ST,775000,8000,65,69,59,68,38,73,Senior,Average
Rober Correa,70,70,29,SD Eibar,Spain,RB,1400000,6000,74,43,59,63,67,77,Adult,Average
B. Mikeltadze,70,75,24,Newcastle Jets,Georgia,ST,2400000,2000,75,68,64,70,32,66,Adult,Average
A. Schöpf,70,70,28,Vancouver Whitecaps FC,Austria,"CM,CDM,CAM",1600000,5000,70,66,69,70,63,71,Adult,Average
Carlos Domínguez,70,78,21,RC Celta de Vigo,Spain,CB,3300000,8000,67,28,53,50,71,63,Young,Average
L. Mancuso,70,70,30,Como,Italy,ST,1600000,26000,75,69,61,73,34,68,Senior,Average
Cao Yunding,70,70,32,Shanghai Shenhua FC,China PR,"LM,LW",1300000,8000,81,63,66,70,36,66,Senior,Average
G. Kargas,70,72,27,PAOK,Greece,CB,1700000,700,69,46,51,54,70,72,Adult,Average
M. Turay,70,70,27,Malmö FF,Sierra Leone,ST,1700000,6000,89,67,51,72,28,75,Adult,Average
K. Przybyłko,70,70,29,Chicago Fire Football Club,Poland,ST,1600000,6000,65,69,59,63,28,78,Adult,Average
Benito,70,70,26,Unión Deportiva Las Palmas,Spain,"LB,LM,RM",1600000,6000,86,65,65,70,63,66,Adult,Average
J. Hogg,70,70,33,Huddersfield Town,England,"CDM,CM,CB",800000,11000,58,53,61,66,69,76,Senior,Average
Adrián López,70,70,34,Málaga CF,Spain,"ST,LM,RM",775000,7000,71,71,69,70,27,60,Senior,Average
Vitor Marlão,70,70,26,Fortaleza,Brazil,"LB,CB",1600000,7000,66,45,61,54,70,61,Adult,Average
Nuno Moldeiro,70,70,26,Sport Club Corinthians Paulista,Brazil,LM,1700000,15000,82,61,65,72,37,63,Adult,Average
F. Andone,70,70,29,Unión Deportiva Las Palmas,Romania,ST,1600000,7000,67,71,62,70,51,65,Adult,Average
G. Hairemans,70,70,30,KV Mechelen,Belgium,"RM,CAM,CM",1500000,9000,42,68,76,71,45,67,Senior,Average
D. Srbeny,70,70,28,SC Paderborn 07,Germany,"ST,CAM",1600000,13000,68,68,59,69,33,72,Adult,Average
M. Thychosen,70,74,25,FC Midtjylland,Denmark,CB,2000000,13000,77,52,62,68,68,76,Adult,Average
A. Esiti,70,71,28,Ferencvárosi TC,Nigeria,CDM,1500000,600,55,46,57,58,70,80,Adult,Average
Andrew,70,82,21,Gil Vicente FC,Brazil,GK,3400000,3000,71,69,64,72,45,66,Young,Average
M. Männel,70,70,34,FC Erzgebirge Aue,Germany,GK,275000,2000,73,69,58,72,49,68,Senior,Average
S. Sithembe,70,70,29,Kaizer Chiefs,South Africa,"CAM,RW,CM",1600000,600,80,57,73,72,55,63,Adult,Average
D. Ballard,70,81,22,Sunderland,Northern Ireland,CB,3300000,8000,52,30,49,50,71,73,Young,Average
S. Bendebka,70,70,29,Al Fateh,Algeria,"CAM,CM",1600000,17000,74,66,66,71,58,72,Adult,Average
A. Salvi,70,70,34,Ascoli,Italy,"RB,LB,RM",575000,3000,74,59,64,67,67,75,Senior,Average
M. Aké,70,77,21,Juventus,France,LW,3200000,36000,82,63,63,76,39,55,Young,Average
K. Zenón,70,80,21,Unión de Santa Fe,Argentina,"LM,RM,LW",3600000,6000,82,67,65,73,42,55,Young,Average
Jefté,70,70,28,CFR Cluj,Spain,ST,1600000,11000,70,69,61,68,32,72,Adult,Average
T. Roberts,70,75,23,Queens Park Rangers,Wales,"CAM,CM",2400000,18000,72,68,66,74,38,70,Adult,Average
A. N'Diaye,70,70,32,Málaga CF,Senegal,CDM,1100000,6000,54,62,62,64,70,81,Senior,Average
B. Reynet,70,70,31,Dijon FCO,France,GK,850000,4000,71,68,70,67,43,71,Senior,Average
R. Enrique,70,82,21,Club Atlético Banfield,Argentina,"ST,LW",3900000,7000,79,71,60,70,26,63,Young,Average
G. Lovrencsics,70,70,33,Hajduk Split,Hungary,RB,825000,600,81,65,65,66,64,71,Senior,Average
A. Micai,70,70,28,US Salernitana 1919,Italy,GK,1100000,11000,67,70,64,74,47,64,Adult,Average
H. Veerman,70,70,31,FC Volendam,Netherlands,ST,1300000,6000,73,68,48,57,30,79,Senior,Average
B. Luciatti,70,71,29,Club Atlético Tigre,Argentina,"CB,LB",1500000,7000,65,50,45,53,71,77,Adult,Average
M. Capasso,70,74,26,Atlético Tucumán,Argentina,CB,2000000,8000,54,35,40,47,72,75,Adult,Average
M. Barreto,70,70,31,AC Ajaccio,France,"LM,RM",1300000,11000,79,62,67,71,27,64,Senior,Average
R. Salin,70,70,37,Stade Rennais FC,France,GK,180000,11000,68,69,68,70,30,69,Senior,Average
C. Rigamonti,70,70,35,Club Atlético Central Córdoba,Argentina,GK,180000,4000,69,68,67,71,40,71,Senior,Average
Álex Blanco,70,75,23,Como,Spain,"LM,RM",2400000,2000,80,63,66,72,37,53,Adult,Average
T. Tsingaras,70,79,21,Toulouse Football Club,Greece,"CDM,CM",3400000,500,70,57,64,67,68,68,Young,Average
P. Mpoku,70,70,30,İttifak Holding Konyaspor,Congo DR,"CAM,RW,RM",1500000,10000,72,71,73,70,46,68,Senior,Average
C. Arboleda,70,70,36,La Equidad,Colombia,"RB,RM",350000,900,81,51,64,69,66,53,Senior,Average
D. Musto,70,70,35,FC Cartagena,Argentina,"CDM,CM",450000,4000,41,49,60,58,71,75,Senior,Average
S. Mmaee,70,74,25,Ferencvárosi TC,Morocco,CB,2000000,550,62,32,48,56,70,75,Adult,Average
D. Warmerdam,70,71,26,FC Utrecht,Netherlands,LWB,1700000,9000,74,59,65,71,64,74,Adult,Average
T. Handwerker,70,74,24,1. FC Nürnberg,Germany,LB,2100000,6000,81,50,60,67,62,72,Adult,Average
S. Pierotti,70,77,21,Club Atlético Colón,Argentina,"RM,CM",3200000,6000,70,67,66,73,61,69,Young,Average
Eduardo Quaresma,70,82,20,TSG Hoffenheim,Portugal,CB,3600000,5000,58,31,47,56,70,70,Young,Average
F. Brown Forbes,70,70,30,Wuhan FC,Costa Rica,ST,1600000,8000,81,67,56,63,44,82,Senior,Average
W. Montoya,70,70,28,Rosario Central,Argentina,"RM,CM",1600000,10000,76,63,67,71,54,71,Adult,Average
J. Portillo,70,78,22,Unión de Santa Fe,Argentina,"CDM,CB,CM",3400000,6000,77,56,62,68,69,77,Young,Average
Z. Bytyqi,70,71,25,İttifak Holding Konyaspor,Kosovo,"LM,RM,LW",1900000,10000,77,67,67,72,35,69,Adult,Average
F. Montero,70,70,34,Seattle Sounders FC,Colombia,"ST,CF,CAM",775000,6000,58,73,68,70,43,60,Senior,Average
A. Rosi,70,70,35,Perugia,Italy,"RB,CB",500000,2000,66,59,67,66,66,76,Senior,Average
Serginho,70,70,28,Changchun Yatai FC,Brazil,"CM,RM,ST",1600000,7000,69,73,72,72,45,76,Adult,Average
J. Léa Siliki,70,73,26,Estoril Praia,Cameroon,CM,2100000,5000,67,62,70,72,69,70,Adult,Average
M. Jedlička,70,74,24,FC Viktoria Plzeň,Czech Republic,GK,1800000,500,68,69,66,71,35,67,Adult,Average
M. Ibáñez,70,70,35,Club Atlético Colón,Argentina,GK,180000,4000,67,69,65,70,39,71,Senior,Average
Jonaldo Monteiro,70,70,22,Fortaleza,Brazil,"LB,LWB,LM",1700000,6000,74,51,66,61,64,71,Young,Average
H. Wahl,70,70,28,Holstein Kiel,Germany,CB,1400000,11000,56,32,55,63,71,74,Adult,Average
An Byong Jun,70,70,32,Suwon Samsung Bluewings,Korea DPR,ST,1300000,4000,68,72,50,65,31,69,Senior,Average
G. Bergessio,70,70,37,Platense,Argentina,ST,550000,7000,47,71,59,62,34,72,Senior,Average
A. Sampsted,70,76,24,FK Bodø/Glimt,Iceland,RB,2400000,3000,81,47,60,67,63,72,Adult,Average
D. McCarty,70,70,35,Nashville SC,United States,CDM,450000,3000,44,54,65,65,68,74,Senior,Average
F. Girotti,70,77,23,Club Atlético Talleres,Argentina,ST,3200000,9000,69,70,57,65,36,72,Adult,Average
F. Mayembo,70,74,26,AC Ajaccio,Congo,CB,2000000,10000,45,38,46,51,69,83,Adult,Average
D. Diekmeier,70,70,32,SV Sandhausen,Germany,RB,1100000,5000,75,40,63,63,66,72,Senior,Average
G. Togni,70,71,24,Defensa y Justicia,Argentina,"LM,LWB,LW",2000000,7000,77,66,65,71,63,70,Adult,Average
Nuno da Costa,70,70,31,AJ Auxerre,Cape Verde Islands,ST,1300000,12000,79,68,62,71,26,64,Senior,Average
J. Yueill,70,74,25,San Jose Earthquakes,United States,"CDM,CB,CM",2000000,5000,59,61,68,67,65,72,Adult,Average
I. González,70,70,32,CD Antofagasta,Chile,GK,800000,4000,71,67,59,74,48,68,Senior,Average
J. Bataille,70,75,23,Royal Antwerp FC,Belgium,"RB,RWB,RM",2200000,9000,83,53,65,70,62,67,Adult,Average
Robert Navarro,70,80,20,Real Sociedad,Spain,"LW,CAM,CM",3500000,13000,75,65,62,73,34,63,Young,Average
F. Vera,70,76,24,Unión de Santa Fe,Argentina,"RB,RWB,RW",2400000,6000,83,37,55,72,65,67,Adult,Average
L. Colwill,70,84,19,Brighton & Hove Albion,England,CB,3500000,22000,69,34,58,62,69,73,Young,Average
F. Jara,70,70,33,FC Dallas,Argentina,ST,1000000,6000,73,71,65,71,29,70,Senior,Average
Pedro Díaz,70,79,24,Real Sporting de Gijón,Spain,"CDM,CM",3300000,5000,66,74,72,71,64,67,Adult,Average
Brenner,70,78,22,FC Cincinnati,Brazil,ST,3600000,5000,77,69,62,74,30,52,Young,Average
B. Mykhaylichenko,70,73,25,Shakhtar Donetsk,Ukraine,LB,1900000,500,75,59,67,70,66,71,Adult,Average
F. Calderón,70,75,24,Unión de Santa Fe,Argentina,CB,2200000,6000,60,32,45,53,68,81,Adult,Average
S. Prediger,70,70,35,Club Atlético Tigre,Argentina,"CDM,CM",450000,5000,65,46,60,63,66,74,Senior,Average
K. Kamara,70,70,37,Club de Foot Montréal,Sierra Leone,ST,550000,4000,69,69,62,69,36,75,Senior,Average
B. Baningime,70,77,23,Heart of Midlothian,Congo DR,"CM,CDM",3200000,4000,53,52,64,71,71,69,Adult,Average
A. Trusty,70,76,23,Birmingham City,United States,"CB,LB",2300000,29000,78,40,49,59,69,80,Adult,Average
Filipe Soares,70,77,23,PAOK,Portugal,CM,3200000,700,66,67,68,72,56,67,Adult,Average
Luildo Simões,70,70,22,Sport Club Corinthians Paulista,Brazil,CAM,1900000,13000,71,70,69,69,46,60,Young,Average
A. Albers,70,70,32,SSV Jahn Regensburg,Denmark,ST,1300000,9000,61,67,45,61,29,75,Senior,Average
J. Chabot,70,75,24,1. FC Köln,Germany,CB,2200000,9000,34,27,43,48,70,78,Adult,Average
N. Katić,70,73,25,FC Zürich,Croatia,CB,1900000,9000,66,35,45,54,67,71,Adult,Average
F. Krüger,70,78,23,FC Groningen,Germany,"ST,LM",3600000,6000,84,67,58,71,22,70,Adult,Average
R. Rodelin,70,70,32,Servette FC,France,"LM,ST,CAM",1300000,11000,54,72,69,70,42,77,Senior,Average
D. Santacruz,70,71,27,Club Nacional,Paraguay,"CAM,RM,LM",1800000,500,78,73,61,73,30,50,Adult,Average
Hervías,70,70,29,Málaga CF,Spain,"RM,RB",1600000,6000,78,66,67,73,59,52,Adult,Average
Milton Menceiros,70,70,30,Ceará Sporting Club,Brazil,CB,1300000,7000,69,49,57,58,68,75,Senior,Average
Arthur Gomes,70,75,23,Sporting CP,Brazil,"LW,RW",2400000,7000,75,64,66,70,23,47,Adult,Average
O. Maritu,70,77,22,Shijiazhuang Ever Bright F.C.,Congo DR,ST,3300000,6000,82,70,41,67,19,63,Young,Average
Juan Villar,70,70,34,SD Huesca,Spain,"ST,RM",775000,7000,86,68,67,70,36,72,Senior,Average
G. Wikheim,70,70,29,Djurgårdens IF,Norway,LW,1600000,6000,85,60,63,74,45,55,Adult,Average
Álvaro Lemos,70,70,29,Unión Deportiva Las Palmas,Spain,"RB,RM",1400000,6000,83,64,63,70,63,80,Adult,Average
M. Bola,70,75,24,Middlesbrough,England,"LWB,LB",2200000,13000,75,35,54,65,67,71,Adult,Average
A. Murgia,70,73,25,SPAL,Italy,"CM,CDM",2100000,3000,41,64,67,68,68,60,Adult,Average
T. Edwards,70,77,23,Barnsley,England,"RWB,RB,CB",3000000,13000,76,46,63,63,64,78,Adult,Average
Mollejo,70,81,21,Real Zaragoza,Spain,"RM,LM",3600000,18000,81,64,64,69,37,67,Young,Average
L. Dykes,70,72,26,Queens Park Rangers,Scotland,ST,2000000,20000,67,69,51,66,29,81,Adult,Average
A. Ezzalzouli,70,82,20,CA Osasuna,Morocco,"LW,RW",3800000,46000,80,61,59,77,27,48,Young,Average
D. Kownacki,70,74,25,Fortuna Düsseldorf,Poland,"ST,RM,LM",2200000,14000,74,70,60,71,31,67,Adult,Average
F. Passlack,70,74,24,Borussia Dortmund,Germany,"RM,RB,CM",2300000,19000,69,62,67,71,66,75,Adult,Average
D. Nikolaou,70,76,23,Spezia,Greece,CB,2300000,8000,54,40,45,43,71,76,Adult,Average
Jeong Tae Wook,70,77,25,Daegu FC,Korea Republic,CB,2900000,5000,54,31,48,45,69,78,Adult,Average
Rubén Pardo,70,70,29,CD Leganés,Spain,"CAM,CM,CDM",1600000,8000,51,68,72,70,69,51,Adult,Average
Y. Magnin,70,73,25,Clermont Foot 63,France,"CDM,CM",1900000,9000,68,49,62,70,68,59,Adult,Average
H. Ekdal,70,78,23,Djurgårdens IF,Sweden,CB,3300000,4000,66,33,47,56,71,71,Adult,Average
S. Appelkamp,70,80,21,Fortuna Düsseldorf,Germany,"CAM,LM,CM",3600000,10000,69,56,68,75,37,46,Young,Average
S. Bradley,70,70,30,Luton Town,England,CB,1300000,17000,54,31,47,51,69,76,Senior,Average
H. Fertoli,70,70,27,Club Atlético Talleres,Argentina,"LM,RM,CAM",1700000,11000,86,63,65,72,42,61,Adult,Average
O. Berg,70,70,28,Kalmar FF,Norway,"CF,CM,ST",1600000,3000,75,68,65,69,54,79,Adult,Average
Xavier,70,70,29,Panathinaikos FC,Portugal,"LW,RW",1600000,600,78,66,67,70,34,61,Adult,Average
K. Naughton,70,70,33,Swansea City,England,"CB,RB",750000,15000,58,52,64,67,71,66,Senior,Average
G. Falcón,70,75,25,LDU Quito,Uruguay,GK,1900000,500,69,69,69,70,30,68,Adult,Average
S. Lletget,70,70,29,FC Dallas,United States,"CM,CAM,RM",1600000,5000,71,64,71,72,60,72,Adult,Average
J. Willis,70,70,33,Nashville SC,United States,GK,525000,4000,71,69,64,70,47,72,Senior,Average
R. Hedges,70,70,26,Blackburn Rovers,Wales,"RW,RM,CAM",1700000,25000,82,64,64,72,39,58,Adult,Average
Á. Lang,70,70,29,Free agent,Hungary,CB,0,0,60,43,45,49,71,76,Adult,Average
Q. Laçi,70,74,26,AC Ajaccio,Albania,"CDM,CM",2000000,10000,72,66,68,71,66,76,Adult,Average
S. Jørgensen,70,76,22,Silkeborg IF,Denmark,RM,2600000,6000,78,61,64,68,24,59,Young,Average
Juanfran,70,70,33,Málaga CF,Spain,"RB,RWB",825000,6000,66,66,67,72,67,71,Senior,Average
Song Bum Keun,70,78,24,Jeonbuk Hyundai Motors,Korea Republic,GK,3100000,4000,70,66,66,72,25,67,Adult,Average
T. Leistner,70,70,31,Sint-Truidense VV,Germany,CB,1100000,8000,53,37,51,49,68,80,Senior,Average
L. Mühl,70,74,25,FK Austria Wien,Germany,CB,2000000,10000,70,37,54,56,69,74,Adult,Average
L. Vido,70,73,25,Palermo,Italy,ST,2100000,24000,67,69,62,71,34,64,Adult,Average
A. Carboni,70,80,21,AC Monza,Italy,CB,3300000,16000,56,28,54,61,71,69,Young,Average
J. Fortelný,70,76,23,AC Sparta Praha,Czech Republic,"CM,CAM",2500000,550,70,62,70,71,56,63,Adult,Average
A. Traustason,70,70,29,IFK Norrköping,Iceland,"LW,CM",1600000,5000,79,66,66,70,56,73,Adult,Average
F. Forte,70,70,29,Benevento,Italy,ST,1600000,4000,54,72,62,67,32,71,Adult,Average
S. Vecchia,70,70,27,Rosenborg BK,Sweden,"LW,CF",1700000,5000,77,68,66,72,34,65,Adult,Average
M. Polster,70,70,29,New England Revolution,United States,"CDM,RB",1400000,5000,48,46,66,64,65,79,Adult,Average
K. Schindler,70,70,28,1. FC Köln,Ghana,"RM,RB",1600000,15000,79,63,63,69,52,66,Adult,Average
D. Vukovic,70,70,37,Central Coast Mariners,Australia,GK,180000,1000,69,68,63,71,51,70,Senior,Average
A. Jahouh,70,70,33,Mumbai City FC,Morocco,CDM,800000,2000,38,55,71,60,63,83,Senior,Average
M. Lode,70,70,29,FK Bodø/Glimt,Norway,CB,1300000,3000,77,38,56,65,70,74,Adult,Average
M. Aioani,70,78,22,FC Farul Constanța,Romania,GK,3100000,4000,70,69,69,71,35,70,Young,Average
D. Limnios,70,75,24,1. FC Köln,Greece,"LM,RM",2400000,13000,72,67,65,73,39,57,Adult,Average
A. Palaversa,70,79,22,ESTAC Troyes,Croatia,"CM,CDM",3600000,9000,58,66,68,69,66,72,Young,Average
K. Théophile-Catherine,70,70,32,Dinamo Zagreb,France,CB,1000000,550,72,49,64,65,69,78,Senior,Average
M. Gueye,70,75,24,Real Zaragoza,Senegal,ST,2400000,7000,64,71,56,61,30,81,Adult,Average
J. Dunne,70,75,24,Queens Park Rangers,Republic of Ireland,CB,2200000,15000,54,37,50,55,71,68,Adult,Average
Eltildo Bessa,70,70,26,Fortaleza,Brazil,"ST,CF,LW",1800000,9000,86,68,56,76,31,44,Adult,Average
S. Giordana,70,70,27,Mushuc Runa,Argentina,ST,1700000,500,67,71,58,66,29,66,Adult,Average
S. Wright,70,73,24,Rangers FC,Scotland,"RW,LW,CAM",2200000,26000,85,64,65,71,29,50,Adult,Average
Ryder Matos,70,70,29,Perugia,Brazil,"RW,ST,CF",1600000,3000,77,64,61,75,34,65,Adult,Average
B. Mendy,70,80,22,Angers SCO,France,"CDM,CB,CM",3400000,10000,60,50,63,60,70,78,Young,Average
Chumi,70,78,23,Unión Deportiva Almería,Spain,"CB,RB",3300000,11000,52,36,50,56,71,70,Adult,Average
Jesús Imaz,70,70,31,Jagiellonia Białystok,Spain,"ST,CF,CAM",1300000,7000,80,71,67,72,31,61,Senior,Average
A. Ceesay,70,70,28,Lecce,Gambia,ST,1600000,11000,87,69,58,66,34,69,Adult,Average
I. Maatsen,70,82,20,Burnley,Netherlands,"LB,LWB",3700000,29000,82,52,62,70,64,61,Young,Average
Vieirinha,70,70,36,PAOK,Portugal,"LB,RB,CB",350000,500,66,74,73,73,68,59,Senior,Average
D. Rodríguez,70,70,33,Godoy Cruz,Argentina,GK,525000,5000,70,66,72,73,44,67,Senior,Average
K. Dougall,70,70,29,Blackpool,Australia,"CDM,CM",1400000,8000,70,51,63,66,68,73,Adult,Average
R. Ogawa,70,72,25,Vitória de Guimarães,Japan,"LB,RB",1800000,6000,79,55,62,64,64,77,Adult,Average
S. Gallagher,70,71,26,Blackburn Rovers,England,"ST,RW",1900000,25000,70,69,58,67,45,75,Adult,Average
D. Kinsombi,70,71,26,SV Sandhausen,Germany,"CM,CDM",1900000,5000,68,64,63,72,66,74,Adult,Average
R. Improta,70,70,28,Benevento,Italy,"LW,LM,CM",1600000,4000,83,63,63,74,55,57,Adult,Average
Rodrigo Muniz,70,81,21,Middlesbrough,Brazil,ST,3600000,23000,70,70,56,69,33,72,Young,Average
J. Sala,70,70,30,Spezia,Italy,"CDM,RB",1300000,9000,65,59,68,67,66,70,Senior,Average
Iván Martín,70,79,23,Girona FC,Spain,"RM,CM,LM",3500000,14000,75,61,69,71,41,48,Adult,Average
A. Besedin,70,73,26,Dynamo Kyiv,Ukraine,ST,2100000,650,71,66,50,65,41,66,Adult,Average
M. Branderhorst,70,72,28,N.E.C. Nijmegen,Netherlands,GK,1400000,6000,71,68,67,71,40,69,Adult,Average
E. Laird,70,82,20,Queens Park Rangers,England,"RB,RWB",3700000,31000,83,54,64,73,64,69,Young,Average
T. Campbell,70,76,22,Stoke City,England,"ST,RM,RW",2600000,15000,82,69,60,70,33,67,Young,Average
R. Camacho,70,70,31,Club de Foot Montréal,France,CB,1100000,5000,43,44,62,59,68,80,Senior,Average
F. Altamirano,70,73,26,Patronato,Argentina,GK,1600000,7000,73,68,63,70,45,65,Adult,Average
O. Brynhildsen,70,77,23,Molde FK,Norway,"LM,ST",3200000,4000,85,64,61,72,48,67,Adult,Average
J. Vanlerberghe,70,73,26,KV Mechelen,Belgium,"CB,CDM,CM",1800000,8000,63,61,67,65,69,74,Adult,Average
C. Pickel,70,76,25,US Cremonese,Switzerland,"CDM,CM",2200000,7000,66,56,65,67,65,80,Adult,Average
D. Arboleda,70,73,27,Al Ain FC,Colombia,CB,1800000,700,42,24,41,43,71,77,Adult,Average
David Ferreiro,70,70,34,FC Cartagena,Spain,"LM,RM,CM",750000,6000,82,67,70,73,37,41,Senior,Average
H. Vetlesen,70,77,22,FK Bodø/Glimt,Norway,"CAM,CM",3200000,3000,78,64,66,73,60,64,Young,Average
Arthur Silbeira,70,70,26,Santos,Brazil,ST,1800000,16000,64,73,59,68,29,58,Adult,Average
F. Dabo,70,73,26,Coventry City,England,"RWB,RB,CB",1900000,12000,76,49,63,68,66,76,Adult,Average
P. Jagielka,70,70,39,Stoke City,England,CB,275000,10000,32,45,55,52,72,63,Senior,Average
O. Marciano,70,70,32,Feyenoord,Israel,GK,800000,5000,72,66,61,73,42,68,Senior,Average
L. Shankland,70,71,26,Heart of Midlothian,Scotland,ST,1900000,5000,70,71,59,68,28,75,Adult,Average
D. Churlinov,70,79,21,Burnley,North Macedonia,"RM,ST,RWB",3600000,17000,86,67,62,73,51,55,Young,Average
G. Isaksen,70,78,21,FC Midtjylland,Denmark,RW,3600000,12000,88,62,61,72,40,51,Young,Average
Roberto López,70,81,22,CD Mirandés,Spain,"CM,CAM,RM",3600000,14000,57,69,71,71,40,58,Young,Average
J. Fjóluson,70,70,33,Hammarby IF,Iceland,CB,750000,4000,37,50,58,51,69,78,Senior,Average
C. Colmán,70,70,28,Barracas Central,Paraguay,"ST,CF",1600000,7000,75,68,53,69,31,76,Adult,Average
M. Rigione,70,70,31,Cosenza,Italy,CB,1100000,2000,52,42,53,54,71,73,Senior,Average
F. Klos,70,70,34,DSC Arminia Bielefeld,Germany,ST,775000,12000,53,72,61,60,39,81,Senior,Average
Juan Cala,70,70,32,Cádiz CF,Spain,CB,1000000,14000,50,53,60,59,69,78,Senior,Average
F. Nürnberger,70,76,22,1. FC Nürnberg,Germany,"CM,CDM,LM",2500000,7000,74,60,67,73,66,66,Young,Average
G. Biancone,70,78,22,Nottingham Forest,France,"CB,RWB,LWB",3300000,23000,68,45,62,66,69,75,Young,Average
Flavio,70,71,26,Al Taawoun,Brazil,"CDM,CM,CAM",1700000,17000,66,54,62,64,68,74,Adult,Average
V. Henry,70,70,28,FC Sochaux-Montbéliard,France,RB,1400000,5000,79,61,64,71,63,71,Adult,Average
G. Paletta,70,70,36,AC Monza,Italy,CB,275000,16000,30,34,39,47,74,68,Senior,Average
Josep Señé,70,70,30,CD Lugo,Spain,CM,1500000,6000,68,63,70,72,50,65,Senior,Average
A. Ounahi,70,81,22,Angers SCO,Morocco,CM,3600000,11000,57,61,68,70,61,66,Young,Average
F. Uremović,70,74,25,Hertha BSC,Croatia,CB,2000000,14000,58,30,47,52,70,71,Adult,Average
M. Gabbia,70,79,22,AC Milan,Italy,CB,3300000,22000,52,33,47,56,74,71,Young,Average
C. Puertas,70,75,23,Royale Union Saint-Gilloise,Switzerland,"CM,CAM",2400000,8000,77,66,69,71,67,75,Adult,Average
Pelé,70,70,30,Futebol Clube de Famalicão,Guinea Bissau,"CDM,CM",1300000,22000,63,64,65,68,69,73,Senior,Average
J. Jeanvier,70,70,29,AJ Auxerre,Guinea,CB,1300000,10000,63,35,49,54,69,73,Adult,Average
F. Viáfara,70,70,30,Junior FC,Colombia,RB,1400000,2000,81,53,62,66,63,53,Senior,Average
G. Altare,70,75,23,Cagliari,Italy,CB,2200000,2000,67,30,47,54,71,74,Adult,Average
Aarón,70,75,26,FC Cartagena,Spain,GK,1800000,4000,67,70,67,72,37,67,Adult,Average
Wanderson,70,70,33,Pohang Steelers,Brazil,"RM,CAM,LM",1000000,5000,89,63,61,69,54,70,Senior,Average
João Carvalho,70,74,25,Estoril Praia,Portugal,CAM,2200000,5000,71,66,71,75,33,48,Adult,Average
F. Ioannidis,70,77,22,Panathinaikos FC,Greece,ST,3300000,500,69,70,55,68,24,70,Young,Average
João Nunes,70,75,26,Casa Pia,Portugal,"CB,RB",2100000,4000,71,41,58,55,71,74,Adult,Average
A. Deneumostier,70,79,23,FBC Melgar,Peru,CB,3300000,500,58,29,48,48,71,63,Adult,Average
J. Sánchez Miño,70,70,32,Club Atlético Colón,Argentina,"LB,LM,CM",1100000,7000,72,70,73,70,66,67,Senior,Average
M. Diemers,70,70,28,FC Emmen,Netherlands,"CM,CAM,LM",1600000,7000,68,69,72,70,63,65,Adult,Average
Sergi Palencia,70,72,26,AS Saint-Étienne,Spain,"RB,RWB,RM",1800000,5000,73,56,60,69,67,75,Adult,Average
D. Črnigoj,70,72,26,Venezia FC,Slovenia,CM,2000000,3000,74,62,69,72,56,67,Adult,Average
C. Antwi-Adjei,70,70,28,VfL Bochum 1848,Ghana,"LW,RW",1600000,15000,84,56,61,75,26,52,Adult,Average
F. Downes,70,76,23,West Ham United,England,"CDM,CM",2300000,25000,66,53,67,68,66,72,Adult,Average
Min Sang Gi,70,70,30,Suwon Samsung Bluewings,Korea Republic,CB,1300000,4000,74,41,54,56,68,78,Senior,Average
J. Laurent,70,73,27,Stoke City,England,"CDM,CM,CAM",1800000,15000,77,60,61,68,67,84,Adult,Average
J. Carbonero,70,78,22,Racing Club,Colombia,"LW,RW",3600000,10000,88,64,58,74,28,63,Young,Average
Luismi,70,70,30,Real Oviedo,Spain,"CDM,CM",1300000,6000,59,40,59,62,68,75,Senior,Average
A. Cabeza,70,73,25,CS Emelec,Ecuador,ST,2100000,600,75,69,58,67,34,68,Adult,Average
J. Giraudon,70,70,30,AS Saint-Étienne,France,CB,1300000,5000,50,36,58,58,72,74,Senior,Average
Kike Pérez,70,75,25,Real Valladolid CF,Spain,"CM,CAM,CDM",2300000,12000,57,59,68,74,60,57,Adult,Average
D. Drexler,70,70,32,FC Schalke 04,Germany,"CAM,CM,RM",1300000,13000,69,62,69,73,50,60,Senior,Average
C. Zimmermann,70,70,29,SV Darmstadt 98,Germany,CB,1300000,11000,39,30,42,42,70,77,Adult,Average
C. Medina,70,80,20,Boca Juniors,Argentina,CM,3500000,7000,69,59,68,72,64,68,Young,Average
Ademilson,70,70,28,Wuhan Three Towns,Brazil,"ST,LM",1600000,12000,92,69,62,71,31,71,Adult,Average
Lee Chung Yong,70,70,33,Ulsan Hyundai FC,Korea Republic,"RM,LM,CAM",1000000,7000,69,58,70,75,52,59,Senior,Average
C. Eiting,70,76,24,FC Volendam,Netherlands,"CM,CDM",2500000,5000,52,55,76,70,61,56,Adult,Average
Á. Cardozo Lucena,70,71,27,Club Cerro Porteño,Paraguay,CM,1800000,600,66,56,68,70,67,62,Adult,Average
M. Cho,70,85,18,Real Sociedad,France,ST,3700000,7000,81,68,60,76,26,56,Young,Average
Fontàs,70,70,32,Sporting Kansas City,Spain,CB,1000000,5000,30,48,68,61,71,73,Senior,Average
R. Arias,70,70,29,GZT Giresunspor,Uruguay,CB,1300000,8000,50,30,40,48,73,76,Adult,Average
M. Roberts,70,70,31,Birmingham City,England,CB,1100000,17000,52,24,41,44,71,73,Senior,Average
S. Hlanti,70,70,32,Kaizer Chiefs,South Africa,"LB,LM,CB",1100000,550,71,36,62,66,69,64,Senior,Average
R. Dugalić,70,71,29,Meizhou Hakka,Serbia,CB,1500000,6000,46,48,52,40,69,81,Adult,Average
H. Van Der Bruggen,70,70,29,KSV Cercle Brugge,Belgium,"CM,CDM",1600000,9000,48,62,70,67,68,68,Adult,Average
N. Loyola,70,71,27,Club Sporting Cristal,Peru,"LB,LM",1700000,550,76,50,59,59,66,53,Adult,Average
M. Falcón,70,74,25,Colo-Colo,Uruguay,CB,2000000,4000,71,37,39,44,67,82,Adult,Average
F. Afena-Gyan,70,80,19,US Cremonese,Ghana,ST,3500000,5000,89,70,57,69,39,62,Young,Average
Vigaray,70,70,27,Real Zaragoza,Spain,RB,1500000,6000,75,49,59,66,66,76,Adult,Average
R. Amalfitano,70,70,32,Western Sydney Wanderers,France,"CAM,CDM",1300000,6000,53,59,70,72,64,64,Senior,Average
C. Aquino,70,70,30,Club Cerro Porteño,Argentina,"LM,RM,CAM",1500000,600,69,70,69,72,37,67,Senior,Average
A. Mandrea,70,75,25,Stade Malherbe Caen,Algeria,GK,1900000,3000,71,64,63,74,44,71,Adult,Average
M. Prévot,70,75,25,FC Sochaux-Montbéliard,France,GK,1900000,3000,70,69,68,69,36,69,Adult,Average
J. de Guzmán,70,70,34,Sparta Rotterdam,Netherlands,"CM,CDM,CAM",725000,7000,62,72,73,74,54,64,Senior,Average
M. Ramírez,70,81,21,Independiente del Valle,Ecuador,GK,3100000,500,72,65,63,73,33,67,Young,Average
M. Debuchy,70,70,36,Valenciennes FC,France,"CB,RB",275000,3000,61,65,67,68,71,70,Senior,Average
T. Lockyer,70,70,27,Luton Town,Wales,CB,1500000,17000,66,36,54,60,69,78,Adult,Average
P. Akouokou,70,78,24,Real Betis Balompié,Côte d'Ivoire,"CDM,CM",3300000,10000,57,56,66,67,68,62,Adult,Average
S. Nealis,70,74,25,New York Red Bulls,United States,CB,2000000,5000,69,32,41,49,69,81,Adult,Average
Bryan Corozo,70,74,23,Austin FC,Ecuador,LM,2300000,5000,85,66,60,73,31,76,Adult,Average
S. Ernst,70,71,27,Hannover 96,Germany,"CAM,CM",1800000,15000,68,60,66,74,56,68,Adult,Average
F. Russo,70,73,27,RCD Mallorca,Argentina,CB,1800000,13000,62,33,52,48,72,70,Adult,Average
R. Dugimont,70,70,36,AJ Auxerre,France,"LM,CAM,ST",525000,8000,55,73,70,69,40,82,Senior,Average
A. Rinomhota,70,74,25,Cardiff City,England,"CDM,CM",2000000,16000,80,54,59,68,71,80,Adult,Average
C. Ferreira,70,76,22,Newell's Old Boys,Argentina,"CM,CAM",2500000,8000,76,71,74,73,57,62,Young,Average
A. Yusuf,70,77,21,Royal Antwerp FC,Nigeria,"CM,CDM",3200000,9000,78,60,66,74,62,76,Young,Average
K. Bistrović,70,76,24,Lecce,Croatia,"CDM,CM",2300000,8000,67,68,69,67,68,64,Adult,Average
J. Pineda,70,75,24,Independiente Medellín,Colombia,"CM,RM,LM",2400000,2000,75,66,65,71,67,59,Adult,Average
W. Pacheco,70,71,27,Junior FC,Colombia,RB,1700000,2000,87,43,58,64,62,65,Adult,Average
K. Rüegg,70,76,23,BSC Young Boys,Switzerland,"RWB,RB,RM",2400000,11000,79,57,64,71,65,77,Adult,Average
Ivanildo Fernandes,70,75,26,FC Vizela,Portugal,CB,2100000,4000,59,28,47,48,68,81,Adult,Average
M. Samoise,70,79,20,KAA Gent,Belgium,RM,3500000,9000,77,61,66,68,62,70,Young,Average
Copete,70,80,22,RCD Mallorca,Spain,CB,3300000,11000,60,33,51,54,71,70,Young,Average
B. Locko,70,79,20,Stade de Reims,France,"LB,LWB,LM",3300000,9000,75,51,60,68,67,66,Young,Average
Nouhou,70,71,25,Seattle Sounders FC,Cameroon,"LB,CB",1700000,5000,89,36,53,61,67,84,Adult,Average
E. Ćivić,70,72,26,Ferencvárosi TC,Bosnia and Herzegovina,LB,1800000,600,84,54,64,71,61,69,Adult,Average
K. Papadopoulos,70,70,30,FC U Craiova 1948,Greece,CB,1300000,8000,50,42,50,47,68,75,Senior,Average
J. Niezgoda,70,70,27,Portland Timbers,Poland,ST,1700000,6000,79,71,52,68,35,63,Adult,Average
M. Jeahze,70,74,25,Hammarby IF,Iraq,LB,2100000,4000,81,53,65,70,61,68,Adult,Average
D. Đoković,70,70,32,Al Raed,Croatia,"CDM,CM",1100000,10000,65,64,67,67,65,81,Senior,Average
Liu Binbin,70,70,29,Shandong Taishan,China PR,"LM,RM",1600000,13000,84,66,64,69,44,65,Adult,Average
J. Eggestein,70,76,24,FC St. Pauli,Germany,"ST,RW",2500000,10000,70,68,70,74,36,60,Adult,Average
Kang Hyeon Mu,70,72,27,Pohang Steelers,Korea Republic,GK,1500000,4000,70,68,64,72,44,69,Adult,Average
B. Gibson,70,70,29,Norwich City,England,CB,1300000,22000,50,27,48,46,71,76,Adult,Average
L. Fiordilino,70,72,25,Venezia FC,Italy,CM,2000000,3000,83,58,69,72,68,69,Adult,Average
P. Neumann,70,75,24,Hannover 96,Germany,"CB,RB",2200000,12000,88,33,61,66,69,77,Adult,Average
O. Shukurov,70,73,26,Fatih Karagümrük S.K.,Uzbekistan,"CM,CDM,CAM",2100000,14000,66,65,69,70,67,69,Adult,Average
L. Tempelmann,70,75,23,1. FC Nürnberg,Germany,"CM,CDM",2400000,13000,81,53,65,73,66,66,Adult,Average
Antônio Carlos,70,70,29,Orlando City Soccer Club,Brazil,CB,1300000,5000,58,34,43,44,71,80,Adult,Average
L. Benito,70,70,30,BSC Young Boys,Switzerland,"LB,CB",1400000,12000,67,51,63,63,67,76,Senior,Average
L. Ruiz,70,72,26,Rio Ave FC,Colombia,ST,2000000,7000,71,70,58,71,23,64,Adult,Average
A. Bell,70,70,28,Luton Town,Jamaica,"LWB,LB,CB",1400000,18000,77,49,59,65,64,67,Adult,Average
V. Birmančević,70,76,24,Toulouse Football Club,Serbia,"LW,ST",2500000,10000,81,65,66,74,37,59,Adult,Average
S. Mele,70,76,24,Unión de Santa Fe,Uruguay,GK,2000000,5000,72,65,62,71,41,68,Adult,Average
I. Sissokho,70,79,20,FC Girondins de Bordeaux,Mali,"CDM,CM",3300000,3000,70,53,61,66,67,69,Young,Average
D. Valencia,70,81,22,US Salernitana 1919,Chile,"ST,RW",3600000,14000,73,67,59,71,26,70,Young,Average
G. Vrioni,70,76,23,New England Revolution,Albania,ST,2500000,5000,75,70,56,68,24,71,Adult,Average
D. Baumgartner,70,74,25,RZ Pellets Wolfsberger AC,Austria,CB,2000000,9000,67,35,52,51,70,74,Adult,Average
B. Kamara,70,75,25,Montpellier Hérault SC,Senegal,GK,1900000,9000,72,69,63,70,39,70,Adult,Average
M. Al Buraik,70,70,29,Al Hilal,Saudi Arabia,RB,1400000,19000,77,57,70,69,64,66,Adult,Average
M. Camporese,70,70,30,Urbs Reggina 1914,Italy,CB,1300000,2000,68,30,38,53,72,72,Senior,Average
M. Rodríguez,70,70,27,D.C. United,Chile,"LW,CAM",1700000,6000,83,62,67,72,47,58,Adult,Average
J. McLaughlin,70,70,34,Rangers FC,Scotland,GK,275000,20000,70,71,70,69,51,68,Senior,Average
Thiago Cionek,70,70,36,Urbs Reggina 1914,Poland,"CB,RB",275000,1000,51,26,44,52,70,71,Senior,Average
L. Lezzerini,70,73,27,Brescia,Italy,GK,1600000,2000,71,66,63,73,45,69,Adult,Average
M. Rohdén,70,70,31,Frosinone,Sweden,"CM,CDM",1300000,2000,74,66,66,70,59,80,Senior,Average
A. Du Preez,70,74,24,Kaizer Chiefs,South Africa,"ST,LW,RW",2300000,550,81,73,56,67,39,64,Adult,Average
Y. Konoplyanka,70,70,32,Cracovia,Ukraine,"LM,CF",1300000,7000,73,70,69,72,32,59,Senior,Average
Mexer,70,70,33,Estoril Praia,Mozambique,CB,750000,5000,37,48,56,63,70,69,Senior,Average
T. St. Jago,70,79,22,FC Utrecht,Netherlands,CB,3300000,7000,78,34,52,60,70,71,Young,Average
J. Elías,70,72,26,San Lorenzo de Almagro,Argentina,"CM,RM,RWB",2000000,9000,68,57,68,69,68,72,Adult,Average
M. Vandevoordt,70,84,20,KRC Genk,Belgium,GK,3400000,5000,73,70,65,73,40,63,Young,Average
T. Sakamoto,70,73,25,KV Oostende,Japan,"RM,CF,LM",2100000,7000,75,66,67,71,40,60,Adult,Average
A. Ciranni,70,73,26,SV Zulte Waregem,Belgium,"RWB,RB,RM",1900000,8000,72,57,65,69,64,66,Adult,Average
Mikel Rico,70,70,37,FC Cartagena,Spain,"CM,CDM",500000,4000,32,68,66,66,71,72,Senior,Average
José Rodríguez,70,71,27,Royale Union Saint-Gilloise,Spain,"CM,CDM,CAM",1800000,10000,56,64,69,70,67,71,Adult,Average
A. Sapara,70,70,27,Portimonense SC,Nigeria,"LW,RW",1700000,6000,81,71,62,73,28,54,Adult,Average
O. Ndah,70,78,24,Orlando Pirates,Nigeria,CB,3300000,500,79,45,54,55,72,73,Adult,Average
M. Büchel,70,70,31,Ascoli,Liechtenstein,"CDM,CM",1100000,3000,70,57,69,71,62,69,Senior,Average
M. Baturina,70,86,19,Dinamo Zagreb,Croatia,"CM,CAM",4099999,500,74,64,71,78,57,62,Young,Average
R. Durmisi,70,70,28,CD Leganés,Denmark,LB,1400000,22000,75,61,68,71,66,66,Adult,Average
M. Perrone,70,85,19,Vélez Sarsfield,Argentina,"CM,CDM",3800000,5000,62,54,63,73,69,60,Young,Average
M. Le Bihan,70,70,32,Dijon FCO,France,"ST,CAM",1300000,5000,49,72,60,69,46,74,Senior,Average
S. Rieks,70,70,35,Malmö FF,Denmark,"LW,LWB",650000,4000,70,70,67,70,64,73,Senior,Average
C. Davies,70,70,37,Derby County,England,CB,275000,3000,43,36,46,52,73,66,Senior,Average
F. Monetti,70,70,33,Club Atlético Lanús,Argentina,GK,525000,7000,70,67,70,71,56,70,Senior,Average
S. Moreira,70,70,27,Columbus Crew,France,"RB,RWB",1500000,5000,68,32,65,65,66,70,Adult,Average
B. Rahman,70,70,27,Reading,Ghana,"LWB,LB",1500000,41000,75,55,64,68,66,69,Adult,Average
E. Marcondes,70,70,27,AFC Bournemouth,Denmark,"CAM,CM",1700000,24000,72,68,68,71,42,65,Adult,Average
C. Benavídez,70,72,24,Deportivo Alavés,Uruguay,"CDM,CM",1900000,6000,67,44,63,63,71,70,Adult,Average
A. Yakubu,70,78,23,Rio Ave FC,Ghana,ST,3600000,6000,85,69,50,64,21,69,Adult,Average
T. Ebuehi,70,72,26,Empoli,Nigeria,RB,1800000,6000,87,40,54,66,65,73,Adult,Average
F. Colidio,70,80,22,Club Atlético Tigre,Argentina,"LM,CAM,RM",3600000,25000,71,70,66,72,35,53,Young,Average
Á. Szalai,70,70,34,FC Basel 1893,Hungary,ST,775000,12000,34,72,58,62,44,76,Senior,Average
M. Bettinelli,70,71,30,Chelsea,England,GK,1200000,33000,71,68,72,72,30,71,Senior,Average
A. Milić,70,71,28,Lech Poznań,Croatia,CB,1500000,6000,40,42,59,51,73,72,Adult,Average
O. Christensen,70,78,23,Hertha BSC,Denmark,GK,3100000,10000,76,64,63,76,37,63,Adult,Average
S. Lončar,70,74,25,KV Kortrijk,Bosnia and Herzegovina,"CDM,CM",2000000,550,61,62,65,69,64,73,Adult,Average
Nono,70,70,29,Damac FC,Spain,"CM,CDM",1600000,13000,69,63,70,72,60,63,Adult,Average
J. Irvine,70,70,29,FC St. Pauli,Australia,CM,1600000,11000,65,67,68,67,67,76,Adult,Average
L. Kelly,70,75,26,Motherwell,Scotland,GK,1800000,4000,71,69,72,70,37,73,Adult,Average
S. Bastien,70,73,25,Burnley,Congo DR,CM,2100000,22000,74,67,69,74,62,71,Adult,Average
J. Pollersbeck,70,73,27,Olympique Lyonnais,Germany,GK,1600000,21000,71,66,70,71,37,70,Adult,Average
B. Brahimi,70,79,22,OGC Nice,France,"LM,ST",3600000,18000,77,63,65,73,29,64,Young,Average
Brugui,70,73,25,Levante Unión Deportiva,Spain,"RM,LM",2100000,7000,88,62,63,73,40,65,Adult,Average
C. Bordacahar,70,70,30,FBC Melgar,Argentina,"RW,ST,RM",1500000,600,81,66,62,72,27,57,Senior,Average
A. Reach,70,70,29,West Bromwich Albion,England,"LWB,LW,CM",1400000,18000,73,66,68,71,62,69,Adult,Average
Aitor Buñuel,70,77,24,CD Tenerife,Spain,"RB,CB",3000000,5000,84,38,59,68,62,71,Adult,Average
M. Lang,70,70,31,FC Basel 1893,Switzerland,RB,1200000,10000,59,63,65,64,71,71,Senior,Average
M. Távara,70,74,23,Club Sporting Cristal,Peru,"CM,CDM",2300000,500,68,64,65,67,63,61,Adult,Average
R. Aabid,70,70,30,Atakaş Hatayspor,France,"CM,CDM",1500000,9000,70,60,71,73,63,68,Senior,Average
A. Sedlar,70,70,30,Deportivo Alavés,Serbia,"CB,CDM",1300000,7000,45,43,49,49,70,77,Senior,Average
C. Okoroji,70,75,25,SV Sandhausen,England,LB,2200000,5000,82,34,64,70,63,61,Adult,Average
José Mari,70,70,34,Cádiz CF,Spain,"CDM,CM",550000,14000,58,59,66,64,68,68,Senior,Average
V. Pajot,70,70,31,FC Annecy,France,"CM,CDM",1300000,4000,50,56,69,69,66,72,Senior,Average
E. Otieno,70,74,25,AIK,Kenya,"LB,RB",2100000,5000,89,46,63,70,62,75,Adult,Average
M. Hartel,70,73,26,FC St. Pauli,Germany,CM,2100000,11000,71,64,69,76,36,61,Adult,Average
S. Singh,70,78,23,SSV Jahn Regensburg,New Zealand,"LM,CAM,RM",3500000,7000,74,65,70,72,48,57,Adult,Average
M. Beier,70,82,19,Hannover 96,Germany,"ST,RM",3800000,12000,86,68,61,71,25,57,Young,Average
T. Dingomé,70,70,31,ESTAC Troyes,France,"CM,CAM",1300000,11000,58,64,71,72,66,66,Senior,Average
V. Marchetti,70,75,24,AC Ajaccio,France,"CDM,CM,LB",2200000,9000,68,55,66,70,67,70,Adult,Average
J. Ralls,70,70,28,Cardiff City,England,"CM,CDM,CAM",1600000,20000,61,68,71,68,66,66,Adult,Average
H. Kaldırım,70,70,32,İstanbul Başakşehir FK,Turkey,LB,1100000,18000,68,54,65,68,69,70,Senior,Average
J. Odgaard,70,77,23,AZ Alkmaar,Denmark,"ST,RW,CAM",3200000,6000,74,71,61,70,36,70,Adult,Average
D. Sánchez,70,70,35,CD Antofagasta,Chile,GK,180000,2000,71,68,69,70,49,66,Senior,Average
A. Zhirov,70,70,31,SV Sandhausen,Russia,CB,1100000,5000,63,30,42,43,70,75,Senior,Average
C. Toselli,70,70,34,Club Atlético Central Córdoba,Chile,GK,275000,6000,69,68,70,70,51,71,Senior,Average
D. Gosling,70,70,32,Watford,England,CM,1300000,23000,50,67,70,68,70,64,Senior,Average
A. Behich,70,70,31,Dundee United,Australia,LB,1200000,5000,77,63,64,71,66,67,Senior,Average
G. Sibilli,70,73,25,Pisa,Italy,"CF,LW",2100000,3000,76,65,65,73,34,66,Adult,Average
G. Ávila,70,81,20,Royal Antwerp FC,Argentina,CB,3300000,8000,73,36,60,64,70,73,Young,Average
H. Marcelin,70,80,22,KSV Cercle Brugge,France,CB,3300000,19000,60,35,49,51,71,75,Young,Average
E. Elmalı,70,78,21,Trabzonspor,Turkey,LB,3400000,12000,80,40,62,68,65,71,Young,Average
A. Werner,70,75,26,Elche CF,Argentina,GK,1800000,8000,74,72,75,70,45,68,Adult,Average
K. Gutiérrez,70,75,25,Defensa y Justicia,Argentina,"CDM,CM",2100000,9000,76,59,66,72,62,72,Adult,Average
E. Isnaldo,70,70,28,Atlético Tucumán,Argentina,LM,1600000,8000,76,65,66,74,48,67,Adult,Average
M. Johnston,70,75,23,Vitória de Guimarães,Scotland,"LW,RW",2400000,26000,85,64,63,74,29,47,Adult,Average
A. Radovanović,70,71,28,KV Kortrijk,Serbia,CB,1500000,8000,41,29,49,49,70,77,Adult,Average
J. Ortiz,70,72,26,Independiente del Valle,Ecuador,"CM,CDM,CAM",2000000,650,72,68,68,69,67,71,Adult,Average
E. Cañete,70,78,23,Unión de Santa Fe,Argentina,CM,3500000,7000,71,69,71,70,50,68,Adult,Average
Pedro Moreira,70,70,33,FC Arouca,Portugal,"CDM,CM",800000,5000,43,64,64,67,66,73,Senior,Average
Kim Seung Gyu,70,70,31,Al Shabab,Korea Republic,GK,850000,13000,71,65,67,73,36,71,Senior,Average
G. Kilota,70,70,28,Seraing,France,"LM,LWB,CDM",1600000,10000,80,60,62,75,64,65,Adult,Average
B. Acosta,70,70,28,Colorado Rapids,Honduras,"CM,CDM",1600000,5000,82,68,67,68,66,82,Adult,Average
Q. Boisgard,70,73,25,FC Lorient,France,"CM,LW,LM",2100000,10000,56,63,72,71,55,67,Adult,Average
K. Johnsson,70,70,32,F.C. København,Sweden,GK,800000,10000,71,69,67,71,43,68,Senior,Average
K. Machida,70,75,24,Royale Union Saint-Gilloise,Japan,CB,2200000,8000,80,36,56,50,69,79,Adult,Average
E. Triverio,69,69,33,Club The Strongest,Argentina,ST,900000,750,39,72,55,67,30,73,Senior,Average
A. Zanoli,69,79,21,Napoli,Italy,RB,3000000,14000,69,36,58,65,68,67,Young,Average
A. Farrell,69,69,30,New England Revolution,United States,CB,1100000,4000,75,48,64,66,68,78,Senior,Average
G. Tutino,69,71,25,Parma,Italy,"ST,LW",1800000,3000,79,70,68,72,35,64,Adult,Average
João Teixeira,69,69,28,GD Chaves,Portugal,"CAM,CM",1400000,5000,75,68,66,72,56,60,Adult,Average
M. Yatabaré,69,69,36,Demir Grup Sivasspor,Mali,ST,475000,7000,52,71,60,64,31,71,Senior,Average
M. N'Diaye,69,71,25,FC Viktoria Plzeň,Senegal,"CDM,CM",1600000,500,67,55,59,65,68,75,Adult,Average
L. Jackson,69,69,27,Suwon FC,Australia,"CB,LB",1300000,4000,53,26,40,45,70,77,Adult,Average
B. Blasi,69,71,26,Barracas Central,Argentina,"RB,CB,RWB",1600000,5000,67,41,57,60,68,77,Adult,Average
M. Saadane,69,69,30,Al Fateh,Morocco,"CB,CDM",1100000,13000,57,49,60,61,66,83,Senior,Average
S. Raggett,69,70,28,Portsmouth,England,CB,1300000,7000,44,36,44,46,67,84,Adult,Average
Derick Poloni,69,69,28,Casa Pia,Brazil,"LB,LM,LWB",1300000,3000,74,61,61,68,66,62,Adult,Average
G. Lanaro,69,69,36,Universidad Católica,Argentina,CB,250000,4000,33,34,49,47,67,75,Senior,Average
Bruno Pirri,69,69,30,CD Lugo,Brazil,CB,1100000,4000,65,44,52,59,68,73,Senior,Average
A. Bangura,69,76,22,SC Cambuur,Sierra Leone,LB,2700000,4000,94,30,51,64,61,78,Young,Average
Pacheco,69,82,21,Real Sociedad,Spain,CB,3200000,9000,52,22,50,48,70,64,Young,Average
M. Morrison,69,69,34,Portsmouth,England,CB,450000,6000,41,38,44,45,69,73,Senior,Average
H. Bockhorn,69,69,27,1. FC Magdeburg,Uganda,"RB,RW,LB",1300000,6000,83,60,63,69,63,66,Adult,Average
A. Herrera,69,74,25,Real Salt Lake,United States,"RB,LB",1900000,4000,70,33,63,66,67,74,Adult,Average
Y. Gómez,69,74,24,Independiente Medellín,Colombia,LB,2000000,1000,87,52,60,67,62,60,Adult,Average
G. Shinnie,69,69,30,Wigan Athletic,Scotland,"CDM,CM",1200000,6000,61,55,66,66,67,73,Senior,Average
M. Ritzmaier,69,69,29,SV Sandhausen,Austria,"CAM,CM",1400000,5000,85,66,69,70,60,67,Adult,Average
Alson Botelho,69,69,22,RB Bragantino,Brazil,CDM,1500000,7000,61,46,55,62,72,67,Young,Average
Javi Muñoz,69,70,27,SD Eibar,Spain,"CDM,CM,CAM",1400000,5000,69,63,68,70,62,67,Adult,Average
S. Gustafson,69,69,27,BK Häcken,Sweden,"CAM,CM",1500000,4000,60,69,71,69,54,69,Adult,Average
E. Martínez,69,77,22,FC Midtjylland,Uruguay,CDM,3000000,10000,70,55,62,67,67,61,Young,Average
S. Godwin,69,69,25,Casa Pia,Nigeria,"LW,RW",1500000,3000,91,66,56,74,37,63,Adult,Average
G. Ludwigson,69,69,28,Hammarby IF,Sweden,"RW,ST,LW",1400000,5000,86,64,61,66,30,80,Adult,Average
J. Clarke-Salter,69,75,24,Queens Park Rangers,England,CB,2000000,13000,65,33,51,49,70,73,Adult,Average
I. Tapia,69,77,23,Barracas Central,Argentina,"CAM,CM",3100000,5000,70,64,69,70,52,66,Adult,Average
S. Sáez,69,69,37,Unión La Calera,Argentina,ST,475000,2000,66,69,51,67,25,68,Senior,Average
K. Koindredi,69,82,20,Real Oviedo,France,CM,3300000,11000,63,68,71,72,53,65,Young,Average
M. Konaté,69,69,29,Dijon FCO,Senegal,ST,1400000,5000,76,67,55,68,23,66,Adult,Average
G. Yalçın,69,76,23,Genoa,Turkey,"ST,LW",2800000,3000,75,72,57,67,23,58,Adult,Average
Sevinho Santos,69,69,22,Fortaleza,Brazil,"ST,CF",1700000,7000,64,66,54,70,31,61,Young,Average
J. Bager,69,73,25,Royal Charleroi S.C.,Denmark,CB,1700000,7000,72,31,49,56,69,75,Adult,Average
S. Nutz,69,69,30,SV Ried,Austria,"CAM,CF,ST",1300000,6000,65,68,71,68,53,65,Senior,Average
Roderick Miranda,69,69,31,Melbourne Victory,Portugal,CB,950000,5000,38,36,52,52,68,82,Senior,Average
R. Villagra,69,79,21,Club Atlético Talleres,Argentina,"CDM,CM",3000000,5000,66,48,63,65,67,71,Young,Average
S. Dewaest,69,69,31,KRC Genk,Belgium,CB,950000,7000,39,40,50,41,69,78,Senior,Average
Pomares,69,69,29,Real Oviedo,Spain,"LB,LM",1200000,5000,76,53,59,59,64,79,Adult,Average
Y. Keitel,69,75,22,Sport-Club Freiburg,Germany,"CDM,CM",2100000,10000,64,48,63,64,65,68,Young,Average
M. Birighitti,69,69,31,Dundee United,Australia,GK,750000,3000,71,66,64,71,48,69,Senior,Average
W. Yarbrough,69,69,33,Colorado Rapids,United States,GK,450000,3000,69,64,70,68,58,70,Senior,Average
L. Freeman,69,69,30,Luton Town,England,"CAM,LM,LW",1300000,16000,69,65,70,71,51,61,Senior,Average
P. Sabbag,69,74,25,La Equidad,Colombia,ST,2100000,1000,61,72,50,64,32,68,Adult,Average
Juninho Vieira,69,72,25,GD Chaves,Brazil,"LW,RW",1800000,5000,86,69,60,68,27,57,Adult,Average
T. D'Orazio,69,69,32,Südtirol,Italy,"LB,LW",975000,2000,74,62,61,68,62,66,Senior,Average
A. Ugarriza,69,72,25,Cienciano,Peru,"ST,RW,RM",1900000,500,68,70,60,70,23,59,Adult,Average
A. Racioppi,69,74,23,BSC Young Boys,Switzerland,GK,1700000,7000,68,63,62,73,30,69,Adult,Average
C. Chávez,69,69,35,Godoy Cruz,Argentina,"ST,LW",600000,6000,68,72,61,71,35,59,Senior,Average
T. Darikwa,69,69,30,Wigan Athletic,Zimbabwe,"RWB,RB,LB",1200000,6000,88,50,61,64,63,78,Senior,Average
A. Güler,69,86,17,Fenerbahçe SK,Turkey,"CAM,CM,RW",3500000,3000,68,63,72,74,41,42,Young,Average
M. Madsen,69,74,24,Aarhus GF,Denmark,"CM,CDM",2100000,7000,58,58,67,68,62,74,Adult,Average
M. Tirpan,69,69,28,Kasimpaşa SK,Belgium,RB,1300000,7000,75,53,63,64,66,67,Adult,Average
A. Julio,69,70,26,Real Salt Lake,Ecuador,"LM,LW",1600000,4000,82,65,60,69,32,59,Adult,Average
G. Guiffrey,69,77,24,Gimnasia y Esgrima La Plata,Argentina,"CB,LB",2900000,7000,70,36,49,57,70,72,Adult,Average
K. Dolly,69,69,29,Kaizer Chiefs,South Africa,"CAM,LW,RW",1400000,500,75,70,67,72,37,52,Adult,Average
R. Piñeiro,69,77,23,Unión Española,Uruguay,"RM,LM,RW",3100000,3000,84,62,62,71,44,56,Adult,Average
E. Wiemberg,69,69,28,Unión La Calera,Chile,"LB,CB,LM",1300000,2000,76,52,63,70,62,74,Adult,Average
Henrique Gomes,69,70,26,Gil Vicente FC,Portugal,LB,1500000,6000,66,43,54,61,68,73,Adult,Average
F. Kruspzky,69,79,19,Arsenal de Sarandí,Argentina,"LM,CAM,ST",3000000,3000,68,64,64,70,53,61,Young,Average
K. Rosenberry,69,69,28,Colorado Rapids,United States,"CB,RB,RM",1200000,4000,68,51,62,66,68,74,Adult,Average
J. Flores,69,72,25,CD Antofagasta,Chile,"LM,CAM,RM",1800000,4000,80,65,61,75,26,44,Adult,Average
K. Lawrence,69,69,29,Minnesota United FC,Jamaica,"LB,CB",1200000,4000,84,47,62,65,63,76,Adult,Average
N. Helenius,69,69,31,Silkeborg IF,Denmark,ST,1200000,7000,60,70,56,65,33,71,Senior,Average
V. Bayo,69,72,25,Watford,Côte d'Ivoire,ST,1900000,20000,78,69,49,66,25,76,Adult,Average
Lluís López,69,75,25,Real Zaragoza,Spain,CB,1900000,5000,65,36,56,61,70,71,Adult,Average
Jorge Pombo,69,69,28,Racing Santander,Spain,"LM,ST,CAM",1400000,5000,67,71,69,71,51,72,Adult,Average
P. Wszołek,69,69,30,Legia Warszawa,Poland,"RM,CF",1300000,5000,78,63,66,68,54,64,Senior,Average
Toti Gomes,69,76,23,Wolverhampton Wanderers,Portugal,CB,2600000,24000,76,47,60,61,69,72,Adult,Average
G. Nauber,69,69,30,Go Ahead Eagles,Germany,CB,1100000,5000,53,35,43,47,71,73,Senior,Average
J. Graham,69,69,27,Birmingham City,England,"RM,RWB",1500000,16000,78,65,67,69,51,51,Adult,Average
S. Gassama,69,70,27,Racing Santander,Senegal,ST,1600000,12000,57,70,47,61,32,78,Adult,Average
Kenny Rocha Santos,69,78,22,KV Oostende,Cape Verde Islands,"CM,CDM,CAM",3100000,6000,71,59,69,73,60,68,Young,Average
R. Wolski,69,69,29,Wisła Płock,Poland,"CAM,CM",1400000,4000,61,63,70,72,32,52,Adult,Average
G. Cunningham,69,69,31,Preston North End,Republic of Ireland,"LWB,LB,CB",1000000,15000,63,54,64,68,68,72,Senior,Average
M. Manhoef,69,80,20,Vitesse,Netherlands,"LWB,CAM,RWB",2900000,6000,80,58,64,70,60,73,Young,Average
Pedro Tiba,69,69,33,Gil Vicente FC,Portugal,"CM,CDM",850000,6000,61,64,68,70,57,74,Senior,Average
M. Kerkez,69,83,18,AZ Alkmaar,Hungary,LB,3100000,1000,85,47,62,69,60,68,Young,Average
M. Caire,69,69,33,Club Deportivo Oriente Petrolero,Argentina,"RB,CB",725000,500,72,53,60,68,65,61,Senior,Average
J. Brillante,69,69,29,Melbourne Victory,Australia,"CDM,CM",1200000,5000,58,56,64,65,65,81,Adult,Average
J. Berget,69,69,31,Malmö FF,Norway,"RW,ST,RWB",1200000,5000,76,68,66,67,60,76,Senior,Average
N. Nartey,69,76,22,VfB Stuttgart,Denmark,"CM,CDM,LWB",2800000,10000,74,49,67,73,65,70,Young,Average
L. Menalo,69,70,25,Dinamo Zagreb,Bosnia and Herzegovina,"LW,RW,RM",1700000,500,78,64,59,72,40,58,Adult,Average
Sebastián Méndez,69,74,25,Los Angeles FC,Ecuador,"CDM,CM",1900000,4000,68,57,64,64,65,68,Adult,Average
A. Gutiérrez,69,76,24,Deportivo Cali,Colombia,RB,2700000,2000,83,56,56,68,64,59,Adult,Average
Ö. Şahiner,69,69,30,İstanbul Başakşehir FK,Turkey,"RB,RM",1200000,15000,74,67,66,72,62,70,Senior,Average
J. Grant,69,69,27,Heart of Midlothian,England,CM,1500000,4000,67,65,70,70,57,67,Adult,Average
Joca,69,70,26,Rio Ave FC,Portugal,"RM,CAM",1600000,5000,68,62,65,74,54,47,Adult,Average
S. Walsh,69,70,27,KV Mechelen,Netherlands,"RB,RWB",1500000,7000,65,37,62,64,68,72,Adult,Average
U. Radaković,69,71,28,MKE Ankaragücü,Serbia,CB,1400000,7000,52,33,45,44,69,76,Adult,Average
D. van der Kust,69,79,21,FC Utrecht,Netherlands,LWB,3000000,5000,87,40,54,66,61,59,Young,Average
B. Goller,69,76,23,SV Werder Bremen,Germany,"RW,CF,RWB",2800000,11000,80,67,59,73,52,52,Adult,Average
J. Obi,69,69,31,Urbs Reggina 1914,Nigeria,"CM,LM",1100000,2000,82,67,67,71,70,75,Senior,Average
S. Kennedy,69,73,25,SSV Jahn Regensburg,Canada,CB,1700000,6000,81,29,45,48,69,72,Adult,Average
M. El Idrissy,69,76,23,AC Ajaccio,France,"ST,RM",2800000,9000,75,69,63,69,29,63,Adult,Average
Pejiño,69,70,25,Unión Deportiva Las Palmas,Spain,"RM,LM",1700000,5000,92,68,63,69,36,50,Adult,Average
I. Petryak,69,69,28,Shakhtar Donetsk,Ukraine,"LM,CAM",1400000,500,78,54,66,68,37,53,Adult,Average
A. Totovytskyi,69,69,29,Shakhtar Donetsk,Ukraine,"CAM,RM",1400000,500,68,68,68,69,47,65,Adult,Average
R. Bormuth,69,70,26,1. FC Kaiserslautern,Germany,CB,1400000,9000,69,25,40,49,70,73,Adult,Average
A. Al Malki,69,70,27,Al Hilal,Saudi Arabia,"CDM,CM",1400000,16000,69,58,63,65,66,74,Adult,Average
N. Sibisi,69,72,26,Orlando Pirates,South Africa,"CB,RB",1600000,500,73,37,53,49,73,72,Adult,Average
Raúl Fernández,69,69,34,Granada CF,Spain,GK,240000,4000,66,66,60,71,40,72,Senior,Average
Park Ji Soo,69,71,28,Sangju Sangmu FC,Korea Republic,CB,1400000,5000,71,49,56,60,69,75,Adult,Average
V. Hernández,69,69,33,Independiente Medellín,Colombia,"LM,CAM",875000,2000,74,65,65,72,34,45,Senior,Average
C. Summerville,69,82,20,Leeds United,Netherlands,"RM,LM",3400000,13000,88,64,60,73,24,51,Young,Average
Matchoi Djaló,69,82,19,FC Paços de Ferreira,Portugal,"RW,LW,CAM",3300000,4000,86,56,64,74,38,57,Young,Average
C. Vilches,69,69,38,Unión La Calera,Chile,CB,250000,2000,33,40,49,52,69,71,Senior,Average
L. Rota,69,74,24,AEK Athens,Greece,RB,2000000,500,76,41,58,66,62,69,Adult,Average
B. Wilmot,69,80,22,Stoke City,England,"CB,RB",2900000,11000,55,37,53,60,71,70,Young,Average
R. Piris Da Motta,69,70,27,Club Cerro Porteño,Paraguay,"CDM,CM",1400000,500,63,39,59,62,68,77,Adult,Average
J. Kerr,69,73,25,Wigan Athletic,Scotland,CB,1700000,5000,68,49,53,59,66,81,Adult,Average
L. Zander,69,70,26,FC St. Pauli,Germany,RB,1500000,8000,75,37,59,63,65,66,Adult,Average
J. Laursen,69,69,27,Standard de Liège,Denmark,"LB,LWB",1300000,7000,66,52,60,67,66,69,Adult,Average
K. Sarfo,69,70,27,APOEL Nicosia FC,Ghana,"CAM,RM",1600000,650,75,58,63,79,43,53,Adult,Average
P. Osterhage,69,76,22,VfL Bochum 1848,Germany,"CM,CDM",2800000,10000,74,50,67,71,65,67,Young,Average
G. Gudiño,69,69,29,Club Atlético Huracán,Argentina,"RM,LM",1400000,7000,80,66,64,68,57,60,Adult,Average
L. Väisänen,69,76,24,IF Elfsborg,Finland,CB,2600000,2000,72,30,56,59,69,70,Adult,Average
Andy,69,69,32,Burgos CF,Spain,"CM,CDM",1100000,4000,54,67,68,67,65,72,Senior,Average
T. Raschl,69,75,22,SpVgg Greuther Fürth,Germany,CM,2200000,5000,62,55,66,71,58,66,Young,Average
T. Cognat,69,75,24,Servette FC,France,"CM,CDM,CAM",2200000,8000,79,60,68,72,61,67,Adult,Average
A. Poko,69,69,29,Al Khaleej,Gabon,"CDM,CM",1200000,7000,74,56,62,69,67,77,Adult,Average
H. Duljević,69,69,28,F.C. Hansa Rostock,Bosnia and Herzegovina,"LM,ST",1400000,7000,78,62,63,75,42,70,Adult,Average
B. Moussiti-Oko,69,70,27,AC Ajaccio,Congo,"ST,CF",1600000,10000,59,69,48,63,27,78,Adult,Average
A. Palumbo,69,72,25,Ternana,Italy,"CM,CDM,CAM",1800000,3000,67,58,68,70,57,74,Adult,Average
B. Tuiloma,69,72,27,Portland Timbers,New Zealand,"CB,RB",1600000,4000,60,53,64,59,69,76,Adult,Average
L. Lollo,69,69,35,Estudiantes de La Plata,Argentina,CB,375000,4000,32,42,44,47,70,73,Senior,Average
M. Bogado,69,69,37,Platense,Argentina,"CDM,CM",275000,5000,54,64,69,66,63,67,Senior,Average
D. Rodríguez,69,69,32,Club Nacional de Football,Uruguay,"CDM,CM",925000,500,65,56,65,67,66,70,Senior,Average
B. Stuver,69,69,31,Austin FC,United States,GK,750000,3000,69,70,66,69,47,67,Senior,Average
A. Rømer,69,69,28,IF Elfsborg,Denmark,"CDM,CM",1200000,3000,64,56,63,64,65,77,Adult,Average
C. Knasmüllner,69,69,30,SK Rapid Wien,Austria,"CAM,ST,CM",1300000,14000,80,64,68,70,42,66,Senior,Average
N. Briasco,69,70,26,Boca Juniors,Armenia,"ST,RW,RM",1700000,9000,77,66,60,71,23,69,Adult,Average
M. Luna Diale,69,78,23,Unión de Santa Fe,Argentina,"ST,RM",3100000,7000,81,68,64,73,44,55,Adult,Average
Sergio,69,69,30,CD Leganés,Spain,CB,1100000,6000,54,35,52,49,72,61,Senior,Average
J. Shackleton,69,77,22,Millwall,England,"CM,RWB",3100000,15000,79,49,66,72,64,68,Young,Average
I. Gómez,69,74,25,Platense,Argentina,"CDM,CM",1900000,6000,60,59,60,70,68,70,Adult,Average
C. Klarer,69,76,22,Fortuna Düsseldorf,Austria,CB,2600000,9000,56,36,48,49,70,70,Young,Average
Deng Hanwen,69,70,27,Wuhan Three Towns,China PR,"RB,RWB,CB",1500000,9000,80,50,62,66,63,67,Adult,Average
D. Wayar,69,69,28,Club The Strongest,Bolivia,"RB,CDM",1300000,650,63,35,62,59,68,58,Adult,Average
M. Araujo,69,72,27,FC Emmen,Peru,CB,1600000,5000,63,36,49,58,69,73,Adult,Average
K. Peterson,69,69,27,Fortuna Düsseldorf,Sweden,LM,1500000,12000,80,70,63,72,35,64,Adult,Average
Meseguer,69,78,23,Granada CF,Spain,CDM,2900000,5000,63,59,67,68,64,69,Adult,Average
A. Kovačević,69,69,28,Ferencvárosi TC,Bosnia and Herzegovina,CB,1200000,500,51,42,44,44,71,70,Adult,Average
P. Stenzel,69,71,26,VfB Stuttgart,Germany,"CB,RB",1500000,10000,52,59,65,66,71,68,Adult,Average
Y. Koné,69,70,26,AC Ajaccio,Mali,"LB,CB",1500000,22000,75,46,63,70,65,69,Adult,Average
B. Nowak,69,69,28,Raków Częstochowa,Poland,"CF,CAM",1400000,7000,60,69,70,71,43,68,Adult,Average
R. Khadra,69,78,20,Sheffield United,Germany,"LW,ST",3100000,22000,81,62,64,73,42,62,Young,Average
B. Pichler,69,73,24,Holstein Kiel,Austria,"ST,LM,RM",2000000,9000,80,68,63,64,33,69,Adult,Average
C. Good,69,69,29,Melbourne City FC,Australia,CB,1200000,6000,57,35,56,58,69,79,Adult,Average
M. Svilar,69,79,22,Roma,Serbia,GK,2700000,15000,72,65,63,71,58,66,Young,Average
A. El Mahdioui,69,71,26,Al Taawoun,Netherlands,"CDM,CM",1500000,11000,65,52,69,69,62,67,Adult,Average
T. Kongolo,69,70,28,Le Havre AC,Netherlands,"CB,LB",1300000,23000,60,42,59,63,69,68,Adult,Average
Dani Martín,69,77,23,Real Betis Balompié,Spain,GK,2700000,7000,69,69,68,71,47,67,Adult,Average
G. Di Chiara,69,69,28,Urbs Reggina 1914,Italy,"LWB,LB,LM",1300000,2000,75,37,60,63,63,75,Adult,Average
D. Bojanić,69,70,27,Hammarby IF,Sweden,"CM,CDM",1600000,4000,43,63,76,69,57,64,Adult,Average
L. Assignon,69,79,22,Stade Rennais FC,France,RB,3000000,15000,75,42,60,69,64,61,Young,Average
G. Smal,69,74,24,FC Twente,Netherlands,LB,2000000,5000,75,56,69,66,63,70,Adult,Average
J. Cabal,69,79,21,Hellas Verona,Colombia,"LB,CB",3000000,8000,75,38,54,61,69,62,Young,Average
Rui Fonte,69,69,32,Futebol Clube de Famalicão,Portugal,ST,1100000,6000,63,68,67,70,42,61,Senior,Average
D. Camacho,69,72,25,La Equidad,Colombia,"RM,RW,ST",1800000,1000,67,58,67,66,47,59,Adult,Average
J. Whatmough,69,73,25,Wigan Athletic,England,CB,1700000,5000,64,26,48,56,68,80,Adult,Average
D. Batth,69,69,31,Sunderland,England,CB,950000,8000,31,23,42,39,69,82,Senior,Average
L. Nielsen,69,69,34,Malmö FF,Denmark,CB,450000,4000,68,33,53,53,67,80,Senior,Average
A. Vural,69,69,31,Demir Grup Sivasspor,Turkey,GK,750000,7000,70,66,61,74,46,69,Senior,Average
B. Maubleu,69,69,32,Grenoble Foot 38,France,GK,700000,3000,66,67,65,69,40,69,Senior,Average
J. Knight,69,76,21,Derby County,Republic of Ireland,"CM,LM,RB",2800000,3000,68,63,66,70,64,70,Young,Average
E. Centurión,69,72,25,River Plate,Argentina,GK,1400000,6000,72,66,65,69,49,69,Adult,Average
J. Attamah,69,70,28,Yukatel Kayserispor,Ghana,"CDM,CM",1300000,8000,65,46,57,61,69,76,Adult,Average
M. Honsak,69,72,25,SV Darmstadt 98,Austria,"LM,ST,RM",1800000,10000,80,63,61,69,50,71,Adult,Average
Rodri Tarín,69,74,25,Real Oviedo,Spain,"CB,RB",1800000,5000,77,37,50,60,68,73,Adult,Average
C. Avinel,69,69,35,AC Ajaccio,France,CB,375000,6000,69,46,51,46,69,78,Senior,Average
J. Fuchs,69,73,24,Peterborough United,Cameroon,"CM,CDM",2000000,6000,81,56,63,70,68,81,Adult,Average
M. Chahiri,69,70,25,Paris FC,France,"LM,CAM,ST",1700000,11000,74,59,67,70,45,63,Adult,Average
A. Ćorić,69,74,25,Roma,Croatia,"CAM,CM",2000000,23000,68,65,69,72,40,57,Adult,Average
A. Sharahili,69,69,28,Al Ittihad,Saudi Arabia,CB,1200000,16000,74,29,53,59,68,78,Adult,Average
R. Framberger,69,70,26,FC Augsburg,Germany,"RWB,RM",1500000,12000,81,41,56,58,69,61,Adult,Average
F. Bruera,69,76,23,Club Nacional,Argentina,ST,2800000,500,57,72,53,60,28,71,Adult,Average
Filipe Relvas,69,77,22,Portimonense SC,Portugal,"LB,CB",3000000,4000,63,40,54,57,70,73,Young,Average
B. Kopplin,69,69,33,Randers FC,Germany,"LB,RB",725000,7000,77,56,61,68,63,74,Senior,Average
Diogo Mendes,69,78,24,Clube Sport Marítimo,Portugal,"CDM,CM",2900000,4000,67,48,60,66,67,72,Adult,Average
E. Marxen,69,69,31,FC Nordsjælland,Denmark,CB,950000,6000,57,52,62,62,68,75,Senior,Average
A. Vindheim,69,69,26,AC Sparta Praha,Norway,"RWB,RB",1400000,500,78,54,62,66,62,69,Adult,Average
L. Nestor,69,69,33,Grenoble Foot 38,France,CB,675000,4000,49,45,55,56,69,80,Senior,Average
M. Fox,69,69,28,Stoke City,Wales,"LB,CB,LWB",1300000,13000,62,43,57,61,68,70,Adult,Average
A. Desmas,69,70,28,Le Havre AC,France,GK,1100000,3000,71,69,69,70,36,66,Adult,Average
Judson,69,69,29,San Jose Earthquakes,Brazil,CDM,1200000,4000,70,42,58,63,66,71,Adult,Average
J. Moulin,69,69,36,ESTAC Troyes,France,GK,150000,5000,68,70,65,68,51,72,Senior,Average
M. Hoppe,69,78,21,Middlesbrough,United States,ST,3200000,11000,75,69,57,67,24,58,Young,Average
V. Myhra,69,74,25,Strømsgodset IF,Norway,GK,1600000,2000,69,66,62,72,45,68,Adult,Average
G. Perrin,69,70,26,AJ Auxerre,France,"LM,RM",1600000,9000,82,65,62,71,35,60,Adult,Average
D. Lavalée,69,75,25,KV Mechelen,Belgium,"CB,CDM,CM",1900000,7000,65,29,61,64,67,69,Adult,Average
C. Holse,69,74,23,Rosenborg BK,Denmark,"RW,CM",2100000,4000,80,63,66,71,53,67,Adult,Average
G. Velázquez,69,69,31,Newell's Old Boys,Paraguay,CB,950000,7000,74,31,47,54,69,75,Senior,Average
M. Bennett,69,70,25,Millwall,England,"LW,ST",1700000,8000,80,63,63,69,42,75,Adult,Average
M. Fall,69,69,30,Kasimpaşa SK,Senegal,"RW,RM,LM",1300000,8000,87,64,61,69,37,73,Senior,Average
Erik,69,79,21,Al Ain FC,Brazil,"LB,LM",3000000,500,84,49,64,70,61,70,Young,Average
Dinis Almeida,69,71,27,Royal Antwerp FC,Portugal,CB,1500000,9000,60,38,45,49,70,70,Adult,Average
Lim Sang Hyub,69,69,33,Pohang Steelers,Korea Republic,"LM,RM",875000,4000,75,69,62,70,42,67,Senior,Average
Kaíque Mutto,69,69,30,RB Bragantino,Brazil,GK,925000,6000,79,55,66,83,43,55,Senior,Average
N. Barrios,69,73,24,San Lorenzo de Almagro,Argentina,LW,2000000,7000,83,61,64,75,37,43,Adult,Average
G. Sauro,69,69,32,Club Atlético Sarmiento,Argentina,CB,900000,6000,40,33,51,51,69,73,Senior,Average
D. Dumić,69,69,30,SV Sandhausen,Bosnia and Herzegovina,CB,1100000,4000,46,49,55,46,68,74,Senior,Average
Fernando Fonseca,69,72,25,FC Paços de Ferreira,Portugal,RB,1700000,5000,73,41,60,67,64,72,Adult,Average
G. Kyei,69,70,26,Clermont Foot 63,France,ST,1700000,10000,64,65,51,66,26,80,Adult,Average
Marc Valiente,69,69,35,FC Goa,Spain,CB,375000,800,51,33,57,56,70,74,Senior,Average
B. Eva Nga,69,69,29,Orlando Pirates,Cameroon,ST,1400000,550,70,68,50,66,45,80,Adult,Average
Quintillà,69,72,25,Santa Clara,Spain,"LB,LM",1700000,3000,69,53,64,68,66,65,Adult,Average
I. Ljubić,69,71,25,SK Sturm Graz,Austria,"CM,CAM,CDM",1700000,10000,59,64,65,68,66,74,Adult,Average
S. Hedlund,69,69,29,Brøndby IF,Sweden,"CF,ST",1400000,9000,88,61,65,71,29,67,Adult,Average
Riquelme,69,80,22,Girona FC,Spain,"CAM,CM,LM",3100000,18000,75,65,65,72,38,49,Young,Average
P. Ghiglione,69,71,25,US Cremonese,Italy,"RM,RB",1700000,6000,80,52,65,69,65,64,Adult,Average
P. Heise,69,69,31,Karlsruher SC,Germany,LB,1000000,7000,68,62,68,67,62,74,Senior,Average
L. Orbán,69,69,33,Racing Club,Argentina,"CB,LB",675000,8000,64,51,60,59,68,76,Senior,Average
A. Da Cruz,69,73,25,KV Mechelen,Cape Verde Islands,"ST,CF,RM",2000000,8000,76,69,58,71,36,64,Adult,Average
S. Diarra,69,73,23,FC Lorient,Côte d'Ivoire,"RM,RW",2000000,8000,85,56,63,71,42,50,Adult,Average
B. Pittón,69,69,29,CS Emelec,Argentina,"LB,LM",1200000,500,73,65,67,64,63,64,Adult,Average
L. Abubakar,69,71,27,Colorado Rapids,Ghana,CB,1500000,4000,56,32,50,50,66,79,Adult,Average
C. Valencia,69,69,37,Junior FC,Colombia,ST,475000,2000,75,71,58,67,42,59,Senior,Average
Guga Rodrigues,69,73,24,Rio Ave FC,Portugal,CM,2000000,4000,67,62,64,72,64,58,Adult,Average
Bruno Duarte,69,72,26,Damac FC,Brazil,ST,1800000,11000,69,68,61,67,26,68,Adult,Average
M. Ilić,69,76,24,KV Kortrijk,Serbia,GK,2400000,5000,72,67,59,72,38,66,Adult,Average
L. Thomas,69,69,30,Western Sydney Wanderers,Australia,GK,925000,4000,70,68,71,68,35,67,Senior,Average
A. Adomah,69,69,34,Queens Park Rangers,Ghana,"RM,RWB",650000,16000,72,65,66,71,62,63,Senior,Average
F. Chaverra,69,77,22,La Equidad,Colombia,LM,3100000,1000,80,57,64,69,42,45,Young,Average
Y. Erdoğan,69,69,29,Trabzonspor,Turkey,"RW,LW,LB",1400000,18000,81,67,66,71,59,66,Adult,Average
A. Favilli,69,73,25,Ternana,Italy,ST,2000000,3000,57,69,48,67,24,60,Adult,Average
R. Atkinson,69,75,23,Bristol City,England,CB,2000000,13000,54,25,48,56,70,79,Adult,Average
L. Segovia,69,75,24,Independiente del Valle,Ecuador,"CB,LB",2000000,500,71,42,54,55,68,76,Adult,Average
Y. Vílchez,69,72,27,Club Alianza Lima,Peru,"CB,RB",1600000,500,59,25,50,45,71,64,Adult,Average
T. Cardona,69,74,26,Defensa y Justicia,Argentina,CB,1800000,7000,47,41,47,57,68,77,Adult,Average
S. Fletcher,69,69,35,Dundee United,Scotland,ST,600000,3000,48,71,59,67,33,68,Senior,Average
L. Amarilla,69,70,26,Minnesota United FC,Paraguay,ST,1700000,5000,74,69,58,62,35,65,Adult,Average
João Ferreira,69,79,21,Rio Ave FC,Portugal,RB,3000000,4000,78,42,55,63,64,67,Young,Average
L. Blanco,69,77,23,Rosario Central,Argentina,"LB,LM",3000000,7000,78,41,56,68,63,70,Adult,Average
N. Etheridge,69,69,32,Birmingham City,Philippines,GK,700000,12000,69,62,60,70,47,70,Senior,Average
T. Fosu,69,69,26,Stoke City,Ghana,"LW,CAM,RWB",1500000,22000,80,64,64,71,45,61,Adult,Average
P. Skjelbred,69,69,35,Rosenborg BK,Norway,"CM,CDM",550000,3000,55,53,68,70,66,66,Senior,Average
B. Akintola,69,70,26,Adana Demirspor,Nigeria,"RW,LW,RM",1600000,11000,91,62,58,70,41,66,Adult,Average
Lim Chai Min,69,69,31,Shenzhen FC,Korea Republic,CB,950000,6000,70,30,42,45,68,78,Senior,Average
M. Ruggeri,69,80,19,Atalanta,Italy,"LWB,LM",2900000,10000,61,49,63,66,67,63,Young,Average
Álex Bermejo,69,78,23,Burgos CF,Spain,"LM,RM,ST",3100000,4000,73,68,65,71,53,62,Adult,Average
K. Haugen,69,69,28,Molde FK,Norway,"LWB,LB",1300000,4000,76,60,64,64,61,71,Adult,Average
Varela,69,69,34,Casa Pia,Cape Verde Islands,CB,450000,3000,61,44,53,59,68,78,Senior,Average
I. Nedelcearu,69,72,26,Palermo,Romania,CB,1600000,2000,61,46,52,57,69,78,Adult,Average
J. Atanasov,69,76,22,Hajduk Split,North Macedonia,"CDM,CM,CAM",2700000,500,71,62,71,67,63,71,Young,Average
Vitinho,69,77,22,Burnley,Brazil,"RB,RWB,LB",3000000,15000,83,40,61,73,62,66,Young,Average
S. Strand,69,69,29,IF Elfsborg,Sweden,LB,1200000,3000,85,31,56,63,63,66,Adult,Average
S. Birnbaum,69,69,31,D.C. United,United States,CB,950000,4000,34,31,45,51,68,85,Senior,Average
N. Ioannou,69,72,26,Como,Cyprus,"LB,LWB",1700000,2000,71,42,55,63,67,73,Adult,Average
D. Cambindo,69,71,26,Independiente Medellín,Colombia,ST,1700000,2000,69,70,45,65,25,75,Adult,Average
Y. Asad,69,69,27,Universidad Católica,Argentina,"LW,LM,CAM",1500000,6000,75,67,67,72,57,69,Adult,Average
P. Ankersen,69,69,31,F.C. København,Denmark,RB,1000000,10000,77,59,64,68,64,69,Senior,Average
A. Scott,69,87,18,Bristol City,England,"CAM,CM,RM",3500000,6000,73,60,69,74,59,63,Young,Average
C. Itten,69,72,25,BSC Young Boys,Switzerland,"ST,CAM",1900000,11000,67,70,60,65,36,74,Adult,Average
G. Shibasaki,69,69,30,CD Leganés,Japan,"CDM,CM",1200000,6000,69,61,68,71,66,66,Senior,Average
V. Cabrera,69,70,29,Club Atlético Tigre,Argentina,CB,1300000,6000,66,39,57,59,69,72,Adult,Average
J. Arias,69,69,29,Junior FC,Colombia,CB,1200000,2000,73,49,61,60,67,81,Adult,Average
W. Keane,69,69,29,Wigan Athletic,Republic of Ireland,"CAM,ST",1400000,6000,67,69,62,69,45,73,Adult,Average
N. Rapp,69,73,25,SV Werder Bremen,Germany,"CDM,CB,CM",1800000,10000,54,42,56,59,70,72,Adult,Average
A. Dari,69,76,23,Stade Brestois 29,Morocco,CB,2600000,9000,62,31,49,51,71,69,Adult,Average
P. Sandler,69,75,25,N.E.C. Nijmegen,Netherlands,CB,1900000,5000,63,39,64,68,70,67,Adult,Average
Domingos Quina,69,78,22,Elche CF,Portugal,"LM,CAM,LW",3100000,17000,69,66,66,73,44,48,Young,Average
C. Traoré,69,69,30,FC Nantes,Mali,"LB,LWB",1200000,11000,68,33,54,64,70,75,Senior,Average
Raphael Rossi,69,69,31,Radomiak Radom,Brazil,CB,950000,3000,77,36,49,55,69,76,Senior,Average
M. Boxall,69,69,33,Minnesota United FC,New Zealand,CB,675000,4000,56,42,58,57,67,80,Senior,Average
C. Mandouki,69,69,30,Paris FC,France,"CDM,CM",1200000,5000,51,54,64,66,67,75,Senior,Average
C. Arrieta,69,72,26,América de Cali,Colombia,RB,1700000,2000,90,50,60,63,61,75,Adult,Average
D. Miloc,69,69,31,Arsenal de Sarandí,Argentina,"CDM,CM",975000,5000,60,46,60,64,66,76,Senior,Average
S. Biuk,69,85,19,Hajduk Split,Croatia,"LW,LM",3600000,500,80,60,64,72,35,59,Young,Average
A. Cardozo,69,74,25,Gimnasia y Esgrima La Plata,Argentina,"CM,CDM",2000000,6000,69,53,66,69,67,71,Adult,Average
A. Lundqvist,69,69,28,Houston Dynamo,Sweden,LB,1300000,4000,69,52,63,63,67,61,Adult,Average
Nicolas,69,69,34,Pisa,Brazil,GK,240000,2000,71,69,64,71,43,67,Senior,Average
N. Thompson,69,69,31,Peterborough United,England,"CB,RB,RWB",950000,6000,70,38,54,62,68,80,Senior,Average
N. Boranijašević,69,69,30,FC Zürich,Serbia,"RWB,RB,RM",1200000,8000,74,49,60,65,64,70,Senior,Average
L. Zidane,69,76,24,SD Eibar,France,GK,2400000,3000,71,65,64,70,37,69,Adult,Average
S. Kowalczyk,69,76,23,Pogoń Szczecin,Poland,"CAM,LM",2800000,5000,81,63,63,72,43,52,Adult,Average
Jeong Woon,69,69,33,Jeju United FC,Korea Republic,"CB,LB",675000,4000,75,57,65,65,69,73,Senior,Average
F. Moubandje,69,69,32,FC Sion,Switzerland,"LB,CB,LWB",975000,11000,68,48,63,69,65,75,Senior,Average
Sergio Santos,69,69,27,FC Cincinnati,Brazil,"ST,LW",1500000,5000,90,63,55,70,26,70,Adult,Average
A. Masiello,69,69,36,Südtirol,Italy,CB,250000,1000,32,37,54,56,71,69,Senior,Average
E. Valeri,69,75,23,US Cremonese,Italy,LB,2100000,5000,71,61,65,66,64,57,Adult,Average
J. Urretaviscaya,69,69,32,Club Atlético River Plate,Uruguay,"RM,LM,CAM",1100000,500,68,67,74,69,41,49,Senior,Average
D. Phillips,69,71,27,KV Oostende,England,GK,1300000,12000,70,65,62,70,46,68,Adult,Average
A. Ujah,69,69,31,Eintracht Braunschweig,Nigeria,ST,1200000,8000,55,69,54,67,33,67,Senior,Average
N. Uysal,69,69,31,Beşiktaş JK,Turkey,"CDM,CB,RB",975000,19000,55,56,62,64,69,74,Senior,Average
Yoon Bit Garam,69,69,32,Jeju United FC,Korea Republic,"CM,LM",1100000,5000,71,64,71,68,57,64,Senior,Average
J. Medić,69,76,23,FC St. Pauli,Croatia,"CB,CDM,CM",2600000,7000,64,48,58,59,67,80,Adult,Average
José Amo,69,76,24,SD Ponferradina,Spain,"CB,CDM",2600000,4000,59,38,54,61,69,72,Adult,Average
G. Coucke,69,75,23,KV Mechelen,Belgium,GK,1800000,5000,70,68,67,69,39,65,Adult,Average
M. Thiede,69,69,30,Karlsruher SC,Germany,"RB,RW",1200000,7000,70,48,66,68,63,65,Senior,Average
J. Colback,69,69,32,Nottingham Forest,England,"CDM,LWB,CM",925000,23000,56,57,64,63,67,68,Senior,Average
B. Özer,69,80,22,Portimonense SC,Turkey,GK,2700000,3000,68,68,68,73,24,66,Young,Average
D. Louiserre,69,71,27,En Avant de Guingamp,France,"CDM,CM",1500000,4000,64,65,67,69,64,70,Adult,Average
A. Mawson,69,70,28,Wycombe Wanderers,England,CB,1300000,5000,52,39,48,56,70,70,Adult,Average
M. Pellegrini,69,79,22,New York City FC,Argentina,"LM,RM",3100000,4000,83,62,61,71,49,56,Young,Average
J. Allen,69,70,27,Coventry City,England,"CM,CAM,RW",1600000,11000,76,58,67,71,65,71,Adult,Average
N. Dovedan,69,69,27,FK Austria Wien,Austria,"CF,CAM,RM",1500000,11000,80,66,61,74,34,59,Adult,Average
V. Kristiansen,69,80,19,F.C. København,Denmark,LB,2900000,5000,75,51,62,68,64,71,Young,Average
Yuri Ribeiro,69,72,25,Legia Warszawa,Portugal,"LB,LM",1700000,5000,76,51,67,69,65,65,Adult,Average
I. Lihadji,69,79,20,LOSC Lille,France,RM,3100000,11000,77,60,63,74,26,44,Young,Average
M. Pazdan,69,69,34,Jagiellonia Białystok,Poland,CB,450000,5000,47,44,57,55,69,71,Senior,Average
L. Mousset,69,72,26,VfL Bochum 1848,France,ST,1800000,12000,77,70,55,70,24,67,Adult,Average
A. Correa,69,69,28,La Equidad,Colombia,"LB,LM",1300000,1000,76,46,60,58,62,77,Adult,Average
S. Bossut,69,69,36,SV Zulte Waregem,Belgium,GK,150000,4000,67,70,63,68,44,73,Senior,Average
G. Frabotta,69,77,23,Frosinone,Italy,"LB,LWB",3000000,29000,67,52,64,66,66,66,Adult,Average
J. Föhrenbach,69,71,26,1. FC Heidenheim 1846,Germany,LB,1600000,11000,76,39,56,63,67,71,Adult,Average
A. Teuten,69,72,23,Club Atlético Colón,Uruguay,"LB,LWB",1800000,5000,73,48,65,72,64,68,Adult,Average
Rúben Lima,69,69,32,Futebol Clube de Famalicão,Portugal,"LB,LWB,CB",975000,5000,69,56,65,68,68,67,Senior,Average
F. Kastenmeier,69,73,25,Fortuna Düsseldorf,Germany,GK,1500000,8000,69,64,67,70,26,67,Adult,Average
L. Mabiala,69,69,34,Portland Timbers,Congo DR,CB,450000,4000,43,44,51,50,68,82,Senior,Average
V. Hedenstad,69,69,31,Vålerenga Fotball,Norway,RB,1000000,3000,75,54,64,67,61,70,Senior,Average
O. Kanté,69,69,32,Paris FC,Guinea,CB,900000,5000,35,35,51,55,68,82,Senior,Average
J. Sargent,69,74,22,Norwich City,United States,"RM,ST",2100000,17000,73,70,61,68,48,82,Young,Average
V. Vorel,69,74,26,AC Sparta Praha,Czech Republic,GK,1600000,500,71,67,70,72,35,68,Adult,Average
J. Madrid,69,72,25,Club Sporting Cristal,Peru,RB,1700000,500,74,43,58,66,66,67,Adult,Average
M. de Wit,69,75,24,AZ Alkmaar,Netherlands,"LB,LW",2100000,4000,77,49,65,68,61,71,Adult,Average
J. Verlaat,69,73,26,TSV 1860 München,Netherlands,CB,1700000,2000,53,26,47,55,68,77,Adult,Average
Pedro Miguel,69,69,31,Free agent,Qatar,"RWB,CB",0,0,74,38,60,61,65,77,Senior,Average
M. Enoumba,69,69,29,Club Always Ready,Bolivia,"CB,RB",1200000,500,81,58,58,61,68,74,Adult,Average
E. Mosquera,69,81,21,Atlanta United,Colombia,LM,3400000,3000,83,56,62,69,17,60,Young,Average
M. Al Owais,69,69,30,Al Hilal,Saudi Arabia,GK,925000,13000,74,64,55,72,46,66,Senior,Average
O. Rashid,69,69,30,FC Vizela,Iraq,CM,1300000,3000,69,65,70,72,56,63,Senior,Average
Emidio Hoffman,69,69,26,RB Bragantino,Brazil,"CB,RB",1300000,8000,50,53,56,55,70,72,Adult,Average
T. Casasola,69,70,26,Perugia,Argentina,"RWB,RM,RB",1500000,2000,63,51,66,65,67,77,Adult,Average
A. Costa,69,72,22,Platense,Argentina,"CB,LB",1700000,6000,70,29,57,62,70,71,Young,Average
O. Djoco,69,72,24,Clermont Foot 63,France,GK,1500000,6000,71,67,70,71,27,64,Adult,Average
S. Al Najai,69,72,25,Al Nassr,Saudi Arabia,"CAM,RM",1800000,16000,73,65,64,70,57,63,Adult,Average
J. Sørensen,69,73,24,Norwich City,Denmark,"CDM,CM,LB",1800000,15000,65,55,64,67,68,70,Adult,Average
J. Lopy,69,69,30,FC Sochaux-Montbéliard,Senegal,"CDM,CB",1200000,4000,71,63,61,65,65,79,Senior,Average
M. Sørensen,69,78,23,OGC Nice,Denmark,"CB,LB",2900000,16000,53,34,53,58,69,73,Adult,Average
Bruno Fagundeiro,69,69,22,Cuiabá,Brazil,"CAM,CM",1600000,7000,65,66,70,70,55,60,Young,Average
T. Breithaupt,69,77,20,Karlsruher SC,Germany,CDM,2900000,5000,55,38,60,57,68,68,Young,Average
M. Fall,69,69,34,Mumbai City FC,Senegal,CB,450000,2000,61,36,49,45,67,81,Senior,Average
M. Marić,69,70,27,AC Monza,Croatia,ST,1600000,22000,71,70,53,64,28,71,Adult,Average
Z. Clark,69,69,30,Heart of Midlothian,Scotland,GK,925000,3000,69,65,71,73,31,72,Senior,Average
M. Daramy,69,81,20,F.C. København,Denmark,"LM,RM",3400000,6000,87,59,60,73,25,70,Young,Average
Y. Sarı,69,72,23,Adana Demirspor,Turkey,"RW,RM",1900000,10000,80,65,64,75,32,40,Adult,Average
Césario Limberg,69,69,26,São Paulo,Brazil,CB,1300000,15000,56,50,57,49,70,72,Adult,Average
G. Abrego,69,77,22,Godoy Cruz,Argentina,"CM,CDM",3100000,5000,65,53,67,69,60,77,Young,Average
R. Grant,69,69,31,Sydney FC,Australia,RB,1000000,5000,73,59,64,65,64,77,Senior,Average
C. Petrila,69,79,21,CFR Cluj,Romania,"LW,RW",3100000,7000,89,62,64,71,34,56,Young,Average
A. Bernier,69,72,24,Seraing,Belgium,"RM,CF,LM",1900000,7000,81,62,63,73,36,63,Adult,Average
V. Sierro,69,72,26,BSC Young Boys,Switzerland,CM,1800000,11000,65,59,65,65,61,73,Adult,Average
S. Rhein,69,72,24,F.C. Hansa Rostock,Germany,"CDM,CM",1700000,6000,60,50,69,67,65,68,Adult,Average
L. Sernicola,69,74,25,US Cremonese,Italy,"RB,LB",1900000,6000,58,40,60,63,67,67,Adult,Average
Vitor Carvalho,69,74,25,Gil Vicente FC,Brazil,"CDM,CM",1900000,5000,66,57,60,67,66,70,Adult,Average
L. Pétrot,69,73,25,AS Saint-Étienne,France,"CB,LB",1700000,4000,64,32,46,54,70,71,Adult,Average
J. Collins,69,69,27,Cardiff City,Nigeria,LB,1300000,15000,78,36,58,70,66,68,Adult,Average
L. Lamprou,69,74,24,Excelsior,Greece,"LM,RM",2100000,4000,84,67,59,71,31,66,Adult,Average
M. Bradley,69,69,34,Toronto FC,United States,"CDM,CM,CB",475000,4000,37,60,71,67,63,70,Senior,Average
A. Preciado,69,72,25,Barcelona Sporting Club,Ecuador,"RM,LM",1800000,600,88,55,62,70,27,46,Adult,Average
Kim Young Kwang,69,69,39,Seongnam FC,Korea Republic,GK,150000,1000,66,73,65,67,58,70,Senior,Average
A. Wilkinson,69,69,37,Sydney FC,Australia,CB,250000,3000,31,45,54,50,69,76,Senior,Average
A. Connolly,69,75,22,Venezia FC,Republic of Ireland,ST,2300000,25000,75,69,50,71,20,64,Young,Average
E. Remedi,69,72,27,San Jose Earthquakes,Argentina,"CDM,CM",1600000,4000,47,49,59,63,66,81,Adult,Average
C. O'Dowda,69,69,27,Cardiff City,Republic of Ireland,"LW,RW",1500000,17000,81,60,66,70,49,65,Adult,Average
J. Green,69,70,27,SpVgg Greuther Fürth,United States,"CAM,CM",1600000,6000,70,67,65,73,33,60,Adult,Average
M. Aguirregaray,69,69,33,Club Atlético Peñarol,Uruguay,RB,725000,500,67,58,66,66,67,70,Senior,Average
R. Onyedika,69,80,21,Club Brugge KV,Nigeria,"CDM,CM",3000000,8000,76,53,61,65,65,77,Young,Average
I. Poveda,69,77,22,Blackpool,England,"RW,RM,CAM",3100000,17000,79,54,60,76,33,52,Young,Average
J. Hugill,69,69,30,Norwich City,England,ST,1400000,21000,65,67,54,65,38,84,Senior,Average
S. Fortes,69,69,30,Racing Club de Lens,Cape Verde Islands,CB,1100000,13000,36,40,53,49,69,82,Senior,Average
K. Gorré,69,69,27,Boavista FC,Curacao,LW,1500000,8000,80,67,62,71,33,62,Adult,Average
C. Noone,69,69,34,Macarthur FC,England,"RM,LM,RWB",650000,3000,70,64,68,69,54,67,Senior,Average
E. Segura,69,75,25,Los Angeles FC,Colombia,CB,1900000,4000,61,30,49,57,68,74,Adult,Average
Raúl Lizoain,69,69,31,FC Andorra,Spain,GK,750000,3000,67,69,63,67,50,69,Senior,Average
D. Ndoye,69,77,21,FC Basel 1893,Switzerland,"RM,ST",3100000,7000,79,64,63,71,34,61,Young,Average
J. Fejzić,69,69,36,Eintracht Braunschweig,Bosnia and Herzegovina,GK,150000,4000,70,63,52,74,23,70,Senior,Average
R. Renner,69,69,28,LASK Linz,Austria,"LB,LM",1300000,12000,81,61,64,67,62,66,Adult,Average
D. Holmes,69,69,27,Huddersfield Town,United States,"RW,CM,LW",1500000,11000,79,58,66,73,64,61,Adult,Average
Léo Andrade,69,75,24,Clube Sport Marítimo,Brazil,CB,2000000,4000,65,39,44,46,70,72,Adult,Average
J. Cristaldo,69,69,33,Independiente Petrolero,Argentina,"ST,LM,LW",900000,600,67,71,63,72,29,70,Senior,Average
W. Cartagena,69,70,27,Orlando City Soccer Club,Peru,"CDM,CM",1400000,4000,73,55,59,65,67,78,Adult,Average
L. Itter,69,75,23,SpVgg Greuther Fürth,Germany,"LB,CB",2100000,5000,71,42,62,68,68,62,Adult,Average
D. Jensen,69,69,30,İstanbulspor,Denmark,GK,925000,6000,66,65,63,69,42,74,Senior,Average
Jhonatan,69,69,31,Rio Ave FC,Brazil,GK,750000,4000,72,68,69,72,33,65,Senior,Average
M. Fossati,69,69,29,Hajduk Split,Italy,"CM,CDM",1400000,550,67,63,67,68,60,69,Adult,Average
M. Modolo,69,69,33,Venezia FC,Italy,CB,675000,2000,59,45,49,48,68,79,Senior,Average
Joel Pereira,69,71,25,Lech Poznań,Portugal,RB,1600000,5000,70,41,67,66,64,65,Adult,Average
A. Asad,69,69,29,Free agent,Qatar,"CAM,RW,LW",0,0,69,64,67,76,33,47,Adult,Average
M. Hoyos,69,69,30,LDU Quito,Argentina,"RM,CF,ST",1300000,550,77,68,65,69,39,70,Senior,Average
Y. Niakaté,69,69,29,Ettifaq FC,France,ST,1400000,15000,87,70,58,67,26,67,Adult,Average
T. Isherwood,69,73,24,SV Darmstadt 98,Sweden,CB,1800000,8000,55,33,45,45,68,84,Adult,Average
J. Frick,69,71,29,Servette FC,Switzerland,GK,1200000,7000,68,67,68,70,44,67,Adult,Average
T. Pekhart,69,69,33,Gazişehir Gaziantep F.K.,Czech Republic,ST,900000,10000,59,70,54,57,33,76,Senior,Average
P. Pomykal,69,80,22,FC Dallas,United States,"CM,LM",3100000,4000,74,57,70,72,61,69,Young,Average
S. Dann,69,69,35,Reading,England,CB,375000,7000,31,40,48,48,71,64,Senior,Average
C. Walton,69,72,26,Ipswich Town,England,GK,1400000,6000,70,69,65,70,35,67,Adult,Average
M. Höger,69,69,32,SV Waldhof Mannheim 07,Germany,"CDM,CM",925000,3000,35,66,67,66,67,73,Senior,Average
F. Tingager,69,69,29,Aarhus GF,Denmark,CB,1200000,7000,55,33,52,53,67,82,Adult,Average
M. Diaw,69,70,29,Clermont Foot 63,France,GK,1100000,7000,71,69,67,73,43,67,Adult,Average
C. Esparragoza,69,75,23,Junior FC,Colombia,"CM,CDM",2200000,2000,64,66,65,68,64,67,Adult,Average
V. Misidjan,69,69,28,FC Twente,Netherlands,"RW,LW",1400000,8000,87,58,62,75,29,57,Adult,Average
J. Daland,69,76,22,KSV Cercle Brugge,Norway,CB,2600000,6000,63,40,51,56,69,72,Young,Average
N. Dyhr,69,75,21,FC Midtjylland,Denmark,"LWB,LB",2100000,8000,81,55,62,67,62,67,Young,Average
I. Ogbu,69,76,22,Lillestrøm SK,Nigeria,CB,2600000,2000,79,39,53,57,68,78,Young,Average
R. D'Haese,69,76,23,KV Oostende,Belgium,"LM,LWB,RM",2800000,6000,78,57,62,71,53,50,Adult,Average
D. Quiñones,69,69,26,América de Cali,Colombia,"RM,LM",1500000,2000,91,61,62,71,46,63,Adult,Average
Montero,69,75,23,Beşiktaş JK,Spain,CB,2000000,16000,65,29,52,60,71,67,Adult,Average
K. Arase,69,76,23,Karlsruher SC,Austria,"RW,LW",2800000,7000,91,60,59,72,31,47,Adult,Average
K. Stewart,69,69,28,Blackpool,Jamaica,"CDM,CM",1200000,7000,64,53,61,66,68,70,Adult,Average
A. Andrade,69,76,23,DSC Arminia Bielefeld,Panama,"CB,LWB",2600000,7000,72,51,59,64,68,75,Adult,Average
P. Hetemaj,69,69,35,HJK Helsinki,Finland,CM,550000,500,68,61,69,70,68,73,Senior,Average
O. Sail,69,74,26,Wellington Phoenix,New Zealand,GK,1600000,2000,74,68,53,70,49,65,Adult,Average
M. Raab,69,78,23,Hamburger SV,Germany,GK,2700000,5000,70,70,68,69,25,70,Adult,Average
N. Mantl,69,75,22,FC Red Bull Salzburg,Germany,GK,1800000,8000,70,69,66,71,33,67,Young,Average
W. Trapp,69,69,29,Minnesota United FC,United States,CDM,1200000,4000,51,50,65,69,64,68,Adult,Average
T. Naylor,69,69,31,Wigan Athletic,England,"CDM,CM",975000,6000,64,61,63,62,67,81,Senior,Average
A. Ait El Hadj,69,80,20,RSC Anderlecht,Belgium,"CAM,CM,RM",3100000,8000,73,58,68,76,44,63,Young,Average
A. Hunou,69,69,28,Angers SCO,France,ST,1400000,12000,74,68,65,70,47,69,Adult,Average
K. Jóźwiak,69,74,24,Charlotte FC,Poland,"RM,LM",2100000,4000,90,55,60,72,42,63,Adult,Average
Miguel,69,77,22,Deportivo Alavés,Spain,"ST,RM",3200000,6000,71,68,52,67,31,71,Young,Average
R. Riou,69,69,34,Olympique Lyonnais,France,GK,240000,18000,69,66,65,68,48,70,Senior,Average
M. van de Ven,69,84,21,VfL Wolfsburg,Netherlands,"CB,LB",3200000,12000,80,43,56,60,68,74,Young,Average
S. van der Water,69,72,25,SC Cambuur,Netherlands,RW,1800000,5000,81,68,61,70,41,65,Adult,Average
Rober Ibáñez,69,69,29,Levante Unión Deportiva,Spain,"RM,LM,ST",1400000,7000,75,66,69,71,48,52,Adult,Average
W. Burns,69,70,27,Ipswich Town,Wales,"RWB,RM",1500000,7000,92,63,60,69,58,65,Adult,Average
Y. Fofana,69,80,21,Angers SCO,France,GK,2700000,5000,70,66,65,70,41,66,Young,Average
R. Gagliolo,69,69,32,Urbs Reggina 1914,Sweden,"CB,LWB,LB",900000,2000,67,50,53,63,69,69,Senior,Average
M. Avilés,69,69,35,Independiente Petrolero,Venezuela,"CM,CDM",550000,500,68,64,69,68,64,64,Senior,Average
M. van der Maarel,69,69,32,FC Utrecht,Netherlands,"CB,RWB",900000,7000,58,40,61,62,70,71,Senior,Average
Aleix Febas,69,72,26,Málaga CF,Spain,"CM,CAM,CDM",1800000,5000,67,61,71,72,60,66,Adult,Average
C. Teuchert,69,71,25,Hannover 96,Germany,"ST,RW",1800000,14000,73,67,58,72,35,64,Adult,Average
Zé Uilton,69,69,29,FC Paços de Ferreira,Brazil,"LW,RW",1400000,6000,75,63,64,71,31,55,Adult,Average
J. Delgado,69,69,29,FC Paços de Ferreira,Chile,"RW,RM,RB",1400000,6000,76,63,64,72,60,66,Adult,Average
Á. Peña,69,69,32,Estudiantes de Mérida,Venezuela,"RM,LM,CAM",1100000,500,74,69,68,71,34,49,Senior,Average
M. Hoedemakers,69,75,24,SC Cambuur,Netherlands,"CDM,CM",2000000,4000,60,57,69,66,64,73,Adult,Average
K. Daněk,69,79,19,AC Sparta Praha,Czech Republic,"CAM,LM,RM",3000000,500,69,59,68,71,26,49,Young,Average
Pablo Torre,69,86,19,FC Barcelona,Spain,"CAM,CM,LM",3600000,27000,74,59,71,69,42,54,Young,Average
U. Bonnet,69,69,28,Valenciennes FC,France,ST,1400000,4000,74,70,53,66,30,73,Adult,Average
Y. Njie,69,69,28,Boavista FC,Gambia,"ST,LW",1400000,8000,76,68,57,70,40,69,Adult,Average
Anderson Oliveira,69,76,24,Vitória de Guimarães,Brazil,ST,2800000,5000,76,69,58,66,27,70,Adult,Average
F. Coman,69,73,24,FCSB (Steaua),Romania,"LW,ST",2000000,8000,81,67,68,68,37,65,Adult,Average
C. Kipré,69,73,25,Cardiff City,Côte d'Ivoire,CB,1700000,14000,68,35,49,46,67,82,Adult,Average
M. Al Kuwaykibi,69,69,27,Ettifaq FC,Saudi Arabia,RM,1500000,14000,84,66,64,72,27,54,Adult,Average
M. Høibråten,69,71,27,FK Bodø/Glimt,Norway,CB,1500000,3000,71,33,51,61,67,80,Adult,Average
Cantero,69,77,22,Levante Unión Deportiva,Spain,"ST,RM",3200000,6000,87,66,64,72,28,65,Young,Average
C. Bayala,69,70,26,AC Ajaccio,Burkina Faso,RM,1600000,9000,79,62,63,69,41,68,Adult,Average
Y. Moukoko,69,88,17,Borussia Dortmund,Germany,ST,3500000,4000,84,68,54,77,32,60,Young,Average
Joni Montiel,69,76,23,Levante Unión Deportiva,Spain,"CAM,CM,LM",2800000,8000,70,66,69,73,50,55,Adult,Average
R. Lagos,69,72,26,Club Alianza Lima,Peru,"LB,LM",1700000,500,77,36,67,66,63,60,Adult,Average
Bermejo,69,72,24,Real Zaragoza,Spain,"RM,CM,CAM",1900000,5000,77,58,66,74,41,53,Adult,Average
M. Schuster,69,71,26,SC Paderborn 07,Germany,"CDM,CM,RM",1500000,9000,69,53,61,67,65,75,Adult,Average
C. Benavente,69,69,28,Club Alianza Lima,Peru,"CAM,CF,LM",1400000,550,73,69,67,71,31,53,Adult,Average
S. Mazzocchi,69,73,23,Südtirol,Italy,"ST,CAM",2000000,19000,64,70,50,67,26,59,Adult,Average
G. Ferrari,69,75,25,Godoy Cruz,Argentina,"CB,RB",1900000,5000,73,40,56,61,67,74,Adult,Average
A. Dante,69,78,21,SK Sturm Graz,Mali,LB,3000000,7000,83,50,56,68,63,71,Young,Average
Tomás Ribeiro,69,80,23,Grasshopper Club Zürich,Portugal,CB,2900000,6000,67,34,48,50,69,74,Adult,Average
A. Fletcher,69,72,26,Wigan Athletic,England,ST,1800000,21000,73,68,45,66,29,69,Adult,Average
Álvaro Djaló,69,78,22,SC Braga,Spain,LM,3100000,6000,90,60,61,70,50,43,Young,Average
J. Cádiz,69,70,26,Futebol Clube de Famalicão,Venezuela,ST,1700000,6000,62,68,53,68,31,74,Adult,Average
O. Kocuk,69,72,26,Galatasaray SK,Turkey,GK,1400000,19000,71,68,62,73,33,66,Adult,Average
S. Simič,69,71,27,Hajduk Split,Czech Republic,CB,1500000,500,45,27,47,56,70,70,Adult,Average
A. Calabresi,69,72,26,Pisa,Italy,"CB,RB",1600000,2000,56,31,60,61,68,72,Adult,Average
T. Wellenreuther,69,72,26,Feyenoord,Germany,GK,1400000,8000,70,67,65,71,53,66,Adult,Average
W. Mendieta,69,69,33,Club Libertad,Paraguay,"CAM,RM",875000,500,65,68,68,70,31,61,Senior,Average
Nuno Reis,69,69,31,Melbourne City FC,Portugal,CB,950000,6000,58,48,62,61,68,77,Senior,Average
B. Kapustka,69,74,25,Legia Warszawa,Poland,"CAM,CF",2000000,5000,80,61,67,70,37,56,Adult,Average
João Moutinho,69,73,24,Orlando City Soccer Club,Portugal,LB,1900000,3000,68,37,63,66,67,68,Adult,Average
B. Lasme,69,77,23,DSC Arminia Bielefeld,France,"ST,RM",3100000,9000,86,68,52,66,24,71,Adult,Average
Leonai,69,72,27,Barcelona Sporting Club,Brazil,"CDM,CM",1600000,550,64,62,61,66,70,73,Adult,Average
Borja Garcés,69,77,22,CD Tenerife,Spain,ST,3200000,20000,60,73,52,69,31,47,Young,Average
A. Martegani,69,78,22,San Lorenzo de Almagro,Argentina,"CAM,CM,LM",3100000,6000,69,68,68,73,47,58,Young,Average
G. Carey,69,69,33,St. Johnstone FC,Republic of Ireland,"RW,LW,CAM",875000,5000,79,69,69,71,61,73,Senior,Average
G. Efrem,69,69,32,APOEL Nicosia FC,Cyprus,"CAM,RM,LM",1100000,650,70,57,64,73,30,48,Senior,Average
Lucas Mineiro,69,72,26,KVC Westerlo,Brazil,"CM,CDM",1800000,7000,66,53,67,69,69,76,Adult,Average
F. Berenguer,69,69,33,Melbourne City FC,France,"CAM,CM,CDM",875000,7000,69,63,69,69,55,69,Senior,Average
A. Leautey,69,70,26,Amiens SC,France,"RW,RM,RWB",1600000,4000,90,63,63,70,31,52,Adult,Average
R. Ureña,69,69,29,Club Deportes Tolima,Chile,"CDM,CM",1200000,2000,59,58,62,65,65,73,Adult,Average
D. Haspolat,69,79,22,Trabzonspor,Turkey,"CDM,CM",3000000,12000,65,55,67,68,65,68,Young,Average
A. Rodríguez,69,77,22,Argentinos Juniors,Uruguay,"CM,CAM",3100000,6000,73,62,67,77,46,46,Young,Average
F. Ferrari,69,69,30,APOEL Nicosia FC,Argentina,LB,1200000,550,83,42,61,65,64,60,Senior,Average
L. Picco,69,79,22,Club Atlético Colón,Argentina,"CDM,CM",3000000,5000,54,58,61,63,66,73,Young,Average
Abdu Conté,69,76,24,ESTAC Troyes,Portugal,"LWB,LB",2700000,7000,73,46,53,67,65,76,Adult,Average
L. Binks,69,79,20,Como,England,CB,2900000,9000,59,29,49,53,67,80,Young,Average
T. Petrášek,69,69,30,Raków Częstochowa,Czech Republic,CB,1100000,6000,63,45,38,50,67,79,Senior,Average
J. Novillo,69,72,24,Club Atlético Colón,Argentina,CB,1700000,5000,64,34,44,49,69,78,Adult,Average
M. Léris,69,75,24,U.C. Sampdoria,France,"CM,RM",2200000,8000,50,64,65,67,61,71,Adult,Average
R. Marchizza,69,76,24,U.S. Sassuolo Calcio,Italy,LB,2700000,11000,60,30,57,64,69,66,Adult,Average
Luciano Cacheira,69,69,26,Fortaleza,Brazil,GK,1100000,5000,76,62,77,76,31,55,Adult,Average
Y. Del Valle,69,69,32,Ümraniyespor,Venezuela,"LM,RM",1100000,7000,83,69,65,72,39,58,Senior,Average
D. Graovac,69,70,28,Kasimpaşa SK,Bosnia and Herzegovina,CB,1300000,7000,52,40,57,50,67,77,Adult,Average
J. Lefort,69,69,28,Paris FC,France,"LB,CB",1300000,5000,66,26,59,62,66,73,Adult,Average
R. Maulun,69,72,25,SC Cambuur,France,"CM,CAM",1800000,5000,65,61,70,71,57,56,Adult,Average
F. Beijmo,69,75,24,Malmö FF,Sweden,RB,2100000,3000,83,39,55,62,63,74,Adult,Average
Tobias Figueiredo,69,70,28,Hull City,Portugal,CB,1300000,9000,59,30,47,54,67,77,Adult,Average
H. Finndell,69,78,22,Djurgårdens IF,Sweden,CM,3100000,4000,69,62,65,69,72,69,Young,Average
Júnior Brumado,69,77,23,FC Midtjylland,Brazil,"ST,LW",3100000,12000,75,66,55,70,29,81,Adult,Average
N. Baden Frederiksen,69,76,22,Vitesse,Denmark,ST,2900000,8000,74,71,61,71,23,64,Young,Average
Ko Seung Beom,69,69,28,Sangju Sangmu FC,Korea Republic,"CM,CDM,CAM",1400000,3000,73,62,66,71,62,75,Adult,Average
L. Valzania,69,72,26,SPAL,Italy,"CM,CDM",1800000,7000,67,60,64,68,62,61,Adult,Average
M. Miloš,69,69,29,Widzew Łódź,Croatia,"RWB,RB",1200000,3000,75,52,62,69,62,69,Adult,Average
R. De Reuck,69,74,26,Mamelodi Sundowns FC,South Africa,CB,1800000,550,68,39,48,56,70,69,Adult,Average
J. Ngankam,69,79,21,Hertha BSC,Germany,"ST,RM",3200000,11000,74,68,59,70,26,70,Young,Average
P. Kun,69,69,27,Raków Częstochowa,Poland,LM,1500000,7000,91,48,64,71,59,56,Adult,Average
I. Santini,69,69,33,FC Zürich,Croatia,ST,900000,10000,40,74,53,58,40,83,Senior,Average
A. Ajeti,69,73,25,SK Sturm Graz,Switzerland,ST,2000000,24000,71,69,55,66,28,67,Adult,Average
M. Emreli,69,73,25,Dinamo Zagreb,Azerbaijan,"ST,RW",2000000,500,77,72,53,71,20,67,Adult,Average
W. Brama,69,69,35,FC Twente,Netherlands,"CDM,CM",400000,4000,39,52,65,66,68,66,Senior,Average
D. Samek,69,80,18,Lecce,Czech Republic,"CDM,CM",2800000,2000,62,66,70,67,66,65,Young,Average
T. Børven,69,69,30,Vålerenga Fotball,Norway,ST,1400000,3000,70,69,58,67,33,64,Senior,Average
F. Gerometta,69,76,22,Unión de Santa Fe,Argentina,RB,2700000,6000,78,50,56,68,63,70,Young,Average
R. Yalçın,69,69,28,Demir Grup Sivasspor,Germany,"CDM,CB,RB",1200000,8000,61,46,64,68,67,68,Adult,Average
J. Korb,69,69,30,Holstein Kiel,Germany,"RWB,RM",1200000,9000,69,51,66,69,62,62,Senior,Average
G. Rea,69,70,27,Luton Town,Republic of Ireland,"CDM,CB,CM",1400000,15000,63,32,54,61,71,76,Adult,Average
F. Karačić,69,72,26,Brescia,Australia,RB,1700000,2000,81,46,62,66,62,74,Adult,Average
C. Kobald,69,73,24,Karlsruher SC,Austria,CB,1800000,6000,67,26,54,54,70,70,Adult,Average
Carlos Ponck,69,70,27,GD Chaves,Cape Verde Islands,"CB,RB",1400000,4000,68,45,51,60,68,78,Adult,Average
W. Riveros,69,69,29,Club Cerro Porteño,Paraguay,CB,1200000,500,63,39,50,53,69,72,Adult,Average
H. Figueredo,69,69,37,Liverpool Fútbol Club,Uruguay,"CAM,CDM,CM",450000,500,57,66,73,65,54,56,Senior,Average
E. Cecchini,69,74,25,Gimnasia y Esgrima La Plata,Argentina,"CM,CDM",2000000,8000,64,64,68,68,71,71,Adult,Average
T. Coulibaly,69,80,21,VfB Stuttgart,France,"RM,LM,CF",3100000,9000,79,59,62,75,42,61,Young,Average
J. Herrera,69,69,30,Patronato,Argentina,"ST,LW",1400000,8000,71,69,60,66,23,66,Senior,Average
G. Ekpolo,69,70,27,IFK Norrköping,Nigeria,"RWB,CB",1500000,4000,77,37,57,62,65,80,Adult,Average
R. Murawski,69,69,28,Lech Poznań,Poland,"CDM,CM",1200000,5000,76,57,66,69,64,73,Adult,Average
M. Brizuela,69,73,25,Vélez Sarsfield,Argentina,"CB,LB",1700000,7000,56,37,54,54,68,78,Adult,Average
Jordi Calavera,69,70,26,CD Lugo,Spain,"RB,RWB",1500000,4000,80,55,61,65,63,77,Adult,Average
J. Okita,69,72,25,FC Zürich,Congo DR,"RW,LW",1800000,9000,84,64,59,71,22,68,Adult,Average
B. Collins,69,74,25,Barnsley,England,GK,1600000,5000,69,65,67,69,43,67,Adult,Average
A. Baroja,69,69,32,Caracas Fútbol Club,Venezuela,GK,700000,500,71,65,60,72,42,64,Senior,Average
M. Rose,69,73,26,Coventry City,Scotland,CB,1700000,10000,68,39,58,60,69,73,Adult,Average
L. Rosier,69,76,23,Estoril Praia,France,"CM,CDM",2800000,4000,61,58,64,64,66,77,Adult,Average
D. Schmidt,69,69,30,Sint-Truidense VV,Japan,GK,925000,6000,71,66,70,73,17,65,Senior,Average
Peter Torreiro,69,69,30,Cuiabá,Brazil,GK,925000,6000,75,66,65,72,42,64,Senior,Average
K. Karaman,69,69,28,FC Schalke 04,Turkey,"ST,LW,RW",1400000,13000,68,67,64,69,27,68,Adult,Average
A. Arroyo,69,80,22,Deportivo Alavés,Colombia,"CB,RB",2900000,30000,70,29,56,60,69,71,Young,Average
F. Mladenović,69,69,30,Legia Warszawa,Serbia,"LB,LM",1200000,5000,85,63,67,67,61,61,Senior,Average
M. Ninković,69,69,37,Western Sydney Wanderers,Serbia,CAM,450000,4000,64,67,69,71,52,63,Senior,Average
Steven Vitória,69,69,35,GD Chaves,Canada,CB,375000,3000,34,55,54,48,69,76,Senior,Average
Josema,69,74,26,CD Leganés,Spain,"CB,LB",1800000,6000,57,37,53,52,69,72,Adult,Average
R. Burke,69,73,25,Luton Town,England,CB,1700000,14000,68,36,52,57,70,70,Adult,Average
M. Ihiekwe,69,69,29,Sheffield Wednesday,England,CB,1200000,7000,68,36,44,56,69,79,Adult,Average
Alcalá,69,69,33,FC Cartagena,Spain,CB,675000,4000,31,47,56,50,68,72,Senior,Average
Isaías,69,69,35,Adelaide United,Spain,"CM,CDM",550000,2000,45,54,68,70,65,72,Senior,Average
Chiquinho,69,81,22,Wolverhampton Wanderers,Portugal,"RW,LW",3400000,30000,86,62,61,72,34,58,Young,Average
S. Coulibaly,69,71,27,Dijon FCO,Mali,CB,1500000,4000,72,40,51,53,68,77,Adult,Average
D. Župarić,69,69,30,Portland Timbers,Croatia,CB,1100000,4000,47,21,46,56,68,79,Senior,Average
M. Michel,69,69,30,Chamois Niortais Football Club,France,GK,925000,3000,70,67,66,72,49,63,Senior,Average
Alisson Safira,69,70,27,Vitória de Guimarães,Brazil,"ST,LW",1600000,6000,67,70,51,64,25,64,Adult,Average
G. Dewaele,69,72,26,Standard de Liège,Belgium,"RB,RM,RWB",1700000,7000,71,61,60,57,65,70,Adult,Average
R. Tesuri,69,70,26,Atlético Tucumán,Argentina,RM,1600000,6000,80,63,65,73,38,51,Adult,Average
F. González Metilli,69,71,25,Club Atlético Central Córdoba,Argentina,"RM,CM",1700000,7000,69,67,66,68,36,61,Adult,Average
M. Gagliardo,69,69,39,Barracas Central,Argentina,GK,150000,2000,69,66,58,71,36,69,Senior,Average
I. Camará,69,77,23,Boavista FC,Guinea,"CDM,CM",2900000,6000,59,47,64,63,66,73,Adult,Average
T. Mokoena,69,74,25,Mamelodi Sundowns FC,South Africa,"CM,CDM",2000000,600,76,61,69,70,61,67,Adult,Average
Glauder,69,72,26,Albacete BP,Spain,"LB,CB",1700000,4000,70,35,56,63,67,78,Adult,Average
H. Verhulst,69,71,29,AZ Alkmaar,Netherlands,GK,1200000,4000,68,66,72,71,48,67,Adult,Average
D. Pines,69,76,24,D.C. United,United States,CB,2600000,3000,71,22,39,45,70,77,Adult,Average
I. Torres,69,69,31,Club Olimpia,Paraguay,"LB,LM",1000000,500,76,63,69,66,63,65,Senior,Average
Caio Padricio,69,69,30,Atlético Clube Goianiense,Brazil,GK,925000,5000,69,71,46,73,24,70,Senior,Average
S. Muroya,69,69,28,Hannover 96,Japan,RB,1300000,13000,88,57,58,68,60,70,Adult,Average
L. Vignali,69,71,26,Como,Italy,"RWB,RM,RB",1600000,2000,73,59,62,64,64,67,Adult,Average
B. Boutobba,69,75,23,Chamois Niortais Football Club,France,RM,2200000,3000,74,63,68,76,22,36,Adult,Average
F. Carrizo,69,69,31,Club Cerro Porteño,Argentina,"LM,RM,ST",1200000,500,83,63,67,70,46,64,Senior,Average
Á. Campos,69,71,29,Club Alianza Lima,Peru,GK,1200000,500,65,67,64,70,36,68,Adult,Average
S. Dembélé,69,72,25,AFC Bournemouth,Scotland,"ST,LW",1900000,22000,89,67,62,74,32,55,Adult,Average
C. Brittain,69,74,24,Blackburn Rovers,England,"RWB,RB",2000000,15000,80,51,60,68,64,64,Adult,Average
R. García Guerreño,69,69,32,Club Nacional,Paraguay,CB,900000,500,52,41,47,49,69,76,Senior,Average
Bernardo Vital,69,79,21,Estoril Praia,Portugal,CB,2900000,3000,64,29,42,39,72,69,Young,Average
J. Perea,69,78,22,VfB Stuttgart,Colombia,"ST,RW",3200000,11000,81,68,56,68,27,65,Young,Average
M. Fernández,69,69,33,Unión Española,Uruguay,CB,675000,3000,53,27,44,46,69,76,Senior,Average
B. Meccariello,69,69,31,SPAL,Italy,"CB,RB",950000,2000,64,29,48,53,69,73,Senior,Average
R. Boissier,69,69,28,Rodez Aveyron Football,France,CM,1400000,3000,70,66,69,69,65,73,Adult,Average
J. Vuković,69,69,30,Hajduk Split,Croatia,"CDM,CM",1200000,500,61,49,64,65,65,74,Senior,Average
D. Šarić,69,74,25,Palermo,Bosnia and Herzegovina,"CM,CAM",2000000,3000,67,61,69,68,48,68,Adult,Average
C. González Tassano,69,73,25,Santa Clara,Uruguay,CB,1700000,3000,66,35,55,56,70,72,Adult,Average
M. El Hankouri,69,72,25,1. FC Magdeburg,Morocco,"RW,RB,CAM",1800000,7000,80,64,64,75,51,60,Adult,Average
J. Pérez,69,69,33,Royal Pari,Colombia,"CAM,LM",875000,500,70,66,70,68,42,53,Senior,Average
W. Falcone,69,71,27,Lecce,Italy,GK,1300000,7000,70,71,66,75,27,67,Adult,Average
R. Tafazolli,69,69,30,Wycombe Wanderers,England,CB,1100000,5000,43,28,43,46,69,79,Senior,Average
N. Marsman,69,69,31,Inter Miami CF,Netherlands,GK,750000,3000,70,62,69,71,43,70,Senior,Average
G. Moncini,69,72,26,SPAL,Italy,ST,1800000,3000,78,69,56,67,37,66,Adult,Average
C. Vidal,69,75,22,AC Ajaccio,France,CB,2000000,7000,54,35,46,57,70,68,Young,Average
Cafú,69,69,29,Nottingham Forest,Portugal,"CDM,CAM",1200000,24000,66,69,63,67,64,80,Adult,Average
C. Mavinga,69,69,31,Toronto FC,Congo DR,CB,950000,4000,79,39,61,61,67,74,Senior,Average
M. López,69,75,22,Feyenoord,Peru,LB,2100000,4000,79,54,63,70,64,68,Young,Average
J. Mbom,69,75,22,SV Werder Bremen,Germany,"CM,RWB,CDM",2200000,10000,71,60,66,69,65,74,Young,Average
J. Ménez,69,69,35,Urbs Reggina 1914,France,"CAM,CF,LW",575000,1000,63,67,68,74,32,48,Senior,Average
A. Tosin,69,76,24,FC Zürich,Benin,"ST,RM",2800000,9000,93,70,58,69,37,68,Adult,Average
D. Hadžikadunić,69,77,23,Malmö FF,Bosnia and Herzegovina,CB,2900000,3000,65,30,47,53,69,73,Adult,Average
C. Manea,69,74,24,CFR Cluj,Romania,RB,2000000,7000,78,48,61,63,65,73,Adult,Average
F. Sánchez,69,69,32,Panathinaikos FC,Argentina,"RB,RWB",975000,500,80,59,61,69,64,68,Senior,Average
Rildo,69,77,22,Santa Clara,Brazil,"RM,LM,CAM",3100000,3000,70,65,62,75,37,60,Young,Average
L. Brouwers,69,74,24,FC Utrecht,Netherlands,"CDM,CM",1900000,6000,66,59,64,64,66,74,Adult,Average
M. Guilavogui,69,75,24,Paris FC,Guinea,"RM,ST,RW",2200000,5000,80,65,64,68,30,60,Adult,Average
N. Falasco,69,69,28,Ascoli,Italy,"LB,CB,LM",1300000,3000,71,59,65,68,66,73,Adult,Average
Kim Kee Hee,69,69,32,Ulsan Hyundai FC,Korea Republic,"CB,RB",900000,5000,63,43,59,50,68,77,Senior,Average
Weilson Leal,69,69,34,Cuiabá,Brazil,"LM,CAM",650000,8000,75,68,64,70,36,65,Senior,Average
Yang Han Been,69,69,30,FC Seoul,Korea Republic,GK,925000,3000,70,63,60,73,43,69,Senior,Average
I. Cofie,69,69,30,Demir Grup Sivasspor,Ghana,"CDM,CM",1200000,8000,67,58,62,64,70,74,Senior,Average
O. Alonso,69,69,36,Atlanta United,Cuba,"CDM,CM",275000,3000,47,62,65,69,64,68,Senior,Average
B. Róchez,69,69,27,Portimonense SC,Honduras,ST,1500000,5000,73,65,50,68,24,73,Adult,Average
F. Maistro,69,75,24,SPAL,Italy,"CM,CAM",2200000,2000,70,62,66,71,54,60,Adult,Average
E. Cetré,69,75,24,Junior FC,Colombia,RM,2200000,2000,84,71,62,71,34,60,Adult,Average
H. Pickering,69,75,23,Blackburn Rovers,England,"LWB,LB",2100000,15000,74,51,64,65,64,70,Adult,Average
C. Rodríguez,69,69,32,Barcelona Sporting Club,Uruguay,CB,900000,550,57,38,46,50,69,77,Senior,Average
G. Kostadinov,69,69,31,APOEL Nicosia FC,Bulgaria,"CDM,CB,CM",975000,550,64,55,59,59,68,71,Senior,Average
L. Sosa,69,69,28,Club Sporting Cristal,Uruguay,"CAM,CM,RW",1400000,500,65,68,67,73,42,66,Adult,Average
R. Woods,69,69,28,Hull City,England,"CDM,CM,RWB",1200000,9000,67,54,67,70,64,68,Adult,Average
P. Mouche,69,69,34,Barracas Central,Argentina,"RM,LM,ST",650000,6000,73,66,69,69,27,64,Senior,Average
G. Svensson,69,69,35,IFK Göteborg,Sweden,"CDM,CM",400000,2000,35,46,59,62,69,77,Senior,Average
Aitor García,69,69,28,Real Sporting de Gijón,Spain,"RM,LM,RW",1400000,6000,86,69,63,69,37,65,Adult,Average
N. Poulsen,69,69,28,Aarhus GF,Denmark,"CDM,CM",1200000,7000,54,50,64,66,64,79,Adult,Average
T. Xoki,69,72,27,Orlando Pirates,South Africa,"CB,RB",1600000,500,75,47,48,59,71,70,Adult,Average
N. Bätzner,69,78,22,KV Oostende,Germany,"CM,RM,LM",3100000,6000,71,57,71,72,55,57,Young,Average
R. Gabrielsen,69,69,30,Austin FC,Norway,CB,1100000,4000,68,48,46,52,68,84,Senior,Average
G. Vural,69,69,34,Antalyaspor,Turkey,"LB,LWB,LM",500000,11000,77,67,69,73,63,63,Senior,Average
M. James,69,69,30,Bristol City,England,"CM,CDM",1300000,16000,52,62,72,67,66,68,Senior,Average
J. Nikolaou,69,69,28,Eintracht Braunschweig,Germany,"CDM,CB,CM",1200000,7000,64,43,62,58,68,77,Adult,Average
M. Paes,69,75,24,FC Dallas,Netherlands,GK,1800000,3000,69,65,67,70,31,66,Adult,Average
D. Rosero,69,71,28,Junior FC,Colombia,CB,1400000,2000,63,38,52,57,68,80,Adult,Average
J. Fameyeh,69,74,25,Free agent,Ghana,ST,0,0,82,68,52,68,21,62,Adult,Average
F. Lisi,69,69,32,Perugia,Italy,"LWB,LB,LM",975000,2000,84,63,64,73,61,58,Senior,Average
J. Greaves,69,78,21,Hull City,England,CB,2900000,6000,70,31,52,57,69,75,Young,Average
F. Druijf,69,74,24,SK Rapid Wien,Netherlands,"ST,CAM",2100000,13000,58,72,61,63,33,74,Adult,Average
M. Paniagua,69,69,35,Guaireña FC,Paraguay,"CB,CDM",375000,500,53,50,66,58,69,70,Senior,Average
Pablo Vázquez,69,71,27,FC Cartagena,Spain,CB,1500000,4000,59,32,49,45,70,70,Adult,Average
K. Fischer,69,75,21,VfL Wolfsburg,Germany,"RB,CM",2100000,12000,77,38,61,65,63,69,Young,Average
Ž. Živković,69,69,33,PAOK,Serbia,GK,450000,500,69,65,67,71,29,70,Senior,Average
N. Baumann,69,73,26,Ascoli,Switzerland,GK,1500000,2000,70,68,64,69,28,69,Adult,Average
Alfa Semedo,69,73,24,Al Tai,Guinea Bissau,"CDM,CM",1800000,8000,67,57,59,69,69,77,Adult,Average
P. Pellegri,69,76,21,Torino F.C.,Italy,ST,2900000,15000,65,67,55,68,21,62,Young,Average
B. Wembangomo,69,74,25,FK Bodø/Glimt,Norway,"LB,RB",1900000,3000,90,47,57,70,60,72,Adult,Average
T. Rönning,69,75,23,IF Elfsborg,Sweden,GK,1800000,2000,68,70,67,70,17,69,Adult,Average
R. Leipertz,69,69,29,SC Paderborn 07,Germany,"RM,ST,CAM",1400000,10000,81,70,63,66,35,71,Adult,Average
M. Bulat,69,83,20,Dinamo Zagreb,Croatia,"CM,CDM",3300000,500,68,65,75,71,60,69,Young,Average
S. Mosquera,69,70,28,Club Deportes Tolima,Colombia,"CB,RB",1300000,2000,53,52,42,51,70,74,Adult,Average
T. Badaloni,69,77,22,Godoy Cruz,Argentina,ST,3200000,5000,60,69,51,62,28,69,Young,Average
E. Botheim,69,78,22,US Salernitana 1919,Norway,ST,3200000,12000,71,67,51,66,27,72,Young,Average
J. Castillo,69,79,21,Club Sporting Cristal,Peru,"CDM,CM",3000000,500,59,57,66,64,62,71,Young,Average
F. Amaya,69,79,21,New York Red Bulls,United States,"CM,CDM,CAM",3100000,3000,72,53,66,70,64,66,Young,Average
Daniel Mestrança,69,69,26,Atlético Clube Goianiense,Brazil,"LB,LM",1400000,6000,62,47,59,64,69,68,Adult,Average
Wilson Sosán,69,69,26,Atlético Clube Goianiense,Brazil,RM,1500000,7000,73,48,70,69,30,55,Adult,Average
J. Lopez,69,69,30,Paris FC,Algeria,"CAM,LM,LW",1300000,5000,81,64,67,72,42,60,Senior,Average
Á. Preciado,69,75,24,KRC Genk,Ecuador,"RB,RWB,RM",2100000,6000,84,59,59,69,63,62,Adult,Average
J. Sands,69,78,21,Rangers FC,United States,"CB,CDM",2900000,3000,49,50,61,64,70,72,Young,Average
Mateus Quaresma,69,72,25,FC Arouca,Brazil,"LB,CB",1700000,4000,68,33,58,61,66,69,Adult,Average
B. Diakité,69,78,21,LOSC Lille,France,"CB,LB,RB",2900000,9000,65,38,55,56,69,72,Young,Average
B. Manu,69,71,25,SV Darmstadt 98,Ghana,"RM,LM,ST",1700000,10000,91,61,57,73,35,67,Adult,Average
E. Wekesser,69,73,24,1. FC Nürnberg,Germany,"LB,CAM",1900000,5000,73,63,62,66,63,76,Adult,Average
K. Nisbet,69,72,25,Hibernian,Scotland,ST,1900000,5000,67,71,63,67,37,71,Adult,Average
A. Barison,69,71,27,Südtirol,Italy,CB,1500000,2000,64,42,49,54,71,70,Adult,Average
T. Bradshaw,69,69,29,Millwall,Wales,ST,1400000,9000,78,68,51,68,30,68,Adult,Average
N. Quagliata,69,77,23,PAOK,Uruguay,"CAM,LW",3100000,600,68,60,69,74,38,42,Adult,Average
J. Schöppner,69,77,23,1. FC Heidenheim 1846,Germany,CDM,2900000,9000,66,57,63,62,66,79,Adult,Average
O. Albornoz,69,70,26,Junior FC,Colombia,"LM,LB",1600000,2000,78,60,62,69,51,72,Adult,Average
A. Gogia,69,69,30,SG Dynamo Dresden,Germany,"RM,RW,LM",1300000,5000,70,67,65,75,28,59,Senior,Average
D. Velkovski,69,71,27,Ettifaq FC,North Macedonia,CB,1500000,13000,56,35,63,51,69,74,Adult,Average
F. Kudryashov,69,69,35,Antalyaspor,Russia,"CB,LB",375000,8000,70,45,60,63,69,75,Senior,Average
D. Sorescu,69,72,24,Raków Częstochowa,Romania,"RM,RWB",1900000,6000,86,67,64,68,60,72,Adult,Average
P. Lima,69,69,31,La Equidad,Uruguay,"CDM,CM,CAM",975000,1000,60,49,66,59,61,72,Senior,Average
A. Bajic,69,69,26,SK Rapid Wien,Austria,"RM,ST",1500000,14000,86,65,63,65,50,68,Adult,Average
R. Ruiz Rodríguez,69,79,22,Atlético Tucumán,Argentina,"ST,LM",3200000,6000,75,67,65,69,36,66,Young,Average
J. Méndez,69,69,27,Independiente Medellín,Uruguay,CM,1500000,2000,68,59,65,70,66,75,Adult,Average
C. Lang,69,75,23,Wigan Athletic,England,"RM,ST",2200000,5000,82,65,60,69,38,69,Adult,Average
A. Reyes,69,78,22,New York Red Bulls,Colombia,CB,2900000,3000,76,33,40,47,68,80,Young,Average
J. Young,69,69,36,Western United FC,England,GK,150000,1000,68,67,64,70,48,66,Senior,Average
F. Pogba,69,69,31,ATK Mohun Bagan FC,Guinea,CB,950000,2000,59,41,58,56,67,82,Senior,Average
A. Parmak,69,72,27,Gazişehir Gaziantep F.K.,Turkey,"CDM,CM",1600000,14000,75,65,68,70,68,68,Adult,Average
F. Domínguez,69,75,24,Defensa y Justicia,Uruguay,"RM,RWB,RB",2200000,8000,83,54,62,70,58,66,Adult,Average
B. Vătăjelu,69,69,29,Universitatea Craiova,Romania,"RB,LB",1200000,7000,84,62,66,70,64,68,Adult,Average
I. Boura,69,76,21,Racing Club de Lens,France,LWB,2700000,9000,74,47,57,72,63,65,Young,Average
Lucas Taylor,69,69,27,Shakhtar Donetsk,Brazil,RB,1300000,500,83,62,62,69,63,65,Adult,Average
Alexandre Penetra,69,80,20,Futebol Clube de Famalicão,Portugal,CB,2900000,3000,65,29,46,45,70,70,Young,Average
Iván Azón,69,81,19,Real Zaragoza,Spain,"ST,LM",3300000,4000,67,68,53,63,37,82,Young,Average
S. Ambrosius,69,75,23,Karlsruher SC,Ghana,CB,2000000,6000,70,30,45,52,68,75,Adult,Average
J. Gélin,69,74,25,Amiens SC,France,"CB,CDM",1800000,3000,45,36,66,61,70,65,Adult,Average
B. Omrani,69,69,28,FCSB (Steaua),Algeria,"RW,ST,LW",1400000,9000,69,66,67,68,33,81,Adult,Average
B. Berríos,69,76,24,CD Everton de Viña del Mar,Chile,"CM,CDM,RB",2800000,2000,69,51,65,70,68,71,Adult,Average
J. Bachmann,69,70,26,SV Sandhausen,Germany,"CDM,CAM,CM",1500000,4000,61,55,58,57,67,82,Adult,Average
G. Sio,69,69,33,FC Sion,Côte d'Ivoire,"RM,ST",875000,12000,71,70,67,70,29,72,Senior,Average
C. Ogbene,69,74,25,Rotherham United,Republic of Ireland,"RWB,ST",1900000,8000,91,58,62,70,56,73,Adult,Average
J. Concha,69,77,23,Club Alianza Lima,Peru,"CAM,CM",3100000,500,72,68,66,69,45,64,Adult,Average
B. Kutlu,69,74,24,Galatasaray SK,Turkey,"CM,CDM",2100000,23000,75,61,60,66,68,72,Adult,Average
J. Leiva,69,69,28,Universidad Católica,Chile,"CM,CDM",1400000,6000,72,61,69,70,49,70,Adult,Average
D. Wouters,69,74,25,KV Mechelen,Belgium,"CDM,CB,CM",1900000,10000,47,37,58,60,68,75,Adult,Average
J. Gyamerah,69,70,27,1. FC Nürnberg,Germany,"RB,LB,CB",1500000,6000,71,44,60,68,67,67,Adult,Average
V. Parigini,69,70,26,Como,Italy,"LM,ST,RM",1600000,3000,75,66,60,74,32,59,Adult,Average
F. Fagúndez,69,80,21,Club Nacional de Football,Uruguay,"ST,CAM,CF",3200000,500,73,70,65,68,26,61,Young,Average
W. Gnonto,69,85,18,Leeds United,Italy,"ST,LM",3600000,8000,86,66,61,76,31,64,Young,Average
A. Salazar,69,69,27,Ayacucho,Peru,"RB,CB",1300000,500,72,56,61,69,63,67,Adult,Average
S. Bueno,69,77,23,Girona FC,Uruguay,CB,2900000,9000,50,31,46,50,69,75,Adult,Average
D. Genreau,69,78,23,Toulouse Football Club,Australia,"CM,CAM",3100000,8000,67,59,67,66,64,68,Adult,Average
R. Macagno,69,74,25,Newell's Old Boys,Argentina,GK,1600000,5000,70,67,60,69,30,68,Adult,Average
Sandro Maceira,69,69,30,Club Athletico Paranaense,Brazil,CAM,1300000,8000,70,65,71,70,46,63,Senior,Average
A. Chávez,69,69,31,Club Atlético Banfield,Argentina,ST,1200000,8000,69,72,63,67,36,79,Senior,Average
H. Smolčić,69,80,21,Eintracht Frankfurt,Croatia,CB,2900000,8000,68,28,45,58,69,70,Young,Average
Diogildo Peixe,69,69,22,Atlético Clube Goianiense,Brazil,"CAM,ST",1600000,6000,72,65,65,75,25,58,Young,Average
R. Wintle,69,73,25,Cardiff City,England,"CDM,CM",1800000,14000,69,55,66,65,64,70,Adult,Average
Zhou Dingyang,69,69,28,Chengdu Rongcheng F.C.,Chinese Taipei,CM,1400000,6000,68,64,66,69,71,75,Adult,Average
N. Estévez,69,71,26,Parma,Argentina,"CM,CDM",1700000,3000,65,65,71,70,62,66,Adult,Average
Fali Candé,69,76,24,FC Metz,Guinea Bissau,"LWB,LB,CB",2700000,4000,84,50,60,65,63,73,Adult,Average
L. Taylor,69,69,32,Nottingham Forest,Montserrat,ST,1100000,28000,71,68,56,68,38,67,Senior,Average
A. Nabbout,69,69,29,Melbourne City FC,Australia,"RM,LM",1400000,7000,80,67,63,68,44,78,Adult,Average
D. Bernard,69,80,21,Manchester United,England,"CB,RB",2900000,26000,68,40,52,58,67,79,Young,Average
Adão Salvadaldo,69,72,26,Club Athletico Paranaense,Brazil,"ST,LW",1800000,8000,72,73,51,75,26,51,Adult,Average
A. Bedrane,69,69,30,Damac FC,Algeria,CB,1100000,9000,61,30,51,53,69,70,Senior,Average
F. Becker,69,80,22,TSG Hoffenheim,Germany,CM,3100000,13000,71,52,66,75,55,59,Young,Average
M. Viviani,69,79,21,Benevento,Italy,"CDM,CM",3000000,2000,74,56,70,67,64,62,Young,Average
Marc Cardona,69,70,26,Unión Deportiva Las Palmas,Spain,ST,1700000,6000,74,68,60,69,27,61,Adult,Average
C. Akolo,69,69,27,FC St. Gallen 1879,Congo DR,"RW,RM,ST",1500000,7000,81,66,63,72,27,64,Adult,Average
A. Vidal,69,71,27,Ayacucho,Peru,GK,1300000,500,68,70,70,67,24,68,Adult,Average
G. Angella,69,69,33,Perugia,Italy,CB,675000,2000,33,37,48,50,72,65,Senior,Average
L. Czyborra,69,76,23,Genoa,Germany,"LB,LM",2700000,2000,88,48,60,70,61,68,Adult,Average
G. Acampora,69,69,28,Benevento,Italy,"CM,CDM",1400000,3000,67,66,66,70,59,75,Adult,Average
Tan Long,69,69,34,Changchun Yatai FC,China PR,"RW,LW,ST",650000,6000,76,68,61,70,37,74,Senior,Average
B. Salvareschi,69,77,23,Barracas Central,Argentina,CB,2900000,4000,65,28,49,53,69,74,Adult,Average
Marquinhos,69,79,22,Ferencvárosi TC,Brazil,"CAM,ST",3100000,500,84,67,62,74,27,68,Young,Average
L. Johnsen,69,76,22,Randers FC,Norway,"CDM,CM",2700000,6000,67,53,63,67,66,73,Young,Average
U. Meraş,69,72,26,Beşiktaş JK,Turkey,"LB,LWB",1700000,19000,74,42,60,65,65,73,Adult,Average
K. Anderson,69,69,27,Blackpool,England,"LM,CM,CAM",1500000,7000,83,63,62,71,54,59,Adult,Average
R. Métanire,69,69,32,Minnesota United FC,Madagascar,RB,975000,4000,74,35,64,66,65,75,Senior,Average
A. Cordea,69,76,23,FCSB (Steaua),Romania,"RW,LW",2800000,8000,86,63,65,70,36,67,Adult,Average
Andújar,69,69,30,Tianjin Jinmen Tiger FC,Spain,CB,1100000,5000,55,34,48,54,69,79,Senior,Average
B. Capon,69,69,34,KV Oostende,Belgium,"RWB,CB,RM",500000,6000,66,69,66,65,67,69,Senior,Average
E. Olivera,69,69,32,Atlético Nacional,Argentina,CB,900000,2000,68,43,50,55,70,73,Senior,Average
R. Gurtner,69,69,35,Amiens SC,France,GK,150000,2000,66,67,68,68,42,69,Senior,Average
R. Canouse,69,70,27,D.C. United,United States,"CDM,CM",1400000,4000,65,53,56,65,68,78,Adult,Average
Lee Ki Je,69,69,30,Suwon Samsung Bluewings,Korea Republic,"LWB,LB",1200000,3000,74,57,65,65,62,72,Senior,Average
J. McClean,69,69,33,Wigan Athletic,Republic of Ireland,"LM,LWB",875000,6000,69,64,65,71,62,77,Senior,Average
A. Carrasquilla,69,75,23,Houston Dynamo,Panama,"CM,CDM",2200000,4000,74,61,64,75,58,66,Adult,Average
Bruno Gaspar,69,69,29,Vitória de Guimarães,Angola,"RB,RM",1200000,5000,76,57,65,70,65,66,Adult,Average
David Simão,69,69,32,FC Arouca,Portugal,"CM,CDM",1100000,4000,65,65,71,69,65,68,Senior,Average
F. Pereira,69,79,22,Liverpool Fútbol Club,Uruguay,"RB,CB",3000000,500,71,43,53,61,70,70,Young,Average
F. Mussis,69,69,30,FC Botoşani,Argentina,"CDM,CM",1200000,6000,67,62,66,66,68,73,Senior,Average
R. Jansson,69,69,30,Orlando City Soccer Club,Sweden,CB,1100000,4000,51,28,53,59,71,74,Senior,Average
C. Matsima,69,81,20,FC Lorient,France,CB,3200000,13000,55,34,48,55,69,71,Young,Average
L. Gómez,69,69,26,Argentinos Juniors,Argentina,"RB,RM,LM",1400000,6000,79,60,63,71,63,65,Adult,Average
Á. Martino,69,75,24,Club Atlético Talleres,Argentina,"LM,LB",2200000,7000,75,57,65,73,62,63,Adult,Average
J. Onomah,69,73,25,Fulham,England,"CM,CAM",1900000,23000,65,65,65,74,58,70,Adult,Average
A. Parot,69,69,32,Universidad Católica,Chile,LB,975000,5000,70,60,64,65,66,78,Senior,Average
J. Toledo,69,69,36,Club Atlético Sarmiento,Argentina,ST,475000,5000,43,72,63,61,43,74,Senior,Average
N. Bahoui,69,69,31,AIK,Sweden,"ST,LM",1200000,5000,73,70,65,67,35,72,Senior,Average
A. Jędrzejczyk,69,69,34,Legia Warszawa,Poland,"CB,RB",450000,5000,57,48,57,60,68,79,Senior,Average
C. Rius,69,69,33,Atlético Tucumán,Argentina,RM,875000,6000,72,61,67,71,57,59,Senior,Average
R. Gucher,69,69,31,Pisa,Austria,"CM,CDM,CF",1100000,3000,59,61,64,66,66,70,Senior,Average
S. Córdova,69,74,24,Real Salt Lake,Venezuela,ST,2100000,12000,75,68,54,68,24,63,Adult,Average
R. Brewster,69,78,22,Sheffield United,England,ST,3200000,13000,79,71,55,71,20,61,Young,Average
N. Leiva,69,72,25,Śląsk Wrocław,Spain,"LM,ST",1800000,5000,85,67,67,71,27,58,Adult,Average
Ž. Frelih,69,77,24,GD Chaves,Slovenia,GK,2700000,4000,68,69,64,71,30,71,Adult,Average
C. Ndiaye,69,71,26,Shanghai Port FC,Senegal,"ST,LW",1700000,10000,80,66,54,67,37,79,Adult,Average
A. Fontana,69,70,26,Defensa y Justicia,Argentina,ST,1700000,9000,76,66,57,72,32,68,Adult,Average
A. Gruber,69,69,27,FK Austria Wien,Austria,"CF,RM,ST",1500000,11000,82,68,67,70,34,63,Adult,Average
Dani Barrio,69,69,35,Burgos CF,Spain,GK,150000,2000,69,68,65,71,48,67,Senior,Average
K. Spadanuda,69,72,25,AC Ajaccio,Switzerland,"LM,RM,LW",1800000,9000,73,67,65,70,36,55,Adult,Average
R. Oratmangoen,69,73,24,FC Groningen,Netherlands,"LM,CAM",2000000,4000,77,58,64,70,24,56,Adult,Average
Marc Mateu,69,69,32,SD Huesca,Spain,"LM,LB",1100000,5000,64,68,69,68,64,67,Senior,Average
V. Sasso,69,69,31,Boavista FC,France,CB,950000,7000,37,27,52,50,69,76,Senior,Average
Adrián Bernabé,69,82,21,Parma,Spain,"CM,CAM",3400000,2000,77,65,70,76,55,58,Young,Average
R. Descamps,69,71,26,FC Nantes,France,GK,1300000,9000,73,65,63,71,43,70,Adult,Average
L. Deaux,69,69,33,Dijon FCO,France,"CDM,CM",700000,4000,42,54,63,63,67,80,Senior,Average
G. Evans,69,71,27,Millwall,England,"CDM,CM,CB",1500000,7000,62,61,64,62,68,69,Adult,Average
V. Lobry,69,70,27,AS Saint-Étienne,France,"CAM,CM",1600000,5000,74,66,69,69,52,68,Adult,Average
S. Beltrame,69,69,29,Clube Sport Marítimo,Italy,"CM,CDM,CAM",1400000,6000,71,64,72,73,43,64,Adult,Average
L. Quiñonez,69,69,29,Barcelona Sporting Club,Ecuador,LB,1200000,600,75,62,68,68,65,72,Adult,Average
N. Katterbach,69,77,21,FC Basel 1893,Germany,LB,3000000,8000,71,40,59,74,66,58,Young,Average
F. Renzetti,69,69,34,Modena,Italy,"LB,LM",500000,2000,77,52,67,67,64,64,Senior,Average
R. van Drongelen,69,76,23,F.C. Hansa Rostock,Netherlands,CB,2600000,11000,55,26,56,53,68,73,Adult,Average
K. Adams Nuhu,69,71,27,FC Basel 1893,Ghana,CB,1500000,14000,64,42,54,55,67,80,Adult,Average
M. Riquelme,69,69,33,Club Always Ready,Argentina,"ST,LW",900000,500,74,69,53,65,24,68,Senior,Average
F. Cerro,69,69,34,Club Atlético Aldosivi,Argentina,"CM,CDM",650000,6000,65,60,65,70,65,80,Senior,Average
A. Diallo,69,85,19,Sunderland,Côte d'Ivoire,RM,3600000,23000,81,63,61,74,25,48,Young,Average
Fernando Andrade,69,69,29,FC Porto,Brazil,"LM,ST",1400000,7000,68,71,65,67,26,71,Adult,Average
M. Muheim,69,74,24,Hamburger SV,Switzerland,LB,2000000,6000,72,57,66,66,65,67,Adult,Average
N. Colazo,69,69,31,Gimnasia y Esgrima La Plata,Argentina,"LB,LM,CM",1000000,8000,73,63,70,69,62,67,Senior,Average
X. Arreaga,69,71,27,Seattle Sounders FC,Ecuador,CB,1500000,4000,57,28,49,56,69,73,Adult,Average
B. Caicedo,69,69,30,Independiente del Valle,Ecuador,"LB,LM",1200000,500,82,48,59,63,64,69,Senior,Average
Rober,69,79,21,Deportivo Alavés,Spain,"RM,ST,CAM",3100000,8000,79,64,65,71,26,47,Young,Average
J. Brimmer,69,72,24,Melbourne Victory,Australia,CAM,1900000,5000,69,60,71,68,63,66,Adult,Average
B. Siegrist,69,69,30,Celtic,Switzerland,GK,925000,17000,69,67,63,70,37,70,Senior,Average
A. Cochrane,69,78,22,Heart of Midlothian,England,"LWB,CB",3000000,3000,71,45,65,67,63,65,Young,Average
K. Tshiembe,69,73,25,Brøndby IF,Denmark,CB,1700000,7000,74,40,54,59,66,77,Adult,Average
A. Castro,69,69,28,Club Nacional de Football,Colombia,"LW,RW,RM",1400000,500,81,61,66,72,37,56,Adult,Average
E. Çekiçi,69,74,25,İttifak Holding Konyaspor,Albania,"CAM,CM,CDM",2000000,8000,69,68,69,68,63,54,Adult,Average
T. Kehinde,69,74,24,Randers FC,Nigeria,"RM,LM",2100000,6000,86,58,62,72,40,65,Adult,Average
J. Pereyra,69,77,23,Atlético Tucumán,Argentina,"LM,CM",3100000,7000,65,57,69,67,60,67,Adult,Average
L. Rodríguez,69,69,28,Club Atlético Independiente,Argentina,"LB,LWB",1300000,7000,75,57,65,68,65,67,Adult,Average
R. Allsop,69,69,30,Cardiff City,England,GK,925000,12000,67,68,71,69,42,68,Senior,Average
L. Colombo,69,80,20,Lecce,Italy,ST,3100000,20000,68,70,51,65,29,72,Young,Average
N. Kasanwirjo,69,78,20,FC Groningen,Netherlands,"RB,CB,CDM",2900000,3000,79,42,54,58,69,74,Young,Average
R. McCrorie,69,76,24,Aberdeen,Scotland,"CB,CDM",2600000,4000,77,53,61,65,66,82,Adult,Average
F. Chaïbi,69,82,19,Toulouse Football Club,France,"CAM,CM",3300000,5000,71,61,69,69,67,71,Young,Average
S. Hogan,69,69,30,Birmingham City,Republic of Ireland,ST,1400000,17000,80,65,52,68,30,60,Senior,Average
Ľ. Šatka,69,72,26,Lech Poznań,Slovakia,"CB,RB",1600000,5000,63,29,53,53,69,71,Adult,Average
G. Asís,69,69,26,Club Atlético Independiente,Argentina,"RB,RWB,CM",1400000,7000,77,44,61,69,66,71,Adult,Average
P. Płacheta,69,75,24,Birmingham City,Poland,LM,2200000,17000,92,60,60,70,39,55,Adult,Average
Fafà Picault,69,69,31,Houston Dynamo,United States,"RW,RM,LM",1200000,5000,87,65,62,71,40,49,Senior,Average
P. Kühn,69,69,29,VfL Osnabrück,Germany,GK,950000,2000,69,63,63,75,50,72,Adult,Average
M. Pereira,69,69,38,Club Atlético River Plate,Uruguay,"RB,RWB",300000,500,48,63,69,65,74,66,Senior,Average
H. Bahebri,69,69,29,Al Shabab,Saudi Arabia,LW,1400000,17000,77,69,61,73,46,68,Adult,Average
T. Romanczuk,69,69,30,Jagiellonia Białystok,Poland,"CDM,CM",1200000,5000,60,63,62,62,69,79,Senior,Average
Pedro Amaral,69,73,24,Rio Ave FC,Portugal,LB,1900000,4000,73,46,55,67,68,64,Adult,Average
M. Seegert,69,71,28,SV Waldhof Mannheim 07,Germany,CB,1400000,3000,66,39,54,59,68,75,Adult,Average
M. Roerslev,69,75,23,Brentford,Denmark,"RWB,RB,CB",2100000,16000,69,45,65,66,62,68,Adult,Average
B. Piñatares,69,69,32,Barcelona Sporting Club,Uruguay,"CDM,CM",925000,550,56,54,60,63,66,72,Senior,Average
A. Barreca,69,70,27,Cagliari,Italy,"LB,LM",1500000,2000,70,34,62,70,66,61,Adult,Average
P. Bråtveit,69,73,26,Aarhus GF,Norway,GK,1500000,6000,67,65,72,69,45,69,Adult,Average
E. Koulouris,69,71,26,LASK Linz,Greece,ST,1700000,14000,67,69,56,68,27,63,Adult,Average
R. Tesche,69,69,35,VfL Osnabrück,Germany,"CDM,CM",400000,2000,53,66,67,67,69,70,Senior,Average
V. Fiorillo,69,69,32,US Salernitana 1919,Italy,GK,700000,9000,70,64,61,72,38,67,Senior,Average
Charles de Breito,69,69,34,Cuiabá,Brazil,"CM,CDM",650000,8000,72,53,68,69,65,82,Senior,Average
B. Saller,69,69,29,SSV Jahn Regensburg,Germany,RB,1200000,7000,75,53,65,66,64,66,Adult,Average
Ø. Nyland,69,69,31,Free agent,Norway,GK,0,0,69,68,68,70,47,68,Senior,Average
D. McNamara,69,75,23,Millwall,Republic of Ireland,"RWB,RB",2100000,6000,78,41,59,67,64,66,Adult,Average
I. Mbenza,69,69,26,Royal Charleroi S.C.,Belgium,"RM,LM,ST",1500000,8000,82,67,67,69,36,61,Adult,Average
G. Bayrakdar,69,75,20,Antalyaspor,Turkey,"RM,ST,LM",2200000,9000,73,65,61,69,37,62,Young,Average
K. Andrić,69,70,27,Clermont Foot 63,Serbia,ST,1600000,10000,64,68,53,66,29,70,Adult,Average
F. Miguel,69,72,25,SD Huesca,France,"LB,CB",1700000,5000,71,50,61,67,66,74,Adult,Average
Reinier,69,79,20,Girona FC,Brazil,"CAM,LM,RM",3100000,38000,69,67,65,75,43,65,Young,Average
L. Zingerle,69,69,28,SC Paderborn 07,Germany,GK,1000000,8000,70,66,66,71,42,68,Adult,Average
João Carlos,69,69,27,Estoril Praia,Brazil,ST,1500000,5000,59,70,50,66,18,73,Adult,Average
Allan Sousa,69,72,25,Aalborg BK,Brazil,"RW,LW",1800000,8000,82,63,64,74,24,65,Adult,Average
S. Vines,69,75,23,Royal Antwerp FC,United States,"LB,LWB",2100000,8000,77,33,57,63,66,69,Adult,Average
R. Frosler,69,75,24,Kaizer Chiefs,South Africa,"RB,LB",2100000,500,72,40,61,68,65,56,Adult,Average
R. García,69,69,28,Club Deportes Tolima,Peru,LM,1400000,2000,69,64,67,72,57,58,Adult,Average
K. Wimmer,69,69,29,SK Rapid Wien,Austria,CB,1200000,13000,50,27,57,63,68,75,Adult,Average
S. Mara,69,80,19,Southampton,France,ST,3000000,15000,75,67,53,68,26,67,Young,Average
F. Guerra,69,69,30,LDU Quito,Ecuador,CB,1100000,500,63,43,51,60,69,73,Senior,Average
T. Boyd,69,69,31,1. FC Kaiserslautern,United States,ST,1200000,7000,46,72,43,60,28,78,Senior,Average
I. Maela,69,69,29,Orlando Pirates,South Africa,"LB,CB",1200000,500,69,39,47,66,70,60,Adult,Average
Mario Hernández,69,78,23,Rayo Vallecano,Spain,"RB,CB",3000000,7000,67,31,52,51,70,64,Adult,Average
F. Caligara,69,77,22,Ascoli,Italy,CM,3100000,2000,64,59,65,69,67,70,Young,Average
Hao Junmin,69,69,35,Guangzhou FC,China PR,"CDM,CM",400000,3000,69,69,72,71,61,65,Senior,Average
E. Muñoz,69,69,31,Estudiantes de La Plata,Argentina,CB,950000,6000,51,31,48,49,70,70,Senior,Average
J. Ayoví,69,69,34,Independiente del Valle,Ecuador,ST,675000,600,60,70,58,66,41,72,Senior,Average
F. Calvo,69,69,29,İttifak Holding Konyaspor,Costa Rica,CB,1200000,8000,64,44,60,64,66,79,Adult,Average
A. Al Bishi,69,69,28,Al Ittihad,Saudi Arabia,"RM,LM",1400000,18000,89,59,62,72,28,66,Adult,Average
Renaldo Justinho,69,69,26,América Futebol Clube,Brazil,"CAM,LM",1500000,8000,71,60,68,70,42,56,Adult,Average
A. Grbic,69,72,25,FC Lorient,Austria,ST,1900000,10000,70,71,53,65,31,70,Adult,Average
Y. Bisseck,69,78,21,Aarhus GF,Germany,CB,2900000,5000,64,36,50,58,69,78,Young,Average
M. Vulić,69,74,25,Perugia,Serbia,"CDM,CM",1900000,2000,64,64,69,68,63,64,Adult,Average
T. Ince,69,69,30,Reading,England,"RM,LM,ST",1300000,10000,77,65,64,72,37,57,Senior,Average
G. Kinda,69,69,28,Sporting Kansas City,Israel,"CM,CAM",1400000,5000,78,60,66,77,57,60,Adult,Average
Ignasi Miquel,69,70,29,Granada CF,Spain,CB,1300000,6000,56,35,55,59,69,71,Adult,Average
Heriberto Tavares,69,72,25,SD Ponferradina,Portugal,"RM,RW",1800000,5000,79,70,61,73,30,63,Adult,Average
T. Puchacz,69,76,23,1. FC Union Berlin,Poland,"LWB,LM",2700000,11000,79,64,60,68,62,77,Adult,Average
P. Bochniewicz,69,71,26,SC Heerenveen,Poland,CB,1500000,4000,36,25,52,49,70,77,Adult,Average
M. Dabro,69,71,25,Beijing Guoan FC,Croatia,ST,1800000,10000,81,71,44,67,18,68,Adult,Average
R. Ljubicic,69,77,22,Dinamo Zagreb,Austria,"CDM,CM,LB",3000000,500,69,57,65,69,64,72,Young,Average
S. Niakaté,69,78,22,SC Braga,France,"CB,LB",2900000,4000,69,31,48,62,68,79,Young,Average
L. Grill,69,73,23,1. FC Union Berlin,Germany,GK,1600000,13000,72,64,61,73,40,65,Adult,Average
F. Scaglia,69,69,30,Como,Italy,CB,1100000,2000,55,28,45,52,71,73,Senior,Average
M. Fofana,69,74,24,Amiens SC,Mali,CB,1900000,3000,64,31,54,61,69,76,Adult,Average
N. Obiora,69,69,30,GD Chaves,Nigeria,"CDM,CM",1200000,4000,65,58,59,61,67,75,Senior,Average
M. Pérez Guedes,69,69,30,FBC Melgar,Argentina,"CAM,LM,RM",1300000,500,80,66,70,67,64,67,Senior,Average
M. Hofmann,69,70,28,SK Rapid Wien,Austria,CB,1300000,13000,61,39,51,51,68,76,Adult,Average
N. Stefanelli,69,70,27,AIK,Argentina,"CF,ST,LM",1600000,5000,82,68,59,73,33,70,Adult,Average
Janio Bikel,69,71,27,Vancouver Whitecaps FC,Guinea Bissau,"CDM,CM",1500000,4000,70,43,57,69,67,73,Adult,Average
A. Medina,69,73,24,Liverpool Fútbol Club,Uruguay,"RW,CF",2000000,500,72,66,68,72,50,56,Adult,Average
F. Viviani,69,69,30,Brescia,Italy,"CDM,CM",1200000,2000,60,70,71,70,68,67,Senior,Average
T. Duman,69,72,24,1. FC Nürnberg,Germany,"CAM,CM",1900000,6000,54,67,67,73,53,63,Adult,Average
L. Sosa,69,71,28,Barcelona Sporting Club,Argentina,"CB,LB",1400000,600,69,37,56,58,68,75,Adult,Average
B. Zungu,69,69,29,Mamelodi Sundowns FC,South Africa,"CDM,CM",1200000,600,55,64,68,66,67,74,Adult,Average
T. Lacoux,69,79,20,FC Girondins de Bordeaux,France,"CDM,CM",2900000,3000,68,47,67,68,65,62,Young,Average
R. Piccoli,69,79,21,Hellas Verona,Italy,ST,3200000,16000,72,68,50,63,34,65,Young,Average
M. Brink,69,76,24,Silkeborg IF,Denmark,CM,2800000,5000,65,55,66,69,62,68,Adult,Average
Serginho,69,69,37,Club Deportivo Jorge Wilstermann,Brazil,"LM,LW,ST",450000,500,68,66,66,73,27,54,Senior,Average
Jiang Zhipeng,69,69,33,Shenzhen FC,China PR,"LB,LWB",725000,6000,76,59,67,66,63,67,Senior,Average
Wu Xi,69,69,33,Shanghai Shenhua FC,China PR,"CM,CDM",850000,7000,78,64,68,66,70,78,Senior,Average
Lee Seung Gi,69,69,34,Jeonbuk Hyundai Motors,Korea Republic,"CM,RM,CAM",650000,6000,66,66,71,70,53,62,Senior,Average
P. Ruiz,69,76,23,Real Salt Lake,Argentina,"CDM,CM,LB",2600000,3000,66,58,63,66,67,62,Adult,Average
Luiz Felipe,69,73,25,FC Vizela,Brazil,GK,1500000,2000,70,70,69,69,25,68,Adult,Average
F. Navarro,69,81,22,Chicago Fire Football Club,Argentina,"CDM,CM",3200000,3000,74,47,62,69,68,58,Young,Average
C. Woodrow,69,70,27,Luton Town,England,"ST,LW,RW",1600000,17000,68,71,59,68,30,69,Adult,Average
A. Trajkovski,69,69,29,Al Fayha,North Macedonia,"CF,CAM,LM",1400000,14000,71,72,66,72,26,60,Adult,Average
M. Ledesma,69,74,25,Platense,Argentina,GK,1600000,5000,72,66,62,70,51,68,Adult,Average
M. Osmajić,69,76,22,FC Vizela,Montenegro,"ST,LM,RM",2900000,13000,74,69,59,63,37,71,Young,Average
Pedro Ferreira,69,74,24,Aalborg BK,Portugal,"CDM,CM",1900000,6000,66,44,58,62,67,78,Adult,Average
K. Pröger,69,69,30,F.C. Hansa Rostock,Germany,"RM,ST",1300000,7000,86,66,56,72,38,64,Senior,Average
S. Welsh,69,78,22,Celtic,Scotland,CB,2900000,18000,68,28,54,62,68,73,Young,Average
C. Săpunaru,69,69,38,Rapid București,Romania,"CB,CDM",250000,4000,43,66,65,63,67,77,Senior,Average
I. Sackey,69,70,28,Ümraniyespor,Ghana,"CB,CDM",1300000,7000,49,58,57,58,69,82,Adult,Average
S. Gartenmann,69,73,25,FC Midtjylland,Denmark,CB,1700000,11000,60,33,56,57,68,77,Adult,Average
G. Sirino,69,69,31,Mamelodi Sundowns FC,Uruguay,RW,1200000,700,80,63,64,72,30,62,Senior,Average
F. Romagna,69,72,25,U.S. Sassuolo Calcio,Italy,CB,1600000,13000,52,32,51,57,72,59,Adult,Average
R. Crivello,69,69,30,Palermo,Italy,"LB,LM",1200000,2000,72,44,60,64,64,66,Senior,Average
Latasa,69,79,21,Getafe CF,Spain,ST,3200000,42000,66,69,49,62,21,66,Young,Average
Nosberto Vila,69,69,26,São Paulo,Brazil,"RB,RWB,RM",1400000,15000,60,56,63,68,68,70,Adult,Average
F. Mulić,69,69,27,Seongnam FC,Serbia,ST,1500000,3000,76,69,42,59,29,77,Adult,Average
E. Taşkıran,69,69,32,Kasimpaşa SK,Turkey,GK,700000,6000,70,66,65,71,54,68,Senior,Average
S. Colombatto,69,74,25,Futebol Clube de Famalicão,Argentina,"CM,CDM",2000000,5000,64,59,69,68,61,71,Adult,Average
J. Adamu,69,79,21,FC Red Bull Salzburg,Austria,ST,3200000,11000,81,69,52,67,22,68,Young,Average
D. Hashioka,69,74,23,Sint-Truidense VV,Japan,"RWB,RB,RM",2000000,6000,73,59,64,64,63,75,Adult,Average
L. Lyratzis,69,77,22,PAOK,Greece,RB,3000000,550,78,47,61,66,65,69,Young,Average
R. Pepi,69,83,19,FC Groningen,United States,ST,3300000,8000,71,67,54,67,37,63,Young,Average
M. De Cuyper,69,80,21,KVC Westerlo,Belgium,"LB,LM",3000000,8000,74,66,67,67,59,66,Young,Average
J. Candia,69,69,27,Rosario Central,Uruguay,"ST,RW,LW",1500000,9000,73,70,63,69,36,64,Adult,Average
B. Kadrii,69,69,30,Odense Boldklub,Denmark,ST,1400000,8000,80,67,62,72,48,73,Senior,Average
Lucas Galvão,69,69,31,FK Austria Wien,Brazil,"CB,LB",950000,9000,70,49,61,66,69,71,Senior,Average
U. Çiftçi,69,69,30,Demir Grup Sivasspor,Turkey,LB,1200000,8000,72,50,67,66,65,72,Senior,Average
A. Ndour,69,69,28,FC Sochaux-Montbéliard,Senegal,"LB,RB",1300000,4000,72,32,63,67,67,69,Adult,Average
Víctor Vázquez,69,69,35,LA Galaxy,Spain,"CAM,CM",575000,3000,38,68,76,67,45,55,Senior,Average
M. Andersen,69,72,24,Barnsley,Denmark,CB,1700000,6000,47,34,45,50,69,77,Adult,Average
Kim Kwang Suk,69,69,39,Incheon United FC,Korea Republic,CB,250000,2000,49,42,52,54,69,69,Senior,Average
M. Hiller,69,75,25,TSV 1860 München,Germany,GK,1700000,2000,69,69,60,72,32,70,Adult,Average
J. Tverskov,69,70,29,Odense Boldklub,Denmark,"CB,CDM",1300000,7000,46,43,55,60,69,75,Adult,Average
H. Massengo,69,81,20,Bristol City,France,"CDM,CM",3200000,11000,72,48,65,72,66,65,Young,Average
J. Knudsen,69,69,29,Malmö FF,Denmark,"LB,CB",1200000,4000,67,45,62,60,66,76,Adult,Average
B. Afobe,69,69,29,Millwall,Congo DR,ST,1400000,9000,73,69,59,66,29,75,Adult,Average
J. Moya,69,69,29,Club Deportes Tolima,Colombia,CB,1200000,2000,43,33,44,46,71,68,Adult,Average
B. Mitrea,68,68,34,Universitatea Craiova,Romania,CB,400000,6000,54,55,56,49,68,74,Senior,Average
João Correia,68,71,25,GD Chaves,Portugal,"RB,RM,RW",1500000,3000,81,52,60,68,64,43,Adult,Average
P. Reyna,68,77,20,FBC Melgar,Peru,"LB,LM",2500000,500,81,38,61,56,61,66,Young,Average
M. Romeo,68,69,26,Cardiff City,Antigua and Barbuda,"RB,RWB",1300000,12000,81,47,61,65,62,69,Adult,Average
B. Sigurðarson,68,68,31,Molde FK,Iceland,ST,1000000,4000,72,68,61,70,38,69,Senior,Average
C. Bărbuț,68,68,27,Sepsi OSK Sf. Gheorghe,Romania,"RW,RM,LW",1300000,6000,93,62,59,67,30,57,Adult,Average
C. Gebauer,68,68,28,DSC Arminia Bielefeld,Austria,"RM,LM,ST",1200000,8000,88,63,59,66,49,65,Adult,Average
C. Bedia,68,71,26,Servette FC,Côte d'Ivoire,"ST,CF",1600000,8000,76,67,54,65,33,74,Adult,Average
Kim Oh Gyu,68,68,33,Jeju United FC,Korea Republic,CB,575000,3000,69,41,57,48,67,82,Senior,Average
K. Molino,68,68,32,Columbus Crew,Trinidad and Tobago,"CAM,LM,RM",950000,4000,70,68,65,70,49,65,Senior,Average
D. Kotarski,68,78,22,PAOK,Croatia,GK,2300000,500,67,65,62,69,32,69,Young,Average
F. Balogun,68,79,20,Stade de Reims,England,ST,2700000,22000,77,68,51,67,21,62,Young,Average
Odei,68,68,32,Hyderabad FC,Spain,CB,775000,850,58,34,47,48,70,76,Senior,Average
S. Magnasco,68,68,29,Unión Española,Chile,"RB,LB",1100000,2000,84,44,58,66,62,79,Adult,Average
A. Merkel,68,68,30,Gazişehir Gaziantep F.K.,Kazakhstan,"CDM,CM",1000000,7000,65,61,72,70,61,65,Senior,Average
S. Rodríguez,68,78,22,Godoy Cruz,Uruguay,ST,2700000,5000,61,69,52,62,30,68,Young,Average
A. Mazzotta,68,68,32,Bari,Italy,"LB,LM",825000,2000,77,55,63,67,62,68,Senior,Average
D. Ball,68,68,32,Wellington Phoenix,England,"ST,RM,CAM",975000,2000,73,66,64,68,52,77,Senior,Average
José Fontán,68,77,22,Go Ahead Eagles,Spain,"CB,LB",2500000,7000,61,45,60,62,71,56,Young,Average
L. Wahlqvist,68,73,25,IFK Norrköping,Sweden,"CB,RWB",1600000,3000,76,51,63,64,67,76,Adult,Average
L. Acevedo,68,68,30,Club Atlético Colón,Argentina,CB,1000000,5000,42,38,41,38,66,82,Senior,Average
Bruno Langa,68,75,24,GD Chaves,Mozambique,LB,2300000,3000,81,34,54,68,64,63,Adult,Average
Crivellaro,68,68,33,Chennaiyin FC,Brazil,CAM,750000,1000,50,67,69,67,45,69,Senior,Average
L. Comas,68,68,27,Guaireña FC,Argentina,"LM,RW,RM",1300000,500,83,66,62,69,25,42,Adult,Average
S. Maguire,68,68,28,Preston North End,Republic of Ireland,"ST,LM",1200000,15000,87,63,56,72,36,65,Adult,Average
F. Melchiorri,68,68,35,Perugia,Italy,ST,525000,2000,74,69,49,65,34,62,Senior,Average
D. Reimann,68,71,25,1. FC Magdeburg,Germany,GK,1200000,4000,68,66,73,68,45,70,Adult,Average
K. Dermaku,68,68,30,Lecce,Albania,CB,1000000,6000,42,38,47,45,70,72,Senior,Average
M. Diaby,68,72,25,Portimonense SC,France,CDM,1500000,3000,32,45,52,52,69,78,Adult,Average
A. Chicaiza,68,68,30,Delfín Sporting Club,Ecuador,"CAM,LW,ST",1200000,500,70,67,68,70,41,60,Senior,Average
C. Cresswell,68,81,19,Millwall,England,CB,2700000,7000,52,27,49,51,66,74,Young,Average
R. Alm,68,68,26,IF Elfsborg,Sweden,"RW,LW",1300000,3000,83,62,63,70,38,63,Adult,Average
G. Gigliotti,68,68,32,Bari,France,CB,775000,2000,74,44,58,58,68,72,Senior,Average
C. Martin,68,68,33,Bristol City,Scotland,ST,775000,15000,34,71,59,63,43,73,Senior,Average
S. Camara,68,69,29,Demir Grup Sivasspor,Mali,CB,1100000,7000,59,39,51,52,66,78,Adult,Average
Y. Ngbakoto,68,68,30,Western Sydney Wanderers,Congo DR,"RM,LM,ST",1200000,5000,74,66,65,68,25,65,Senior,Average
S. Lomónaco,68,75,23,Arsenal de Sarandí,Argentina,"ST,LM,RM",2400000,5000,79,67,59,72,27,59,Adult,Average
J. Lawrence-Gabriel,68,74,23,Blackpool,England,RB,1800000,5000,83,34,52,64,63,67,Adult,Average
A. Badji,68,74,24,FC Girondins de Bordeaux,Senegal,ST,1900000,3000,86,68,42,66,26,83,Adult,Average
Rodrigo Guth,68,75,21,Fortuna Sittard,Brazil,CB,2300000,4000,63,38,51,52,70,68,Young,Average
J. de Kamps,68,68,30,Lechia Gdańsk,Netherlands,"CDM,CM",1000000,4000,67,47,56,65,66,76,Senior,Average
B. Douglas,68,68,32,Lech Poznań,Scotland,LB,825000,4000,63,64,69,67,65,62,Senior,Average
T. Baribo,68,73,24,RZ Pellets Wolfsberger AC,Israel,ST,1800000,7000,71,69,45,66,19,67,Adult,Average
F. Moyano,68,71,24,Argentinos Juniors,Argentina,"CM,CDM",1600000,5000,68,54,67,70,66,69,Adult,Average
T. Martínez,68,68,27,Club Atlético Aldosivi,Argentina,"CM,CAM,RM",1300000,5000,70,63,68,71,51,52,Adult,Average
T. Knipping,68,68,29,SG Dynamo Dresden,Germany,CB,1000000,4000,51,33,48,50,68,76,Adult,Average
Y. Cumaná,68,71,26,Deportivo La Guaira FC,Venezuela,"LB,LM,LW",1500000,500,78,64,65,69,63,61,Adult,Average
J. Obrian,68,68,27,FC Dallas,Colombia,"RM,LM",1300000,4000,90,64,59,69,36,60,Adult,Average
R. Drăgușin,68,83,20,Genoa,Romania,CB,2700000,20000,71,33,45,54,69,70,Young,Average
Gabriel Pereira,68,79,20,New York City FC,Brazil,"RM,RW",2600000,3000,78,54,63,71,35,52,Young,Average
M. Chiatti,68,69,29,Independiente Petrolero,Argentina,CB,1100000,500,62,31,58,53,66,71,Adult,Average
A. Kadri,68,77,22,KV Kortrijk,Algeria,"CAM,CM",2700000,6000,74,64,67,73,58,56,Young,Average
J. Lawrence,68,68,29,1. FC Nürnberg,Wales,CB,1000000,5000,56,29,61,56,68,71,Adult,Average
M. Lešković,68,68,31,Kerala Blasters FC,Croatia,CB,825000,1000,63,25,36,43,69,71,Senior,Average
G. Bettini,68,68,29,Club Atlético Sarmiento,Argentina,RB,1100000,5000,64,42,62,65,64,64,Adult,Average
D. Granli,68,70,28,Aalborg BK,Norway,CB,1200000,6000,67,50,60,61,67,75,Adult,Average
M. Ben Ouanes,68,68,27,Kasimpaşa SK,Tunisia,"RM,LB,LM",1300000,6000,73,60,67,68,65,65,Adult,Average
D. Otto,68,76,23,FC St. Pauli,Germany,ST,2700000,7000,73,68,55,66,27,62,Adult,Average
H. Darling,68,76,22,Swansea City,England,CB,2500000,9000,69,45,55,60,67,75,Young,Average
Héber,68,68,30,New York City FC,Brazil,ST,1200000,4000,65,67,55,65,32,69,Senior,Average
M. Schulz,68,71,27,Holstein Kiel,Germany,"CDM,CB,CM",1400000,8000,64,67,63,67,67,69,Adult,Average
E. Burgos,68,68,30,Málaga CF,Argentina,CB,1000000,4000,43,47,47,53,67,84,Senior,Average
T. Melia,68,68,36,Sporting Kansas City,United States,GK,130000,2000,70,68,65,65,38,74,Senior,Average
M. Bordeianu,68,68,30,CFR Cluj,Romania,"CDM,CM",1000000,6000,68,54,64,65,62,74,Senior,Average
X. Mous,68,70,26,SC Heerenveen,Netherlands,GK,1100000,3000,65,68,67,69,39,65,Adult,Average
S. Ngouali,68,68,30,Sarpsborg 08 FF,Gabon,"CM,CDM",1200000,2000,67,60,65,70,65,74,Senior,Average
Jorge Teixeira,68,68,35,Sint-Truidense VV,Portugal,CB,325000,4000,33,44,60,46,70,73,Senior,Average
F. Negri,68,69,27,Godoy Cruz,Argentina,"LB,LM",1300000,4000,73,58,64,66,64,63,Adult,Average
D. Petrovič,68,73,24,SK Rapid Wien,Slovenia,"CDM,CM",1700000,9000,69,55,69,68,60,68,Adult,Average
F. Schnellhardt,68,68,28,SV Darmstadt 98,Germany,CM,1200000,9000,66,63,66,72,57,70,Adult,Average
B. Farioli,68,69,24,Club Atlético Colón,Argentina,"RM,CAM,LM",1500000,5000,70,58,67,72,38,49,Adult,Average
Lee Yeong Jae,68,68,27,Sangju Sangmu FC,Korea Republic,"CM,CDM,CAM",1300000,4000,75,60,66,72,55,61,Adult,Average
N. Schmidt,68,73,24,SV Werder Bremen,Germany,"CAM,CM,CF",1800000,9000,58,67,71,70,44,62,Adult,Average
N. Neidhart,68,68,27,F.C. Hansa Rostock,Germany,"RB,LB,RWB",1200000,6000,72,54,60,68,64,65,Adult,Average
S. Ghoddos,68,68,28,Brentford,Iran,"CAM,LM,RM",1200000,18000,61,71,68,68,52,66,Adult,Average
F. Onyedinma,68,71,25,Luton Town,Nigeria,"LW,LWB",1600000,14000,87,62,62,69,43,67,Adult,Average
G. Campi,68,68,31,San Lorenzo de Almagro,Argentina,CB,825000,6000,39,45,60,60,69,77,Senior,Average
M. Kjaergaard,68,84,19,FC Red Bull Salzburg,Denmark,"CAM,CM",3100000,6000,74,66,67,68,58,71,Young,Average
F. Aksoy,68,74,24,Aytemiz Alanyaspor,Turkey,"CDM,CB",1800000,7000,37,42,55,60,70,70,Adult,Average
J. O'Shea,68,68,33,Brisbane Roar,Republic of Ireland,"CM,ST",750000,3000,65,63,69,71,43,72,Senior,Average
I. Gruev,68,74,22,SV Werder Bremen,Bulgaria,"CDM,LM",1800000,8000,63,48,63,65,66,62,Young,Average
D. Abiama,68,76,23,SpVgg Greuther Fürth,Nigeria,ST,2700000,5000,82,67,43,67,23,63,Adult,Average
P. Frick,68,68,30,IF Elfsborg,Sweden,ST,1200000,3000,74,65,58,61,36,83,Senior,Average
R. Jureskin,68,77,21,Pisa,Croatia,"LB,LM",2600000,1000,83,51,63,68,59,63,Young,Average
Kim Moon Hwan,68,69,26,Jeonbuk Hyundai Motors,Korea Republic,"RB,RWB",1300000,5000,86,54,61,70,60,60,Adult,Average
A. Idah,68,75,21,Norwich City,Republic of Ireland,ST,2500000,14000,77,68,44,63,23,72,Young,Average
A. McCann,68,75,22,Preston North End,Northern Ireland,CM,2400000,12000,70,59,63,68,65,70,Young,Average
N. Ferguson,68,75,21,Crystal Palace,England,"LB,RB",2300000,13000,62,36,55,64,68,67,Young,Average
C. Burke,68,68,30,Philadelphia Union,Jamaica,ST,1200000,4000,73,67,41,61,25,72,Senior,Average
S. Tigges,68,73,23,1. FC Köln,Germany,ST,1800000,10000,57,67,56,56,43,80,Adult,Average
A. Beghetto,68,68,27,Perugia,Italy,"LM,LB",1300000,2000,81,49,64,66,60,64,Adult,Average
Y. Orozco,68,68,31,Club Deportes Tolima,Venezuela,"LM,CAM,LW",1000000,2000,70,65,65,71,31,38,Senior,Average
João Victor,68,68,33,Hyderabad FC,Brazil,"CDM,CM,CB",600000,850,43,51,63,57,65,82,Senior,Average
E. Simms,68,78,21,Sunderland,England,ST,2700000,12000,74,68,52,65,25,73,Young,Average
E. Koljić,68,69,26,Universitatea Craiova,Bosnia and Herzegovina,ST,1400000,7000,57,69,52,61,33,74,Adult,Average
S. Okazaki,68,68,36,Sint-Truidense VV,Japan,"ST,CAM,LM",400000,5000,56,67,66,69,50,65,Senior,Average
R. Wolf,68,68,34,Fortuna Düsseldorf,Germany,GK,210000,7000,70,66,65,67,34,68,Senior,Average
R. Raveloson,68,71,25,AJ Auxerre,Madagascar,"CDM,CM,CB",1400000,7000,74,61,63,71,65,72,Adult,Average
B. Potts,68,68,27,Preston North End,England,"RWB,RB",1200000,12000,72,65,66,67,61,76,Adult,Average
J. Mlakar,68,74,23,Hajduk Split,Slovenia,ST,1900000,500,71,69,52,64,25,63,Adult,Average
G. Gardner,68,68,30,Birmingham City,England,CM,1200000,14000,52,66,68,65,66,74,Senior,Average
N. Soldo,68,75,21,1. FC Köln,Croatia,CB,2300000,7000,60,31,54,54,70,68,Young,Average
S. Knežević,68,74,25,Royal Charleroi S.C.,Switzerland,CB,1700000,6000,53,37,49,63,67,75,Adult,Average
M. Milovanović,68,77,18,Unión Deportiva Almería,Serbia,ST,2600000,5000,60,69,47,66,21,63,Young,Average
F. Dagerstål,68,75,25,Lech Poznań,Sweden,"CB,CDM",2200000,4000,63,43,59,59,68,76,Adult,Average
S. Mijnans,68,77,22,Sparta Rotterdam,Netherlands,"RM,CM",2700000,4000,76,61,65,68,56,61,Young,Average
S. Obeng,68,73,25,Real Oviedo,Ghana,"ST,LM",1800000,5000,82,69,47,60,24,78,Adult,Average
S. Al Sheeb,68,68,32,Free agent,Qatar,GK,0,0,71,65,68,65,48,66,Senior,Average
Tiago Gouveia,68,83,21,Estoril Praia,Portugal,"RW,LW",3000000,5000,84,63,57,71,28,54,Young,Average
J. Beste,68,76,23,1. FC Heidenheim 1846,Germany,"CAM,RM,LB",2700000,9000,77,58,65,73,58,62,Adult,Average
Melvin Regalito,68,68,30,Club Athletico Paranaense,Brazil,"CAM,LM,CM",1200000,7000,63,60,66,69,30,66,Senior,Average
Atienza,68,77,23,Burgos CF,Spain,"CDM,CM",2500000,3000,56,61,60,66,62,68,Adult,Average
J. Florentín,68,71,25,Vélez Sarsfield,Paraguay,CM,1600000,6000,73,67,60,71,57,70,Adult,Average
V. Hammershøy-Mistrati,68,68,30,CFR Cluj,Denmark,"CAM,CM",1200000,7000,64,67,67,71,62,70,Senior,Average
A. Dobre,68,74,23,Dijon FCO,Romania,"LM,ST",1900000,3000,78,69,63,70,44,68,Adult,Average
K. Haug,68,74,24,Toulouse Football Club,Norway,GK,1500000,5000,69,67,68,69,45,68,Adult,Average
G. Åsen,68,68,31,Lillestrøm SK,Norway,"LM,CM",1000000,3000,58,64,69,69,50,67,Senior,Average
M. Bejarano,68,68,34,Royal Pari,Bolivia,"LB,LWB,LM",450000,500,70,57,56,62,64,63,Senior,Average
A. Dedić,68,79,19,FC Red Bull Salzburg,Bosnia and Herzegovina,"LB,RB",2500000,5000,83,57,64,69,60,70,Young,Average
C. Drameh,68,81,20,Leeds United,England,"RWB,RB",2800000,10000,78,35,57,64,62,70,Young,Average
W. Clar,68,69,27,Club Atlético River Plate,Paraguay,"LB,LWB",1300000,500,62,36,63,66,67,70,Adult,Average
L. Campana,68,75,22,Inter Miami CF,Ecuador,ST,2500000,25000,67,69,48,65,29,64,Young,Average
M. Sollbauer,68,68,32,SK Rapid Wien,Austria,CB,775000,11000,50,28,45,51,68,78,Senior,Average
T. Derijck,68,68,35,SV Zulte Waregem,Belgium,CB,325000,4000,33,46,50,52,72,68,Senior,Average
Delmás,68,69,27,FC Cartagena,Spain,"RB,RM",1300000,4000,75,36,58,67,62,69,Adult,Average
G. Torres,68,68,33,CD Antofagasta,Panama,"ST,LW",775000,4000,83,67,60,66,32,73,Senior,Average
I. Coulibaly,68,77,21,Sheffield United,Mali,"CM,CDM",2700000,9000,78,64,63,71,63,67,Young,Average
Álex Sola,68,77,23,Real Sociedad,Spain,"RB,RM,LM",2600000,9000,72,59,59,70,61,74,Adult,Average
D. Tadić,68,68,32,TSV Egger Glas Hartberg,Austria,ST,975000,5000,65,70,62,67,29,72,Senior,Average
R. Niczuly,68,72,26,Sepsi OSK Sf. Gheorghe,Romania,GK,1300000,4000,68,66,70,69,32,67,Adult,Average
A. Pululu,68,75,23,SpVgg Greuther Fürth,Angola,"LM,ST",2400000,4000,88,62,57,72,26,65,Adult,Average
D. Burgzorg,68,73,23,1. FSV Mainz 05,Netherlands,"ST,LW",1800000,10000,79,63,56,74,36,68,Adult,Average
B. Bolingoli,68,69,27,KV Mechelen,Belgium,LB,1300000,6000,81,57,61,69,61,72,Adult,Average
T. Blackmon,68,73,25,Vancouver Whitecaps FC,United States,"CB,RB",1600000,3000,88,42,59,67,65,75,Adult,Average
Noguera,68,68,32,Mumbai City FC,Spain,"CAM,CM",950000,2000,73,62,66,69,57,58,Senior,Average
J. Bennette,68,80,18,Sunderland,Costa Rica,LM,2800000,3000,79,55,61,70,27,46,Young,Average
M. Frýdek,68,68,30,FC Luzern,Czech Republic,"LB,CDM",1000000,6000,70,63,65,65,63,74,Senior,Average
S. Hanca,68,68,30,Universitatea Craiova,Romania,"RM,LM",1200000,7000,78,64,66,68,53,70,Senior,Average
M. García,68,75,23,Minnesota United FC,Colombia,ST,2400000,4000,86,68,45,66,25,68,Adult,Average
A. Forrest,68,69,25,Heart of Midlothian,Scotland,"LW,RW",1400000,4000,83,64,62,69,46,55,Adult,Average
P. Almqvist,68,74,22,Pogoń Szczecin,Sweden,"ST,LM,RM",2000000,4000,87,64,64,71,38,53,Young,Average
B. Radunović,68,70,26,Cagliari,Serbia,GK,1100000,2000,69,68,64,71,42,69,Adult,Average
L. Otormín,68,71,25,Defensa y Justicia,Uruguay,"CF,RW,CAM",1600000,7000,77,69,65,70,27,57,Adult,Average
Carlos Ruiz,68,68,38,CD Tenerife,Spain,CB,220000,3000,63,53,56,57,66,79,Senior,Average
A. Prass,68,77,21,SK Sturm Graz,Austria,"CM,LM",2700000,7000,71,61,67,68,63,74,Young,Average
M. Zeffane,68,68,30,Clermont Foot 63,Algeria,"RB,LB",1000000,7000,72,61,65,66,64,66,Senior,Average
D. Cerén,68,68,32,Houston Dynamo,El Salvador,"CDM,CM",800000,3000,46,57,62,62,63,71,Senior,Average
N. Oroz,68,68,28,Racing Club,Argentina,"CAM,LW,RW",1200000,8000,73,58,66,72,52,57,Adult,Average
W. Harding,68,71,25,Rotherham United,Jamaica,"CB,RWB",1400000,7000,75,40,54,60,66,78,Adult,Average
Antonaldo Laforte,68,68,30,Fluminense,Brazil,"CAM,CM",1200000,9000,63,65,68,61,26,72,Senior,Average
S. Sadzoute,68,75,24,Nîmes Olympique,France,"LWB,LM,RM",2300000,5000,77,46,59,67,62,62,Adult,Average
M. Kieftenbeld,68,68,32,FC Emmen,Netherlands,"CDM,CM",800000,4000,56,65,63,64,68,73,Senior,Average
K. Palmer,68,71,25,Coventry City,Jamaica,"CAM,LM,RM",1600000,9000,71,63,67,71,46,61,Adult,Average
C. Morris,68,71,26,Luton Town,England,"ST,LW",1600000,15000,75,66,50,65,32,73,Adult,Average
V. Crețu,68,68,33,FCSB (Steaua),Romania,RB,625000,6000,85,29,50,58,63,78,Senior,Average
L. Lochoshvili,68,73,24,US Cremonese,Georgia,CB,1600000,4000,53,28,39,44,67,79,Adult,Average
Borja López,68,70,28,SV Zulte Waregem,Spain,CB,1200000,6000,59,47,51,49,68,78,Adult,Average
Jin Jingdao,68,68,29,Shandong Taishan,China PR,"RM,CM",1200000,9000,76,57,64,67,66,66,Adult,Average
E. Smith,68,72,25,FC St. Pauli,Sweden,"CDM,CM",1500000,7000,58,56,61,62,62,75,Adult,Average
P. Ng,68,71,26,Cardiff City,England,"CB,RB",1400000,12000,75,45,61,65,67,72,Adult,Average
K. Boutaïb,68,68,35,Paris FC,Morocco,ST,525000,4000,50,68,60,67,36,75,Senior,Average
A. Duarte,68,70,28,Club Sporting Cristal,Peru,GK,1000000,500,68,70,62,67,25,64,Adult,Average
E. Fernández,68,83,19,Club Atlético Tigre,Argentina,"CDM,CM",2700000,3000,62,43,61,65,67,68,Young,Average
B. Amione,68,81,20,U.C. Sampdoria,Argentina,CB,2700000,7000,64,36,51,45,66,78,Young,Average
Shi Ke,68,68,29,Shandong Taishan,China PR,CB,1000000,8000,68,27,44,47,67,75,Adult,Average
H. Ghacha,68,69,26,Antalyaspor,Algeria,"RM,RW",1400000,10000,73,61,65,74,31,52,Adult,Average
M. Corozo,68,68,29,LDU Quito,Ecuador,CB,1000000,500,67,57,67,62,66,74,Adult,Average
Oh Ban Suk,68,68,34,Incheon United FC,Korea Republic,CB,400000,2000,34,24,39,50,70,73,Senior,Average
M. Pardo,68,68,26,Patronato,Argentina,"LM,RM",1300000,7000,79,60,62,70,24,50,Adult,Average
Li Lei,68,68,30,Grasshopper Club Zürich,China PR,"LB,LWB",1000000,5000,75,44,64,64,65,75,Senior,Average
B. Zolinski,68,68,30,1. FC Kaiserslautern,Germany,"LM,ST,RM",1200000,6000,74,66,61,67,60,77,Senior,Average
C. Nelson,68,68,29,Cardiff City,England,CB,1000000,13000,68,36,50,58,67,80,Adult,Average
R. Williams,68,68,33,Western Sydney Wanderers,Australia,CB,575000,4000,55,50,58,61,66,77,Senior,Average
G. Paz,68,68,29,Barracas Central,Argentina,"CB,LB",1000000,5000,70,48,60,62,68,71,Adult,Average
J. Mahecha,68,68,34,La Equidad,Colombia,"CDM,CM",400000,900,52,61,68,66,66,63,Senior,Average
H. Dorrego,68,68,29,Club Deportivo Oriente Petrolero,Uruguay,"CM,RM",1200000,500,70,68,70,69,61,64,Adult,Average
Nacho Gil,68,68,26,New England Revolution,Spain,"LM,RM,CM",1300000,4000,78,65,64,69,40,43,Adult,Average
M. Thalhammer,68,72,24,SSV Jahn Regensburg,Germany,"CDM,CM",1600000,5000,62,46,59,62,64,74,Adult,Average
D. Williams,68,68,29,LA Galaxy,Republic of Ireland,CB,1000000,4000,66,46,58,63,65,78,Adult,Average
Jofre Carreras,68,77,21,CD Mirandés,Spain,"RM,LM,ST",2700000,6000,79,65,59,73,35,61,Young,Average
R. Norrington-Davies,68,76,23,Sheffield United,Wales,"LWB,LB",2600000,9000,74,43,57,62,64,67,Adult,Average
Paulo Daineiro,68,68,26,Ceará Sporting Club,Brazil,CAM,1300000,6000,87,56,63,74,33,42,Adult,Average
J. Porozo,68,77,21,ESTAC Troyes,Ecuador,CB,2500000,5000,62,31,36,40,69,74,Young,Average
A. Trezza,68,77,23,Club Nacional de Football,Uruguay,"RW,LW,RB",2700000,500,89,61,60,65,50,67,Adult,Average
F. Cordero,68,68,34,Deportivo Ñublense,Chile,"LB,CM",450000,3000,67,58,68,70,63,65,Senior,Average
J. Meram,68,68,33,Real Salt Lake,Iraq,LM,750000,4000,69,66,65,71,58,68,Senior,Average
P. Míguez,68,68,35,Club Alianza Lima,Uruguay,"CB,CDM",325000,500,61,55,61,62,68,74,Senior,Average
F. Martínez,68,68,37,C.D. Universidad Católica del Ecuador,Argentina,"CM,CDM,CAM",375000,500,52,64,70,62,58,63,Senior,Average
H. Pehlivan,68,68,28,Gazişehir Gaziantep F.K.,Turkey,"LWB,LB",1100000,7000,70,50,57,62,63,69,Adult,Average
S. Floranus,68,74,23,Antalyaspor,Netherlands,"RB,LB",1800000,8000,85,46,58,68,61,73,Adult,Average
M. Bjørnbak,68,68,30,Molde FK,Norway,CB,1000000,3000,40,47,57,51,66,80,Senior,Average
L. Gechter,68,82,18,Hertha BSC,Germany,CB,2600000,3000,66,32,49,48,69,70,Young,Average
N. Castro,68,80,21,KRC Genk,Argentina,"CM,LW",3000000,5000,63,68,70,68,47,59,Young,Average
J. Bursik,68,79,21,Stoke City,England,GK,2300000,6000,67,66,66,69,40,65,Young,Average
S. Marinović,68,68,30,Free agent,New Zealand,GK,0,0,71,59,58,74,47,64,Senior,Average
M. Zeidan,68,73,24,Malmö FF,Sweden,"CM,CAM",1800000,3000,69,65,69,74,55,64,Adult,Average
Igor Julião,68,68,27,FC Vizela,Brazil,RB,1200000,2000,78,47,60,70,62,61,Adult,Average
P. Olkowski,68,68,32,Górnik Zabrze,Poland,"RWB,RM",825000,3000,72,57,63,66,64,69,Senior,Average
R. Zambrano,68,68,29,Mushuc Runa,Ecuador,"LB,LM",1100000,500,80,49,58,65,65,63,Adult,Average
K. Imeri,68,77,22,BSC Young Boys,Switzerland,"CM,LW,CAM",2700000,8000,75,69,68,74,57,67,Young,Average
M. Fouzair,68,68,30,Al Raed,Morocco,RW,1200000,9000,69,61,66,74,28,59,Senior,Average
S. Al Amri,68,68,28,Abha Club,Saudi Arabia,"LM,ST",1200000,6000,80,61,63,67,27,63,Adult,Average
C. Mahoney,68,71,25,Huddersfield Town,England,"RW,CAM",1600000,9000,76,62,63,71,38,47,Adult,Average
M. Sylla,68,75,22,FC Utrecht,France,"ST,RM",2500000,6000,82,65,58,71,24,62,Young,Average
M. Wilks,68,74,23,Sheffield Wednesday,England,"ST,RM,LM",1900000,6000,83,67,58,71,23,72,Adult,Average
K. Bua,68,68,28,FC Sion,Switzerland,"LM,LW",1200000,11000,80,65,63,68,38,63,Adult,Average
P. Magalhães,68,68,32,CD Antofagasta,Chile,"RB,CB",825000,3000,74,43,58,62,65,75,Senior,Average
A. Geipl,68,68,30,1. FC Heidenheim 1846,Germany,CDM,1000000,9000,62,52,59,63,70,72,Senior,Average
M. Sahi,68,79,20,FC Annecy,Mali,"ST,CAM,LM",2700000,8000,70,70,58,69,28,58,Young,Average
S. Olsson,68,73,24,SC Heerenveen,Sweden,"CM,CDM,CAM",1800000,3000,62,50,67,70,55,70,Adult,Average
D. Etienne Jr.,68,70,25,Columbus Crew,Haiti,"LM,RM",1500000,4000,81,61,61,69,39,64,Adult,Average
M. Duelund,68,71,25,N.E.C. Nijmegen,Denmark,"LW,CAM",1600000,500,72,65,66,71,43,67,Adult,Average
M. Folorunsho,68,72,24,Bari,Italy,"CAM,CM,ST",1700000,15000,71,66,64,67,47,78,Adult,Average
Yohan Tavares,68,68,34,Stade Lavallois Mayenne FC,Portugal,CB,400000,2000,56,39,52,53,69,72,Senior,Average
Fabiano Souza,68,78,22,SC Braga,Brazil,"RM,RB",2700000,5000,81,49,63,68,63,68,Young,Average
B. Henning,68,68,27,Eintracht Braunschweig,Germany,"CM,CAM",1300000,7000,73,55,60,70,64,73,Adult,Average
Félix Correia,68,80,21,Juventus,Portugal,"RW,LW",3000000,26000,83,59,64,73,32,56,Young,Average
Í. Ávila,68,68,31,Club Sporting Cristal,Peru,"ST,RW,RM",1000000,500,66,70,59,71,33,58,Senior,Average
P. Greil,68,71,25,SK Rapid Wien,Austria,"CM,CAM,CDM",1600000,11000,68,61,68,68,51,65,Adult,Average
S. Morlaye,68,72,23,FC Arouca,Guinea,"CM,CAM",1700000,3000,70,62,67,69,60,62,Adult,Average
Unai Medina,68,68,32,Racing Santander,Spain,RB,825000,4000,73,56,58,62,65,76,Senior,Average
G. Fratta,68,71,26,Gimnasia y Esgrima La Plata,Uruguay,CB,1400000,6000,66,40,45,52,70,63,Adult,Average
L. Brattan,68,68,32,Sydney FC,Australia,"CDM,CM",800000,4000,61,63,69,67,61,72,Senior,Average
M. Schnatterer,68,68,36,SV Waldhof Mannheim 07,Germany,"LM,RM",400000,2000,60,72,71,69,35,58,Senior,Average
M. Kallesøe,68,71,25,Randers FC,Denmark,"RB,RM",1500000,5000,81,55,59,66,61,70,Adult,Average
K. Vandendriessche,68,68,32,KV Kortrijk,France,"CM,CDM",950000,6000,50,68,67,62,68,83,Senior,Average
D. Romney,68,69,29,Nashville SC,United States,CB,1100000,4000,53,32,59,60,67,73,Adult,Average
A. Touba,68,73,24,İstanbul Başakşehir FK,Algeria,CB,1600000,11000,80,53,63,65,66,78,Adult,Average
D. Sterling,68,77,22,Stoke City,England,"RWB,RB,CB",2600000,25000,76,48,57,64,65,69,Young,Average
K. Michalak,68,71,24,İttifak Holding Konyaspor,Poland,"RM,LM",1600000,7000,92,49,61,70,40,52,Adult,Average
Cristian Herrera,68,68,31,UD Ibiza,Spain,"RM,LM,CM",1000000,4000,71,69,66,61,47,81,Senior,Average
M. Rygaard,68,68,31,BK Häcken,Denmark,"CM,CAM",1000000,3000,70,63,69,70,51,68,Senior,Average
L. Galeano,68,68,30,FBC Melgar,Argentina,CB,1000000,500,52,35,58,57,69,70,Senior,Average
I. Aliseda,68,75,22,FC Lugano,Argentina,"LM,CAM",2500000,5000,83,57,60,73,39,54,Young,Average
G. Mosele,68,75,22,Orlando Pirates,South Africa,"CM,CDM",2400000,500,75,59,69,64,64,66,Young,Average
J. Scowen,68,68,29,Wycombe Wanderers,England,"CDM,CM",1000000,5000,57,55,62,66,65,74,Adult,Average
F. Katelaris,68,73,25,KV Oostende,Cyprus,CB,1600000,5000,66,38,48,52,67,79,Adult,Average
W. González,68,69,27,Club Olimpia,Paraguay,ST,1400000,500,59,68,51,66,30,67,Adult,Average
J. Torres,68,71,25,Club de Foot Montréal,Argentina,CF,1600000,4000,80,61,62,76,34,48,Adult,Average
G. Soto,68,68,28,Club Atlético Huracán,Chile,RB,1100000,6000,73,24,56,65,63,61,Adult,Average
J. van der Werff,68,76,23,SC Paderborn 07,Switzerland,"CB,RB",2500000,7000,66,29,49,56,70,67,Adult,Average
M. Bidstrup,68,78,21,FC Nordsjælland,Denmark,"CM,CDM",2700000,13000,65,54,67,70,65,68,Young,Average
S. Esposito,68,79,21,SPAL,Italy,"CM,CDM",2700000,1000,64,60,70,65,59,58,Young,Average
N. Bandiera,68,68,32,Barracas Central,Argentina,"LM,ST,RM",950000,5000,74,65,61,66,47,52,Senior,Average
E. Hovland,68,68,33,BK Häcken,Norway,CB,575000,3000,59,28,47,44,67,75,Senior,Average
Jorge Félix,68,68,30,Piast Gliwice,Spain,"CF,LM",1200000,5000,72,66,66,70,29,56,Senior,Average
M. Verrips,68,73,25,FC Groningen,Netherlands,GK,1400000,5000,69,67,70,70,17,64,Adult,Average
Rodrigo Moura,68,72,26,GD Chaves,Brazil,GK,1300000,3000,68,69,68,67,20,68,Adult,Average
F. Jagiełło,68,72,24,Genoa,Poland,"CM,CAM",1700000,2000,70,70,68,71,53,59,Adult,Average
G. Gutiérrez,68,68,32,Independiente Medellín,Colombia,LB,825000,1000,68,30,58,62,63,72,Senior,Average
E. Castillo,68,68,27,Barcelona Sporting Club,Ecuador,"RM,LM",1300000,550,81,66,59,70,33,71,Adult,Average
P. Farkas,68,68,29,TSV Egger Glas Hartberg,Austria,"RB,LB",1100000,4000,76,60,61,65,63,71,Adult,Average
K. Zohore,68,68,28,West Bromwich Albion,Denmark,ST,1200000,15000,62,68,48,64,26,68,Adult,Average
B. Kuipers,68,68,27,Go Ahead Eagles,Netherlands,LB,1200000,4000,70,41,61,66,65,73,Adult,Average
N. Olij,68,72,26,Sparta Rotterdam,Netherlands,GK,1300000,3000,68,67,62,70,45,64,Adult,Average
Undabarrena,68,69,27,CD Leganés,Spain,"CM,CDM",1400000,5000,52,54,69,69,65,70,Adult,Average
C. Mulgrew,68,68,36,Dundee United,Scotland,"CB,CM",220000,2000,41,62,68,63,69,70,Senior,Average
M. Skóraś,68,78,22,Lech Poznań,Poland,"LM,RM",2700000,4000,84,62,61,67,40,64,Young,Average
N. Campisi,68,72,25,Club Atlético Huracán,Argentina,GK,1300000,4000,67,68,68,69,35,68,Adult,Average
Z. Amdouni,68,78,21,FC Basel 1893,Switzerland,"ST,CAM",2700000,7000,71,71,61,70,46,68,Young,Average
Han Kyo Won,68,68,32,Jeonbuk Hyundai Motors,Korea Republic,"RM,RW",950000,5000,81,66,61,67,53,65,Senior,Average
D. Burnić,68,74,24,1. FC Heidenheim 1846,Germany,"CM,CDM",1900000,9000,75,48,66,70,64,65,Adult,Average
Jimmy,68,73,25,Real Oviedo,Spain,"CM,CDM",1800000,4000,68,45,67,70,66,65,Adult,Average
G. Grozav,68,68,31,Petrolul Ploiești,Romania,"LW,ST,CAM",1000000,4000,76,67,66,68,32,65,Senior,Average
U. Taffertshofer,68,68,30,FC Erzgebirge Aue,Germany,"CDM,CM,CB",1000000,2000,50,44,53,61,66,80,Senior,Average
L. Grgic,68,71,26,Hajduk Split,Austria,"CDM,CM",1400000,500,69,44,60,62,66,83,Adult,Average
A. Jakubech,68,72,25,LOSC Lille,Slovakia,GK,1300000,8000,71,63,64,69,39,67,Adult,Average
A. Scheidler,68,74,24,Bari,France,ST,1900000,2000,51,69,51,62,31,76,Adult,Average
L. Krajnc,68,69,27,Hannover 96,Slovenia,"CB,LB",1200000,10000,62,32,53,60,67,77,Adult,Average
A. Le Fondre,68,68,35,Sydney FC,England,ST,525000,4000,63,70,61,68,30,70,Senior,Average
Morato,68,68,29,Al Khaleej,Brazil,"RM,LM",1200000,6000,81,66,61,71,35,54,Adult,Average
A. Tuia,68,68,32,Lecce,Italy,CB,775000,6000,56,34,46,43,68,74,Senior,Average
E. Ólafsson,68,77,22,FC Midtjylland,Iceland,GK,2300000,7000,71,67,57,67,33,69,Young,Average
J. Ngoy,68,73,24,KV Mechelen,Belgium,"ST,LW",1800000,6000,83,65,58,71,25,69,Adult,Average
Javi Mier,68,76,23,Real Oviedo,Spain,"CM,ST,CDM",2700000,4000,71,64,68,69,66,68,Adult,Average
J. Brinkies,68,70,29,FSV Zwickau,Germany,GK,1000000,1000,67,64,66,76,52,67,Adult,Average
G. Debeljuh,68,72,25,CFR Cluj,Croatia,ST,1700000,7000,64,65,46,62,26,82,Adult,Average
M. Cooper,68,77,22,Plymouth Argyle,England,GK,2300000,4000,66,67,65,69,30,66,Young,Average
L. Strizzolo,68,68,30,Perugia,Italy,"ST,LM",1200000,6000,69,66,51,65,32,72,Senior,Average
D. Duarte,68,74,22,Fortuna Sittard,Cape Verde Islands,"CM,LM",1900000,6000,77,64,65,69,61,75,Young,Average
K. Zohi,68,71,25,FC Vizela,Mali,"LW,RW,ST",1600000,3000,79,65,62,71,25,59,Adult,Average
M. Mahi,68,68,28,FC Utrecht,Morocco,"ST,CAM",1200000,8000,72,69,65,73,35,63,Adult,Average
E. Valentini,68,68,33,1. FC Nürnberg,Germany,RB,625000,5000,68,56,65,63,63,72,Senior,Average
I. Hien,68,77,23,Hellas Verona,Sweden,CB,2500000,8000,81,33,42,55,67,74,Adult,Average
J. Álvarez,68,68,27,Club Atlético Banfield,Uruguay,"LM,LW,LB",1300000,7000,73,60,61,72,53,46,Adult,Average
L. Buchanan,68,78,21,SV Werder Bremen,England,"LWB,CB",2600000,6000,70,41,54,66,64,64,Young,Average
L. Pirola,68,80,20,US Salernitana 1919,Italy,CB,2700000,14000,62,42,50,56,69,67,Young,Average
S. Ichazo,68,68,30,Club Atlético River Plate,Uruguay,GK,800000,500,68,59,62,74,45,71,Senior,Average
M. Carcelén,68,72,25,Barcelona Sporting Club,Ecuador,"CM,CDM",1700000,500,68,58,63,66,64,73,Adult,Average
M. Varnier,68,75,24,SPAL,Italy,CB,2200000,13000,65,38,52,57,67,71,Adult,Average
T. Pellenard,68,69,28,AJ Auxerre,France,"CB,LB",1100000,8000,56,37,62,64,68,70,Adult,Average
O. Mora,68,71,23,Club Alianza Lima,Peru,RM,1600000,500,81,58,61,74,44,64,Adult,Average
N. Galović,68,68,29,FC Arouca,Croatia,CB,1000000,3000,65,46,59,58,66,74,Adult,Average
M. Jenz,68,75,23,Celtic,Germany,CB,2200000,6000,61,29,48,50,68,76,Adult,Average
M. Carretta,68,68,31,Südtirol,Italy,"RW,ST,CF",1000000,2000,83,58,61,70,35,61,Senior,Average
G. De Amores,68,71,27,Club Atlético Lanús,Uruguay,GK,1200000,5000,66,65,70,73,24,66,Adult,Average
C. Niasse,68,76,22,BSC Young Boys,Senegal,CDM,2600000,7000,58,44,61,66,65,70,Young,Average
Zheng Zheng,68,68,32,Shandong Taishan,China PR,"CB,LB",775000,8000,73,57,67,65,68,72,Senior,Average
H. Ruíz Díaz,68,68,29,Platense,Uruguay,"CB,RB",1000000,6000,64,36,59,60,68,72,Adult,Average
J. Marriott,68,68,27,Peterborough United,England,ST,1300000,6000,81,68,52,68,26,64,Adult,Average
C. Fandrich,68,68,31,Rot-Weiß Essen,Germany,"CM,CDM",1000000,3000,72,56,67,71,53,57,Senior,Average
A. Trondsen,68,69,27,Trabzonspor,Norway,"LB,CM",1300000,12000,74,66,67,67,64,70,Adult,Average
I. Mathew,68,71,25,Lillestrøm SK,Nigeria,CM,1600000,2000,79,59,65,70,65,75,Adult,Average
D. Frare,68,71,26,Cittadella,Italy,CB,1400000,1000,56,44,47,51,68,77,Adult,Average
M. Tchokounté,68,68,33,Nîmes Olympique,France,ST,775000,4000,40,70,54,64,24,79,Senior,Average
M. Prost,68,68,33,Club The Strongest,Argentina,ST,775000,600,67,70,57,64,31,66,Senior,Average
Seol Young Woo,68,77,23,Ulsan Hyundai FC,Korea Republic,"LB,RB,LM",2600000,4000,79,47,62,64,61,69,Adult,Average
Joaquín,68,77,23,SD Huesca,Spain,"RM,LM,ST",2700000,4000,82,63,61,69,24,58,Adult,Average
M. Valenzuela,68,74,23,FC Lugano,Argentina,"LB,LWB",1800000,4000,75,44,63,68,61,70,Adult,Average
F. Veseli,68,68,29,Benevento,Albania,"CB,RB",1000000,2000,67,41,56,64,69,66,Adult,Average
M. Portanova,68,79,22,Genoa,Italy,"CM,CAM",2700000,2000,74,61,69,68,53,61,Young,Average
A. Müller,68,73,21,1. FC Magdeburg,Germany,CDM,1700000,4000,61,59,68,69,64,60,Young,Average
K. Gibbs,68,68,32,Inter Miami CF,England,"LB,LWB",825000,3000,71,55,67,69,65,67,Senior,Average
K. Dabila,68,74,25,Paris FC,Côte d'Ivoire,"CB,RB",1700000,4000,53,31,47,54,70,67,Adult,Average
K. Triantafyllopoulos,68,68,29,Pogoń Szczecin,Greece,CB,1000000,4000,62,29,49,49,65,81,Adult,Average
A. Kutucu,68,75,22,SV Sandhausen,Turkey,ST,2500000,13000,72,68,58,69,41,69,Young,Average
D. Afolayan,68,71,24,Bolton Wanderers,England,"LW,CAM",1600000,6000,82,64,61,71,48,67,Adult,Average
E. Salcedo,68,79,20,Bari,Italy,"CF,ST",2700000,17000,75,63,60,76,39,51,Young,Average
G. Stewart,68,68,32,Mumbai City FC,Scotland,"CF,ST,CAM",975000,2000,72,67,66,69,30,58,Senior,Average
D. Nistor,68,68,34,Universitatea Craiova,Romania,"CM,CDM,CAM",550000,7000,64,66,69,68,59,70,Senior,Average
Álex Domínguez,68,75,23,Unión Deportiva Las Palmas,Spain,GK,2100000,3000,67,66,67,68,42,66,Adult,Average
M. Käit,68,74,24,Rapid București,Estonia,"CM,CDM",1900000,5000,72,63,64,66,63,72,Adult,Average
M. Marras,68,68,28,Bari,Italy,"RW,CF",1200000,3000,78,59,64,72,21,46,Adult,Average
F. Flick,68,78,22,FC Schalke 04,Germany,"CDM,CM,CB",2600000,8000,61,49,63,62,65,71,Young,Average
B. White,68,70,26,Vancouver Whitecaps FC,United States,ST,1500000,4000,75,65,51,67,41,71,Adult,Average
I. Angulo,68,74,23,Orlando City Soccer Club,Colombia,"RW,LW",1900000,4000,86,59,61,71,40,54,Adult,Average
K. Askildsen,68,80,21,Lecce,Norway,CM,3000000,6000,58,55,67,68,64,62,Young,Average
R. Veselinović,68,74,23,Vancouver Whitecaps FC,Serbia,CB,1700000,3000,62,26,43,49,67,76,Adult,Average
D. Pino,68,71,26,América de Cali,Colombia,"CDM,CB,CM",1400000,1000,61,59,59,61,72,67,Adult,Average
A. Ateef,68,68,29,Al Hilal,Saudi Arabia,"CDM,CM",1000000,14000,29,46,74,64,65,50,Adult,Average
Kauã Zanson,68,68,26,Fluminense,Brazil,"CB,RB",1100000,9000,65,45,49,62,70,60,Adult,Average
A. Sefer,68,77,22,Rapid București,Romania,"RM,CM,CAM",2700000,5000,80,65,64,71,30,61,Young,Average
S. Naveda,68,79,21,Miedź Legnica,Mexico,"CM,CDM",2700000,2000,70,58,64,70,66,68,Young,Average
A. Jusino,68,68,29,Club The Strongest,Bolivia,"CB,CDM",1000000,550,44,44,49,53,69,79,Adult,Average
T. Pozzo,68,75,21,Club Atlético Independiente,Argentina,"CAM,RM",2500000,5000,76,61,66,73,45,51,Young,Average
R. Garcés,68,68,29,Deportivo Táchira FC,Venezuela,"CM,CDM",1200000,550,64,62,64,64,62,56,Adult,Average
N. Palacios,68,68,30,La Equidad,Colombia,"CDM,CM,CB",1000000,900,41,39,54,57,68,77,Senior,Average
Raphael Guzzo,68,69,27,FC Vizela,Portugal,CM,1400000,3000,64,64,69,72,58,63,Adult,Average
K. Klefisch,68,74,22,SC Paderborn 07,Germany,"CDM,CM",1800000,7000,68,52,57,64,66,78,Young,Average
J. Lonwijk,68,77,22,Viborg FF,Netherlands,"CM,RW",2700000,5000,70,62,65,67,60,74,Young,Average
B. Al Rawi,68,75,24,Free agent,Qatar,CB,0,0,72,47,60,64,66,73,Adult,Average
N. Rinaldi,68,68,31,Cienciano,Argentina,"CAM,CM,LW",1000000,500,74,65,65,69,58,59,Senior,Average
M. Praszelik,68,79,21,Hellas Verona,Poland,"CF,CAM",2700000,4000,69,64,70,72,39,63,Young,Average
Cho Young Wook,68,77,23,FC Seoul,Korea Republic,"ST,RW,CM",2700000,4000,85,68,57,71,29,67,Adult,Average
J. Zetterström,68,76,23,Djurgårdens IF,Sweden,GK,2300000,2000,74,67,70,69,20,64,Adult,Average
A. Gutman,68,72,25,Atlanta United,United States,"LB,LWB",1600000,3000,79,44,55,62,66,69,Adult,Average
H. Osorio,68,68,34,Club Deportivo Jorge Wilstermann,Colombia,ST,575000,500,56,70,59,65,36,59,Senior,Average
F. Haroun,68,68,36,Royal Antwerp FC,Belgium,"CDM,CM",240000,6000,38,54,60,55,70,75,Senior,Average
Kaiky,68,80,18,Unión Deportiva Almería,Brazil,CB,2600000,3000,72,31,48,66,71,60,Young,Average
A. Quintana,68,68,30,América de Cali,Argentina,ST,1200000,2000,54,71,55,60,29,70,Senior,Average
M. Timm,68,68,30,Orlando Pirates,South Africa,"CDM,CM",1000000,500,77,53,67,66,61,64,Senior,Average
T. Mølgaard,68,71,25,Aarhus GF,Denmark,"RWB,RB",1500000,6000,80,46,59,63,62,76,Adult,Average
V. Koziello,68,71,26,KV Oostende,France,CM,1600000,6000,71,61,69,72,59,49,Adult,Average
R. Calafiori,68,80,20,FC Basel 1893,Italy,"LB,LM,LWB",2800000,5000,69,48,50,67,65,67,Young,Average
P. Hamel,68,68,28,Paris FC,France,ST,1200000,5000,50,69,57,64,28,62,Adult,Average
M. Huard,68,70,24,Brescia,France,LB,1400000,2000,74,40,56,64,65,72,Adult,Average
G. Lloris,68,71,26,Le Havre AC,France,CB,1400000,3000,42,36,49,54,69,72,Adult,Average
C. Penilla,68,68,31,Barcelona Sporting Club,Ecuador,"LM,RM",1000000,550,74,66,65,68,28,62,Senior,Average
D. Foulon,68,77,23,Benevento,Belgium,LB,2600000,2000,73,33,65,66,61,67,Adult,Average
M. Anderson,68,73,24,Aarhus GF,Iceland,CM,1800000,6000,79,63,65,71,62,72,Adult,Average
N. Kreuzer,68,68,29,Hallescher FC,Germany,"RWB,RM",1100000,3000,79,59,66,66,59,71,Adult,Average
D. Alibec,68,68,31,FC Farul Constanța,Romania,ST,1000000,6000,70,71,64,69,31,78,Senior,Average
W. Burger,68,77,21,FC Basel 1893,Netherlands,"CDM,CB,CM",2600000,5000,76,55,63,67,62,76,Young,Average
G. Mainero,68,68,27,Club Atlético Sarmiento,Argentina,"RM,RW",1300000,6000,86,64,60,69,47,67,Adult,Average
Y. Maziz,68,73,24,FC Metz,France,"CAM,LM,CM",1800000,3000,64,66,69,71,34,60,Adult,Average
J. Hove,68,78,21,Strømsgodset IF,Norway,"CAM,CM",2700000,2000,72,65,65,69,59,69,Young,Average
K. Endo,68,73,24,Eintracht Braunschweig,Japan,"LM,RM",1800000,10000,74,54,64,69,47,61,Adult,Average
Jorge Sáenz,68,73,25,CD Leganés,Spain,CB,1600000,11000,62,41,54,60,68,74,Adult,Average
B. Behrendt,68,68,30,Eintracht Braunschweig,Germany,CB,1000000,6000,64,53,56,45,67,73,Senior,Average
L. Kelly,68,68,32,Coventry City,Scotland,"CDM,CM",800000,9000,44,54,63,60,67,73,Senior,Average
Nolaskoain,68,75,23,SD Eibar,Spain,"CB,CM,CDM",2200000,8000,50,59,63,66,69,68,Adult,Average
V. Lekhal,68,69,28,Le Havre AC,Algeria,"CDM,CM",1200000,3000,75,52,60,63,65,78,Adult,Average
J. Windass,68,68,28,Sheffield Wednesday,England,ST,1200000,7000,87,67,65,71,35,60,Adult,Average
S. Miangue,68,73,25,KSV Cercle Brugge,Belgium,"LB,CB",1600000,6000,61,51,66,65,65,75,Adult,Average
B. Waterman,68,68,38,PSV,Netherlands,GK,130000,3000,65,69,68,66,47,70,Senior,Average
R. Romo,68,68,32,D.C. United,Venezuela,GK,600000,3000,68,61,67,70,36,66,Senior,Average
F. Nmecha,68,80,21,VfL Wolfsburg,Germany,"CAM,CM,LM",3000000,12000,67,54,64,72,45,64,Young,Average
V. Screciu,68,76,22,Universitatea Craiova,Romania,"CB,CDM",2500000,5000,76,38,56,56,67,72,Young,Average
B. Guillaume,68,69,27,En Avant de Guingamp,Belgium,"ST,RW",1400000,4000,50,67,57,69,31,71,Adult,Average
T. Hadebe,68,71,26,Houston Dynamo,Zimbabwe,CB,1400000,3000,81,32,44,48,67,74,Adult,Average
S. Grandsir,68,69,25,LA Galaxy,France,"LM,RM",1400000,4000,88,60,64,71,46,63,Adult,Average
V. Musliu,68,69,27,FC Ingolstadt 04,North Macedonia,CB,1200000,4000,65,34,47,62,70,70,Adult,Average
N. Zolotić,68,69,28,Casa Pia,Bosnia and Herzegovina,"CB,CDM",1100000,3000,54,56,64,62,66,76,Adult,Average
Álex Gallar,68,68,30,Málaga CF,Spain,"RM,ST,CAM",1200000,4000,72,65,65,70,40,64,Senior,Average
Kim Jin Hyuk,68,68,29,Daegu FC,Korea Republic,"CB,ST",1000000,4000,62,60,54,62,66,76,Adult,Average
M. Tvrdoň,68,69,27,FC Viktoria Plzeň,Slovakia,GK,1000000,500,69,67,68,71,30,70,Adult,Average
M. Formica,68,68,34,Club Atlético Colón,Argentina,"CAM,CM",575000,6000,70,68,66,72,48,53,Senior,Average
S. Elia,68,77,23,Palermo,Italy,"RM,RWB,RB",2700000,15000,78,67,59,69,56,53,Adult,Average
W. Geubbels,68,76,20,AS Monaco,France,"ST,LW",2700000,14000,84,67,57,69,26,49,Young,Average
K. Nakamura,68,72,27,Portimonense SC,Japan,GK,1300000,3000,71,62,69,71,40,64,Adult,Average
A. Abrashi,68,68,32,Grasshopper Club Zürich,Albania,"CDM,CM",800000,5000,52,50,57,60,67,73,Senior,Average
B. Toma,68,77,23,FC Paços de Ferreira,Switzerland,"CM,CDM",2700000,6000,67,63,66,72,63,68,Adult,Average
Y. Diouf,68,76,22,Stade de Reims,France,GK,2300000,6000,69,68,67,70,45,69,Young,Average
Hugo Rama,68,73,25,Real Oviedo,Spain,"CM,LM,CAM",1800000,4000,58,66,69,71,49,53,Adult,Average
G. Tamaș,68,68,38,Petrolul Ploiești,Romania,CB,220000,2000,40,60,64,54,67,74,Senior,Average
E. Kouassi,68,74,24,KRC Genk,Côte d'Ivoire,"CDM,CM",1800000,5000,68,46,58,61,65,72,Adult,Average
M. Doumbia,68,68,27,FC Sochaux-Montbéliard,Mali,"LM,LW",1300000,4000,78,63,65,69,38,60,Adult,Average
F. Bredlow,68,68,27,VfB Stuttgart,Germany,GK,925000,7000,70,66,62,71,39,63,Adult,Average
Wei Shihao,68,69,27,Guangzhou FC,China PR,"ST,CAM,LW",1400000,5000,86,69,65,70,35,65,Adult,Average
Pleguezuelo,68,71,25,FC Twente,Spain,CB,1400000,5000,66,35,56,69,68,67,Adult,Average
R. Edwards,68,68,28,Dundee United,England,CB,1000000,3000,51,37,46,45,67,78,Adult,Average
C. Sosa,68,68,26,Metropolitanos de Caracas FC,Venezuela,"LM,LW,CM",1300000,500,71,65,64,71,50,56,Adult,Average
F. Ayité,68,68,33,Valenciennes FC,Togo,"LM,ST",750000,3000,81,64,63,69,35,67,Senior,Average
A. Quintana,68,71,27,Atlético Nacional,Colombia,GK,1200000,2000,70,63,63,70,22,65,Adult,Average
J. Angulo,68,71,26,Club Deportes Tolima,Colombia,LB,1500000,2000,73,34,57,68,64,75,Adult,Average
Viti Rozada,68,70,24,Real Oviedo,Spain,"RM,LM",1600000,4000,88,61,61,68,46,60,Adult,Average
S. Gustafson,68,69,27,BK Häcken,Sweden,"CM,CDM",1400000,3000,56,59,67,71,59,66,Adult,Average
A. Kamara,68,68,28,Randers FC,Sierra Leone,ST,1200000,7000,79,64,52,67,32,78,Adult,Average
Turrientes,68,80,20,Real Sociedad,Spain,"CM,CDM",2900000,9000,67,51,69,68,60,54,Young,Average
O. Bulut,68,68,28,Yukatel Kayserispor,Turkey,"RB,RM,RW",1100000,7000,77,55,68,68,62,71,Adult,Average
E. Ramírez,68,71,25,Gimnasia y Esgrima La Plata,Argentina,"ST,RM",1600000,7000,79,69,61,69,27,56,Adult,Average
Anderson Oliveira,68,74,23,Portimonense SC,Brazil,"LW,RW",1900000,4000,76,60,60,73,29,44,Adult,Average
Ros,68,73,26,Albacete BP,Spain,"CB,CDM",1600000,4000,67,47,59,59,68,70,Adult,Average
S. Popov,68,68,31,Ümraniyespor,Bulgaria,RB,875000,6000,71,49,63,62,64,73,Senior,Average
J. Velázquez,68,68,31,FC Arouca,Venezuela,CB,825000,3000,59,30,54,59,68,68,Senior,Average
M. Cova,68,68,29,Deportivo Táchira FC,Venezuela,CAM,1200000,550,69,64,72,67,33,66,Adult,Average
N. Tella,68,77,22,Burnley,England,"LM,ST",2700000,17000,84,60,57,72,31,54,Young,Average
A. Rodríguez,68,68,29,Club Alianza Lima,Colombia,"RM,ST",1200000,500,82,66,61,69,38,72,Adult,Average
D. Liotti,68,68,28,Urbs Reggina 1914,Italy,"LB,LM",1100000,1000,85,55,65,69,61,72,Adult,Average
Naranjo,68,68,27,SD Ponferradina,Spain,"LM,RM",1300000,4000,82,71,65,67,31,60,Adult,Average
Jon Bautista,68,69,26,SD Eibar,Spain,"ST,LM",1400000,5000,70,71,56,68,25,62,Adult,Average
M. Saito,68,68,32,Suwon Samsung Bluewings,Japan,"LM,RM",950000,3000,78,62,63,71,23,55,Senior,Average
José Gragera,68,78,22,Real Sporting de Gijón,Spain,"CDM,CM,CB",2600000,4000,59,50,64,65,68,74,Young,Average
A. Bruus,68,73,23,ESTAC Troyes,Denmark,"RWB,RB",1700000,6000,86,54,63,65,59,72,Adult,Average
M. Johansson,68,68,30,Legia Warszawa,Sweden,"RB,RM",1000000,4000,81,49,55,69,62,64,Senior,Average
Vagnão Junior,68,68,30,Ceará Sporting Club,Brazil,"ST,CF,LW",1200000,6000,76,68,62,75,31,41,Senior,Average
K. N'Dri,68,77,21,KAS Eupen,Côte d'Ivoire,"LM,ST,RM",2700000,4000,88,63,60,73,55,66,Young,Average
L. Woolfenden,68,75,23,Ipswich Town,England,CB,2200000,5000,67,34,56,58,66,78,Adult,Average
Elgezabal,68,68,29,Burgos CF,Spain,"CDM,CM,CB",1000000,3000,53,38,56,52,69,73,Adult,Average
M. Šarkić,68,74,24,Wolverhampton Wanderers,Montenegro,GK,1500000,16000,68,66,67,68,37,68,Adult,Average
G. Pușcaș,68,71,26,Genoa,Romania,ST,1600000,9000,66,68,53,64,36,70,Adult,Average
B. Ampuero,68,68,28,Universidad Católica,Chile,CB,1000000,5000,49,30,53,45,69,72,Adult,Average
O. Mfulu,68,69,28,Unión Deportiva Las Palmas,Congo DR,"CDM,CM",1200000,4000,69,54,60,65,66,76,Adult,Average
C. Elder,68,68,27,Hull City,Australia,"LB,LWB,CB",1200000,7000,69,42,61,62,64,71,Adult,Average
L. Samardžić,68,78,20,Udinese Calcio,Germany,"CAM,CM",2600000,5000,61,63,63,74,30,54,Young,Average
N. Šipčić,68,71,27,CD Tenerife,Montenegro,CB,1400000,4000,67,36,50,60,66,77,Adult,Average
M. Forss,68,76,23,Middlesbrough,Finland,ST,2700000,11000,74,69,45,64,39,68,Adult,Average
S. Bidaoui,68,68,32,Ascoli,Morocco,"LW,LM",950000,2000,79,64,61,75,30,49,Senior,Average
K. Quevedo,68,71,25,FBC Melgar,Peru,"RW,LW",1600000,500,86,61,64,69,42,61,Adult,Average
O. De Wolf,68,72,25,Royal Antwerp FC,Belgium,GK,1300000,6000,69,66,72,70,35,67,Adult,Average
S. Fet,68,72,25,FK Bodø/Glimt,Norway,CM,1700000,2000,70,55,63,68,64,75,Adult,Average
M. Espinoza,68,73,24,Club Libertad,Paraguay,"LB,LM",1700000,500,76,44,59,58,64,63,Adult,Average
R. Edmonds-Green,68,73,23,Wigan Athletic,England,CB,1600000,7000,72,31,56,61,68,69,Adult,Average
N. Jackers,68,74,24,Oud-Heverlee Leuven,Belgium,GK,1500000,4000,68,67,59,70,43,66,Adult,Average
D. Abramowicz,68,68,31,Radomiak Radom,Poland,LB,875000,3000,76,58,66,54,62,77,Senior,Average
Pubill,68,79,19,Levante Unión Deportiva,Spain,"RB,RWB",2500000,2000,78,53,58,64,62,77,Young,Average
J. Canale,68,72,25,Godoy Cruz,Paraguay,CB,1500000,4000,66,31,48,48,68,71,Adult,Average
L. Daniels,68,68,34,Middlesbrough,England,GK,210000,9000,69,64,67,75,49,64,Senior,Average
J. Thiaré,68,68,29,Le Havre AC,Senegal,ST,1200000,4000,86,67,56,70,22,70,Adult,Average
L. Moore,68,68,29,Reading,Jamaica,CB,1000000,8000,66,33,57,60,66,75,Adult,Average
T. Somers,68,75,23,KSV Cercle Brugge,Belgium,"RW,ST",2400000,6000,82,64,62,70,33,75,Adult,Average
Chris Ramos,68,71,25,CD Lugo,Spain,"LM,ST,LW",1600000,4000,84,67,57,70,35,68,Adult,Average
S. Rouiller,68,68,31,Servette FC,Switzerland,"CB,RB",825000,7000,52,27,47,52,68,78,Senior,Average
L. Berry,68,68,29,Luton Town,England,"CM,CAM",1200000,14000,68,64,66,70,61,68,Adult,Average
L. Sánchez,68,68,28,Argentinos Juniors,Argentina,"RB,LB",1100000,6000,76,56,62,70,65,70,Adult,Average
Z. Romero,68,74,22,LDU Quito,Argentina,CB,1800000,500,75,30,49,54,67,74,Young,Average
J. Aguirre,68,73,25,Montevideo Wanderers,Colombia,CB,1600000,500,61,38,47,49,71,71,Adult,Average
R. Sykes,68,74,23,Royale Union Saint-Gilloise,England,CB,1700000,5000,46,45,52,54,66,81,Adult,Average
A. Maldonado,68,75,24,Club Atlético Banfield,Argentina,CB,2200000,5000,51,32,42,46,69,76,Adult,Average
C. Techera,68,68,30,Ayacucho,Uruguay,"LM,LW,RW",1200000,500,76,66,64,70,39,46,Senior,Average
J. Mora,68,68,29,Charlotte FC,Costa Rica,"LB,LWB,LM",1100000,4000,78,47,56,64,65,66,Adult,Average
M. Bär,68,68,30,TSV 1860 München,Germany,"ST,LM",1200000,2000,84,65,60,67,40,66,Senior,Average
V. Gheorghe,68,71,25,Ümraniyespor,Romania,"LW,RW,LM",1600000,7000,87,66,65,68,43,66,Adult,Average
G. Teigl,68,68,31,FK Austria Wien,Austria,"RB,RWB,RM",875000,8000,85,55,61,65,59,71,Senior,Average
C. Wooh,68,77,20,Stade Rennais FC,Cameroon,CB,2500000,11000,70,45,55,60,66,74,Young,Average
André Pereira,68,68,27,Rio Ave FC,Portugal,"ST,RW,LW",1300000,5000,54,69,61,65,33,66,Adult,Average
A. Aremu,68,78,22,FC St. Pauli,Nigeria,"CDM,CM",2600000,6000,66,55,56,66,69,74,Young,Average
A. Fein,68,75,23,Excelsior,Germany,CDM,2300000,3000,49,57,65,67,64,71,Adult,Average
G. Töre,68,68,30,Adana Demirspor,Turkey,RM,1200000,9000,75,64,66,74,43,65,Senior,Average
A. Tello,68,71,25,Benevento,Colombia,"CM,LW",1600000,2000,83,59,65,73,61,80,Adult,Average
R. Garro,68,75,24,Club Atlético Talleres,Argentina,"CAM,LM",2400000,6000,67,68,71,67,41,45,Adult,Average
A. Ramos,68,74,23,FBC Melgar,Peru,RB,1800000,500,78,27,55,62,62,66,Adult,Average
A. Condé,68,72,25,1. FC Magdeburg,Germany,CM,1700000,5000,74,59,66,71,65,74,Adult,Average
R. Kerschbaum,68,68,28,SK Rapid Wien,Austria,"CM,CDM,CAM",1200000,12000,65,66,67,67,65,72,Adult,Average
F. Valenzuela,68,70,25,Barracas Central,Argentina,"LM,LW,RM",1500000,5000,81,62,65,72,23,48,Adult,Average
M. Curado,68,70,27,Perugia,Argentina,CB,1300000,2000,57,36,45,40,66,74,Adult,Average
H. Aiesh,68,68,27,IFK Göteborg,Syria,RM,1300000,3000,86,57,61,70,43,72,Adult,Average
L. Miranda,68,71,24,Club Deportes Tolima,Colombia,RM,1600000,2000,82,58,58,70,27,56,Adult,Average
P. Szysz,68,73,24,İstanbul Başakşehir FK,Poland,"RM,ST,LM",1800000,12000,86,69,59,68,33,69,Adult,Average
J. Amano,68,68,30,Ulsan Hyundai FC,Japan,"CAM,CM,CDM",1200000,5000,74,60,68,69,55,65,Senior,Average
B. Innocent,68,71,26,FC Lorient,Nigeria,"CDM,CM",1400000,7000,73,43,55,67,63,84,Adult,Average
M. Galarza,68,80,20,KRC Genk,Argentina,CM,2900000,5000,73,54,68,72,60,64,Young,Average
L. Ugochukwu,68,81,18,Stade Rennais FC,France,"CM,CDM",2800000,6000,68,55,66,70,63,71,Young,Average
A. Flores,68,68,31,Deportivo La Guaira FC,Venezuela,"CDM,CM",850000,500,61,60,64,62,67,71,Senior,Average
Han Kook Young,68,68,32,Gangwon FC,Korea Republic,"CM,CDM",950000,4000,64,47,69,64,65,74,Senior,Average
B. Białek,68,79,20,Vitesse,Poland,ST,2700000,13000,67,67,47,64,35,72,Young,Average
F. Jäkel,68,79,21,DSC Arminia Bielefeld,Germany,CB,2500000,11000,74,29,41,47,67,75,Young,Average
N. Paz,68,68,29,Estudiantes de La Plata,Argentina,"CB,LB",1000000,5000,39,41,53,52,71,73,Adult,Average
R. James,68,68,28,Sheffield Wednesday,England,"LWB,LB,CDM",1100000,6000,76,51,58,67,63,59,Adult,Average
A. Grant,68,68,28,Pohang Steelers,Australia,CB,1000000,3000,51,36,46,48,67,78,Adult,Average
Fede Vico,68,68,27,CD Leganés,Spain,"CAM,RM,CM",1300000,5000,66,62,71,68,51,46,Adult,Average
A. Seculin,68,68,31,Modena,Italy,GK,650000,1000,70,62,54,73,31,67,Senior,Average
G. Suazo,68,70,24,Colo-Colo,Chile,"LB,CM",1400000,2000,69,59,62,68,61,75,Adult,Average
K. Sierhuis,68,75,24,Stade de Reims,Netherlands,ST,2400000,9000,61,69,54,65,29,76,Adult,Average
E. Coronel,68,72,25,Club Atlético Banfield,Argentina,RB,1600000,6000,68,32,51,56,67,65,Adult,Average
D. Chambost,68,73,24,AS Saint-Étienne,France,"CAM,CM,ST",1800000,4000,63,65,68,68,54,66,Adult,Average
N. Leguizamón,68,68,27,Club Atlético Central Córdoba,Argentina,ST,1300000,6000,70,68,60,68,38,70,Adult,Average
N. Broadhead,68,72,24,Wigan Athletic,Wales,"LM,ST",1700000,13000,78,67,61,69,32,56,Adult,Average
Y. Yeboah,68,71,25,Columbus Crew,Ghana,"RM,CF",1600000,4000,90,64,58,73,25,53,Adult,Average
M. Pittón,68,68,27,Arsenal de Sarandí,Argentina,"CM,CDM,RM",1300000,6000,76,55,65,68,62,68,Adult,Average
T. Halilović,68,69,27,SC Heerenveen,Croatia,"CAM,CM",1400000,4000,70,60,66,69,62,70,Adult,Average
D. Irandust,68,72,24,FC Groningen,Sweden,"CAM,CM",1700000,4000,74,60,65,70,41,64,Adult,Average
R. Ache,68,75,23,SpVgg Greuther Fürth,Germany,ST,2400000,10000,80,65,46,62,28,70,Adult,Average
G. Cox,68,73,24,Fortuna Sittard,England,LB,1700000,5000,71,61,60,65,62,68,Adult,Average
F. Porath,68,72,25,Holstein Kiel,Germany,"CM,RM,RW",1700000,8000,80,61,67,72,60,66,Adult,Average
O. Burke,68,73,25,SV Werder Bremen,Scotland,"ST,RM,RW",1800000,10000,88,64,62,66,37,71,Adult,Average
J. Antiste,68,79,19,U.S. Sassuolo Calcio,France,ST,2600000,5000,79,69,51,69,20,56,Young,Average
T. Kainz,68,68,29,TSV Egger Glas Hartberg,Austria,"CDM,CM,RB",1000000,4000,71,58,66,64,65,69,Adult,Average
Javi López,68,79,20,Deportivo Alavés,Spain,LB,2500000,3000,69,27,53,56,67,63,Young,Average
D. Vizinger,68,72,24,SSV Jahn Regensburg,Croatia,ST,1800000,7000,71,70,54,67,28,67,Adult,Average
Won Du Jae,68,72,24,Ulsan Hyundai FC,Korea Republic,"CDM,CM,CB",1600000,4000,62,50,60,58,66,76,Adult,Average
B. Lennon,68,71,24,Atlanta United,United States,"RB,RM",1500000,3000,73,62,70,65,59,70,Adult,Average
A. Sández,68,76,21,Boca Juniors,Argentina,LB,2600000,5000,72,38,57,62,63,75,Young,Average
Imanol,68,79,21,SD Eibar,Spain,"LB,LWB",2600000,7000,67,47,65,65,64,54,Young,Average
D. Gordon,68,68,37,Karlsruher SC,Jamaica,CB,220000,4000,52,50,55,50,68,68,Senior,Average
M. Hosseini,68,72,26,Yukatel Kayserispor,Iran,"CB,CDM",1500000,7000,64,30,46,51,70,69,Adult,Average
J. Koroma,68,74,23,Portsmouth,England,"LM,LW,ST",1900000,7000,82,64,60,69,32,53,Adult,Average
M. Komenda,68,72,25,Holstein Kiel,Germany,"CB,LB",1500000,7000,69,39,53,60,68,73,Adult,Average
J. Iglesias,68,68,33,Paris FC,Uruguay,"CM,LM,CAM",750000,5000,54,59,68,65,65,64,Senior,Average
J. Glad,68,75,25,Real Salt Lake,United States,CB,2200000,3000,69,35,50,50,68,73,Adult,Average
J. Branthwaite,68,84,20,PSV,England,CB,3000000,10000,68,31,45,52,68,69,Young,Average
L. Bijker,68,68,29,KV Mechelen,Netherlands,LB,1100000,6000,72,35,58,63,65,72,Adult,Average
G. Bellusci,68,68,32,Ascoli,Italy,CB,775000,2000,52,49,59,61,68,70,Senior,Average
Jadson Castrelo,68,68,26,Fluminense,Brazil,"CDM,CM",1200000,9000,52,51,57,63,66,78,Adult,Average
M. Christiansen,68,78,21,Lillestrøm SK,Norway,GK,2300000,1000,69,67,66,70,46,67,Young,Average
S. Findlay,68,71,26,Oxford United,Scotland,CB,1400000,5000,55,41,56,54,69,73,Adult,Average
R. Augustyniak,68,69,28,Legia Warszawa,Poland,"CDM,CB",1200000,4000,65,48,61,61,64,77,Adult,Average
Euller,68,68,27,GD Chaves,Brazil,"LB,LM,LW",1200000,4000,82,61,63,69,62,70,Adult,Average
I. Gheorghe,68,74,22,Sepsi OSK Sf. Gheorghe,Romania,"CAM,LM,LW",1900000,5000,86,63,65,70,42,62,Young,Average
E. Iñíguez,68,71,25,Club Atlético Aldosivi,Argentina,"RB,LB",1500000,5000,70,30,53,60,67,64,Adult,Average
Juan Pérez,68,73,25,CA Osasuna,Spain,GK,1400000,7000,68,66,60,73,33,68,Adult,Average
N. Maema,68,71,26,Mamelodi Sundowns FC,South Africa,"CAM,CM",1600000,550,81,54,63,72,34,54,Adult,Average
L. Ayala,68,68,28,LDU Quito,Ecuador,"LB,LM,LWB",1100000,500,80,56,63,64,61,70,Adult,Average
A. Vombergar,68,69,27,San Lorenzo de Almagro,Argentina,"ST,CF",1400000,7000,64,64,56,62,32,74,Adult,Average
L. Peltier,68,68,35,Rotherham United,England,"CB,RB",325000,5000,52,38,58,61,69,66,Senior,Average
Kim Min Woo,68,68,32,Chengdu Rongcheng F.C.,Korea Republic,"CM,ST,LWB",950000,5000,69,63,66,70,58,70,Senior,Average
G. Valsvik,68,69,29,Strømsgodset IF,Norway,CB,1100000,2000,35,47,50,40,68,81,Adult,Average
R. Ardiles,68,68,34,Ayacucho,Peru,CAM,575000,500,67,64,63,73,36,61,Senior,Average
H. Bandé,68,74,23,Amiens SC,Burkina Faso,"LW,RW,ST",1900000,3000,84,67,59,69,30,59,Adult,Average
Dani Ramírez,68,68,30,SV Zulte Waregem,Spain,CAM,1200000,6000,67,65,68,70,36,56,Senior,Average
Lee Si Young,68,71,25,Seongnam FC,Korea Republic,"RWB,RB,RM",1500000,2000,79,39,52,63,62,67,Adult,Average
P. Cissé,68,68,37,Amiens SC,Senegal,ST,400000,3000,50,72,64,68,32,58,Senior,Average
J. Segre,68,73,25,Palermo,Italy,CM,1800000,2000,64,62,65,65,62,64,Adult,Average
M. Nalepa,68,68,29,Lechia Gdańsk,Poland,CB,1000000,4000,46,42,48,50,67,81,Adult,Average
W. Aguirre,68,68,39,Club Alianza Lima,Peru,ST,400000,500,69,68,61,68,40,64,Senior,Average
J. Amoroso,68,68,34,Royal Pari,Argentina,"RM,LM",575000,500,81,61,63,65,33,72,Senior,Average
L. Coyle,68,71,26,Hull City,England,"RB,RWB,RM",1500000,7000,73,48,60,64,63,68,Adult,Average
K. Roos,68,68,30,Aberdeen,Netherlands,GK,800000,3000,71,63,72,71,42,65,Senior,Average
H. Bjørdal,68,73,25,Vålerenga Fotball,Norway,CM,1800000,2000,70,62,66,67,60,83,Adult,Average
J. Corona,68,68,31,GIF Sundsvall,United States,"CDM,CM",850000,3000,65,59,64,67,66,71,Senior,Average
S. Makienok,68,68,31,AC Horsens,Denmark,ST,1000000,6000,34,69,51,60,30,74,Senior,Average
João Afonso,68,70,27,Clube Sport Marítimo,Brazil,"CDM,CM",1300000,4000,63,50,57,62,66,76,Adult,Average
S. Papagiannopoulos,68,68,31,AIK,Sweden,CB,825000,3000,67,39,55,59,65,78,Senior,Average
O. Ceylan,68,68,31,MKE Ankaragücü,Turkey,"RWB,RB",875000,6000,74,31,63,66,62,63,Senior,Average
D. Lemos,68,69,27,América de Cali,Colombia,"ST,LM",1400000,2000,81,70,60,67,28,64,Adult,Average
E. Rakip,68,71,26,Malmö FF,North Macedonia,"CM,CDM",1600000,4000,69,59,64,71,62,73,Adult,Average
N. Castro,68,68,31,Patronato,Argentina,"CM,LM,RM",1000000,7000,68,66,65,69,63,66,Senior,Average
R. Caicedo,68,68,32,CS Emelec,Ecuador,"RB,RM,RW",825000,500,77,48,64,64,62,72,Senior,Average
M. Siby,68,73,25,Malmö FF,Mali,"CDM,CM",1600000,3000,54,50,60,61,65,77,Adult,Average
A. Schott,68,74,22,Club Atlético Colón,Argentina,RB,1800000,5000,82,45,57,68,61,59,Young,Average
F. Boya,68,70,26,Sint-Truidense VV,Cameroon,"CDM,CM,CB",1300000,8000,42,55,60,59,67,85,Adult,Average
S. Ojo,68,71,25,Cardiff City,England,"LW,RW,CAM",1600000,14000,78,61,62,69,31,58,Adult,Average
Yang Hyung Mo,68,68,30,Suwon Samsung Bluewings,Korea Republic,GK,800000,2000,69,68,59,71,53,64,Senior,Average
Y. Nader,68,75,23,Al Ain FC,United Arab Emirates,"CDM,CB",2300000,500,59,50,57,61,66,77,Adult,Average
C. Özkacar,68,78,21,Valencia CF,Turkey,CB,2500000,14000,53,33,54,59,67,72,Young,Average
O. Sahraoui,68,79,21,Vålerenga Fotball,Norway,"LW,CM",2700000,2000,79,55,63,76,45,55,Young,Average
A. May,68,68,28,Cheltenham Town,England,ST,1200000,5000,87,67,61,69,39,71,Adult,Average
T. McIntyre,68,75,23,Reading,Scotland,"CB,LB",2200000,7000,50,37,55,62,67,70,Adult,Average
Tomás Nuninho,68,68,26,Santos,Brazil,CDM,1200000,10000,50,49,61,60,66,76,Adult,Average
I. Höhn,68,68,30,SV Sandhausen,Germany,CB,1000000,3000,44,32,52,59,70,64,Senior,Average
F. Almada,68,76,23,Rosario Central,Argentina,CB,2500000,6000,70,37,46,57,69,68,Adult,Average
K. Fila,68,73,24,RC Strasbourg Alsace,Poland,"RB,RWB",1700000,8000,78,47,62,63,63,68,Adult,Average
L. Southwood,68,74,24,Cheltenham Town,Northern Ireland,GK,1500000,5000,71,60,72,73,56,66,Adult,Average
M. Moreno,68,69,25,ESTAC Troyes,Colombia,"RM,CAM",1400000,8000,84,63,61,71,27,51,Adult,Average
J. Martínez,68,70,28,Junior FC,Colombia,GK,1000000,1000,67,65,66,70,40,67,Adult,Average
J. Chester,68,68,33,Derby County,Wales,CB,575000,3000,52,34,56,59,68,71,Senior,Average
A. Sissako,68,73,24,SV Zulte Waregem,France,"CDM,CM",1700000,5000,68,56,64,68,64,75,Adult,Average
Paulo Vítor,68,68,33,GD Chaves,Brazil,GK,400000,3000,68,68,64,69,24,68,Senior,Average
H. Vandermersch,68,77,23,Stade Malherbe Caen,France,"RWB,RB",2600000,3000,76,34,58,61,65,65,Adult,Average
B. Balcı,68,74,22,Antalyaspor,Turkey,"RB,RM,RWB",1800000,8000,74,44,60,66,64,63,Young,Average
K. Kozłowski,68,84,18,Vitesse,Poland,"CAM,CM",3100000,8000,73,58,62,75,59,67,Young,Average
M. Raguž,68,73,24,FK Austria Wien,Austria,ST,1800000,8000,66,66,59,70,22,66,Adult,Average
S. Sinyan,68,72,25,Molde FK,Gambia,CB,1500000,3000,74,43,54,58,67,76,Adult,Average
L. Fröde,68,69,27,F.C. Hansa Rostock,Germany,"CDM,CB",1200000,6000,46,48,58,57,69,80,Adult,Average
Martínez,68,68,29,FC Dallas,Spain,CB,1000000,4000,44,36,51,53,68,72,Adult,Average
Gabriel Silva,68,82,20,Santa Clara,Brazil,"LM,ST",2900000,2000,76,63,62,71,25,56,Young,Average
D. Lazar,68,68,30,Universitatea Craiova,Romania,GK,800000,5000,67,67,68,70,54,68,Senior,Average
Cristian Rivero,68,74,24,Valencia CF,Spain,GK,1500000,8000,70,63,66,72,27,65,Adult,Average
R. Obermair,68,69,26,SC Paderborn 07,Philippines,"LM,RM,RWB",1400000,8000,76,64,61,69,63,65,Adult,Average
E. Bove,68,82,20,Roma,Italy,CM,2900000,15000,61,66,64,65,58,59,Young,Average
K. Rabihic,68,68,29,1. FC Saarbrücken,Germany,"LM,RM,ST",1200000,4000,77,61,65,68,29,61,Adult,Average
D. Arroyo,68,68,30,CS Emelec,Ecuador,"CDM,CM",1000000,500,59,33,58,59,70,68,Senior,Average
G. Ondoua,68,71,26,Hannover 96,Cameroon,CDM,1400000,10000,71,46,62,61,64,75,Adult,Average
S. Ujkani,68,68,33,Empoli,Kosovo,GK,400000,4000,68,67,61,67,50,71,Senior,Average
D. Mikanović,68,68,28,Hajduk Split,Croatia,RB,1100000,500,86,40,55,66,62,70,Adult,Average
Léo Natel,68,71,25,Casa Pia,Brazil,"LM,RM,ST",1600000,3000,78,69,60,72,30,57,Adult,Average
N. Zortea,68,73,23,Atalanta,Italy,"RWB,RM,RB",1700000,13000,70,45,53,65,66,57,Adult,Average
Edu Espiau,68,69,27,SD Ponferradina,Spain,"ST,RM",1400000,5000,69,68,55,62,25,66,Adult,Average
G. Edmundson,68,74,24,Ipswich Town,England,CB,1700000,5000,62,32,48,48,67,78,Adult,Average
K. Paal,68,72,25,Queens Park Rangers,Netherlands,LB,1600000,12000,81,52,65,72,62,70,Adult,Average
M. Yattara,68,68,28,Pau FC,Guinea,ST,1200000,3000,75,70,56,67,25,68,Adult,Average
T. Barkhuizen,68,68,28,Derby County,England,"LM,RM,ST",1200000,4000,93,62,59,68,51,66,Adult,Average
J. Durmaz,68,68,33,Fatih Karagümrük S.K.,Sweden,"CM,CAM,LM",750000,10000,56,66,73,72,52,57,Senior,Average
R. Espinoza,68,68,35,Sporting Kansas City,Honduras,"CM,CDM",475000,3000,50,67,67,67,67,79,Senior,Average
S. Piesinger,68,68,30,RZ Pellets Wolfsberger AC,Austria,CB,1000000,7000,34,57,61,57,67,77,Senior,Average
M. Dugandžić,68,68,28,Rapid București,Croatia,ST,1200000,6000,63,67,40,64,36,74,Adult,Average
A. Monfray,68,68,31,Grenoble Foot 38,France,CB,825000,3000,65,51,59,62,66,82,Senior,Average
A. Sadiku,68,68,31,FC Cartagena,Albania,ST,1000000,4000,70,68,50,64,38,70,Senior,Average
C. Robles,68,68,30,Deportivo Cali,Colombia,"CDM,CM",1000000,2000,52,48,60,57,64,74,Senior,Average
O. Ergün,68,68,29,Atakaş Hatayspor,Turkey,"CDM,CM",1000000,6000,57,65,64,63,67,73,Adult,Average
A. Benítez,68,68,28,Minnesota United FC,Paraguay,"RB,RM",1100000,4000,75,43,58,64,64,62,Adult,Average
J. Posavec,68,72,26,Aalborg BK,Croatia,GK,1300000,5000,72,61,65,74,42,64,Adult,Average
N. D'Agostino,68,71,24,Melbourne Victory,Australia,ST,1700000,4000,83,63,59,69,36,76,Adult,Average
D. Nemeth,68,75,21,FC St. Pauli,Austria,CB,2300000,5000,58,29,45,43,68,79,Young,Average
C. Cadden,68,70,25,Hibernian,Scotland,"RB,RWB",1400000,3000,72,58,64,67,61,73,Adult,Average
M. Smith,68,68,33,Heart of Midlothian,Northern Ireland,RWB,625000,3000,67,45,62,65,64,73,Senior,Average
Davo,68,68,27,Wisła Płock,Spain,"LM,CAM,RM",1300000,3000,85,67,59,71,36,59,Adult,Average
P. Bartolomei,68,68,32,Perugia,Italy,"CM,CDM",950000,2000,74,64,68,70,62,68,Senior,Average
D. Riznyk,68,73,23,Free agent,Ukraine,GK,0,0,68,65,72,68,48,67,Adult,Average
I. Pherai,68,77,21,Eintracht Braunschweig,Netherlands,"CAM,CM",2700000,5000,71,56,64,74,37,51,Young,Average
M. Ramírez,68,77,23,Godoy Cruz,Argentina,"LM,ST",2700000,4000,82,62,57,79,25,54,Adult,Average
K. Hashimoto,68,68,28,SD Huesca,Japan,"CAM,CM",1200000,5000,73,64,64,67,67,78,Adult,Average
L. Walsh,68,73,24,Swansea City,England,"CM,CDM",1800000,10000,65,64,70,74,59,59,Adult,Average
J. Ramos,68,71,25,Club Atlético Peñarol,Uruguay,"LB,LM",1500000,500,67,50,55,67,66,71,Adult,Average
S. Svendsen,68,71,24,Viking FK,Norway,"LW,RW,ST",1600000,2000,81,65,62,70,36,63,Adult,Average
A. Seidu,68,74,22,Clermont Foot 63,Ghana,"RB,CB,LB",1800000,6000,61,37,55,66,70,48,Young,Average
M. Waghorn,68,68,32,Coventry City,England,"ST,RM",975000,10000,63,69,66,64,33,72,Senior,Average
Y. Kubo,68,68,28,FC Cincinnati,Japan,"CM,CDM,LM",1200000,4000,72,63,67,70,62,68,Adult,Average
B. Wright,68,68,29,Sunderland,Australia,CB,1000000,7000,52,38,51,52,67,76,Adult,Average
A. Traoré,68,68,32,Western Sydney Wanderers,Côte d'Ivoire,LB,825000,4000,74,49,59,69,64,78,Senior,Average
J. Jacobson,68,68,35,Wycombe Wanderers,Wales,"CB,LB",325000,3000,51,59,67,64,67,75,Senior,Average
J. Pinos,68,68,32,9 de Octubre,Ecuador,GK,600000,500,67,67,67,68,32,65,Senior,Average
E. Pap,68,70,28,FC Botoşani,Romania,GK,1000000,4000,68,70,60,72,37,65,Adult,Average
B. Hurtado,68,77,23,CD Antofagasta,Venezuela,"LM,CAM",2700000,3000,87,55,54,71,25,60,Adult,Average
Pablo Larrea,68,69,28,CD Tenerife,Spain,"CDM,CM",1200000,5000,59,62,65,68,62,68,Adult,Average
G. Canto,68,68,28,Arsenal de Sarandí,Argentina,"CB,LB",1000000,5000,55,40,53,54,70,70,Adult,Average
M. Caillard,68,71,28,FC Metz,France,GK,1100000,3000,68,67,66,69,44,69,Adult,Average
A. Sarr,68,79,21,SC Heerenveen,Sweden,ST,2700000,3000,89,67,58,69,25,66,Young,Average
A. Ghareeb,68,70,25,Al Nassr,Saudi Arabia,"LM,RM",1500000,14000,84,60,58,72,25,55,Adult,Average
N. Atkinson,68,76,23,Heart of Midlothian,Australia,"RWB,RB",2600000,3000,78,53,61,70,60,74,Adult,Average
S. Oum Gouet,68,74,24,KV Mechelen,Cameroon,"CDM,CM",1800000,5000,56,53,64,65,64,76,Adult,Average
V. Moreno,68,70,27,Independiente Medellín,Colombia,CB,1300000,1000,71,41,51,54,68,76,Adult,Average
A. Martínez,68,70,24,Club Atlético Central Córdoba,Argentina,"LM,RM",1600000,5000,82,61,57,74,33,60,Adult,Average
N. Sarr,68,69,28,Reading,Senegal,CB,1100000,8000,45,32,54,49,67,80,Adult,Average
K. Wilczek,68,68,34,Piast Gliwice,Poland,ST,575000,5000,53,68,62,66,39,76,Senior,Average
E. Elizalde,68,74,22,Club Atlético Independiente,Uruguay,"CB,LB",1800000,5000,71,35,51,54,68,73,Young,Average
L. Guwara,68,70,26,SSV Jahn Regensburg,Gambia,"LB,LWB",1400000,6000,76,34,57,63,63,72,Adult,Average
V. Vada,68,69,26,Real Zaragoza,Argentina,"CAM,LM,CM",1400000,5000,64,68,70,67,64,76,Adult,Average
R. Morrison,68,68,29,D.C. United,Jamaica,"CAM,CM",1200000,4000,67,63,68,71,47,52,Adult,Average
M. Pieringer,68,76,22,SC Paderborn 07,Germany,ST,2700000,9000,62,67,51,66,29,69,Young,Average
M. Ștefănescu,68,74,23,Sepsi OSK Sf. Gheorghe,Romania,"LW,LM,LB",1900000,6000,81,64,61,68,58,69,Adult,Average
C. Zavala,68,77,22,Colo-Colo,Chile,"LW,LM",2700000,3000,83,60,61,71,36,54,Young,Average
A. Bamba,68,77,22,Real Sporting de Gijón,Côte d'Ivoire,"CB,RB",2500000,4000,77,33,54,56,67,78,Young,Average
J. Garro,68,68,29,Newell's Old Boys,Argentina,"LW,RW,ST",1200000,7000,72,65,61,70,26,62,Adult,Average
Terrats,68,78,21,Girona FC,Spain,"CDM,CM,CB",2600000,7000,55,44,63,63,66,69,Young,Average
J. Recalde,68,68,30,Club Olimpia,Paraguay,"ST,CAM,LM",1200000,500,67,72,50,67,21,63,Senior,Average
Iker Losada,68,78,20,RC Celta de Vigo,Spain,"ST,RM",2700000,8000,64,70,54,70,35,49,Young,Average
J. Marković,68,76,21,Universitatea Craiova,Romania,ST,2700000,6000,75,66,52,71,31,71,Young,Average
N. Lima,68,68,27,Austin FC,United States,"RB,LB",1200000,3000,82,61,60,68,61,72,Adult,Average
C. Vanhoutte,68,76,23,KSV Cercle Brugge,Belgium,"CDM,CM",2500000,5000,62,54,61,68,62,73,Adult,Average
J. Earl,68,72,23,Fleetwood Town,England,"LB,LWB,CB",1600000,4000,73,45,56,65,65,73,Adult,Average
C. D'Urso,68,73,24,Cosenza,Italy,"CAM,CM",1800000,1000,68,52,68,74,44,54,Adult,Average
H. Sudakov,68,80,19,Shakhtar Donetsk,Ukraine,CAM,2900000,500,71,64,63,71,39,63,Young,Average
C. Osmanpaşa,68,68,34,Demir Grup Sivasspor,Turkey,CB,400000,7000,43,32,53,58,71,70,Senior,Average
P. Mako,68,68,28,Orlando Pirates,South Africa,"LB,LM,LW",1100000,500,79,42,51,67,68,61,Adult,Average
T. Peyre,68,69,29,KV Mechelen,France,CB,1100000,6000,61,34,51,51,70,71,Adult,Average
D. Affengruber,68,76,21,SK Sturm Graz,Austria,CB,2500000,6000,73,41,51,54,67,72,Young,Average
D. Keita-Ruel,68,68,32,SV Waldhof Mannheim 07,France,ST,975000,3000,68,69,49,64,35,79,Senior,Average
Úmaro Embaló,68,79,21,Fortuna Sittard,Portugal,"RM,LM",2700000,5000,84,61,63,73,26,63,Young,Average
B. Martínez,68,75,22,Club Atlético Aldosivi,Argentina,"RW,RM",2500000,6000,81,65,59,73,41,62,Young,Average
B. Meijer,68,82,19,Club Brugge KV,Netherlands,"LB,LM,LWB",2700000,5000,72,52,61,63,64,77,Young,Average
M. Coutadeur,68,68,36,AC Ajaccio,France,"CDM,CM",240000,5000,46,55,69,67,62,70,Senior,Average
M. Scozzarella,68,68,34,AC Monza,Italy,"CM,CDM",550000,17000,68,63,71,70,56,60,Senior,Average
J. Maurer,68,68,33,FC Dallas,United States,GK,400000,3000,68,66,66,69,39,72,Senior,Average
J. Livolant,68,74,24,En Avant de Guingamp,France,"LM,RM,ST",1900000,3000,76,61,65,68,57,68,Adult,Average
M. Franke,68,68,29,Karlsruher SC,Germany,CB,1000000,6000,59,31,41,45,68,77,Adult,Average
Víctor Rodríguez,68,68,32,Odisha FC,Spain,"LM,CM,RM",950000,750,69,69,68,70,41,57,Senior,Average
C. Arce,68,68,31,Barracas Central,Argentina,"CDM,CM",850000,4000,69,61,64,61,65,65,Senior,Average
Nuno Moreira,68,76,23,FC Vizela,Portugal,"LW,RW",2700000,3000,73,66,67,71,33,48,Adult,Average
S. El Karouani,68,77,21,N.E.C. Nijmegen,Morocco,LB,2600000,3000,79,42,61,66,62,66,Young,Average
K. Yoda,68,68,33,Al Wehda,France,RM,750000,10000,83,69,61,70,52,68,Senior,Average
F. Ayé,68,73,25,Brescia,France,ST,1800000,2000,84,67,54,66,24,72,Adult,Average
R. Ranftl,68,68,30,FK Austria Wien,Austria,"RWB,RM,RB",1000000,9000,70,56,63,67,60,69,Senior,Average
E. Williamson,68,73,25,Portland Timbers,United States,"CDM,CM",1600000,3000,70,57,67,71,63,69,Adult,Average
V. van Crooij,68,69,26,Sparta Rotterdam,Netherlands,"LM,RM,CAM",1400000,5000,77,67,64,67,41,68,Adult,Average
D. Thiam,68,74,24,SPAL,Senegal,GK,1500000,1000,70,65,66,72,62,65,Adult,Average
D. Goutas,68,70,28,Demir Grup Sivasspor,Greece,CB,1200000,7000,54,45,45,48,68,74,Adult,Average
G. Chávez,68,74,23,Club Sporting Cristal,Peru,"CB,RB",1700000,500,61,27,48,57,68,70,Adult,Average
S. Jung,68,68,32,Karlsruher SC,Germany,RB,825000,6000,65,50,65,68,67,64,Senior,Average
J. Lolley,68,68,29,Sydney FC,England,"RM,LM,CAM",1200000,5000,74,67,66,71,49,53,Adult,Average
P. Hercher,68,69,26,1. FC Kaiserslautern,Germany,"RM,RB",1400000,6000,79,60,62,65,59,74,Adult,Average
M. Meulensteen,68,74,22,Vitesse,Netherlands,CB,1800000,6000,67,56,64,64,68,73,Young,Average
R. Seigers,68,75,24,KVC Westerlo,Belgium,"CB,RB",2200000,4000,68,25,51,51,69,69,Adult,Average
M. Taferner,68,77,21,RZ Pellets Wolfsberger AC,Austria,CM,2700000,5000,73,60,65,72,59,57,Young,Average
O. Andrievskyi,68,69,28,Dynamo Kyiv,Ukraine,CDM,1200000,500,66,50,64,62,64,70,Adult,Average
H. Wright,68,74,24,Antalyaspor,United States,ST,1900000,10000,77,68,53,65,22,74,Adult,Average
P. Hartley,68,68,34,Jamshedpur FC,England,CB,400000,850,33,32,48,38,67,86,Senior,Average
P. Köpke,68,69,26,1. FC Nürnberg,Germany,ST,1400000,6000,71,67,60,70,32,63,Adult,Average
R. Lundqvist,68,70,25,FC Groningen,Sweden,"CAM,CM",1500000,4000,70,67,69,70,57,62,Adult,Average
Ó. Barreto,68,68,29,Santa Clara,Colombia,"RM,LM",1200000,3000,75,61,63,70,33,54,Adult,Average
A. Letellier,68,68,31,Paris Saint-Germain,France,GK,650000,18000,67,66,60,72,38,65,Senior,Average
Ricardinho,68,74,23,Santa Clara,Portugal,"LW,RW,ST",1900000,3000,69,65,64,69,38,53,Adult,Average
E. Kurtulus,68,75,22,Hammarby IF,Sweden,"CB,RB",2300000,2000,77,39,58,63,68,71,Young,Average
D. Sigér,68,68,31,Ferencvárosi TC,Hungary,"CM,CDM",1000000,500,64,60,61,64,64,73,Senior,Average
M. Edjouma,68,70,25,FCSB (Steaua),Morocco,"CDM,CM",1400000,6000,63,55,58,67,66,78,Adult,Average
C. Daferner,68,73,24,1. FC Nürnberg,Germany,ST,1800000,5000,61,68,48,64,29,78,Adult,Average
J. Gómez,68,68,37,Estudiantes de Mérida,Venezuela,"CAM,RM,LM",400000,500,72,71,67,69,54,51,Senior,Average
D. Brekalo,68,76,23,Viking FK,Slovenia,CB,2500000,2000,73,27,46,57,66,81,Adult,Average
N. Mendez-Laing,68,68,30,Derby County,England,"RM,LM",1200000,4000,88,63,61,70,51,66,Senior,Average
F. Diagne,68,68,32,Chennaiyin FC,Senegal,"CB,CDM",775000,1000,62,41,56,62,66,75,Senior,Average
Víctor Ruiz,68,68,28,Al Fayha,Spain,"CM,CAM",1200000,11000,70,61,69,74,51,52,Adult,Average
L. Kramer,68,75,22,Aalborg BK,Netherlands,CB,2300000,5000,51,34,48,49,68,75,Young,Average
R. Bentancourt,68,68,29,Club Atlético Peñarol,Uruguay,ST,1200000,500,75,69,58,64,32,63,Adult,Average
C. Paredes,68,74,24,Portland Timbers,Paraguay,"CDM,CM",1800000,3000,68,63,64,64,65,69,Adult,Average
T. Miller,68,69,29,Minnesota United FC,United States,GK,925000,3000,69,65,69,68,33,68,Adult,Average
L. Álvarez,68,68,37,Cerro Largo Fútbol Club,Uruguay,GK,130000,500,72,70,59,69,17,67,Senior,Average
K. Kusk,68,68,30,Silkeborg IF,Denmark,"LW,ST,RW",1200000,6000,72,64,68,69,38,66,Senior,Average
T. Röcher,68,68,31,RZ Pellets Wolfsberger AC,Austria,"ST,LM,RM",1000000,8000,68,69,63,70,23,69,Senior,Average
T. Watanabe,68,73,25,KV Kortrijk,Japan,CB,1600000,6000,60,29,46,53,67,75,Adult,Average
M. Zetterer,68,71,26,SV Werder Bremen,Germany,GK,1200000,7000,67,66,69,71,41,65,Adult,Average
İ. Durmuş,68,68,28,Lechia Gdańsk,Turkey,"LM,RM",1200000,5000,81,64,64,68,54,60,Adult,Average
A. Buongiorno,68,78,23,Torino F.C.,Italy,CB,2500000,12000,59,44,55,58,69,68,Adult,Average
Davide Eustáquio,68,68,30,Santos,Brazil,CAM,1200000,10000,68,62,62,69,33,58,Senior,Average
I. Ledezma,68,69,26,CD Antofagasta,Chile,"CAM,CM",1400000,4000,65,66,62,72,32,53,Adult,Average
A. Gojak,68,71,25,Ferencvárosi TC,Bosnia and Herzegovina,"CM,CAM",1600000,500,69,65,66,68,62,75,Adult,Average
J. Kadak,68,77,21,FC Luzern,Slovakia,"CAM,ST,CM",2700000,5000,63,67,66,70,41,50,Young,Average
J. Bond,68,70,29,LA Galaxy,England,GK,1000000,3000,69,66,63,69,49,67,Adult,Average
C. Kühlwetter,68,71,26,1. FC Heidenheim 1846,Germany,ST,1600000,11000,73,67,61,70,34,73,Adult,Average
S. Alakouch,68,72,23,FC Metz,Morocco,"RWB,RB",1600000,3000,72,43,62,65,64,62,Adult,Average
B. Idrizi,68,74,24,SSV Jahn Regensburg,Kosovo,"CAM,CM",1900000,9000,75,59,63,73,50,52,Adult,Average
D. Ciofani,68,68,36,US Cremonese,Italy,ST,400000,5000,53,70,44,57,25,66,Senior,Average
M. Kramer,68,68,33,RKC Waalwijk,Netherlands,ST,775000,4000,42,67,57,59,38,74,Senior,Average
T. Becker,68,71,25,Holstein Kiel,Germany,"CB,RWB",1400000,7000,76,40,55,58,67,76,Adult,Average
L. Viatri,68,68,35,Club Atlético Peñarol,Argentina,ST,525000,500,42,72,59,60,40,64,Senior,Average
F. Aliti,68,68,28,FC Zürich,Kosovo,"CB,LB",1000000,7000,68,46,57,61,65,82,Adult,Average
J. Pelupessy,68,68,29,FC Groningen,Netherlands,"CDM,CM",1000000,4000,66,54,62,64,66,71,Adult,Average
G. Zappa,68,76,22,Cagliari,Italy,"RB,RWB",2600000,2000,72,32,60,64,63,58,Young,Average
C. Oliva,68,70,26,Club Atlético Talleres,Uruguay,"CM,CDM",1500000,7000,53,59,66,68,68,66,Adult,Average
S. Svarnas,68,73,24,Raków Częstochowa,Greece,"CB,RWB",1600000,500,73,36,50,50,69,75,Adult,Average
M. Garay,68,77,23,Atlético Tucumán,Argentina,"RB,RM",2600000,4000,77,42,53,65,65,48,Adult,Average
S. Stolze,68,69,27,Hannover 96,Germany,"CAM,LM,RM",1400000,11000,79,64,63,71,29,58,Adult,Average
Kiki,68,69,27,FC Vizela,Portugal,"LB,CB",1300000,2000,67,48,63,63,65,68,Adult,Average
T. Borbas,68,79,20,Club Atlético River Plate,Uruguay,"ST,RW",2700000,500,77,68,52,65,21,57,Young,Average
A. Marin,68,79,21,Dinamo Zagreb,Croatia,"CAM,LW",2700000,500,78,60,66,73,30,66,Young,Average
J. Le Cardinal,68,73,24,Paris FC,France,"RB,CB",1700000,3000,69,31,59,62,66,71,Adult,Average
Fabio González,68,75,25,Unión Deportiva Las Palmas,Spain,"CDM,CM",2200000,4000,59,55,61,66,67,67,Adult,Average
J. García,68,68,33,América de Cali,Colombia,CB,575000,1000,41,27,38,41,70,73,Senior,Average
J. Álvez,68,68,34,Unión de Santa Fe,Uruguay,ST,575000,6000,71,67,52,62,29,76,Senior,Average
J. Campos,68,68,34,Independiente Petrolero,Bolivia,"CAM,LM,CM",575000,500,65,64,68,70,22,59,Senior,Average
G. Cameron,68,68,36,FC Cincinnati,United States,CB,220000,2000,46,55,61,62,67,74,Senior,Average
J. Rhodes,68,68,32,Huddersfield Town,Scotland,ST,975000,9000,62,70,53,62,39,60,Senior,Average
Alfonso Herrero,68,71,28,CD Mirandés,Spain,GK,1100000,3000,68,66,60,73,49,65,Adult,Average
Ł. Zwoliński,68,68,29,Lechia Gdańsk,Poland,ST,1200000,5000,72,68,53,66,27,77,Adult,Average
T. Pettersson,68,68,32,Lillestrøm SK,Sweden,CB,775000,2000,42,51,58,55,66,80,Senior,Average
B. Aouacheria,68,68,28,Gil Vicente FC,France,"RW,RM,LW",1200000,6000,72,64,62,72,38,67,Adult,Average
M. El Hacen,68,75,24,CD Lugo,Mauritania,"CM,CDM,CAM",2400000,3000,55,60,58,64,66,77,Adult,Average
M. Lustig,68,68,35,AIK,Sweden,"RB,CB",375000,2000,52,53,65,61,70,72,Senior,Average
M. Wieteska,68,73,25,Clermont Foot 63,Poland,CB,1600000,7000,61,33,46,49,67,74,Adult,Average
M. Kamara,68,73,24,Atakaş Hatayspor,Liberia,"LW,RW",1800000,6000,78,64,57,71,29,67,Adult,Average
J. Blackman,68,69,28,Exeter City,England,GK,950000,3000,70,67,63,71,25,65,Adult,Average
Allyson,68,68,31,Ümraniyespor,Brazil,CB,825000,6000,71,35,49,58,69,70,Senior,Average
T. van de Looi,68,75,22,Brescia,Netherlands,"CDM,CM",2300000,2000,68,64,65,68,64,70,Young,Average
C. Riveros,68,68,39,Club Libertad,Paraguay,"CM,CDM",375000,500,33,61,65,66,67,66,Senior,Average
J. Jacobs,68,72,24,SC Cambuur,Netherlands,"CM,CAM",1700000,4000,67,66,67,68,60,63,Adult,Average
Juan Muñoz,68,71,26,CD Leganés,Spain,"ST,CAM,CM",1600000,6000,62,70,54,68,21,67,Adult,Average
O. Wendt,68,68,36,IFK Göteborg,Sweden,LB,275000,2000,59,61,69,65,67,69,Senior,Average
C. Soukou,68,68,29,SV Sandhausen,Benin,"RM,LM",1200000,4000,70,67,63,70,34,72,Adult,Average
E. Rolón,68,68,27,Boca Juniors,Argentina,CDM,1100000,6000,65,53,63,64,65,66,Adult,Average
J. Cummings,68,69,26,Central Coast Mariners,Australia,ST,1400000,2000,71,68,56,66,37,66,Adult,Average
S. Kırıntılı,68,68,37,Ümraniyespor,Turkey,GK,130000,3000,65,66,64,66,47,71,Senior,Average
T. Watt,68,68,28,Dundee United,Scotland,"ST,LW",1200000,4000,73,69,64,68,47,76,Adult,Average
M. Luongo,68,68,29,Middlesbrough,Australia,"CDM,CM",1000000,11000,61,62,61,66,67,74,Adult,Average
C. Araújo,68,79,21,Orlando City Soccer Club,Uruguay,"CDM,CM",2600000,2000,62,53,56,63,63,68,Young,Average
V. Nuñez,68,68,26,Dalian Professional Football Club,Hong Kong,CB,1100000,4000,64,33,42,46,69,73,Adult,Average
D. Petrić,68,68,34,FC Nantes,Slovenia,GK,210000,8000,68,62,61,71,44,70,Senior,Average
M. Fischer,68,68,26,FK Austria Wien,Austria,"LM,CAM,CM",1300000,8000,70,64,66,68,43,72,Adult,Average
I. Koné,68,76,23,FC Lorient,Mali,ST,2700000,8000,77,67,51,65,31,77,Adult,Average
K. Baccus,68,71,24,St. Mirren,Australia,"CM,CDM",1600000,3000,76,53,62,69,68,71,Adult,Average
P. Burner,68,70,26,Nîmes Olympique,France,RB,1400000,3000,79,55,60,68,62,72,Adult,Average
An Hyeon Beom,68,68,27,Jeju United FC,Korea Republic,"RWB,RM",1200000,3000,84,59,63,68,59,68,Adult,Average
E. Janža,68,68,29,Górnik Zabrze,Slovenia,"LWB,LM,CB",1100000,3000,69,49,64,63,61,68,Adult,Average
N. Castrillón,68,71,26,Junior FC,Colombia,RB,1500000,2000,70,29,47,55,67,70,Adult,Average
D. Watmore,68,68,28,Middlesbrough,England,"ST,RM",1200000,13000,81,67,62,69,36,61,Adult,Average
A. Anani,68,69,27,Grenoble Foot 38,Côte d'Ivoire,ST,1400000,4000,90,68,55,67,26,64,Adult,Average
D. Diamantakos,68,68,29,Kerala Blasters FC,Greece,ST,1200000,2000,78,69,58,65,29,74,Adult,Average
E. Darboe,68,79,21,Roma,Gambia,CDM,2600000,14000,62,46,64,65,63,60,Young,Average
N. Tauer,68,78,21,1. FSV Mainz 05,Germany,"CB,CDM",2500000,7000,66,46,57,66,68,65,Young,Average
Panutche Camará,68,71,25,Ipswich Town,Guinea Bissau,CM,1600000,6000,83,61,62,68,63,73,Adult,Average
J. Yates,68,72,25,Blackpool,England,ST,1700000,6000,78,68,56,69,29,68,Adult,Average
D. Douline,68,68,29,Servette FC,France,"CDM,CM",1000000,7000,45,57,62,62,66,71,Adult,Average
J. Guidino,68,71,26,Ayacucho,Peru,"LB,CB",1500000,500,82,39,56,60,62,59,Adult,Average
P. Abrahamsson,68,68,33,BK Häcken,Sweden,GK,400000,2000,69,70,68,66,41,68,Senior,Average
H. Haraldsson,68,82,19,F.C. København,Iceland,CAM,2900000,5000,74,61,64,71,54,64,Young,Average
Botía,68,68,33,Al Wehda,Spain,CB,575000,9000,50,50,52,48,66,81,Senior,Average
J. Storey,68,72,24,Preston North End,England,CB,1600000,11000,75,27,43,56,68,72,Adult,Average
F. Schleusener,68,68,30,Karlsruher SC,Germany,"ST,LW,RW",1200000,7000,76,65,58,67,28,70,Senior,Average
D. Avdijaj,68,69,25,FC Zürich,Kosovo,"LM,LW,CAM",1400000,7000,78,65,62,71,24,60,Adult,Average
Agirrezabala,68,81,21,Athletic Club de Bilbao,Spain,GK,2600000,5000,64,66,67,70,32,71,Young,Average
A. Nusa,68,88,17,Club Brugge KV,Norway,"LW,RW,ST",3300000,2000,86,60,59,76,40,46,Young,Average
J. Pi,68,68,28,Dijon FCO,France,"CDM,CM",1100000,3000,63,64,63,66,65,76,Adult,Average
J. van Aken,68,69,28,SC Heerenveen,Netherlands,CB,1100000,4000,59,34,56,61,67,66,Adult,Average
S. Lorenz,68,71,25,Holstein Kiel,Germany,CB,1400000,7000,71,38,51,51,68,76,Adult,Average
S. Vokes,68,68,32,Wycombe Wanderers,Wales,ST,975000,5000,41,71,59,59,43,82,Senior,Average
Oh Seung Hoon,68,68,34,Daegu FC,Korea Republic,GK,210000,3000,68,65,62,70,45,70,Senior,Average
I. Danlad,68,79,19,Free agent,Ghana,GK,0,0,67,69,60,70,43,68,Young,Average
J. Perlaza,68,71,24,Barcelona Sporting Club,Ecuador,"LM,LB",1600000,500,80,59,63,68,31,59,Adult,Average
J. Arce,68,68,37,Club Always Ready,Bolivia,"RM,CAM,ST",400000,500,64,68,66,69,38,49,Senior,Average
D. Frieser,68,68,28,TSV Egger Glas Hartberg,Austria,"RW,LW,ST",1200000,5000,75,65,66,67,44,68,Adult,Average
N. Körber,68,73,25,F.C. Hansa Rostock,Germany,GK,1400000,4000,70,65,59,72,35,67,Adult,Average
Á. Sagal,68,68,29,Gazişehir Gaziantep F.K.,Chile,"LWB,LM,RM",1100000,7000,76,69,66,70,58,72,Adult,Average
I. De Arruabarrena,68,73,25,FC Arouca,Uruguay,GK,1400000,2000,67,65,63,61,37,78,Adult,Average
M. Sala,68,75,23,Palermo,Italy,LB,2300000,10000,72,36,59,66,64,59,Adult,Average
Zhao Honglue,68,68,32,Henan Songshan Longmen FC,China PR,"LB,RB,RM",825000,5000,69,35,56,64,63,73,Senior,Average
G. Gil Romero,68,68,29,Atlético Tucumán,Argentina,"CDM,CM",1000000,5000,68,53,60,63,65,73,Adult,Average
J. Ruffels,68,68,28,Huddersfield Town,England,"LWB,LB",1100000,8000,66,51,62,64,64,68,Adult,Average
P. Liza,68,78,22,Clube Sport Marítimo,Peru,"ST,LW,RM",2700000,5000,73,67,62,72,40,65,Young,Average
Pablo Moreno,68,78,20,Clube Sport Marítimo,Spain,"ST,LM",2700000,4000,80,67,55,71,26,60,Young,Average
D. Opare,68,68,31,Seraing,Ghana,"RWB,RM,RB",875000,6000,79,63,62,70,62,68,Senior,Average
B. Carabalí,68,72,24,CS Emelec,Ecuador,"RM,RB,CF",1700000,500,80,34,61,69,60,65,Adult,Average
K. Sessa,68,75,21,1. FC Heidenheim 1846,Germany,"CM,RM",2400000,7000,84,58,68,74,61,58,Young,Average
V. Sarı,68,68,33,Antalyaspor,Turkey,CB,575000,10000,53,52,58,55,67,75,Senior,Average
J. Gazibegović,68,73,22,SK Sturm Graz,Bosnia and Herzegovina,RB,1700000,7000,75,43,62,67,63,69,Young,Average
Heitor,68,77,21,KSV Cercle Brugge,Brazil,"RB,RWB,RM",2600000,4000,78,35,62,70,61,54,Young,Average
R. Ziegler,68,68,36,FC Lugano,Switzerland,CB,220000,3000,47,63,71,64,70,69,Senior,Average
Z. Nagy,68,68,29,Free agent,Hungary,"LWB,LB,LW",0,0,80,60,56,64,63,64,Adult,Average
R. Mühren,68,68,33,FC Volendam,Netherlands,ST,775000,4000,55,72,61,65,41,73,Senior,Average
P. Velasco,68,68,29,Barcelona Sporting Club,Ecuador,"RB,LB",1100000,500,77,52,59,60,62,68,Adult,Average
L. Gondou,68,79,21,Club Atlético Sarmiento,Argentina,ST,2700000,4000,62,65,53,63,34,77,Young,Average
M. Wintzheimer,68,73,23,1. FC Nürnberg,Germany,"ST,LW,RW",1800000,5000,66,68,64,67,27,68,Adult,Average
E. Reitan,68,71,24,Rosenborg BK,Norway,"RWB,CB",1500000,3000,78,46,58,64,63,72,Adult,Average
W. Hahn,68,69,30,IFK Göteborg,Suriname,GK,900000,2000,69,65,70,70,47,66,Senior,Average
Paulo Azzi,68,68,27,Modena,Brazil,"LW,RW",1300000,2000,79,66,61,70,34,64,Adult,Average
K. Smith,68,68,31,Derby County,England,"CM,CDM",1000000,4000,66,55,66,69,67,73,Senior,Average
S. Grytebust,68,68,32,Aalesunds FK,Norway,GK,600000,2000,66,68,66,70,46,67,Senior,Average
A. Păun,68,68,27,CFR Cluj,Romania,"CAM,LW,CM",1300000,7000,80,66,66,70,33,70,Adult,Average
T. Beermann,68,68,31,VfL Osnabrück,Germany,CB,825000,2000,39,39,48,43,68,75,Senior,Average
D. Čolina,68,76,21,Hajduk Split,Croatia,LB,2600000,500,83,40,47,63,65,55,Young,Average
R. Boženík,68,75,22,Boavista FC,Slovakia,ST,2500000,5000,74,68,61,67,31,73,Young,Average
A. Koita,68,73,23,Sint-Truidense VV,Belgium,"LM,LWB,ST",1800000,6000,85,70,63,71,45,66,Adult,Average
E. Kardeşler,68,68,28,Atakaş Hatayspor,Turkey,GK,850000,5000,69,63,62,72,41,68,Adult,Average
E. Orfano,68,68,30,Royal Pari,Argentina,"RM,RB",1200000,500,84,62,63,67,55,67,Senior,Average
L. Acosta,68,72,27,Club Atlético Sarmiento,Argentina,GK,1300000,5000,67,69,68,72,63,66,Adult,Average
P. Ebert,68,68,35,İstanbulspor,Germany,"CM,CAM,RM",475000,5000,62,65,72,68,57,73,Senior,Average
M. Coronel,68,71,23,Atlético Tucumán,Argentina,"LM,ST",1600000,5000,80,65,67,68,36,56,Adult,Average
D. Marshall,68,68,37,Hibernian,Scotland,GK,130000,2000,67,66,65,71,49,67,Senior,Average
T. Serbest,68,69,28,Kasimpaşa SK,Turkey,"CB,CDM,CM",1100000,6000,65,55,65,65,67,72,Adult,Average
T. Machairas,68,79,22,AEK Athens,Greece,"LW,CAM",2700000,500,80,64,62,71,25,57,Young,Average
Fábio China,68,68,29,Clube Sport Marítimo,Portugal,LB,1100000,5000,68,39,57,64,67,64,Adult,Average
E. Chilufya,68,77,22,FC Midtjylland,Zambia,"RW,LW",2700000,10000,88,59,52,72,27,51,Young,Average
A. Skúlason,68,68,35,IFK Norrköping,Iceland,"LWB,LB,CDM",375000,2000,63,59,67,66,64,65,Senior,Average
R. Bajić,68,68,28,GZT Giresunspor,Bosnia and Herzegovina,ST,1200000,7000,60,68,54,65,24,64,Adult,Average
B. Blume,68,68,30,WSG Tirol,Denmark,"CM,CAM,LM",1200000,5000,72,61,65,70,61,71,Senior,Average
M. Ljubičić,68,79,20,LASK Linz,Croatia,"ST,RM",2700000,500,77,70,54,65,24,70,Young,Average
F. Román,68,71,26,Atlético Nacional,Colombia,RB,1500000,2000,77,43,57,59,62,72,Adult,Average
D. Lowe,68,69,29,Inter Miami CF,Jamaica,CB,1100000,4000,73,26,41,50,65,81,Adult,Average
A. Coeff,68,68,30,AJ Auxerre,France,"CB,RB,CDM",1000000,7000,49,52,63,63,65,80,Senior,Average
L. Van Eenoo,68,68,31,KVC Westerlo,Belgium,"CM,CDM",1000000,6000,53,66,69,67,63,64,Senior,Average
F. Tobio,68,68,32,Club Atlético Huracán,Argentina,CB,775000,5000,54,30,53,45,65,78,Senior,Average
Afonso Taira,68,68,30,Casa Pia,Portugal,"CDM,CM",1000000,2000,51,50,58,68,67,68,Senior,Average
R. Sánchez,68,71,25,Club Deportivo Oriente Petrolero,Bolivia,"LM,CM",1600000,500,72,63,65,63,62,81,Adult,Average
D. Wilson,68,68,30,Colorado Rapids,Scotland,"CB,CDM",1000000,3000,47,39,53,57,66,80,Senior,Average
H. Al Shamrani,68,71,25,Al Ittihad,Saudi Arabia,"LB,CB",1500000,13000,90,54,55,63,60,78,Adult,Average
Matos,68,69,27,Burgos CF,Spain,"LB,LWB,LM",1300000,3000,77,49,57,68,59,57,Adult,Average
S. Branca,68,68,30,Cittadella,Italy,"CM,CDM",1200000,2000,71,56,66,67,64,73,Senior,Average
J. Rojas,68,68,29,Delfín Sporting Club,Ecuador,"RM,LM,CAM",1200000,500,86,65,57,71,33,62,Adult,Average
D. Abels,68,71,25,Sparta Rotterdam,Netherlands,"RB,CDM",1500000,4000,61,43,55,61,67,74,Adult,Average
A. Novakovich,68,71,25,Venezia FC,United States,ST,1600000,2000,75,68,49,62,26,67,Adult,Average
C. Riaño,68,68,33,Club Atlético Central Córdoba,Argentina,ST,775000,6000,70,66,63,68,22,67,Senior,Average
C. Maxwell,68,68,31,Blackpool,Wales,GK,650000,5000,69,66,68,66,41,70,Senior,Average
O. Thioune,68,69,28,Dijon FCO,Senegal,CDM,1200000,3000,52,53,66,66,65,71,Adult,Average
M. Noubissi,68,71,25,Valenciennes FC,Cameroon,ST,1600000,3000,78,68,54,67,35,77,Adult,Average
A. Niewulis,68,68,33,Raków Częstochowa,Poland,CB,575000,5000,58,40,54,60,66,82,Senior,Average
D. Saint-Louis,68,68,27,Atakaş Hatayspor,Congo,"RM,LW,LM",1300000,6000,83,67,61,71,32,63,Adult,Average
Matheus Pereira,68,74,24,SD Eibar,Brazil,"CAM,RM,CDM",1900000,4000,69,61,64,74,35,59,Adult,Average
M. Da Luz,68,68,27,9 de Octubre,Uruguay,"RM,LM",1300000,500,82,67,61,68,30,56,Adult,Average
Jung Seung Yong,68,68,31,Gangwon FC,Korea Republic,"LWB,LB,RB",875000,3000,75,46,55,63,63,74,Senior,Average
R. Kongolo,68,73,24,Cosenza,Netherlands,"CDM,CM",1700000,1000,77,55,58,64,64,76,Adult,Average
G. Giorbelidze,68,69,26,Zagłębie Lubin,Georgia,LB,1300000,5000,79,48,60,67,65,67,Adult,Average
M. Power,68,68,28,Wigan Athletic,England,"CM,RB,CDM",1200000,5000,56,65,68,66,65,80,Adult,Average
S. Ogrinec,68,72,24,WSG Tirol,Slovenia,"CAM,CM,CDM",1700000,5000,69,58,66,68,46,65,Adult,Average
C. Humphreys-Grant,68,76,23,Rotherham United,England,CB,2500000,6000,64,32,48,54,68,72,Adult,Average
B. Amos,68,68,32,Wigan Athletic,England,GK,600000,4000,69,67,71,67,48,65,Senior,Average
N. Isimat-Mirin,68,68,30,Sporting Kansas City,France,CB,1000000,3000,45,34,52,47,68,72,Senior,Average
D. Eckert Ayensa,68,72,25,Royale Union Saint-Gilloise,Germany,ST,1700000,7000,79,66,49,70,27,63,Adult,Average
A. Mendy,68,68,27,Clermont Foot 63,Senegal,LB,1200000,7000,76,36,63,62,62,69,Adult,Average
O. Deman,68,78,22,KSV Cercle Brugge,Belgium,"RW,ST,LW",2700000,6000,77,66,62,70,47,69,Young,Average
A. Araque,68,72,26,Estudiantes de Mérida,Venezuela,GK,1300000,500,72,65,62,69,47,64,Adult,Average
J. Clarke,68,81,21,Sunderland,England,"LW,RW",3000000,6000,78,62,62,72,25,54,Young,Average
M. Mimaroğlu,68,68,27,Ümraniyespor,Turkey,"LM,RM",1300000,9000,82,66,62,70,37,63,Adult,Average
L. Phiri,68,70,27,Paris FC,South Africa,"CDM,CM",1300000,4000,78,53,63,71,68,66,Adult,Average
Moi Delgado,68,68,28,SD Ponferradina,Spain,LB,1100000,4000,81,35,58,64,61,65,Adult,Average
S. Falette,68,68,30,Atakaş Hatayspor,Guinea,"CB,LB",1000000,6000,67,45,46,52,65,80,Senior,Average
J. Jeggo,68,68,30,KAS Eupen,Australia,"CDM,CM",1000000,5000,68,61,63,65,63,70,Senior,Average
Y. Congo,68,75,24,Deportivo Cali,Colombia,"CDM,CM",2300000,1000,67,56,62,66,65,66,Adult,Average
B. Johnson,68,68,35,Milton Keynes Dons,England,"CDM,CM",350000,4000,48,66,63,65,66,75,Senior,Average
C. Stockton,68,68,28,Morecambe,England,ST,1200000,5000,68,69,52,65,33,79,Adult,Average
S. Kaba,68,69,27,FC Midtjylland,Guinea,ST,1400000,12000,63,67,57,65,31,78,Adult,Average
J. Christensen,68,77,21,FC Nordsjælland,Denmark,"CM,CDM",2700000,4000,69,56,67,69,65,70,Young,Average
H. Hermannsson,68,70,27,Pisa,Iceland,"CB,RB",1300000,2000,51,34,54,59,67,79,Adult,Average
J. Sabbatini,68,68,34,FC Lugano,Uruguay,"CM,CDM",550000,5000,57,62,69,68,61,67,Senior,Average
Kaio Aldair,68,68,30,Fortaleza,Brazil,"RB,RM",1000000,5000,78,56,62,66,63,52,Senior,Average
Ukra,68,68,34,Rio Ave FC,Portugal,"LM,RM",575000,4000,68,64,67,72,36,60,Senior,Average
P. Klimala,68,73,23,New York Red Bulls,Poland,ST,1800000,4000,82,64,49,66,31,74,Adult,Average
Raúl Navas,68,68,34,CD Mirandés,Spain,CB,400000,4000,41,45,58,46,68,70,Senior,Average
M. Ingram,68,70,28,Hull City,England,GK,1000000,6000,72,66,67,71,36,67,Adult,Average
A. Peñaranda,68,71,25,Boavista FC,Venezuela,"LM,ST,CAM",1600000,6000,80,68,63,70,36,65,Adult,Average
R. Krauße,68,69,28,Eintracht Braunschweig,Germany,"CDM,CM",1200000,6000,68,38,60,59,65,80,Adult,Average
L. Wahlstedt,68,76,22,Odds BK,Sweden,GK,2300000,2000,68,67,65,70,35,67,Young,Average
K. Frei,68,68,28,Fatih Karagümrük S.K.,Turkey,"LW,RW,CAM",1200000,11000,85,61,63,75,35,48,Adult,Average
T. Arrigoni,68,68,28,Como,Italy,"CM,CDM",1200000,2000,67,59,69,67,57,71,Adult,Average
N. Cordero,68,77,23,Club Atlético Huracán,Argentina,"ST,RW",2700000,6000,68,70,65,67,30,68,Adult,Average
T. Kirschbaum,68,68,35,SSV Jahn Regensburg,Germany,GK,130000,3000,71,66,68,69,25,65,Senior,Average
A. Zeqiri,68,76,23,FC Basel 1893,Switzerland,ST,2700000,21000,63,68,59,71,22,67,Adult,Average
L. Flach,68,75,21,Philadelphia Union,United States,"CM,CDM,LB",2400000,3000,82,54,63,69,67,65,Young,Average
Álvaro Giménez,68,68,31,Cádiz CF,Spain,ST,1000000,12000,70,68,59,65,30,68,Senior,Average
J. Rodríguez,68,74,24,Futebol Clube de Famalicão,Panama,"LM,LW,RM",1900000,4000,82,67,59,74,28,68,Adult,Average
H. Ahmed,68,75,22,Free agent,Qatar,LWB,0,0,74,45,59,61,63,68,Young,Average
W. González,68,68,28,Hermanos Colmenarez,Colombia,"RM,RW",1200000,500,80,64,64,68,47,67,Adult,Average
B. Tomiak,68,75,23,1. FC Kaiserslautern,Germany,CB,2200000,5000,68,43,45,41,67,78,Adult,Average
Á. Romero,68,68,31,Cienciano,Peru,"CDM,CB",850000,500,67,68,65,73,61,72,Senior,Average
C. Karayel,68,68,27,İttifak Holding Konyaspor,Turkey,"RB,RWB,LB",1200000,7000,72,47,62,68,63,73,Adult,Average
T. Dierckx,68,68,27,KVC Westerlo,Belgium,RM,1300000,6000,75,66,61,73,19,59,Adult,Average
R. Sosa,68,77,22,Gimnasia y Esgrima La Plata,Paraguay,"LM,RM",2700000,6000,80,63,62,68,48,61,Young,Average
R. González,68,68,31,Platense,Argentina,CB,825000,5000,32,37,45,51,68,77,Senior,Average
B. Heras,68,71,27,LDU Quito,Ecuador,GK,1200000,500,67,65,68,69,55,68,Adult,Average
O. Rathbone,68,72,25,Rotherham United,England,CM,1700000,7000,82,60,63,70,64,77,Adult,Average
M. Abline,68,84,19,Stade Rennais FC,France,ST,3100000,11000,78,70,55,72,23,50,Young,Average
W. Kanga,68,75,24,Hertha BSC,France,ST,2400000,11000,76,65,59,69,24,78,Adult,Average
S. Field,68,75,24,Queens Park Rangers,England,"CM,CDM",2400000,12000,59,54,65,66,66,65,Adult,Average
S. Al Shehri,68,68,28,Al Hilal,Saudi Arabia,ST,1200000,16000,64,66,49,63,28,73,Adult,Average
D. Marsura,68,68,28,Modena,Italy,"LW,ST",1200000,2000,86,63,61,70,32,66,Adult,Average
Yu Sang Hun,68,68,33,Gangwon FC,Korea Republic,GK,400000,3000,64,68,60,72,39,67,Senior,Average
Miguel Maga,68,79,19,Vitória de Guimarães,Portugal,RB,2500000,2000,77,53,63,66,62,54,Young,Average
Helito Caldeira,68,68,26,Fluminense,Brazil,RB,1200000,9000,63,54,60,64,68,72,Adult,Average
Arthur Sales,68,78,19,FC Paços de Ferreira,Brazil,ST,2600000,3000,68,68,51,63,23,69,Young,Average
G. McCleary,68,68,35,Wycombe Wanderers,Jamaica,"RW,RM,CAM",500000,4000,77,66,63,69,48,67,Senior,Average
L. Ghiringhelli,68,68,30,Ternana,Italy,"RB,LB",1000000,2000,77,46,57,63,65,69,Senior,Average
J. Boselli,68,77,22,Gil Vicente FC,Uruguay,"ST,RW",2700000,5000,71,68,50,71,23,58,Young,Average
J. Cevallos,68,68,27,CS Emelec,Ecuador,"CAM,CM",1300000,500,66,71,69,67,55,69,Adult,Average
O. Çağlayan,68,69,26,GZT Giresunspor,Turkey,"RM,RW,ST",1400000,22000,73,65,63,69,31,66,Adult,Average
F. Kent,68,71,26,Peterborough United,England,CB,1400000,5000,63,30,48,58,68,75,Adult,Average
S. Asamoah,68,68,28,FC U Craiova 1948,Togo,"CM,CDM",1200000,6000,74,57,67,71,63,64,Adult,Average
A. Zaroury,68,77,21,Burnley,Belgium,"ST,CF,LM",2700000,14000,82,66,66,76,27,57,Young,Average
Bruno Lourenço,68,74,24,Boavista FC,Portugal,"LW,CAM,RM",1900000,6000,66,61,71,70,46,62,Adult,Average
D. Aimar,68,71,27,Barcelona Sporting Club,Ecuador,CB,1400000,500,61,29,45,49,69,70,Adult,Average
A. Fiola,68,68,32,Free agent,Hungary,"RWB,CB",0,0,70,39,57,60,67,68,Senior,Average
F. Rieder,68,83,20,BSC Young Boys,Switzerland,"CAM,CM",2900000,7000,69,61,69,70,50,61,Young,Average
M. te Wierik,68,68,30,FC Groningen,Netherlands,CB,1000000,4000,52,48,59,59,69,73,Senior,Average
D. Heymans,68,73,23,Royal Charleroi S.C.,Belgium,"CAM,CM,CF",1800000,6000,58,69,66,66,56,66,Adult,Average
J. Zapata,68,68,28,Hermanos Colmenarez,Colombia,"ST,CAM",1200000,500,86,70,64,69,30,63,Adult,Average
M. Palacios,68,68,29,Seongnam FC,Colombia,"RM,LM,ST",1200000,3000,92,61,57,70,45,74,Adult,Average
J. Bakayoko,68,85,19,PSV,Belgium,RW,3100000,5000,86,61,58,71,29,59,Young,Average
Miguel Gutiérrez,68,81,20,Girona FC,Spain,"LB,LWB",2800000,7000,72,47,58,65,65,61,Young,Average
G. Dobson,68,72,24,Charlton Athletic,England,CDM,1600000,4000,55,54,64,62,65,76,Adult,Average
N. Benbouali,68,75,22,Royal Charleroi S.C.,Algeria,ST,2500000,6000,68,67,55,61,24,72,Young,Average
W. Ortega,68,72,27,La Equidad,Uruguay,GK,1300000,750,71,68,70,68,28,68,Adult,Average
S. Chakla,68,69,28,Oud-Heverlee Leuven,Morocco,CB,1100000,6000,50,32,50,51,68,67,Adult,Average
P. Sisto,68,68,27,FC Midtjylland,Denmark,LW,1300000,12000,71,67,66,72,53,63,Adult,Average
B. Rabello,68,68,28,Unión Española,Chile,"CM,CAM,LM",1200000,3000,71,67,69,73,46,69,Adult,Average
Liu Dianzuo,68,68,32,Wuhan Three Towns,China PR,GK,600000,6000,66,67,64,69,50,69,Senior,Average
S. Mpontshane,68,68,36,Orlando Pirates,South Africa,GK,130000,500,69,65,65,72,47,69,Senior,Average
C. Ogilvie,68,69,26,Portsmouth,England,"LB,CB,LWB",1300000,5000,67,43,63,63,65,76,Adult,Average
G. Engvall,68,71,26,Sarpsborg 08 FF,Sweden,"ST,RM,CAM",1600000,7000,70,67,58,69,31,71,Adult,Average
E. Tavşan,68,77,21,N.E.C. Nijmegen,Netherlands,"RW,ST",2700000,4000,86,62,60,71,24,58,Young,Average
J. Bell,68,73,23,Brøndby IF,New Zealand,"CDM,CM",1700000,5000,65,60,67,65,64,77,Adult,Average
J. Acosta,68,68,28,Montevideo Wanderers,Uruguay,RB,1100000,500,65,44,57,61,69,69,Adult,Average
G. Goñi,68,75,23,Arsenal de Sarandí,Argentina,CB,2200000,4000,62,28,43,47,67,76,Adult,Average
R. Charles-Cook,68,71,25,KAS Eupen,Grenada,"LM,RM,CAM",1600000,5000,86,61,61,67,53,67,Adult,Average
N. Wells,68,68,32,Bristol City,Bermuda,"ST,LM",975000,15000,73,68,63,69,43,61,Senior,Average
Tomeu Nadal,68,68,33,Real Oviedo,Spain,GK,400000,3000,65,67,65,69,37,68,Senior,Average
M. Arezo,68,81,19,Granada CF,Uruguay,"ST,CAM",2900000,3000,66,70,55,69,37,60,Young,Average
E. Amenyido,68,74,24,FC St. Pauli,Togo,"ST,LM,RM",1900000,7000,78,64,58,73,38,71,Adult,Average
Ž. Celar,68,75,23,FC Lugano,Slovenia,ST,2400000,5000,71,69,51,68,27,73,Adult,Average
C. Pring,68,72,24,Bristol City,England,"LB,LWB,CB",1600000,11000,81,47,57,65,62,68,Adult,Average
K. Wriedt,68,68,27,Holstein Kiel,Ghana,ST,1300000,9000,65,67,57,63,30,75,Adult,Average
L. Sadiku,68,68,30,Hammarby IF,Albania,"CDM,CB,CM",1000000,3000,40,57,58,60,67,67,Senior,Average
Y. Kallon,68,82,21,Hellas Verona,Sierra Leone,"RM,RW,CF",3000000,2000,83,66,58,73,22,64,Young,Average
D. Ball,68,71,26,Ipswich Town,England,"CDM,CM",1400000,6000,60,44,58,60,65,73,Adult,Average
T. Tillman,68,75,23,SpVgg Greuther Fürth,Germany,"CM,CAM,LW",2400000,4000,69,55,65,73,45,64,Adult,Average
D. Stockdale,68,68,36,Sheffield Wednesday,England,GK,130000,3000,68,66,68,69,30,67,Senior,Average
K. Peprah,68,79,21,Orlando Pirates,Ghana,"ST,LW",2700000,500,79,72,54,67,35,68,Young,Average
Miguel Baeza,68,77,22,Rio Ave FC,Spain,"RM,LM,CAM",2700000,8000,65,62,70,68,43,51,Young,Average
J. Collins,68,68,31,Derby County,Republic of Ireland,ST,1000000,4000,60,67,55,65,41,80,Senior,Average
P. Haring,68,68,29,Heart of Midlothian,Austria,"CM,CDM",1200000,4000,65,54,67,67,69,76,Adult,Average
K. Nakamura,68,77,21,LASK Linz,Japan,"LM,LW",2700000,8000,76,66,60,71,31,68,Young,Average
S. Ugarković,68,68,27,Wellington Phoenix,Australia,"CDM,CM",1100000,2000,67,45,61,66,64,77,Adult,Average
C. Kazim-Richards,68,68,35,Fatih Karagümrük S.K.,Turkey,ST,525000,8000,52,71,66,64,34,78,Senior,Average
L. Melano,68,68,29,Newell's Old Boys,Argentina,"RW,LW,ST",1200000,7000,81,65,61,68,33,67,Adult,Average
L. Tremolada,68,68,30,Modena,Italy,"CAM,CM",1200000,2000,76,66,68,68,51,56,Senior,Average
V. Dragsnes,68,68,28,Lillestrøm SK,Norway,"LWB,CB",1100000,2000,81,52,59,59,63,77,Adult,Average
V. Lampropoulos,68,68,32,VfL Bochum 1848,Greece,CB,775000,9000,65,42,54,54,70,70,Senior,Average
Iván Márquez,68,69,28,N.E.C. Nijmegen,Spain,CB,1100000,5000,40,43,50,50,67,77,Adult,Average
F. Mater,68,73,23,Barracas Central,Argentina,"RM,RB,CM",1800000,5000,70,57,63,70,66,66,Adult,Average
Manu Barreiro,68,68,35,CD Lugo,Spain,ST,525000,3000,55,68,57,66,36,77,Senior,Average
J. Sánchez Purata,68,74,24,Atlanta United,Mexico,CB,1700000,3000,54,48,49,53,67,71,Adult,Average
B. Garré,68,78,21,Club Atlético Huracán,Argentina,"RM,RW,LW",2700000,6000,83,62,60,76,37,55,Young,Average
N. Demartini,68,78,22,Club Atlético Tigre,Argentina,CB,2500000,4000,62,29,45,49,69,72,Young,Average
C. Bravo,68,68,28,Montevideo Wanderers,Chile,"RM,LM,CAM",1200000,500,79,66,59,71,46,74,Adult,Average
R. Lozano,68,72,24,Patronato,Argentina,"RB,LB",1600000,5000,76,50,53,62,66,67,Adult,Average
D. Button,68,68,33,West Bromwich Albion,England,GK,400000,10000,70,67,65,68,54,65,Senior,Average
C. Wyke,68,68,29,Wigan Athletic,England,ST,1200000,6000,55,69,57,63,37,76,Adult,Average
A. Caceres,68,68,29,Sydney FC,Australia,"CAM,CM,CDM",1200000,5000,71,64,67,71,58,71,Adult,Average
L. Ursino,68,68,33,Club The Strongest,Argentina,"CAM,RW,CM",750000,550,69,62,68,70,52,59,Senior,Average
S. Salcedo,68,75,24,Club Olimpia,Paraguay,CB,2200000,500,59,33,43,53,68,74,Adult,Average
F. Mac Allister,68,72,26,Rosario Central,Argentina,"CDM,CM",1500000,6000,68,47,65,69,66,63,Adult,Average
O. Boussaid,68,74,22,FC Utrecht,Belgium,"CAM,CM",1900000,6000,79,61,66,74,44,48,Young,Average
C. Bozdoğan,68,77,21,FC Utrecht,Germany,"CAM,CM",2700000,7000,70,65,66,74,51,61,Young,Average
F. Escobar,68,69,27,Los Angeles FC,Argentina,"RB,CB",1300000,3000,71,47,57,67,66,67,Adult,Average
J. Taylor,68,73,24,Peterborough United,Republic of Ireland,"CM,CDM,CAM",1800000,5000,73,65,64,68,63,67,Adult,Average
B. Omeragic,68,83,20,FC Zürich,Switzerland,"CB,RB",2700000,5000,75,40,61,62,66,70,Young,Average
J. David,68,75,22,Hamburger SV,Germany,"CB,CDM",2300000,5000,64,32,59,64,66,72,Young,Average
A. Rodríguez,68,68,27,Club Alianza Lima,Peru,"ST,RW",1300000,500,69,67,56,67,30,74,Adult,Average
M. Esquivel,68,76,23,Club Atlético Talleres,Argentina,"CM,CAM",2700000,6000,84,66,70,74,52,62,Adult,Average
Y. Konoplia,68,77,22,Shakhtar Donetsk,Ukraine,"RB,RWB",2600000,500,77,43,63,60,64,62,Young,Average
G. Maroni,68,74,23,San Lorenzo de Almagro,Argentina,"CAM,LW",1900000,6000,73,55,64,74,42,54,Adult,Average
A. Jallow,68,73,23,FC Metz,Gambia,RM,1800000,3000,76,64,64,72,34,45,Adult,Average
Song Min Kyu,68,75,22,Jeonbuk Hyundai Motors,Korea Republic,"LW,LM,RW",2500000,5000,79,65,58,70,28,71,Young,Average
Victor Braga,68,68,30,Al Tai,Brazil,GK,800000,7000,68,66,69,70,46,65,Senior,Average
A. Luna,68,68,30,Kerala Blasters FC,Uruguay,"LM,CAM",1200000,1000,81,63,66,70,40,45,Senior,Average
M. Mbacke,68,77,20,Villarreal Club de Fútbol B,Senegal,CB,2500000,2000,68,34,45,56,67,72,Young,Average
C. Chimino,68,68,34,Arsenal de Sarandí,Argentina,RB,450000,4000,71,50,57,64,64,69,Senior,Average
H. Balić,68,70,26,LASK Linz,Austria,"ST,CF,LW",1500000,12000,90,66,65,68,29,61,Adult,Average
Miguel Cardoso,68,68,28,Yukatel Kayserispor,Portugal,"LM,ST,RM",1200000,8000,73,65,65,71,39,56,Adult,Average
S. van Hooijdonk,68,77,22,SC Heerenveen,Netherlands,ST,2700000,12000,76,70,56,63,26,71,Young,Average
J. Portilla,68,73,23,América de Cali,Colombia,CM,1800000,1000,69,63,64,64,65,70,Adult,Average
M. Wdowiak,68,70,25,Raków Częstochowa,Poland,"CF,RM,LM",1500000,6000,91,62,61,69,42,58,Adult,Average
Francisco Moura,68,77,22,Futebol Clube de Famalicão,Portugal,"LM,LB",2700000,5000,70,53,62,70,66,65,Young,Average
J. Sosa,68,78,20,Bologna,Uruguay,"CB,LB",2500000,8000,41,37,60,60,72,67,Young,Average
I. Pillud,68,68,36,Racing Club,Argentina,RB,275000,5000,63,58,65,62,67,74,Senior,Average
M. Leitgeb,68,68,34,RZ Pellets Wolfsberger AC,Austria,CDM,400000,7000,33,55,61,61,68,74,Senior,Average
Kim Young Bin,68,68,30,Gangwon FC,Korea Republic,"CB,LB",1000000,3000,67,28,48,45,68,77,Senior,Average
J. Ceesay,68,72,24,Malmö FF,Sweden,"RW,RWB",1700000,4000,85,56,63,69,52,65,Adult,Average
M. Bottani,68,68,31,FC Lugano,Switzerland,"CAM,ST,LW",1000000,5000,82,66,62,71,43,51,Senior,Average
F. Santander,68,68,31,Urbs Reggina 1914,Paraguay,ST,1000000,2000,56,69,61,65,31,75,Senior,Average
L. Bostyn,68,70,28,SV Zulte Waregem,Belgium,GK,1000000,5000,70,66,60,69,36,70,Adult,Average
B. Vécsei,68,68,28,Ferencvárosi TC,Hungary,CM,1200000,500,59,67,67,71,60,75,Adult,Average
J. Dehm,68,71,26,Hannover 96,Germany,"RB,RM",1500000,10000,79,49,62,67,63,65,Adult,Average
M. Caufriez,68,74,25,Clermont Foot 63,Belgium,"CB,RWB,RM",1700000,7000,59,30,57,56,68,72,Adult,Average
H. Kawabe,68,69,26,Grasshopper Club Zürich,Japan,"CM,CAM,CDM",1400000,26000,80,66,65,69,65,69,Adult,Average
E. Terranova,68,68,35,Bari,Italy,CB,325000,1000,55,42,46,46,68,72,Senior,Average
M. Smith,68,68,30,Sheffield Wednesday,England,ST,1200000,7000,51,68,56,59,30,81,Senior,Average
N. Vargas,68,68,28,Deportivo Ñublense,Chile,"CB,LB,RB",1000000,4000,63,57,62,58,65,81,Adult,Average
J. Byrne,68,69,26,Shamrock Rovers,Republic of Ireland,RW,1400000,2000,72,65,68,69,50,67,Adult,Average
C. Larotonda,68,79,23,Metropolitanos de Caracas FC,Venezuela,"CDM,CM",2500000,500,65,61,62,63,66,69,Adult,Average
C. Malele,68,68,28,CFR Cluj,Switzerland,ST,1200000,10000,83,66,47,66,32,82,Adult,Average
Pedro Silva,68,72,25,Estoril Praia,Portugal,GK,1300000,3000,70,65,62,69,29,63,Adult,Average
P. Schiattarella,68,68,35,Benevento,Italy,"CM,CDM",475000,2000,73,64,69,70,62,64,Senior,Average
F. Mambimbi,68,76,21,SC Cambuur,Switzerland,"LW,ST,RW",2700000,8000,88,64,54,72,24,55,Young,Average
M. Soulé,68,85,19,Juventus,Argentina,RW,3100000,20000,76,63,67,76,29,43,Young,Average
E. Mosquera,68,68,31,América de Cali,Colombia,"LB,LWB",875000,1000,67,45,61,60,64,75,Senior,Average
A. Al Sulayhim,68,68,28,Al Nassr,Saudi Arabia,"CM,CDM",1200000,15000,73,60,67,73,58,64,Adult,Average
K. Hansen,68,68,33,FC Nordsjælland,Denmark,CB,575000,5000,59,47,61,58,67,71,Senior,Average
A. Uribe,68,68,31,Deportivo Táchira FC,Venezuela,ST,1000000,600,76,69,46,67,19,68,Senior,Average
J. Flores,67,67,28,Club Always Ready,Bolivia,"LB,LM",925000,500,71,38,55,59,65,59,Adult,Average
Á. Quiroga,67,68,27,Club Deportivo Guabirá,Bolivia,CM,1200000,500,65,56,70,64,58,64,Adult,Average
F. Bilbija,67,77,22,Hamburger SV,Germany,"LW,RW",2300000,5000,72,55,65,68,31,65,Young,Average
J. Rodwell,67,67,31,Sydney FC,England,"CM,CB,CDM",825000,4000,66,64,67,68,67,69,Senior,Average
J. Acevedo,67,69,25,Patronato,Argentina,"RM,CM,LM",1300000,5000,69,69,63,69,49,54,Adult,Average
Tomás Araújo,67,83,20,Gil Vicente FC,Portugal,CB,2500000,3000,69,29,39,52,66,71,Young,Average
Gao Zhunyi,67,67,26,Wuhan Three Towns,China PR,"LB,CB,LM",1000000,6000,70,49,60,61,64,72,Adult,Average
G. Castillo,67,67,31,Club The Strongest,Uruguay,CB,700000,500,61,42,47,48,69,65,Senior,Average
M. Konaté,67,68,28,Sint-Truidense VV,Guinea,"CDM,CM,CB",975000,5000,55,42,53,58,65,77,Adult,Average
G. Poussin,67,75,23,FC Girondins de Bordeaux,France,GK,2000000,2000,68,66,64,66,20,67,Adult,Average
K. Nwakali,67,72,24,SD Ponferradina,Nigeria,"CM,CDM,CAM",1500000,3000,71,61,64,69,57,63,Adult,Average
A. Deiola,67,68,26,Cagliari,Italy,CM,1200000,2000,57,64,62,62,64,77,Adult,Average
K. Babacar,67,67,29,F.C. København,Senegal,ST,1000000,9000,60,67,53,64,30,72,Adult,Average
N. Boujellab,67,75,23,HJK Helsinki,Morocco,"CAM,CF,CM",2300000,500,70,60,62,73,50,53,Adult,Average
A. Poungouras,67,68,26,Panathinaikos FC,Greece,CB,1100000,500,61,41,47,49,69,69,Adult,Average
Junio,67,70,25,Rio Ave FC,Brazil,RB,1200000,3000,71,33,55,64,65,69,Adult,Average
N. Hedl,67,76,21,SK Rapid Wien,Austria,GK,2000000,5000,72,64,63,71,29,61,Young,Average
M. Alonso,67,67,28,Mushuc Runa,Uruguay,"RM,RW,LW",1000000,500,81,65,60,67,36,60,Adult,Average
E. Moreno,67,79,20,América de Cali,Colombia,"RB,RWB",2300000,850,70,43,60,57,63,63,Young,Average
E. Martel,67,84,20,1. FC Köln,Germany,"CDM,CB",2500000,6000,66,46,58,59,67,73,Young,Average
A. Ivačič,67,70,28,Portland Timbers,Slovenia,GK,950000,2000,65,68,61,69,37,65,Adult,Average
A. Gory,67,68,25,Paris FC,France,"LM,RM,LW",1200000,4000,87,63,55,71,22,62,Adult,Average
K. Angielski,67,69,26,Demir Grup Sivasspor,Poland,ST,1300000,7000,73,66,54,64,26,72,Adult,Average
I. Armaș,67,67,34,FC Voluntari,Moldova,CB,325000,5000,33,39,49,39,68,80,Senior,Average
B. Bjarnason,67,67,34,Adana Demirspor,Iceland,"CAM,CM",475000,7000,64,67,66,67,62,74,Senior,Average
Borja Valle,67,67,29,FC Cartagena,Spain,"ST,LM,CAM",1000000,4000,69,69,64,67,45,62,Adult,Average
B. Calderara,67,74,24,Barracas Central,Argentina,LB,1900000,4000,73,39,52,62,63,53,Adult,Average
C. Neguț,67,68,26,AFC Chindia Târgoviște,Romania,"RM,LM,ST",1200000,2000,80,61,64,67,31,64,Adult,Average
M. Dulca,67,74,23,FCSB (Steaua),Romania,"CM,CDM",2000000,5000,69,58,63,66,64,77,Adult,Average
R. Janicki,67,67,29,Górnik Zabrze,Poland,CB,850000,3000,51,35,55,52,66,75,Adult,Average
S. Adingra,67,78,20,Royale Union Saint-Gilloise,Côte d'Ivoire,"LM,ST,LW",2200000,14000,90,61,53,73,25,50,Young,Average
Nadjack,67,67,28,Grasshopper Club Zürich,Guinea Bissau,RB,925000,5000,75,43,57,70,61,66,Adult,Average
E. Oelschlägel,67,70,26,FC Emmen,Germany,GK,1000000,3000,69,64,57,69,38,65,Adult,Average
J. Biada,67,67,29,1. FC Saarbrücken,Germany,"CAM,ST",1000000,3000,57,72,61,68,35,65,Adult,Average
S. Thesker,67,67,31,Holstein Kiel,Germany,CB,700000,6000,49,38,49,50,68,72,Senior,Average
N. Ravaglia,67,67,33,U.C. Sampdoria,Italy,GK,325000,5000,64,65,60,69,30,66,Senior,Average
Ryu Jae Moon,67,68,28,Jeonbuk Hyundai Motors,Korea Republic,"CDM,CM",975000,4000,65,46,59,60,62,71,Adult,Average
S. Akaydin,67,69,28,Adana Demirspor,Turkey,CB,1000000,7000,57,35,42,48,68,69,Adult,Average
F. Zabala,67,73,23,Venezia FC,Argentina,LB,1500000,2000,73,32,57,60,62,49,Adult,Average
G. Mitoglou,67,77,22,AEK Athens,Greece,CB,2100000,500,60,31,51,45,65,80,Young,Average
G. Koomson,67,67,27,Aalesunds FK,Ghana,RM,1100000,2000,86,61,62,67,40,63,Adult,Average
J. Wilson,67,67,33,Plymouth Argyle,Wales,CB,475000,5000,63,38,51,51,67,76,Senior,Average
I. Matanović,67,82,19,FC St. Pauli,Germany,ST,2400000,6000,71,65,52,63,33,70,Young,Average
B. van Rooij,67,72,21,N.E.C. Nijmegen,Netherlands,RB,1500000,3000,78,36,56,65,61,63,Young,Average
Torrente,67,77,20,Granada CF,Spain,"CB,CDM",2100000,3000,53,31,51,46,68,67,Young,Average
T. Přikryl,67,67,29,Jagiellonia Białystok,Czech Republic,"RM,RWB",1000000,4000,79,64,61,69,50,61,Adult,Average
A. Tanghe,67,75,23,KV Oostende,Belgium,CB,2100000,4000,60,26,51,51,68,69,Adult,Average
B. Mitchell,67,75,21,Millwall,England,CM,2300000,4000,67,54,62,68,65,72,Young,Average
C. Căbuz,67,72,26,AFC Chindia Târgoviște,Romania,GK,1200000,2000,68,61,62,72,35,65,Adult,Average
V. Barkas,67,70,28,FC Utrecht,Greece,GK,950000,13000,66,67,70,68,47,63,Adult,Average
A. Bassi,67,71,24,FC Metz,Morocco,"CAM,CM,RW",1500000,3000,69,60,67,70,49,59,Adult,Average
R. Neudecker,67,71,25,1. FC Saarbrücken,Germany,"CM,CAM",1400000,3000,75,59,68,71,50,69,Adult,Average
Geraldo,67,67,30,Ümraniyespor,Angola,"ST,RM,LM",1000000,6000,80,67,64,75,41,62,Senior,Average
M. Schäffler,67,67,33,SG Dynamo Dresden,Germany,ST,650000,4000,45,70,49,59,32,76,Senior,Average
Juan Ibiza,67,70,26,UD Ibiza,Spain,CB,1200000,3000,56,34,48,50,68,64,Adult,Average
N. Thaller,67,73,23,Atlético Tucumán,Argentina,CB,1500000,5000,51,31,48,49,68,70,Adult,Average
Y. Ideguchi,67,69,25,Celtic,Japan,"CM,CDM",1300000,16000,68,61,64,65,63,69,Adult,Average
W. Quiñónez,67,67,33,Club Deportivo Oriente Petrolero,Paraguay,GK,325000,500,65,66,67,65,24,67,Senior,Average
O. Popescu,67,68,28,FCSB (Steaua),Romania,"CDM,RB,CM",975000,6000,67,59,63,59,65,79,Adult,Average
P. López,67,70,25,Club Atlético River Plate,Uruguay,"CAM,CF",1300000,500,70,64,65,72,37,57,Adult,Average
L. Sætra,67,67,30,Kalmar FF,Norway,CB,825000,2000,33,37,52,48,66,78,Senior,Average
S. Akinyoola,67,78,22,Caracas Fútbol Club,Benin,ST,2300000,500,65,71,46,62,23,60,Young,Average
Kike Saverio,67,76,23,CA Osasuna,Ecuador,LM,2300000,8000,79,62,59,70,41,57,Adult,Average
M. Fenger,67,67,31,Hammarby IF,Denmark,"CB,CDM",700000,2000,56,44,55,53,65,77,Senior,Average
M. Klimowicz,67,76,21,DSC Arminia Bielefeld,Germany,"CF,CAM,ST",2300000,7000,77,57,63,74,31,47,Young,Average
J. Strauß,67,68,26,F.C. Hansa Rostock,Philippines,"RB,RWB,LB",1100000,5000,78,52,61,67,59,63,Adult,Average
I. Laquintana,67,74,23,Club Atlético Peñarol,Uruguay,"RM,RW",2000000,500,87,57,56,68,32,45,Adult,Average
Victor Bobsin,67,78,22,Santa Clara,Brazil,"CDM,CM",2200000,2000,61,51,63,63,65,68,Young,Average
E. Castillo,67,68,28,Caracas Fútbol Club,Venezuela,"CDM,CM",975000,500,54,53,61,64,64,67,Adult,Average
Marvin,67,79,22,Unión Deportiva Las Palmas,Spain,"RW,RM,RB",2500000,35000,79,61,59,68,19,45,Young,Average
L. Narsingh,67,67,31,Miedź Legnica,Netherlands,"RM,ST",850000,2000,80,59,63,70,25,52,Senior,Average
K. Saito,67,78,20,Sparta Rotterdam,Japan,"ST,LM",2300000,3000,77,66,61,73,24,57,Young,Average
E. Sabbi,67,72,24,Odense Boldklub,United States,RW,1500000,5000,90,61,56,72,38,60,Adult,Average
José Arnáiz,67,67,27,CD Leganés,Spain,"LM,ST,RM",1100000,5000,78,69,61,68,40,62,Adult,Average
L. Zuffi,67,67,32,FC Sion,Switzerland,"CDM,CM",675000,8000,52,65,70,65,65,65,Senior,Average
Ilias,67,83,18,FC Barcelona,Spain,RW,2600000,15000,72,63,63,70,21,47,Young,Average
J. Archimbaud,67,68,27,FBC Melgar,Peru,CDM,1000000,500,61,44,59,62,66,72,Adult,Average
B. Spittal,67,68,26,Motherwell,Scotland,"RM,CM",1200000,3000,80,62,64,65,52,59,Adult,Average
D. Henry,67,67,29,Toronto FC,Canada,CB,850000,3000,63,36,50,45,61,86,Adult,Average
B. Wiles,67,72,23,Rotherham United,England,CM,1500000,6000,69,61,65,68,61,72,Adult,Average
V. Savićević,67,68,28,GZT Giresunspor,Montenegro,"CDM,CAM",975000,5000,66,63,66,67,61,72,Adult,Average
R. Aarons,67,68,26,Motherwell,Jamaica,"LW,RW,LWB",1200000,8000,78,62,66,70,39,52,Adult,Average
D. Martinović,67,71,25,SV Waldhof Mannheim 07,Croatia,ST,1400000,3000,80,68,54,68,21,65,Adult,Average
A. Mățan,67,73,22,Rapid București,Romania,"LM,LW",1600000,3000,86,56,63,70,35,49,Young,Average
A. Rodríguez,67,75,21,Club Cerro Porteño,Paraguay,"LB,LM",2200000,500,77,50,66,66,59,53,Young,Average
Dálcio,67,70,26,APOEL Nicosia FC,Portugal,"CM,CAM,CDM",1300000,500,79,66,64,72,57,63,Adult,Average
D. Yongwa,67,77,21,FC Lorient,Cameroon,"LB,LWB",2200000,4000,85,40,59,65,58,67,Young,Average
M. Risse,67,67,32,Viktoria Köln,Germany,RM,800000,3000,61,68,69,67,63,62,Senior,Average
R. Salinas,67,67,27,Guaireña FC,Paraguay,"RM,LM,RW",1100000,500,68,66,65,65,54,66,Adult,Average
M. Angha,67,67,28,Al Adalah,Switzerland,CB,875000,7000,71,37,57,64,65,75,Adult,Average
H. Šabanović,67,76,22,Angers SCO,Bosnia and Herzegovina,"RB,RM",2200000,6000,69,37,49,61,67,68,Young,Average
B. Rivero,67,72,26,Arsenal de Sarandí,Argentina,"CDM,CM",1300000,5000,60,43,62,66,63,68,Adult,Average
L. Oyen,67,85,19,KRC Genk,Belgium,"LW,CAM",2600000,4000,77,58,64,72,39,50,Young,Average
E. Hagen,67,75,22,FK Bodø/Glimt,Norway,"CM,CDM",2300000,2000,66,55,67,66,61,60,Young,Average
Anderson Cordeiro,67,76,23,Casa Pia,Brazil,"RW,LW",2300000,2000,78,70,59,70,26,45,Adult,Average
D. Robles,67,67,30,Club Deportivo Guabirá,Paraguay,CB,825000,500,59,35,48,44,68,70,Senior,Average
E. Finlay,67,67,31,Austin FC,United States,RM,850000,3000,79,62,63,65,42,62,Senior,Average
K. Watts,67,76,22,Peterborough United,England,CB,2100000,19000,59,47,54,57,66,72,Young,Average
E. Ntim,67,72,26,Stade Malherbe Caen,Ghana,CB,1300000,3000,81,25,53,54,68,73,Adult,Average
Botelhinonsa,67,67,22,Club Athletico Paranaense,Brazil,RB,1100000,4000,62,52,59,56,69,72,Young,Average
Rômulo,67,68,26,Chengdu Rongcheng F.C.,Brazil,"CM,RW,CAM",1200000,4000,75,62,67,68,51,64,Adult,Average
A. Compagno,67,70,26,FCSB (Steaua),Italy,ST,1300000,7000,48,67,46,59,37,76,Adult,Average
F. Bambock,67,69,27,Grenoble Foot 38,France,"CDM,CM",1100000,2000,65,49,59,64,64,80,Adult,Average
Jonaldo Santoso,67,67,30,Atlético Clube Goianiense,Brazil,ST,1000000,6000,60,68,50,62,34,66,Senior,Average
A. Atouchi,67,67,30,Abha Club,Morocco,CB,825000,5000,58,37,44,39,69,72,Senior,Average
N. Orellana,67,67,26,Unión La Calera,Chile,"LW,LM,ST",1100000,2000,81,65,61,67,28,72,Adult,Average
C. Johansson,67,69,28,IFK Göteborg,Sweden,CB,1000000,2000,53,27,44,49,67,73,Adult,Average
D. O'Shaughnessy,67,68,27,Karlsruher SC,Finland,CB,1000000,5000,54,39,57,51,67,74,Adult,Average
P. Iacob,67,72,26,Rapid București,Romania,"CB,CDM,CM",1300000,4000,67,49,58,62,66,76,Adult,Average
Mica Pinto,67,67,29,Sparta Rotterdam,Luxembourg,LB,900000,4000,77,34,61,66,62,65,Adult,Average
Z. Vyner,67,72,25,Bristol City,England,"CB,CDM,RB",1300000,10000,70,35,56,61,67,71,Adult,Average
A. Salétros,67,70,26,Sarpsborg 08 FF,Sweden,"CM,CDM",1300000,2000,63,57,69,65,61,69,Adult,Average
K. Kouao,67,74,24,FC Metz,Côte d'Ivoire,RB,1900000,2000,75,35,50,63,63,66,Adult,Average
L. Leroy,67,75,22,Montpellier Hérault SC,France,"CM,CAM,CDM",2300000,7000,58,55,67,68,58,66,Young,Average
A. Artean,67,67,28,FC Farul Constanța,Romania,"CDM,CM,CB",900000,4000,68,64,60,62,64,79,Adult,Average
J. Aude,67,83,19,Club Atlético Lanús,Argentina,"LB,CDM",2500000,3000,71,46,62,75,60,64,Young,Average
J. McEachran,67,67,29,Milton Keynes Dons,England,CM,1000000,5000,52,46,70,70,63,53,Adult,Average
J. Bynoe-Gittens,67,87,17,Borussia Dortmund,England,"LM,RM",2800000,2000,82,58,56,75,24,51,Young,Average
A. Čerin,67,74,22,Panathinaikos FC,Slovenia,CM,2100000,500,64,56,66,69,49,61,Young,Average
D. Falcinelli,67,67,31,Modena,Italy,ST,850000,2000,56,68,53,67,23,60,Senior,Average
S. Al Khaibari,67,67,32,Al Fayha,Saudi Arabia,CB,650000,8000,55,27,43,40,68,77,Senior,Average
S. Bajic,67,78,20,Bristol City,France,GK,1900000,6000,68,66,65,68,25,64,Young,Average
S. Ganvoula,67,70,26,VfL Bochum 1848,Congo,ST,1300000,9000,81,66,52,60,26,72,Adult,Average
Arnau Tenas,67,81,21,FC Barcelona,Spain,GK,2200000,16000,65,69,68,64,45,66,Young,Average
J. Lora,67,75,21,Club Sporting Cristal,Peru,RB,2200000,500,81,37,58,65,62,64,Young,Average
E. Embleton,67,76,23,Sunderland,England,"CAM,RM,CM",2300000,6000,73,62,64,67,54,54,Adult,Average
N. Rauti,67,76,22,SPAL,Italy,ST,2300000,13000,66,67,52,65,25,58,Young,Average
C. Jenkinson,67,67,30,Newcastle Jets,England,RB,875000,1000,70,54,63,65,64,70,Senior,Average
M. Bălașa,67,69,27,Sepsi OSK Sf. Gheorghe,Romania,CB,1100000,5000,67,51,56,52,67,74,Adult,Average
F. Jozefzoon,67,67,31,RKC Waalwijk,Suriname,"RW,LW",850000,4000,91,57,60,68,35,46,Senior,Average
B. Aguirre,67,76,21,Club Atlético Lanús,Argentina,"RB,LB,RM",2200000,4000,68,41,55,61,65,71,Young,Average
B. Racovițan,67,75,22,Raków Częstochowa,Romania,CB,2100000,4000,75,32,38,44,67,75,Young,Average
K. Ademi,67,70,26,SV Sandhausen,Switzerland,ST,1300000,4000,53,66,45,58,29,80,Adult,Average
C. Rivero,67,68,29,Caracas Fútbol Club,Venezuela,"CB,RB",950000,500,55,33,50,61,66,71,Adult,Average
Rui Mendes,67,73,22,FC Emmen,Portugal,RM,1600000,3000,77,66,56,67,29,56,Young,Average
L. Tchaouna,67,78,18,Dijon FCO,France,"RW,LW",2100000,6000,76,60,63,69,37,53,Young,Average
F. Supayabe,67,70,26,Club Deportivo Guabirá,Bolivia,RB,1200000,500,71,38,55,64,63,63,Adult,Average
Manu Fuster,67,72,24,Albacete BP,Spain,"LM,ST,CAM",1500000,3000,75,64,62,66,46,47,Adult,Average
P. Leeuwenburgh,67,68,28,FC Groningen,Netherlands,GK,800000,3000,71,65,64,68,44,63,Adult,Average
S. Şahin-Radlinger,67,67,29,SV Ried,Austria,GK,700000,3000,68,62,59,69,51,66,Adult,Average
E. Mihaj,67,74,23,Futebol Clube de Famalicão,Albania,CB,1900000,3000,61,42,50,48,69,70,Adult,Average
Edenildo Lagoas,67,67,22,Ceará Sporting Club,Brazil,"RB,CB",1100000,4000,54,53,64,58,67,69,Young,Average
J. Ankersen,67,67,31,Randers FC,Denmark,"LM,RM",850000,5000,81,60,61,68,47,68,Senior,Average
B. Bentaberry,67,71,25,Cerro Largo Fútbol Club,Uruguay,"RB,CB,LB",1300000,500,76,42,57,62,63,72,Adult,Average
Fausto Tienza,67,67,32,Racing Santander,Spain,CDM,675000,3000,61,54,61,64,64,72,Senior,Average
Marco Túlio,67,72,24,Central Coast Mariners,Brazil,CAM,1500000,1000,77,58,65,73,34,60,Adult,Average
Martín Calderón,67,75,23,RC Celta de Vigo,Spain,"CDM,CM",2100000,8000,67,61,67,63,64,60,Adult,Average
Marco Sangalli,67,67,30,Real Oviedo,Spain,RM,975000,4000,71,70,66,67,53,61,Senior,Average
C. Ronan,67,74,24,Wolverhampton Wanderers,Republic of Ireland,CM,2000000,19000,72,65,69,70,54,47,Adult,Average
J. Molumby,67,76,22,West Bromwich Albion,Republic of Ireland,"CM,CDM",2300000,10000,64,51,63,67,61,63,Young,Average
G. Papanikolaou,67,74,23,Raków Częstochowa,Greece,"CM,CB",2000000,4000,72,56,63,68,62,75,Adult,Average
B. Passi,67,72,24,Chamois Niortais Football Club,France,CB,1400000,2000,32,39,56,55,66,73,Adult,Average
T. Müller,67,69,27,SC Paderborn 07,Germany,CB,1100000,7000,66,31,49,56,67,71,Adult,Average
E. Achouri,67,75,23,Viborg FF,France,RW,2300000,4000,79,62,59,69,28,48,Adult,Average
P. Mullin,67,68,27,Wrexham AFC,England,ST,1200000,500,75,68,56,66,38,72,Adult,Average
Javi Jiménez,67,70,26,Málaga CF,Spain,"LB,LWB",1200000,3000,89,35,60,68,61,70,Adult,Average
J. Thompson,67,72,25,Stoke City,Northern Ireland,"CM,CDM,LWB",1500000,9000,71,54,67,68,61,65,Adult,Average
Marcelo Allende,67,74,23,Mamelodi Sundowns FC,Chile,"CAM,LW",2000000,500,68,62,65,73,37,42,Adult,Average
L. Pászka,67,69,26,Ferencvárosi TC,Hungary,LB,1200000,500,80,40,60,63,59,56,Adult,Average
S. Ferguson,67,67,30,Rotherham United,Northern Ireland,LWB,875000,6000,71,56,63,65,61,68,Senior,Average
Pablo Martínez,67,73,24,Levante Unión Deportiva,Spain,"CM,CAM,LM",1600000,4000,67,59,67,69,58,61,Adult,Average
M. Stryjek,67,70,25,Wycombe Wanderers,Poland,GK,1000000,3000,67,65,63,68,42,67,Adult,Average
C. Cowell,67,82,18,San Jose Earthquakes,United States,"LM,ST,RM",2400000,1000,88,62,57,69,34,76,Young,Average
J. Marx,67,68,27,Eintracht Braunschweig,Germany,"RB,RM,RWB",1100000,5000,90,46,55,64,55,57,Adult,Average
M. Fixelles,67,72,25,KVC Westerlo,Belgium,"CDM,CM",1400000,4000,67,64,67,64,63,72,Adult,Average
A. Kalik,67,74,24,Hajduk Split,Australia,"CAM,CM,CDM",2000000,500,72,62,65,67,57,75,Adult,Average
B. Thompson,67,69,26,Peterborough United,England,"CM,CAM,RW",1300000,5000,67,60,64,70,63,77,Adult,Average
J. Ward,67,68,26,Peterborough United,England,"RWB,RM",1100000,5000,83,54,63,68,55,53,Adult,Average
Jorgino Baumer,67,67,26,Atlético Clube Goianiense,Brazil,CAM,1100000,5000,63,60,64,72,31,53,Adult,Average
Í. Jóhannesson,67,82,19,F.C. København,Iceland,"CM,RM",2400000,5000,74,61,67,69,57,68,Young,Average
K. Varga,67,68,26,Atakaş Hatayspor,Hungary,"LM,RM",1200000,5000,82,63,63,67,33,55,Adult,Average
M. Coppolaro,67,69,25,Modena,Italy,"RB,CB",1200000,1000,69,42,53,57,65,73,Adult,Average
A. Seydel,67,69,26,SV Darmstadt 98,Germany,"ST,LM,CAM",1300000,8000,66,63,55,66,29,61,Adult,Average
M. Guanini,67,69,26,Club Atlético Sarmiento,Argentina,CB,1100000,4000,35,33,44,46,68,74,Adult,Average
A. Perea,67,75,21,Orlando City Soccer Club,United States,"CDM,CM",2200000,2000,72,50,60,65,65,69,Young,Average
H. Rodríguez,67,69,26,Royal Pari,Bolivia,"CM,LM,CDM",1300000,500,77,54,58,66,59,66,Adult,Average
B. Santelli,67,67,30,SC Bastia,France,"ST,LW,RW",1000000,3000,85,65,54,69,26,65,Senior,Average
M. Mehlem,67,68,27,SC Paderborn 07,Germany,"CM,CDM,CAM",1200000,7000,75,55,62,67,63,74,Adult,Average
E. Kahl,67,74,20,Aarhus GF,Sweden,"LWB,LB",1900000,4000,82,52,61,63,61,65,Young,Average
L. Cueto,67,68,26,Karlsruher SC,Germany,"LW,RW",1200000,6000,87,63,54,71,35,51,Adult,Average
M. Cotali,67,70,25,Frosinone,Italy,LB,1200000,1000,71,40,60,62,63,64,Adult,Average
J. Asoro,67,74,23,Djurgårdens IF,Sweden,"ST,RW",2100000,3000,88,65,59,72,21,59,Adult,Average
M. De Luca,67,73,23,U.C. Sampdoria,Italy,ST,1600000,6000,45,69,52,63,34,70,Adult,Average
J. Billong,67,68,28,CFR Cluj,Cameroon,CB,975000,6000,43,33,46,43,67,77,Adult,Average
L. Millar,67,76,22,FC Basel 1893,Canada,"LM,LW",2300000,6000,82,62,59,69,22,58,Young,Average
F. Baschirotto,67,69,25,Lecce,Italy,"RB,CB",1200000,5000,72,53,60,57,67,73,Adult,Average
B. Vriends,67,67,31,Sparta Rotterdam,Netherlands,CB,700000,4000,41,32,48,47,66,80,Senior,Average
A. Hansen,67,69,26,FC Nordsjælland,Denmark,GK,950000,3000,67,65,69,69,47,66,Adult,Average
E. Gnahoré,67,67,28,Ascoli,France,"CDM,CM",900000,2000,56,64,64,66,64,76,Adult,Average
J. Arrascaita,67,67,28,Club The Strongest,Bolivia,"LM,CM,CAM",1000000,500,79,53,61,69,37,44,Adult,Average
M. Kirkeskov,67,67,30,Holstein Kiel,Denmark,"LWB,LB",875000,6000,66,51,65,67,60,72,Senior,Average
T. Hateley,67,67,32,Piast Gliwice,England,"CDM,CM",675000,4000,72,55,66,67,64,74,Senior,Average
G. Masucci,67,67,37,Pisa,Italy,"ST,LW,RW",350000,2000,70,65,59,72,30,47,Senior,Average
D. Fitz,67,73,23,FK Austria Wien,Austria,"CAM,ST,LM",1600000,6000,70,65,66,69,33,52,Adult,Average
H. Sarpei,67,72,23,FC Ingolstadt 04,Ghana,"CDM,CM",1400000,3000,73,38,57,65,65,68,Adult,Average
L. Sibley,67,77,20,Derby County,England,"CAM,RM",2200000,2000,64,63,62,68,54,63,Young,Average
W. Smallbone,67,77,22,Stoke City,Republic of Ireland,"CM,CAM,RM",2300000,14000,65,62,64,72,60,53,Young,Average
Park Yong Woo,67,67,28,Ulsan Hyundai FC,Korea Republic,"CDM,CM",900000,4000,58,57,61,60,63,77,Adult,Average
K. Kanak,67,67,31,Atakaş Hatayspor,Turkey,"LB,LM",750000,5000,74,65,65,69,62,65,Senior,Average
G. Mbenza,67,76,22,Al Tai,Congo,ST,2300000,7000,82,67,47,66,23,65,Young,Average
E. Yeşilyurt,67,67,28,Demir Grup Sivasspor,Germany,"RM,RB,LM",1000000,7000,70,55,65,69,33,61,Adult,Average
A. Sowe,67,67,28,MKE Ankaragücü,Gambia,ST,1000000,6000,72,66,53,63,29,71,Adult,Average
E. Lomotey,67,74,24,Malmö FF,Ghana,"CB,CDM,CM",1900000,2000,65,48,55,58,65,83,Adult,Average
Ortuño,67,67,31,FC Cartagena,Spain,ST,850000,4000,60,67,56,62,32,67,Senior,Average
S. Lynen,67,72,23,Royale Union Saint-Gilloise,Belgium,"CDM,CM",1400000,5000,55,61,64,62,63,72,Adult,Average
T. Gemicibaşi,67,69,26,Kasimpaşa SK,Turkey,"CDM,CM",1100000,4000,63,59,61,64,63,76,Adult,Average
O. Turton,67,67,29,Huddersfield Town,England,"RB,CB,RWB",900000,7000,64,43,60,62,63,69,Adult,Average
J. Husband,67,67,28,Blackpool,England,"CB,LB",875000,5000,65,49,58,64,67,71,Adult,Average
C. Kouan Oulaï,67,75,22,Perugia,Côte d'Ivoire,"CM,CAM",2300000,2000,71,65,65,70,63,76,Young,Average
Erico,67,67,32,AFC UTA Arad,Brazil,CB,650000,3000,66,32,41,50,66,78,Senior,Average
Carlos Mendes Gomes,67,73,23,Fleetwood Town,Spain,"LW,LM",1600000,11000,82,64,60,68,31,59,Adult,Average
M. Gajos,67,67,31,Lechia Gdańsk,Poland,"CM,CDM,CAM",825000,4000,72,67,66,67,61,70,Senior,Average
A. Chipciu,67,67,33,Universitatea Cluj,Romania,"RW,LW,RB",625000,3000,74,67,67,67,52,70,Senior,Average
A. Batisse,67,70,27,Pau FC,France,CB,1200000,2000,45,44,62,61,65,78,Adult,Average
S. Morsy,67,67,30,Ipswich Town,Egypt,"CM,CDM",975000,5000,51,59,62,68,64,80,Senior,Average
V. Hoff,67,69,26,Odds BK,Norway,CM,1300000,3000,67,54,65,68,64,66,Adult,Average
L. Lindsay,67,72,26,Preston North End,Scotland,CB,1300000,11000,41,34,47,51,67,75,Adult,Average
Francho Serrano,67,80,20,Real Zaragoza,Spain,CM,2400000,3000,61,58,67,68,57,62,Young,Average
O. Bonsu,67,79,21,Caracas Fútbol Club,Ghana,"RM,RW",2500000,500,85,58,62,68,26,46,Young,Average
M. McGuinness,67,76,21,Sheffield Wednesday,Republic of Ireland,CB,2100000,8000,54,35,47,56,65,77,Young,Average
M. Karbownik,67,75,21,Fortuna Düsseldorf,Poland,"LB,RB",2200000,12000,77,41,63,68,61,62,Young,Average
I. Aaneba,67,78,23,FC Sochaux-Montbéliard,France,CB,2100000,2000,71,45,58,60,67,65,Adult,Average
R. Keogh,67,67,35,Ipswich Town,Republic of Ireland,CB,275000,3000,46,31,58,58,67,68,Senior,Average
N. Kilkenny,67,67,36,Western United FC,Australia,CDM,200000,1000,46,48,65,64,60,72,Senior,Average
F. Avenatti,67,67,29,KV Kortrijk,Uruguay,ST,1000000,6000,49,65,63,65,43,73,Adult,Average
Á. Kecskés,67,70,26,LASK Linz,Hungary,CB,1200000,8000,54,33,46,43,67,74,Adult,Average
V. Gómez,67,82,19,Vélez Sarsfield,Argentina,"CB,LB",2300000,2000,68,28,53,50,68,67,Young,Average
C. Ramos,67,67,33,Club Alianza Lima,Peru,CB,475000,500,54,46,50,52,66,71,Senior,Average
J. Pajoy,67,67,33,Junior FC,Colombia,"RM,LM,LW",625000,2000,81,63,63,71,29,53,Senior,Average
M. Pospíšil,67,67,31,Jagiellonia Białystok,Czech Republic,CM,825000,4000,72,55,67,70,60,68,Senior,Average
Nuno Lima,67,79,21,FC Paços de Ferreira,Portugal,CB,2400000,2000,63,31,41,43,68,68,Young,Average
R. Williams,67,67,28,Perth Glory,Australia,RM,1000000,2000,82,59,62,67,52,70,Adult,Average
T. Baldé,67,76,20,ESTAC Troyes,France,"RB,RWB",2100000,4000,82,46,58,66,61,64,Young,Average
L. Ramírez,67,67,37,Sport Boys,Peru,"CAM,CM",325000,500,58,66,65,69,41,57,Senior,Average
D. Subašić,67,67,37,Hajduk Split,Croatia,GK,110000,500,63,68,69,65,42,70,Senior,Average
M. Quina,67,67,35,Ayacucho,Peru,"CB,LB",275000,500,63,42,55,45,68,66,Senior,Average
J. Latibeaudiere,67,75,22,Swansea City,Jamaica,"CB,LWB,LB",2100000,8000,72,37,51,57,68,69,Young,Average
E. Serje,67,71,26,Junior FC,Colombia,CDM,1300000,1000,60,48,54,62,63,70,Adult,Average
M. Biankadi,67,67,27,1. FC Heidenheim 1846,Germany,"RM,CAM,CM",1100000,8000,80,57,58,68,54,76,Adult,Average
M. Amundsen,67,73,24,New York City FC,Denmark,LB,1500000,2000,74,47,60,65,62,73,Adult,Average
M. Orihuela,67,67,30,Atlético Tucumán,Argentina,"LB,LM",875000,4000,68,50,62,66,65,59,Senior,Average
Cristo González,67,73,24,Real Sporting de Gijón,Spain,"ST,CAM",1600000,6000,73,66,62,71,36,61,Adult,Average
G. Iancu,67,67,28,FC U Craiova 1948,Romania,"RM,ST,CAM",1000000,5000,73,68,67,67,34,64,Adult,Average
M. Palacios,67,80,20,Al Ain FC,Argentina,"CAM,CM",2500000,500,69,60,69,71,46,49,Young,Average
A. Sicker,67,71,25,SV Sandhausen,Germany,"LB,LM",1300000,3000,89,32,58,64,57,62,Adult,Average
M. Johnson,67,67,31,Sheffield Wednesday,England,"LWB,CB",750000,5000,75,61,63,67,60,68,Senior,Average
M. Maroši,67,68,28,Shrewsbury Town,Slovakia,GK,800000,3000,67,65,66,68,41,66,Adult,Average
C. Diakité,67,79,19,Le Havre AC,France,"CAM,CM,CDM",2400000,2000,69,53,64,72,62,56,Young,Average
L. Mafouta,67,67,27,US Quevilly Rouen Métropole,Central African Republic,ST,1100000,3000,77,68,51,64,29,65,Adult,Average
M. Ross,67,75,21,Galatasaray SK,Denmark,CB,2100000,12000,66,32,51,55,66,74,Young,Average
J. Bauza,67,69,26,FC U Craiova 1948,Argentina,"CAM,LM,RM",1300000,5000,78,62,65,69,40,68,Adult,Average
G. Karačić,67,72,25,Adana Demirspor,Bosnia and Herzegovina,GK,1200000,5000,70,70,64,69,31,60,Adult,Average
S. Çikalleshi,67,67,31,Al Khaleej,Albania,ST,850000,7000,59,67,58,60,35,69,Senior,Average
M. Potzmann,67,67,28,LASK Linz,Austria,"RB,LB,LM",925000,9000,74,62,62,67,63,67,Adult,Average
A. Esswein,67,67,32,SV Sandhausen,Germany,"RM,ST,LM",800000,3000,76,67,62,66,53,74,Senior,Average
B. Teixeira,67,73,21,Austria Lustenau,Cape Verde Islands,"LM,CAM,CM",1600000,3000,75,62,62,71,47,59,Young,Average
T. Dele-Bashiru,67,74,22,Watford,Nigeria,"RM,CM,LM",2100000,12000,78,65,62,69,61,60,Young,Average
Jadenilson Baia,67,67,34,Sport Club Corinthians Paulista,Brazil,"RWB,RB",375000,9000,76,48,58,63,62,63,Senior,Average
M. Stoppelkamp,67,67,35,MSV Duisburg,Germany,"LM,CAM",425000,2000,60,66,67,69,46,61,Senior,Average
Tiago Araújo,67,77,21,Estoril Praia,Portugal,"LW,LB",2300000,3000,84,62,62,69,41,67,Young,Average
J. Alcívar,67,74,22,Charlotte FC,Ecuador,"CM,RM,LM",2100000,3000,66,64,67,64,59,69,Young,Average
Tiago Ilori,67,68,29,FC Paços de Ferreira,Portugal,CB,950000,5000,77,38,49,54,67,70,Adult,Average
N. Sandberg,67,67,27,Viking FK,Norway,RW,1100000,2000,72,64,65,67,51,68,Adult,Average
M. Rodin,67,69,26,Cracovia,Croatia,CB,1100000,4000,46,25,35,42,68,75,Adult,Average
L. Wales,67,69,24,Western United FC,Australia,"RM,CAM",1300000,1000,82,54,65,63,24,66,Adult,Average
A. Schmidt,67,73,24,FC Vizela,Austria,ST,1600000,2000,54,65,47,61,33,75,Adult,Average
S. Ingelsson,67,72,24,F.C. Hansa Rostock,Sweden,"CAM,LM",1500000,5000,77,60,66,66,60,74,Adult,Average
B. Slisz,67,74,23,Legia Warszawa,Poland,"CM,CDM",2000000,3000,70,54,63,67,66,72,Adult,Average
Córdoba,67,70,27,Burgos CF,Spain,CB,1200000,3000,60,36,48,50,67,66,Adult,Average
Claudio Mouria,67,67,30,Santos,Brazil,CAM,975000,9000,63,68,66,70,31,63,Senior,Average
Paulo Estrela,67,75,23,Portimonense SC,Portugal,"CM,CDM",2300000,3000,53,63,68,68,61,62,Adult,Average
A. Kaplan,67,79,19,Ajax,Turkey,CB,2300000,3000,63,30,42,48,67,70,Young,Average
G. Enrique,67,75,22,Gimnasia y Esgrima La Plata,Argentina,RB,2200000,5000,70,40,49,61,67,56,Young,Average
J. Emmanuel,67,72,24,Hull City,England,"RB,RWB,CB",1400000,5000,78,36,60,65,62,77,Adult,Average
B. Hamer,67,67,34,Watford,England,GK,170000,10000,68,62,66,68,45,66,Senior,Average
M. Højholt,67,77,21,Aalborg BK,Denmark,"CDM,CM",2200000,4000,64,44,58,66,63,68,Young,Average
Lasure,67,67,28,Real Zaragoza,Spain,LB,925000,4000,68,44,57,61,63,74,Adult,Average
J. Tchatchoua,67,78,21,Royal Charleroi S.C.,Belgium,"RWB,RM",2200000,3000,88,54,56,66,58,79,Young,Average
S. Skrzybski,67,67,29,Holstein Kiel,Germany,"ST,RM,CAM",1000000,8000,73,70,63,69,33,61,Adult,Average
S. Gümüş,67,67,28,Antalyaspor,Germany,"RM,ST,LM",1000000,9000,71,70,64,70,29,59,Adult,Average
D. Kolovetsios,67,67,30,Yukatel Kayserispor,Greece,CB,825000,6000,53,33,50,51,69,71,Senior,Average
T. Mengi,67,79,20,Manchester United,England,CB,2300000,19000,79,39,54,59,65,71,Young,Average
K. Leerdam,67,67,32,LA Galaxy,Suriname,"RB,CB",700000,3000,70,54,62,66,64,72,Senior,Average
André Amaro,67,79,19,Vitória de Guimarães,Portugal,CB,2300000,2000,61,44,52,62,66,71,Young,Average
A. Mulet,67,75,22,Vélez Sarsfield,Argentina,"CM,CDM",2300000,5000,70,51,66,69,62,71,Young,Average
M. Aidara,67,73,25,FC Vizela,Côte d'Ivoire,CB,1400000,2000,46,31,36,38,68,75,Adult,Average
J. Okkels,67,75,22,IF Elfsborg,Denmark,LW,2300000,2000,82,59,61,68,37,63,Young,Average
M. Youssouf,67,67,34,AC Ajaccio,Comoros,RB,375000,6000,67,48,62,67,65,65,Senior,Average
Renan Tojeiras,67,67,26,Cuiabá,Brazil,"CDM,CM,CAM",975000,6000,50,61,56,71,66,76,Adult,Average
M. McGovern,67,67,37,Norwich City,Northern Ireland,GK,110000,7000,68,64,64,69,32,66,Senior,Average
P. Klewin,67,67,28,FC Erzgebirge Aue,Germany,GK,725000,1000,67,63,60,66,42,69,Adult,Average
M. Laborda,67,75,22,Club Nacional de Football,Uruguay,"CB,RB",2100000,500,70,41,51,58,68,68,Young,Average
Karrikaburu,67,82,19,Real Sociedad,Spain,ST,2400000,7000,71,67,50,66,26,57,Young,Average
Luís Leal,67,67,35,Club Deportivo Guabirá,São Tomé e Príncipe,ST,425000,500,69,71,62,63,34,70,Senior,Average
P. Göbel,67,67,28,FSV Zwickau,Germany,RM,1000000,1000,76,52,67,68,57,64,Adult,Average
J. Cardona,67,67,27,Guangzhou City,Colombia,"LM,ST",1100000,4000,76,62,62,73,45,58,Adult,Average
Luís Miquissone,67,67,26,Abha Club,Mozambique,"RM,LM",1100000,5000,79,62,60,69,25,48,Adult,Average
Javi Alonso,67,72,23,CD Tenerife,Spain,CDM,1400000,3000,53,51,66,64,61,71,Adult,Average
San Román,67,73,24,SD Huesca,Spain,GK,1300000,2000,66,67,68,67,25,65,Adult,Average
D. Ayala,67,79,19,Portland Timbers,Argentina,"CDM,CM",2300000,1000,72,45,62,68,63,57,Young,Average
I. Yüksek,67,76,23,Fenerbahçe SK,Turkey,"CM,CDM",2300000,16000,67,57,67,68,66,66,Adult,Average
M. Harness,67,67,26,Ipswich Town,England,"LW,RM,CAM",1100000,6000,84,63,61,68,28,53,Adult,Average
N. Păun,67,75,23,Sepsi OSK Sf. Gheorghe,Romania,"CDM,CM",2100000,4000,63,46,60,61,64,70,Adult,Average
E. Ndoj,67,72,25,Brescia,Albania,CM,1500000,2000,74,66,66,68,65,71,Adult,Average
H. Acevedo,67,73,25,Deportivo Cali,Colombia,GK,1300000,1000,66,68,64,70,23,67,Adult,Average
E. Páucar,67,70,25,Ayacucho,Peru,CDM,1200000,500,69,60,63,57,64,71,Adult,Average
J. Raitala,67,67,33,HJK Helsinki,Finland,"CB,LB,RB",475000,500,59,47,65,64,65,72,Senior,Average
I. Jara,67,70,25,Unión Española,Chile,"CAM,LW",1300000,2000,64,61,66,70,33,47,Adult,Average
J. Obita,67,67,28,Wycombe Wanderers,England,"LB,LWB",925000,4000,67,58,66,66,62,74,Adult,Average
Z. Erdal,67,67,34,Demir Grup Sivasspor,Turkey,LB,375000,6000,66,51,58,62,66,69,Senior,Average
N. Contini,67,69,26,U.C. Sampdoria,Ukraine,GK,950000,11000,68,66,61,69,48,64,Adult,Average
S. Ingolitsch,67,70,25,SK Sturm Graz,Austria,"RB,RWB,RM",1200000,7000,73,41,59,65,65,64,Adult,Average
M. Longstaff,67,75,22,Colchester United,England,CM,2300000,21000,67,66,67,70,56,64,Young,Average
P. Gunnarsson,67,75,21,Viking FK,Iceland,GK,2000000,900,68,68,68,70,39,68,Young,Average
K. Sidibé,67,72,23,US Quevilly Rouen Métropole,France,"CDM,CB",1400000,2000,41,45,55,57,66,75,Adult,Average
E. Delprato,67,78,22,Parma,Italy,"RB,RM,CB",2200000,2000,74,45,61,61,62,68,Young,Average
M. Cebula,67,70,26,Raków Częstochowa,Poland,"CF,LM,CAM",1300000,5000,81,65,66,69,54,65,Adult,Average
J. Borja,67,67,28,Club Always Ready,Ecuador,"CAM,LM",1000000,500,76,64,64,70,35,58,Adult,Average
V. Anita,67,67,33,RKC Waalwijk,Curacao,"CDM,CM",500000,3000,54,51,63,68,62,63,Senior,Average
D. Ochoa,67,76,21,D.C. United,Mexico,GK,2000000,1000,66,66,64,69,27,64,Young,Average
B. Shandu,67,67,27,Orlando Pirates,South Africa,"RW,RWB,RM",1100000,500,75,63,68,65,53,68,Adult,Average
K. Fickentscher,67,67,33,FC Sion,Switzerland,GK,325000,6000,67,65,63,70,50,68,Senior,Average
Yan Sasse,67,72,25,Wellington Phoenix,Brazil,CAM,1500000,2000,76,61,63,70,42,61,Adult,Average
G. Tomasiewicz,67,69,26,Piast Gliwice,Poland,CM,1300000,4000,72,61,63,69,59,58,Adult,Average
C. Chaplin,67,69,25,Ipswich Town,England,"RW,CAM",1300000,6000,80,65,59,71,35,54,Adult,Average
L. González,67,68,28,Argentinos Juniors,Argentina,"CB,LB",975000,4000,73,43,56,63,65,77,Adult,Average
A. Stewart,67,67,29,Aberdeen,England,CB,850000,3000,53,22,46,52,66,79,Adult,Average
J. Parodi,67,72,24,Ayacucho,Peru,"CM,CDM",1500000,500,69,60,67,69,63,69,Adult,Average
Óscar Clemente,67,76,23,Unión Deportiva Las Palmas,Spain,"RM,CAM,LM",2300000,3000,73,55,67,63,40,46,Adult,Average
G. Hirst,67,73,23,Blackburn Rovers,England,ST,1600000,21000,72,66,50,62,31,73,Adult,Average
R. García,67,67,33,Cerro Largo Fútbol Club,Uruguay,"CDM,CB",500000,500,41,35,52,53,70,73,Senior,Average
A. Máx,67,67,29,Cerro Largo Fútbol Club,Argentina,"CDM,CM",875000,500,62,58,60,64,64,65,Adult,Average
R. Varga,67,67,32,Sepsi OSK Sf. Gheorghe,Hungary,"LM,RM",800000,5000,79,67,65,67,32,63,Senior,Average
Y. Badji,67,78,20,Royal Charleroi S.C.,Senegal,ST,2300000,7000,72,64,52,65,28,70,Young,Average
Tomás Esteves,67,80,20,Pisa,Portugal,RB,2300000,3000,75,37,59,67,62,63,Young,Average
L. Heredia,67,68,26,Estudiantes de La Plata,Argentina,"ST,LM",1200000,5000,66,66,66,69,35,65,Adult,Average
C. Traoré,67,68,27,Dijon FCO,Mali,"RB,RWB",1100000,3000,75,45,58,67,64,69,Adult,Average
Pedro Marques,67,72,24,N.E.C. Nijmegen,Portugal,ST,1600000,4000,74,68,51,66,27,66,Adult,Average
J. Mulraney,67,68,26,Orlando City Soccer Club,Republic of Ireland,"LM,LWB,RM",1200000,3000,88,56,59,68,51,48,Adult,Average
S. McConville,67,67,33,Accrington Stanley,England,"LM,LWB",625000,2000,65,61,67,64,58,65,Senior,Average
J. Boyamba,67,68,25,TSV 1860 München,Germany,"RM,CAM,LM",1200000,2000,83,64,60,71,29,56,Adult,Average
Oriol Rosell,67,67,29,Sporting Kansas City,Spain,"CDM,CM",875000,3000,36,56,65,64,65,67,Adult,Average
B. Mugabi,67,69,27,Motherwell,Uganda,"CB,RB",1100000,3000,74,33,47,51,65,81,Adult,Average
J. Adéoti,67,67,33,Stade Lavallois Mayenne FC,Benin,"CDM,CM,CB",500000,2000,46,55,63,64,64,73,Senior,Average
Carlos Isaac,67,72,24,FC Vizela,Spain,"RB,RM",1400000,2000,72,38,52,59,64,68,Adult,Average
João Virgínia,67,78,22,SC Cambuur,Portugal,GK,2000000,8000,69,66,65,70,52,63,Young,Average
P. Izzo,67,69,27,Melbourne Victory,Australia,GK,925000,3000,68,63,63,69,55,66,Adult,Average
Y. de Lanlay,67,67,30,Viking FK,Norway,"RW,LW,CM",975000,2000,82,60,62,69,51,60,Senior,Average
E. Salomonsson,67,67,33,IFK Göteborg,Sweden,"RB,RM",525000,2000,69,65,65,65,63,66,Senior,Average
Freddy Cardouso,67,67,22,Atlético Clube Goianiense,Brazil,"CAM,CF",1200000,4000,65,56,70,71,40,55,Young,Average
Q. Lecoeuche,67,67,28,Valenciennes FC,France,"LB,LWB",925000,2000,79,47,59,65,61,68,Adult,Average
M. O'Leary,67,72,25,Bristol City,England,GK,1200000,8000,71,65,64,72,42,65,Adult,Average
C. Mafla,67,67,29,Deportivo Cali,Colombia,"LB,CB",900000,2000,62,35,51,62,66,73,Adult,Average
M. Olosunde,67,71,24,Preston North End,United States,"RWB,RB",1400000,9000,76,42,54,64,64,65,Adult,Average
Jean Carlos,67,68,26,Pogoń Szczecin,Brazil,RM,1200000,4000,84,60,63,64,45,63,Adult,Average
G. Ramírez,67,67,32,Rosario Central,Paraguay,ST,825000,7000,76,71,53,65,33,55,Senior,Average
J. Grønning,67,67,31,Viborg FF,Denmark,CDM,725000,4000,34,51,56,56,65,74,Senior,Average
M. Constantin,67,67,37,Campionii FC Arges,Romania,CB,180000,2000,50,57,55,52,67,73,Senior,Average
R. Strączek,67,76,23,FC Girondins de Bordeaux,Poland,GK,2000000,2000,68,66,64,69,24,68,Adult,Average
M. Ziegl,67,67,29,SV Ried,Austria,"CDM,CM,CB",875000,4000,70,53,61,65,64,77,Adult,Average
M. Baku,67,71,24,Legia Warszawa,Germany,"LM,RM",1500000,3000,90,63,54,73,27,62,Adult,Average
E. Saavedra,67,68,26,Mamelodi Sundowns FC,Bolivia,"RM,CAM,RB",1200000,500,73,62,64,65,63,56,Adult,Average
C. Goode,67,69,26,Brentford,England,CB,1100000,14000,53,32,49,55,66,74,Adult,Average
R. Ballivián,67,67,30,Club Deportivo Jorge Wilstermann,Bolivia,"RM,RB",975000,500,73,61,58,74,63,69,Senior,Average
K. Baccus,67,67,30,Macarthur FC,Australia,"CDM,CM",850000,2000,69,48,63,63,64,66,Senior,Average
D. Bates,67,72,25,KV Mechelen,Scotland,CB,1300000,5000,57,29,45,51,66,74,Adult,Average
Tiago Dantas,67,79,21,PAOK,Portugal,"CM,CAM",2500000,500,70,54,70,74,45,42,Young,Average
K. Pallesen,67,67,32,Aalborg BK,Denmark,"RB,RM",700000,5000,72,37,59,66,60,72,Senior,Average
C. Odenthal,67,76,21,Como,Netherlands,CB,2100000,950,61,32,54,58,68,68,Young,Average
J. Doig,67,79,20,Hellas Verona,Scotland,"LWB,LM,LB",2300000,6000,75,54,59,62,64,70,Young,Average
M. Kana,67,78,19,RSC Anderlecht,Belgium,"CB,CDM,CM",2100000,4000,69,32,65,68,66,69,Young,Average
G. Beridze,67,70,25,MKE Ankaragücü,Georgia,"LW,CF,LM",1300000,6000,76,62,61,72,28,54,Adult,Average
A. Maciel,67,73,25,Club Atlético Banfield,Argentina,CB,1400000,5000,53,32,37,44,68,73,Adult,Average
B. Garuccio,67,68,27,Western United FC,Australia,LB,1100000,1000,76,52,62,66,61,67,Adult,Average
J. Veldmate,67,67,33,FC Emmen,Netherlands,CB,475000,3000,32,53,58,52,66,79,Senior,Average
I. Van der Brempt,67,80,20,FC Red Bull Salzburg,Belgium,"RB,RW",2300000,6000,82,55,64,69,59,72,Young,Average
K. Muhar,67,70,26,CFR Cluj,Croatia,CDM,1200000,6000,65,47,55,58,65,81,Adult,Average
D. Carando,67,67,33,Cienciano,Argentina,ST,650000,500,61,70,52,55,23,56,Senior,Average
F. Gino,67,67,29,Platense,Uruguay,"CM,CDM",1000000,5000,57,49,67,66,66,67,Adult,Average
R. Contreras,67,70,26,Platense,Argentina,ST,1300000,6000,71,66,52,65,32,73,Adult,Average
Z. Davitashvili,67,77,21,FC Girondins de Bordeaux,Georgia,"RW,LW",2300000,3000,75,55,63,69,25,56,Young,Average
A. Almici,67,67,29,SPAL,Italy,RB,900000,2000,72,42,63,64,60,74,Adult,Average
R. Windbichler,67,67,31,Chengdu Rongcheng F.C.,Austria,"CB,CDM",700000,3000,64,34,53,52,64,74,Senior,Average
R. Højlund,67,79,19,Atalanta,Denmark,ST,2400000,9000,83,67,49,63,29,77,Young,Average
E. Caprile,67,80,20,Bari,Italy,GK,2100000,900,66,67,69,70,48,63,Young,Average
V. Găman,67,67,33,Universitatea Craiova,Romania,CB,475000,5000,54,57,57,54,67,70,Senior,Average
Ewerton,67,67,29,Portimonense SC,Brazil,"CM,CDM",1000000,3000,54,60,65,67,66,70,Adult,Average
Insua,67,68,28,Real Sporting de Gijón,Spain,CB,975000,4000,44,36,53,52,68,65,Adult,Average
M. Aydin,67,80,20,FC Schalke 04,Germany,RB,2300000,6000,75,57,63,73,60,60,Young,Average
E. Schelotto,67,67,33,Club Atlético Aldosivi,Italy,"RB,RWB",525000,4000,60,57,64,61,65,67,Senior,Average
Nuno Borges,67,67,34,Casa Pia,Cape Verde Islands,CDM,350000,2000,53,47,60,65,65,70,Senior,Average
F. Daprelà,67,67,31,FC Lugano,Switzerland,CB,700000,4000,69,57,62,65,65,78,Senior,Average
H. Mbock,67,76,22,Stade Malherbe Caen,France,"CDM,CM",2200000,6000,58,58,63,69,61,68,Young,Average
F. Wadja,67,70,27,Stade Malherbe Caen,Cameroon,"CDM,CM",1200000,3000,66,39,59,58,65,84,Adult,Average
F. Melegoni,67,74,23,Standard de Liège,Italy,"CM,CAM",2000000,2000,56,54,68,68,60,54,Adult,Average
D. Grigore,67,67,35,Rapid București,Romania,CB,275000,3000,52,54,56,45,66,74,Senior,Average
D. Riolfo,67,67,32,Montevideo Wanderers,Uruguay,"CAM,CF",800000,500,61,65,66,69,32,47,Senior,Average
G. Docherty,67,70,25,Hull City,Scotland,"CM,CDM",1300000,6000,67,62,64,70,64,78,Adult,Average
C. Suárez,67,67,30,Caracas Fútbol Club,Venezuela,"CDM,CM",850000,500,67,60,58,67,64,67,Senior,Average
D. Novoa,67,67,33,América de Cali,Colombia,GK,325000,950,64,73,73,64,47,68,Senior,Average
M. Konczkowski,67,67,28,Śląsk Wrocław,Poland,"RB,RM",925000,4000,76,40,65,62,60,71,Adult,Average
Manu Molina,67,67,30,Real Zaragoza,Spain,"CDM,CM,CAM",850000,4000,59,60,68,67,61,61,Senior,Average
P. Arajuuri,67,67,34,HJK Helsinki,Finland,CB,325000,500,33,35,44,43,66,78,Senior,Average
I. Diawara,67,70,27,Malmö FF,Mali,GK,1000000,2000,68,63,62,72,18,65,Adult,Average
Park Joo Ho,67,67,35,Suwon FC,Korea Republic,"CM,CDM",400000,2000,64,49,67,65,66,71,Senior,Average
Patrick,67,67,28,GD Chaves,Cape Verde Islands,ST,1000000,4000,63,68,51,58,26,70,Adult,Average
M. Mattsson,67,73,23,N.E.C. Nijmegen,Denmark,"LW,CAM",1600000,4000,75,63,61,72,28,58,Adult,Average
Jeong Woo Jae,67,67,30,Jeju United FC,Korea Republic,"LWB,LM",875000,3000,75,60,61,65,62,71,Senior,Average
N. Rossi,67,80,20,Club Atlético Peñarol,Uruguay,LW,2500000,500,76,60,63,70,37,58,Young,Average
C. Tizón,67,69,26,Cerro Largo Fútbol Club,Uruguay,"LB,LM,LW",1200000,500,81,58,64,66,62,59,Adult,Average
M. Juwara,67,78,20,Bologna,Gambia,"ST,LW",2300000,9000,83,65,57,73,30,50,Young,Average
R. Márquez,67,74,20,Club Atlético Independiente,Argentina,"RM,RW",2000000,4000,76,61,57,73,31,54,Young,Average
R. Rebolledo,67,71,25,Universidad Católica,Chile,RB,1300000,3000,72,26,56,67,63,61,Adult,Average
M. Bourabia,67,67,30,Spezia,Morocco,"CDM,CM",850000,6000,53,59,68,69,63,61,Senior,Average
M. Al Harbi,67,73,22,Al Shabab,Saudi Arabia,LB,1500000,9000,86,50,61,68,59,60,Young,Average
K. Barbarouses,67,67,32,Wellington Phoenix,New Zealand,"ST,RM,CAM",825000,2000,82,66,62,69,32,72,Senior,Average
L. Dietz,67,72,25,Viktoria Köln,Germany,"CB,CDM",1300000,2000,62,37,55,60,67,73,Adult,Average
Z. Arsenić,67,69,28,Raków Częstochowa,Croatia,CB,1000000,5000,69,39,56,59,66,75,Adult,Average
J. Kubicki,67,68,26,Lechia Gdańsk,Poland,"CM,CDM",1200000,4000,71,56,63,67,62,76,Adult,Average
S. Decarli,67,67,30,Eintracht Braunschweig,Switzerland,CB,825000,5000,57,34,50,54,67,70,Senior,Average
M. Szromnik,67,68,29,Śląsk Wrocław,Poland,GK,775000,3000,67,62,64,73,48,65,Adult,Average
C. Clemens,67,67,30,Lechia Gdańsk,Germany,"RM,LM",975000,4000,77,65,66,66,51,61,Senior,Average
H. Afful,67,67,36,Charlotte FC,Ghana,RB,230000,2000,72,57,65,69,63,67,Senior,Average
T. Van Den Keybus,67,78,21,KVC Westerlo,Belgium,"CM,LM",2300000,6000,70,56,64,70,62,58,Young,Average
J. Andrada,67,70,27,Godoy Cruz,Argentina,"CDM,CM",1200000,4000,52,51,65,61,64,74,Adult,Average
J. Mees,67,68,26,SSV Jahn Regensburg,Germany,"LM,LW,RW",1200000,7000,67,64,63,70,21,55,Adult,Average
Y. Ayoub,67,67,28,Excelsior,Morocco,"CM,CDM",1000000,3000,69,63,69,68,65,68,Adult,Average
O. Kiomourtzoglou,67,71,24,Heart of Midlothian,Germany,"CDM,CM",1300000,2000,59,48,55,58,65,79,Adult,Average
O. Piris,67,67,33,Gimnasia y Esgrima La Plata,Argentina,CB,475000,6000,54,48,49,52,67,70,Senior,Average
J. Gaspar,67,71,25,Grenoble Foot 38,France,"RB,RWB",1300000,2000,81,43,57,67,59,70,Adult,Average
João Figueiredo,67,70,26,Gazişehir Gaziantep F.K.,Brazil,"ST,LM,RM",1300000,7000,62,68,60,64,25,66,Adult,Average
Leandro Pestanha,67,67,26,Cuiabá,Brazil,CB,975000,6000,59,21,46,46,70,72,Adult,Average
A. Kanté,67,67,27,SD Huesca,Gambia,ST,1100000,4000,91,66,57,65,23,73,Adult,Average
E. Ómarsson,67,68,27,Nîmes Olympique,Iceland,"ST,RW",1200000,3000,84,64,54,68,37,73,Adult,Average
Alexsandro Ribeiro,67,76,22,LOSC Lille,Brazil,CB,2100000,8000,63,30,48,51,65,73,Young,Average
N. Ferreira,67,79,20,Montevideo Wanderers,Uruguay,"RW,CAM",2500000,500,71,64,60,68,30,51,Young,Average
S. Jurić,67,71,25,Parma,Croatia,"CDM,CM",1300000,2000,64,61,57,64,65,77,Adult,Average
G. Ferrarini,67,74,22,AC Monza,Italy,"RB,RWB",2000000,12000,65,43,57,68,66,58,Young,Average
S. Salles-Lamonge,67,70,26,SC Bastia,France,"CM,CAM",1300000,2000,66,64,69,69,50,56,Adult,Average
D. Neil,67,80,20,Sunderland,England,"CDM,CM",2300000,4000,74,60,63,67,63,73,Young,Average
C. Montes,67,81,21,Universidad Católica,Chile,LW,2500000,3000,80,60,55,70,23,55,Young,Average
F. Götze,67,70,24,Rot-Weiß Essen,Germany,"CDM,CB",1300000,7000,62,40,61,61,66,69,Adult,Average
F. Leys,67,68,28,Patronato,Argentina,"CDM,CM",975000,5000,64,50,59,62,67,65,Adult,Average
Yun Pyeong Gook,67,68,30,Pohang Steelers,Korea Republic,GK,775000,2000,68,65,63,71,47,66,Senior,Average
P. Papp,67,67,32,Universitatea Craiova,Romania,"CB,RB",650000,5000,57,50,56,53,66,71,Senior,Average
B. Milovanov,67,74,24,FC Arouca,Ukraine,RB,1900000,2000,73,39,51,62,64,73,Adult,Average
C. Gasper,67,68,26,LA Galaxy,United States,LB,1100000,3000,78,34,55,62,63,70,Adult,Average
Carlos Nieto,67,70,26,Real Zaragoza,Spain,LB,1200000,4000,68,56,61,62,63,74,Adult,Average
Li Ang,67,67,28,Shanghai Port FC,China PR,"CB,CDM",875000,6000,56,61,64,58,64,80,Adult,Average
Jeong Jae Yong,67,67,31,Suwon FC,Korea Republic,"CDM,CM",725000,3000,48,62,61,61,63,78,Senior,Average
O. Davida,67,76,21,Standard de Liège,Israel,"RW,ST",2300000,5000,79,66,64,69,27,64,Young,Average
Saúl Coco,67,78,23,Unión Deportiva Las Palmas,Equatorial Guinea,CB,2100000,3000,69,33,46,49,68,71,Adult,Average
C. Clark,67,84,19,New York Red Bulls,United States,"CAM,CM,LW",2600000,8000,79,61,65,69,46,60,Young,Average
A. López,67,67,29,LDU Quito,Ecuador,"RB,RM",900000,500,80,40,66,63,62,68,Adult,Average
O. Vâlceanu,67,72,25,Petrolul Ploiești,Romania,GK,1200000,3000,68,64,60,68,25,67,Adult,Average
Rafael de Aseiro,67,67,30,São Paulo,Brazil,GK,675000,9000,67,59,58,71,42,68,Senior,Average
A. Grønbæk,67,78,21,FK Bodø/Glimt,Denmark,"CM,LW",2300000,2000,77,63,67,71,58,66,Young,Average
B. Stillhart,67,68,28,FC St. Gallen 1879,Switzerland,"CDM,CB",975000,4000,63,58,65,69,62,72,Adult,Average
E. Fereira,67,77,21,Casa Pia,Venezuela,RB,2200000,2000,78,50,56,55,59,52,Young,Average
C. Ngonge,67,73,22,FC Groningen,Belgium,"RM,ST",1600000,3000,87,65,55,72,32,63,Young,Average
D. Marcq,67,67,33,Royal Charleroi S.C.,France,"CDM,CM",500000,5000,39,48,61,56,68,67,Senior,Average
Rubén Yáñez,67,69,28,Málaga CF,Spain,GK,875000,3000,66,65,61,69,44,65,Adult,Average
F. Bravo,67,67,28,CD Antofagasta,Argentina,"CDM,CB",900000,3000,51,45,59,59,64,80,Adult,Average
R. Civelek,67,70,26,Yukatel Kayserispor,Turkey,"RB,RM",1200000,6000,76,57,65,70,62,59,Adult,Average
J. Williams,67,67,34,Columbus Crew,United States,CB,325000,3000,57,46,59,57,66,75,Senior,Average
Álvaro Vázquez,67,67,31,FC Goa,Spain,ST,850000,950,70,69,60,66,41,69,Senior,Average
M. Braida,67,70,25,San Lorenzo de Almagro,Argentina,"LW,LM,RW",1300000,5000,75,67,56,69,36,66,Adult,Average
S. Soumano,67,76,21,KAS Eupen,Senegal,ST,2300000,6000,70,66,50,68,25,51,Young,Average
J. Tolkin,67,76,19,New York Red Bulls,United States,"LB,LWB,LM",2100000,1000,80,47,60,61,62,63,Young,Average
L. Recalde,67,70,26,Cienciano,Argentina,CB,1200000,500,54,29,42,51,69,70,Adult,Average
M. Bundu,67,70,25,FC Andorra,Sierra Leone,"RM,RW",1300000,7000,87,61,62,67,44,68,Adult,Average
S. Allagbé,67,68,28,Dijon FCO,Benin,GK,800000,2000,66,64,65,71,30,68,Adult,Average
E. Ferigra,67,78,23,FC Paços de Ferreira,Ecuador,CB,2100000,3000,69,33,48,55,67,70,Adult,Average
P. Hanlon,67,67,32,Hibernian,Scotland,CB,650000,3000,57,36,57,56,67,75,Senior,Average
Sergio Moreno,67,76,23,CA Osasuna,Spain,ST,2300000,7000,71,66,51,67,19,52,Adult,Average
E. Iyoha,67,70,24,Fortuna Düsseldorf,Germany,"ST,RM",1400000,8000,73,64,54,69,20,67,Adult,Average
R. Swete,67,67,32,TSV Egger Glas Hartberg,Austria,GK,500000,3000,68,64,65,70,47,67,Senior,Average
André Moreira,67,72,26,Grasshopper Club Zürich,Portugal,GK,1200000,4000,68,67,66,67,53,63,Adult,Average
C. Leemans,67,68,26,Viborg FF,Netherlands,"CM,RW",1200000,5000,55,71,71,64,58,72,Adult,Average
B. Godeau,67,67,30,KAA Gent,Belgium,CB,825000,7000,37,35,55,51,70,67,Senior,Average
M. Rzatkowski,67,67,32,DSC Arminia Bielefeld,Germany,"CM,CDM,CAM",800000,7000,64,62,68,69,62,62,Senior,Average
C. Olses,67,79,21,Deportivo La Guaira FC,Venezuela,GK,2200000,500,66,64,61,70,33,63,Young,Average
F. Saravia,67,74,22,Club Alianza Lima,Peru,GK,1800000,500,66,64,61,69,20,66,Young,Average
A. Sayyadmanesh,67,78,21,Hull City,Iran,"ST,LW,RW",2300000,5000,84,67,56,69,42,74,Young,Average
Y. Dhanda,67,73,23,Ross County FC,England,"CAM,CM",1600000,3000,69,62,67,71,42,48,Adult,Average
M. Wunderlich,67,67,36,1. FC Kaiserslautern,Germany,"CAM,CM",325000,4000,65,68,67,69,35,65,Senior,Average
Y. Ibrahimaj,67,68,26,Lillestrøm SK,Kosovo,"RM,CM",1200000,2000,79,60,64,67,55,69,Adult,Average
F. Álvarez,67,77,22,Patronato,Argentina,CB,2100000,4000,62,31,43,48,68,70,Young,Average
R. Quijada,67,67,33,Caracas Fútbol Club,Venezuela,"CB,LB",475000,500,64,33,55,51,69,67,Senior,Average
L. Jans,67,67,29,SV Waldhof Mannheim 07,Luxembourg,RB,900000,2000,68,49,65,67,64,68,Adult,Average
G. Bello,67,79,20,DSC Arminia Bielefeld,United States,"LWB,LM",2300000,4000,80,45,55,70,61,60,Young,Average
S. Al Nabit,67,67,26,Al Taawoun,Saudi Arabia,"LM,RM",1100000,9000,79,61,62,68,29,50,Adult,Average
C. Monschein,67,67,29,SV Ried,Austria,ST,1000000,5000,85,65,51,72,21,66,Adult,Average
J. Ginnelly,67,70,25,Heart of Midlothian,England,"RW,ST",1300000,3000,91,62,59,68,45,58,Adult,Average
F. Kaufmann,67,67,29,Eintracht Braunschweig,Germany,"RM,ST",1000000,6000,80,59,60,69,52,69,Adult,Average
Y. Qasmi,67,67,31,CD Leganés,Morocco,ST,850000,5000,56,68,48,64,30,70,Senior,Average
J. Alman,67,68,27,Delfín Sporting Club,Ecuador,ST,1200000,500,76,65,61,66,51,64,Adult,Average
V. Müller,67,77,21,MSV Duisburg,Germany,GK,2000000,2000,67,64,66,70,31,66,Young,Average
I. Quílez,67,67,32,Club Atlético Huracán,Argentina,"RB,RWB,RM",700000,5000,70,35,57,66,66,66,Senior,Average
P. Faragò,67,67,29,Como,Italy,"CM,RB",1000000,2000,57,56,69,65,64,64,Adult,Average
J. Elvedi,67,70,25,SSV Jahn Regensburg,Switzerland,CB,1200000,5000,74,34,57,57,67,73,Adult,Average
M. Beevers,67,67,32,Perth Glory,England,CB,650000,2000,50,41,47,41,67,76,Senior,Average
N. Siega,67,67,31,Südtirol,Italy,"CM,CAM",825000,1000,75,58,67,72,62,69,Senior,Average
A. Olliero,67,72,26,Pau FC,France,GK,1200000,2000,68,63,66,70,46,65,Adult,Average
T. Horvat,67,72,23,SK Sturm Graz,Slovenia,"CM,CAM",1500000,7000,67,67,69,68,49,60,Adult,Average
D. Wotherspoon,67,67,32,St. Johnstone FC,Canada,"CM,LW",800000,3000,64,63,69,71,57,65,Senior,Average
A. Mehmeti,67,80,21,Wycombe Wanderers,Albania,"LW,CM,CAM",2500000,3000,70,60,60,72,54,65,Young,Average
Yang Liyu,67,69,25,Guangzhou FC,China PR,"RM,RW,ST",1300000,4000,85,55,61,65,43,71,Adult,Average
C. Bălgrădean,67,67,34,CFR Cluj,Romania,GK,170000,5000,67,68,65,65,51,67,Senior,Average
Luís Mata,67,71,24,Pogoń Szczecin,Portugal,LB,1400000,3000,74,35,58,64,63,59,Adult,Average
A. Kalulu,67,70,26,FC Sochaux-Montbéliard,France,"ST,LM",1300000,3000,91,67,60,72,31,51,Adult,Average
D. Stojanović,67,68,28,SSV Jahn Regensburg,North Macedonia,GK,800000,4000,68,64,60,70,37,66,Adult,Average
J. Ayala,67,67,34,Club Atlético Sarmiento,Argentina,GK,170000,3000,68,65,65,71,34,64,Senior,Average
Diogo Calila,67,74,23,Santa Clara,Portugal,"RB,LB",1900000,2000,72,47,57,67,61,66,Adult,Average
S. Kljestan,67,67,36,LA Galaxy,United States,"CM,CAM",325000,2000,43,65,72,65,52,64,Senior,Average
D. Proper,67,75,20,N.E.C. Nijmegen,Netherlands,"CDM,CM",2100000,3000,75,49,60,67,64,57,Young,Average
L. Greiml,67,80,20,FC Schalke 04,Austria,CB,2300000,6000,51,30,48,46,66,72,Young,Average
A. Șut,67,74,23,FCSB (Steaua),Romania,"CDM,CM",1900000,5000,71,61,61,63,65,71,Adult,Average
W. Pacho,67,78,20,Royal Antwerp FC,Ecuador,CB,2100000,5000,80,32,50,56,65,73,Young,Average
K. Kraus,67,67,29,1. FC Kaiserslautern,Germany,CB,850000,5000,48,41,47,42,65,79,Adult,Average
U. Ikpeazu,67,68,27,İttifak Holding Konyaspor,Uganda,ST,1200000,7000,58,65,50,63,27,82,Adult,Average
P. Breier,67,67,30,F.C. Hansa Rostock,Germany,"LM,ST,RM",975000,5000,74,64,59,68,33,72,Senior,Average
A. Diomande,67,67,32,Odds BK,Norway,ST,825000,2000,75,67,52,66,29,76,Senior,Average
K. Rowles,67,73,24,Heart of Midlothian,Australia,CB,1500000,2000,66,24,45,44,68,74,Adult,Average
C. Osorio,67,72,25,Hermanos Colmenarez,Venezuela,CB,1300000,500,63,31,47,52,66,69,Adult,Average
E. Bekiroglu,67,68,26,Aytemiz Alanyaspor,Germany,"CM,CAM,CDM",1200000,7000,69,62,67,70,46,69,Adult,Average
Lisandro Semedo,67,68,26,Radomiak Radom,Cape Verde Islands,RM,1200000,2000,79,63,61,70,30,65,Adult,Average
M. Coulibaly,67,76,23,Ternana,Senegal,CM,2300000,8000,75,59,65,67,64,71,Adult,Average
N. Penneteau,67,67,41,Stade de Reims,France,GK,110000,3000,63,71,68,64,25,69,Senior,Average
Alex Suárez,67,68,29,Unión Deportiva Las Palmas,Spain,"CB,RB",950000,3000,68,36,52,51,66,70,Adult,Average
R. Longman,67,76,21,Hull City,England,"RW,LW,ST",2300000,5000,79,65,59,69,52,69,Young,Average
B. Taz,67,73,23,SV Waldhof Mannheim 07,Germany,"CAM,CF,LM",1600000,2000,73,63,61,72,31,58,Adult,Average
B. Niňaj,67,69,28,Sepsi OSK Sf. Gheorghe,Slovakia,CB,1000000,5000,46,28,51,41,67,78,Adult,Average
A. Bittroff,67,67,33,1. FC Magdeburg,Germany,CB,475000,4000,71,45,59,64,65,77,Senior,Average
C. Hamilton,67,67,27,Blackpool,Republic of Ireland,"RM,LM,RW",1100000,5000,91,60,59,64,55,65,Adult,Average
C. Ibañez,67,75,22,Club Atlético Huracán,Argentina,LB,2200000,4000,73,28,56,62,63,67,Young,Average
J. Jones,67,67,27,Kilmarnock,Northern Ireland,"LM,RM,CM",1100000,5000,90,60,63,68,40,45,Adult,Average
K. Boli,67,67,31,FC Botoşani,Côte d'Ivoire,CB,700000,4000,66,35,48,47,67,73,Senior,Average
N. Kvekveskiri,67,67,30,Lech Poznań,Georgia,"CDM,CM",850000,4000,58,59,68,65,62,60,Senior,Average
R. Hernández,67,67,28,Deportivo Táchira FC,Venezuela,RM,1000000,500,71,67,63,70,41,63,Adult,Average
C. Mac-Intosch,67,67,32,SC Cambuur,Suriname,CB,650000,3000,71,38,52,58,65,77,Senior,Average
David Goldar,67,68,27,UD Ibiza,Spain,CB,1000000,3000,51,41,59,49,65,75,Adult,Average
E. Andersson,67,70,26,Djurgårdens IF,Sweden,"CM,LB",1300000,3000,65,58,69,69,56,63,Adult,Average
J. Davidson,67,67,31,KAS Eupen,Australia,"LB,LWB",750000,4000,65,52,63,66,62,68,Senior,Average
S. Quemper,67,67,29,En Avant de Guingamp,France,"LB,LWB",900000,3000,78,35,61,66,61,70,Adult,Average
L. Hallenius,67,67,33,GIF Sundsvall,Sweden,ST,650000,2000,71,67,54,60,37,74,Senior,Average
C. Braun,67,67,30,CFR Cluj,Germany,RB,875000,6000,78,39,59,63,63,70,Senior,Average
D. Kutesa,67,73,24,Servette FC,Switzerland,"RW,LW",1600000,6000,88,57,59,70,38,62,Adult,Average
Y. Sylla,67,67,31,FC Botoşani,Mali,"CDM,CM",725000,4000,68,52,60,60,64,80,Senior,Average
F. Luckeneder,67,68,28,LASK Linz,Austria,CB,975000,9000,46,30,38,45,69,74,Adult,Average
C. Feraud,67,67,31,Mushuc Runa,Ecuador,"CAM,CDM,CM",850000,500,66,66,65,64,60,64,Senior,Average
Larrazabal,67,72,24,Real Zaragoza,Spain,RM,1500000,3000,79,62,63,66,58,69,Adult,Average
B. Delgado,67,67,26,Mushuc Runa,Ecuador,"LM,LW,RM",1100000,500,82,65,63,66,35,57,Adult,Average
A. Barman,67,68,28,Al Ain FC,United Arab Emirates,CDM,975000,500,61,51,59,62,65,73,Adult,Average
Gustavo Pastinho,67,67,30,Internacional,Brazil,"ST,RM",1000000,10000,81,69,54,73,33,66,Senior,Average
V. Jacob,67,67,28,Dijon FCO,France,"LM,CAM,CM",1000000,3000,77,64,67,67,42,46,Adult,Average
M. Correia,67,67,33,SV Elversberg,Portugal,CB,475000,1000,59,38,61,62,66,64,Senior,Average
K. Sekgota,67,70,25,Kaizer Chiefs,South Africa,"LW,RW",1300000,500,83,65,57,71,27,58,Adult,Average
S. Sy,67,73,23,US Salernitana 1919,France,"LWB,LM,LB",1500000,7000,67,36,55,66,64,55,Adult,Average
M. Schubert,67,73,24,Vitesse,Germany,GK,1300000,4000,69,64,62,71,40,61,Adult,Average
Júnior Morais,67,67,35,Rapid București,Brazil,"LB,RB",325000,3000,67,68,65,66,65,71,Senior,Average
C. Lepoint,67,67,37,Seraing,Belgium,"CDM,CB,CM",200000,4000,33,66,61,59,66,74,Senior,Average
S. Mannsverk,67,80,20,Molde FK,Norway,CDM,2300000,2000,68,58,64,67,63,70,Young,Average
S. Lavery,67,75,23,Blackpool,Northern Ireland,ST,2300000,5000,78,68,50,68,24,62,Adult,Average
M. van der Hart,67,68,28,FC Emmen,Netherlands,GK,800000,3000,68,65,70,68,42,65,Adult,Average
Marquinhos,67,70,25,APOEL Nicosia FC,Brazil,"LW,RW",1300000,500,85,57,59,71,25,51,Adult,Average
E. Pletinckx,67,78,21,Oud-Heverlee Leuven,Belgium,CB,2100000,3000,53,29,44,46,67,75,Young,Average
J. Müller,67,67,28,SV Darmstadt 98,Germany,CB,875000,7000,68,36,48,50,67,71,Adult,Average
Dai Lin,67,67,34,Shandong Taishan,China PR,CB,325000,7000,47,54,53,56,66,78,Senior,Average
Hong Hyeon Seok,67,73,23,KAA Gent,Korea Republic,"CM,CDM,CAM",1600000,7000,67,60,68,68,62,65,Adult,Average
B. Motshwari,67,67,31,Orlando Pirates,South Africa,"CM,CAM,RM",825000,500,76,58,66,69,55,67,Senior,Average
L. Henkinet,67,68,29,Standard de Liège,Belgium,GK,775000,5000,69,67,69,66,51,65,Adult,Average
A. Mighten,67,80,20,Sheffield Wednesday,England,"LW,LM",2500000,15000,84,55,56,73,27,48,Young,Average
Daniel Fuzato,67,73,24,UD Ibiza,Brazil,GK,1300000,2000,64,66,61,68,27,69,Adult,Average
N. Seufert,67,72,25,SpVgg Greuther Fürth,Germany,"CM,CDM",1500000,4000,52,51,65,70,61,60,Adult,Average
B. Bahn,67,67,29,SV Waldhof Mannheim 07,Germany,"CAM,CM",1000000,3000,74,64,68,70,35,61,Adult,Average
C. Aneke,67,67,28,Charlton Athletic,England,ST,1000000,5000,54,67,62,64,52,71,Adult,Average
F. Ranocchia,67,80,21,AC Monza,Italy,"CM,CDM",2500000,20000,66,55,65,70,59,70,Young,Average
T. Lam,67,69,28,Melbourne City FC,Finland,"CB,CDM",1000000,5000,69,56,60,61,65,74,Adult,Average
Bruno Paz,67,73,24,İttifak Holding Konyaspor,Portugal,"CM,RW",1600000,6000,72,56,67,69,62,71,Adult,Average
P. Schwarz,67,67,30,Śląsk Wrocław,Czech Republic,CM,975000,4000,69,63,67,66,61,72,Senior,Average
C. Diop,67,67,28,New England Revolution,Senegal,GK,725000,2000,72,64,61,66,52,66,Adult,Average
A. Czerwiński,67,67,29,Lech Poznań,Poland,RB,900000,4000,81,42,61,64,61,69,Adult,Average
C. Galano,67,67,31,Bari,Italy,"ST,RW,CF",850000,2000,85,69,66,72,22,65,Senior,Average
J. Tamm,67,67,30,FCSB (Steaua),Estonia,CB,825000,6000,61,54,47,50,64,79,Senior,Average
R. Decostere,67,74,24,KSV Cercle Brugge,Belgium,"RB,RWB",1900000,4000,75,44,59,64,62,69,Adult,Average
Luis Muñoz,67,72,25,Málaga CF,Spain,"CM,CDM,CB",1500000,3000,65,64,62,62,68,73,Adult,Average
M. Cuadra,67,67,27,Club Atlético Banfield,Argentina,"ST,LM,RM",1100000,6000,90,63,66,73,24,62,Adult,Average
H. Coulson,67,72,24,Aberdeen,England,LB,1400000,8000,75,38,56,66,62,60,Adult,Average
J. Bartkowski,67,67,30,Pogoń Szczecin,Poland,RB,875000,4000,78,45,59,60,61,68,Senior,Average
B. Messaoudi,67,71,24,KV Kortrijk,Algeria,"ST,RM",1500000,5000,82,70,58,72,28,61,Adult,Average
M. Gillespie,67,67,30,Newcastle United,England,GK,675000,18000,68,65,64,70,34,67,Senior,Average
J. Handl,67,72,24,FK Austria Wien,Austria,CB,1400000,6000,55,30,43,44,66,78,Adult,Average
Z. Bakkali,67,68,26,RKC Waalwijk,Belgium,"LW,RW",1200000,4000,68,66,62,74,19,52,Adult,Average
H. Martínez,67,78,22,Club Libertad,Paraguay,"CDM,CM",2200000,500,67,48,62,67,64,57,Young,Average
Tomás Händel,67,82,21,Vitória de Guimarães,Portugal,CDM,2400000,2000,71,54,64,71,63,63,Young,Average
N. Shipnoski,67,73,24,SSV Jahn Regensburg,Germany,"RM,CAM,RW",1600000,7000,81,61,59,69,26,49,Adult,Average
F. Stokkers,67,69,26,Go Ahead Eagles,Netherlands,ST,1300000,4000,67,66,44,66,29,70,Adult,Average
E. Koffi,67,67,27,Pau FC,Côte d'Ivoire,"RB,RWB",975000,2000,84,55,60,62,59,74,Adult,Average
R. Rubin,67,70,26,Real Salt Lake,United States,ST,1300000,3000,74,66,61,68,28,66,Adult,Average
I. Soro,67,73,24,FC Arouca,Côte d'Ivoire,"CDM,CM",1500000,13000,69,52,60,64,64,72,Adult,Average
K. Poku,67,76,20,Peterborough United,Ghana,"CAM,RW,LW",2200000,4000,84,58,62,71,44,48,Young,Average
Marc Gual,67,68,26,Jagiellonia Białystok,Spain,"ST,CF",1200000,4000,77,66,55,67,21,64,Adult,Average
N. Royón,67,67,31,Ayacucho,Uruguay,ST,850000,500,80,71,60,63,24,58,Senior,Average
L. O'Nien,67,69,27,Sunderland,England,"CDM,CB",1100000,6000,75,58,62,64,62,79,Adult,Average
B. Lambert,67,75,22,KAS Eupen,Belgium,"CB,CDM,CM",2100000,4000,52,39,57,61,66,72,Young,Average
N. Loosli,67,72,25,Grasshopper Club Zürich,Switzerland,CB,1300000,4000,74,44,44,56,66,77,Adult,Average
P. González,67,68,25,Liverpool Fútbol Club,Uruguay,"LW,RW,CM",1200000,500,73,64,70,70,43,58,Adult,Average
Zhang Yuning,67,70,25,Beijing Guoan FC,China PR,ST,1400000,7000,67,70,60,63,30,76,Adult,Average
Gaspar Campos,67,75,22,Burgos CF,Spain,"LM,RM,RW",2300000,3000,82,70,62,67,33,67,Young,Average
R. López,67,67,28,Club Atlético Central Córdoba,Uruguay,ST,1000000,6000,56,67,49,61,25,75,Adult,Average
A. Muyl,67,68,26,Nashville SC,United States,"RM,LM",1200000,3000,78,59,59,66,59,81,Adult,Average
G. Kekana,67,67,29,Mamelodi Sundowns FC,South Africa,"CB,RB",850000,500,67,37,52,59,67,73,Adult,Average
João Valido,67,74,22,FC Arouca,Portugal,GK,1800000,2000,67,65,66,67,25,65,Young,Average
M. Moya,67,73,24,Deportivo Ñublense,Argentina,"LW,CAM,CM",1600000,3000,76,59,63,71,51,52,Adult,Average
Costinha,67,67,29,Santa Clara,Portugal,"CAM,CM",1000000,3000,75,64,67,68,65,58,Adult,Average
D. Steres,67,67,31,Houston Dynamo,United States,CB,700000,3000,40,27,52,51,65,73,Senior,Average
K. Arriaga,67,72,24,Minnesota United FC,Honduras,CDM,1400000,2000,59,43,57,61,64,77,Adult,Average
M. Barthelmé,67,67,33,En Avant de Guingamp,France,"RM,LM,CM",625000,3000,66,59,67,68,62,62,Senior,Average
M. Banguera,67,67,36,Delfín Sporting Club,Ecuador,GK,110000,500,67,65,70,66,36,65,Senior,Average
Jorge Silva,67,69,26,FC Paços de Ferreira,Portugal,RB,1200000,4000,71,40,59,65,63,63,Adult,Average
L. Bessilé,67,73,23,Royal Charleroi S.C.,Togo,"CB,LB",1500000,4000,75,36,52,63,65,72,Adult,Average
M. Batmaz,67,73,22,Karlsruher SC,Turkey,"LW,RW",1600000,5000,77,66,51,69,23,55,Young,Average
T. Buitink,67,75,22,Vitesse,Netherlands,"ST,CAM",2300000,6000,68,66,59,68,30,70,Young,Average
C. Durkin,67,75,22,D.C. United,United States,"CM,CDM",2300000,3000,57,58,67,65,65,70,Young,Average
N. Ampomah,67,68,26,Fortuna Düsseldorf,Ghana,"LM,CF,ST",1200000,8000,82,63,59,69,41,65,Adult,Average
F. De Col,67,67,28,Südtirol,Italy,RB,925000,1000,76,30,51,57,63,74,Adult,Average
D. Cuero,67,69,27,C.D. Universidad Católica del Ecuador,Ecuador,GK,925000,500,66,66,64,67,45,66,Adult,Average
Sérgio Conceição,67,70,25,Seraing,Portugal,"RWB,LWB",1200000,5000,73,57,63,64,65,61,Adult,Average
Welson Leima,67,67,26,América Futebol Clube,Brazil,"CDM,CM,CAM",975000,6000,45,39,63,47,67,68,Adult,Average
Marafona,67,67,35,Aytemiz Alanyaspor,Portugal,GK,110000,4000,63,71,65,63,36,72,Senior,Average
G. Zusi,67,67,35,Sporting Kansas City,United States,RB,325000,2000,55,67,73,68,63,71,Senior,Average
J. McCarthy,67,67,31,Celtic,Republic of Ireland,CDM,725000,15000,55,61,64,68,67,66,Senior,Average
S. Ramírez,67,73,23,Unión La Calera,Chile,"RM,RB",1600000,2000,77,52,62,65,60,64,Adult,Average
F. Ladapo,67,67,29,Ipswich Town,England,ST,1000000,6000,81,65,46,66,25,73,Adult,Average
Javi Hernández,67,67,33,Bengaluru FC,Spain,"CAM,CF,LM",625000,1000,67,67,67,67,45,63,Senior,Average
L. Néry,67,67,31,Grenoble Foot 38,France,"RB,CB",750000,2000,71,48,60,65,62,75,Senior,Average
G. Quagliata,67,77,22,US Cremonese,Italy,LB,2200000,4000,83,40,54,64,62,64,Young,Average
L. Droppa,67,67,33,FC Voluntari,Czech Republic,"CDM,CM",500000,5000,53,56,59,60,65,74,Senior,Average
Ding Haifeng,67,67,30,Hebei FC,China PR,LB,875000,4000,80,52,64,68,61,64,Senior,Average
M. Moscati,67,67,29,Südtirol,Italy,"CM,CDM,RM",1000000,2000,74,64,68,67,60,74,Adult,Average
N. Janvier,67,73,23,Vitória de Guimarães,France,CM,1600000,3000,64,58,66,70,57,66,Adult,Average
A. Ferro,67,78,21,Metropolitanos de Caracas FC,Venezuela,CB,2100000,500,65,38,55,61,67,70,Young,Average
S. Agouzoul,67,74,24,FC Sochaux-Montbéliard,Morocco,CB,1900000,2000,47,38,53,51,67,64,Adult,Average
V. Gendrey,67,76,22,Lecce,France,RB,2200000,5000,80,33,49,65,62,72,Young,Average
W. Pérez,67,74,23,Club Atlético Huracán,Argentina,"LB,LM",1900000,4000,72,56,58,68,62,68,Adult,Average
J. Salas,67,72,25,CD Everton de Viña del Mar,Chile,"RB,LB,LM",1400000,2000,86,39,59,66,61,69,Adult,Average
C. Cruz,67,67,29,LDU Quito,Ecuador,LB,900000,500,80,61,64,64,62,68,Adult,Average
A. Paločević,67,67,28,FC Seoul,Serbia,CM,1000000,3000,61,63,67,69,51,66,Adult,Average
Asumah Abubakar,67,72,25,FC Luzern,Portugal,"ST,RW,LW",1500000,6000,85,65,57,70,38,67,Adult,Average
M. Ofkir,67,68,25,Sandefjord Fotball,Norway,"RW,LW",1200000,2000,85,61,58,67,30,59,Adult,Average
R. Smallwood,67,67,31,Bradford City,England,CDM,725000,7000,51,55,61,58,65,72,Senior,Average
M. Pérez,67,74,22,Club Atlético Lanús,Argentina,CB,1900000,5000,59,36,43,43,69,68,Young,Average
J. Cascante,67,69,28,Austin FC,Costa Rica,"CB,RB",1000000,3000,54,37,49,55,65,73,Adult,Average
Luís Martins,67,67,30,Vancouver Whitecaps FC,Portugal,LB,875000,3000,69,60,66,67,62,63,Senior,Average
N. Ortigoza,67,67,37,San Lorenzo de Almagro,Paraguay,"CDM,CM",200000,3000,33,58,70,63,64,60,Senior,Average
K. Wilson,67,74,22,Bristol City,England,RWB,2000000,9000,86,52,60,68,56,70,Young,Average
A. Wiegel,67,67,30,Rot-Weiß Essen,Germany,"RB,RWB,RM",875000,2000,75,62,62,66,61,70,Senior,Average
Olasagasti,67,76,21,Real Sociedad,Spain,"CM,CDM",2300000,7000,62,61,65,61,64,68,Young,Average
E. Millot,67,79,19,VfB Stuttgart,France,"CAM,CM",2400000,5000,65,60,66,71,52,42,Young,Average
L. McNally,67,75,22,Burnley,Republic of Ireland,CB,2100000,11000,51,35,47,56,67,73,Young,Average
N. Maeda,67,67,27,FC Utrecht,Japan,"RM,CAM,ST",1100000,6000,73,66,64,66,17,61,Adult,Average
Lü Wenjun,67,67,33,Shanghai Port FC,China PR,"LM,LW,LWB",625000,7000,83,60,61,64,44,71,Senior,Average
J. Arboleda,67,67,32,Independiente Medellín,Colombia,"RB,CB",700000,1000,78,40,60,62,62,72,Senior,Average
Juan Carlos,67,67,31,SD Huesca,Spain,"CM,CAM,LM",825000,4000,61,62,67,69,56,59,Senior,Average
N. Pérez,67,67,32,Deportivo Ñublense,Uruguay,GK,500000,2000,64,66,65,67,25,69,Senior,Average
Rodrigo Gomes,67,85,18,SC Braga,Portugal,"LM,RW",2600000,2000,77,61,58,69,52,51,Young,Average
R. Ledezma,67,78,21,PSV,United States,"CAM,CM",2300000,5000,73,59,66,72,47,45,Young,Average
B. Kraev,67,70,25,Wellington Phoenix,Bulgaria,CAM,1300000,2000,66,63,63,68,43,66,Adult,Average
F. González,67,82,21,Newell's Old Boys,Argentina,"LW,RW",2500000,5000,80,64,64,71,25,42,Young,Average
Z. Medley,67,76,21,KV Oostende,England,"CB,LB",2100000,3000,67,30,45,53,66,74,Young,Average
Zubiaurre,67,72,25,Real Sociedad,Spain,GK,1200000,7000,64,66,65,70,30,63,Adult,Average
B. O'Neill,67,67,28,Newcastle Jets,Australia,"CDM,CM",900000,1000,60,60,65,63,64,74,Adult,Average
G. Hall,67,67,30,Rotherham United,England,CB,825000,9000,56,39,47,45,67,70,Senior,Average
M. Sušić,67,67,31,APOEL Nicosia FC,Bosnia and Herzegovina,RB,750000,500,71,47,59,62,62,72,Senior,Average
A. Rodríguez,67,70,25,Patronato,Argentina,ST,1400000,6000,69,67,45,65,36,70,Adult,Average
P. Álvarez,67,69,28,Sport Boys,Peru,GK,875000,500,70,69,61,67,19,68,Adult,Average
I. Antón,67,67,33,Metropolitanos de Caracas FC,Venezuela,"ST,CF",650000,500,58,69,62,64,40,67,Senior,Average
M. Köhlert,67,71,24,SC Heerenveen,Germany,"CAM,CM,LWB",1500000,3000,81,62,68,69,57,68,Adult,Average
Choi Chul Soon,67,67,35,Jeonbuk Hyundai Motors,Korea Republic,"LB,RB",325000,3000,63,46,62,63,66,72,Senior,Average
P. Chavarría,67,67,34,Málaga CF,Argentina,ST,500000,4000,65,67,65,67,35,76,Senior,Average
A. Al Bulayhi,67,67,32,Al Hilal,Saudi Arabia,CB,650000,11000,46,37,38,43,65,78,Senior,Average
A. Al Obud,67,67,27,Al Ittihad,Saudi Arabia,"LM,RM",1100000,12000,86,62,56,70,43,57,Adult,Average
Berrocal,67,76,22,SD Eibar,Spain,CB,2100000,3000,60,38,49,51,67,73,Young,Average
K. Scherpen,67,78,22,Vitesse,Netherlands,GK,2000000,12000,69,65,66,67,41,67,Young,Average
T. Datković,67,68,28,FC Cartagena,Croatia,"CB,LB",975000,3000,63,28,44,40,67,67,Adult,Average
J. Krasso,67,72,24,AS Saint-Étienne,Côte d'Ivoire,ST,1600000,3000,63,67,60,67,20,58,Adult,Average
Serginho,67,67,27,GZT Giresunspor,Brazil,"LM,RM,RW",1100000,5000,68,65,63,69,37,63,Adult,Average
Á. Madrid,67,67,27,CD Everton de Viña del Mar,Chile,"CM,RB",1100000,2000,67,53,67,70,57,68,Adult,Average
F. Ballas,67,67,29,Karlsruher SC,Germany,CB,850000,5000,55,41,46,42,66,74,Adult,Average
L. Gordon,67,71,26,St. Johnstone FC,Scotland,CB,1300000,3000,56,28,42,49,67,77,Adult,Average
M. Duke,67,67,31,Free agent,Australia,ST,0,0,79,67,61,67,51,79,Senior,Average
Sérgio Espinho,67,67,26,Cuiabá,Brazil,"CM,CDM,CB",1100000,6000,58,56,63,68,64,72,Adult,Average
M. Diarra,67,70,24,Grenoble Foot 38,Senegal,CB,1200000,2000,56,32,49,50,69,64,Adult,Average
F. Bassey,67,73,23,FC Viktoria Plzeň,Nigeria,ST,1600000,500,75,68,62,65,21,68,Adult,Average
J. Andersen,67,67,29,Hammarby IF,Denmark,"CM,CDM",1000000,3000,71,61,64,67,61,81,Adult,Average
Javi Hernández,67,74,24,Girona FC,Spain,"LB,CB,LM",1900000,3000,65,47,61,63,65,69,Adult,Average
R. Boboc,67,73,23,FCSB (Steaua),Romania,"RB,LB",1500000,5000,72,51,61,62,63,70,Adult,Average
L. Vigen,67,67,27,SV Zulte Waregem,Denmark,"CM,CAM,CDM",1100000,5000,72,58,65,67,62,76,Adult,Average
H. Türkmen,67,70,24,Trabzonspor,Turkey,"CB,RB",1200000,9000,72,37,49,56,67,73,Adult,Average
A. Roldan,67,68,25,Seattle Sounders FC,El Salvador,"RB,RM,RWB",1100000,3000,71,57,63,66,61,70,Adult,Average
M. Knoester,67,72,23,Ferencvárosi TC,Netherlands,CB,1400000,500,55,29,50,55,66,76,Adult,Average
B. Woodburn,67,77,22,Preston North End,Wales,"LM,CM",2300000,10000,75,63,62,69,23,52,Young,Average
A. Fontanarosa,67,84,19,Inter,Italy,"CB,LB",2500000,8000,75,58,61,64,67,63,Young,Average
Silaldo Taffarel,67,67,30,Sport Club Corinthians Paulista,Brazil,CM,975000,10000,66,63,63,67,62,78,Senior,Average
G. Crociata,67,71,24,Südtirol,Italy,"CM,CAM",1500000,4000,76,58,68,72,47,59,Adult,Average
B. Sekulić,67,67,30,Chicago Fire Football Club,Slovakia,"RB,RWB,RM",875000,3000,67,32,60,61,64,68,Senior,Average
Z. Šarlija,67,72,25,Panathinaikos FC,Croatia,CB,1300000,500,56,32,49,44,69,68,Adult,Average
W. O'Hora,67,74,23,Milton Keynes Dons,Republic of Ireland,CB,1900000,4000,54,37,51,52,66,77,Adult,Average
M. Guaramato,67,67,28,Estudiantes de Mérida,Venezuela,"RB,CB",925000,500,80,30,53,53,64,67,Adult,Average
G. Sangaré,67,73,25,US Quevilly Rouen Métropole,Burkina Faso,"CDM,CM",1400000,2000,59,39,53,59,66,66,Adult,Average
F. Sbuttoni,67,67,33,Club Atlético Central Córdoba,Argentina,CB,475000,5000,44,31,46,45,66,75,Senior,Average
C. Verdonk,67,70,25,N.E.C. Nijmegen,Netherlands,"LB,CB",1200000,4000,65,58,67,66,64,65,Adult,Average
I. Ramírez,67,68,27,Club Atlético Central Córdoba,Paraguay,RB,1100000,5000,69,44,60,63,64,68,Adult,Average
A. King,67,67,33,Bristol City,Wales,"CM,CDM",625000,12000,52,64,66,65,68,60,Senior,Average
H. Salaberry,67,67,35,Club Atlético River Plate,Uruguay,CB,275000,500,44,33,39,41,72,62,Senior,Average
Ş. Özbayraklı,67,67,32,İstanbul Başakşehir FK,Turkey,RB,700000,11000,70,56,63,66,63,71,Senior,Average
Diego Moreira,67,85,17,SL Benfica,Portugal,LW,2500000,950,86,59,57,75,31,65,Young,Average
T. Bingöl,67,67,29,Beşiktaş JK,Turkey,"LB,LM,RB",900000,7000,74,60,66,67,60,64,Adult,Average
J. Bruijn,67,70,25,N.E.C. Nijmegen,Netherlands,"CAM,ST,CM",1300000,4000,68,63,66,70,52,61,Adult,Average
G. Dietsch,67,76,21,Seraing,France,GK,2000000,2000,69,64,63,71,19,63,Young,Average
A. Timossi Andersson,67,78,21,SC Heerenveen,Sweden,"RM,CAM",2300000,2000,84,58,61,68,30,52,Young,Average
J. Waterman,67,70,26,Club de Foot Montréal,Canada,CB,1200000,3000,44,32,52,53,66,73,Adult,Average
Gonçalo Borges,67,82,21,FC Porto,Portugal,"RM,RW",2500000,3000,83,53,60,69,26,54,Young,Average
B. Smith,67,67,28,D.C. United,Australia,"LWB,LB,LM",925000,3000,82,49,60,65,61,66,Adult,Average
C. Cuevas,67,67,27,Universidad Católica,Chile,"LW,LM",1100000,4000,85,57,63,70,60,70,Adult,Average
M. Behrens,67,70,25,SV Waldhof Mannheim 07,Germany,GK,1000000,5000,69,69,66,68,26,68,Adult,Average
Cuca Fernandes,67,67,31,Casa Pia,Portugal,"CDM,CM",725000,2000,67,55,65,64,65,64,Senior,Average
C. Grant,67,68,27,Plymouth Argyle,England,LWB,1100000,5000,68,61,65,66,62,73,Adult,Average
Y. Diarra,67,73,24,FC Red Bull Salzburg,Mali,"CDM,CM",1500000,7000,70,59,63,66,61,74,Adult,Average
M. Baudry,67,67,32,Stade Lavallois Mayenne FC,Congo,CB,650000,2000,42,24,48,43,68,74,Senior,Average
L. Chevalier,67,83,20,LOSC Lille,France,GK,2400000,5000,68,66,65,67,41,65,Young,Average
Escassi,67,67,33,Málaga CF,Spain,"CDM,CM,CB",500000,3000,44,58,60,58,66,82,Senior,Average
Yun Young Sun,67,67,33,Jeonbuk Hyundai Motors,Korea Republic,CB,475000,4000,57,33,55,46,65,73,Senior,Average
C. Coosemans,67,67,29,RSC Anderlecht,Belgium,GK,700000,6000,67,63,69,69,44,68,Adult,Average
M. Kucharczyk,67,67,31,Pogoń Szczecin,Poland,RM,850000,4000,78,64,61,69,42,66,Senior,Average
A. Pergreffi,67,67,34,Modena,Italy,CB,325000,1000,55,39,47,47,69,72,Senior,Average
A. Mateiu,67,67,32,Universitatea Craiova,Romania,"CDM,CM",675000,5000,62,64,64,69,61,70,Senior,Average
D. Agazzi,67,67,29,Ternana,Italy,"CM,CDM",1000000,2000,63,46,64,69,64,68,Adult,Average
Guima,67,69,26,GD Chaves,Portugal,"CM,CDM,CAM",1300000,3000,69,63,62,65,63,70,Adult,Average
R. Malone,67,67,29,F.C. Hansa Rostock,United States,CB,850000,5000,63,30,45,42,66,78,Adult,Average
A. Gonçalves,67,67,36,Stade Lavallois Mayenne FC,France,"RWB,CM",230000,2000,46,51,65,64,61,81,Senior,Average
Diogo Abreu,67,82,19,Sporting CP,Portugal,"CM,CAM",2400000,3000,72,54,70,71,46,63,Young,Average
Z. Alomerović,67,67,31,Jagiellonia Białystok,Serbia,GK,550000,3000,68,66,62,68,37,64,Senior,Average
Zhang Xizhe,67,67,31,Beijing Guoan FC,China PR,"CM,CAM,LM",825000,7000,75,63,68,70,48,62,Senior,Average
B. Kramer,67,69,26,Legia Warszawa,Slovenia,ST,1300000,4000,73,65,54,64,36,73,Adult,Average
D. Coppola,67,82,18,Hellas Verona,Italy,CB,2200000,2000,60,40,53,46,68,67,Young,Average
W. Kaptoum,67,70,25,New England Revolution,Cameroon,"CM,CDM",1300000,3000,56,59,65,71,59,63,Adult,Average
Bernabé,67,69,29,Albacete BP,Spain,GK,850000,3000,66,68,64,65,45,66,Adult,Average
F. Buntić,67,73,25,FC Vizela,Croatia,GK,1300000,2000,67,66,66,69,24,67,Adult,Average
A. Méndez,67,77,21,FC Vizela,United States,"CM,RW,CDM",2300000,2000,64,56,70,68,49,57,Young,Average
D. Glaby,67,70,26,Barracas Central,Argentina,"CDM,CM,CB",1200000,4000,58,52,65,61,63,71,Adult,Average
J. Talbot,67,71,25,Bohemian FC,Republic of Ireland,GK,1100000,950,68,65,61,70,43,63,Adult,Average
J. Quintero,67,67,32,LDU Quito,Ecuador,"RB,RM,RW",700000,500,83,56,62,65,62,70,Senior,Average
Erik Expósito,67,69,26,Śląsk Wrocław,Spain,ST,1300000,4000,67,68,59,63,29,67,Adult,Average
P. Hristov,67,75,23,Spezia,Bulgaria,CB,2100000,5000,40,31,41,40,68,70,Adult,Average
Riesgo,67,67,38,CD Leganés,Spain,GK,110000,2000,67,68,64,66,52,67,Senior,Average
A. Meleán,67,67,35,Club Deportivo Guabirá,Bolivia,"CDM,CB",275000,500,54,42,60,47,67,68,Senior,Average
Sim Sang Min,67,67,29,Pohang Steelers,Korea Republic,LB,900000,3000,73,47,60,66,61,70,Adult,Average
C. Charisis,67,68,27,Demir Grup Sivasspor,Greece,"CM,CDM",1200000,6000,56,62,68,69,64,69,Adult,Average
E. Karic,67,71,25,SV Darmstadt 98,Austria,"LB,LM",1300000,6000,70,43,58,63,62,74,Adult,Average
D. Batz,67,67,31,1. FC Saarbrücken,Germany,GK,550000,2000,67,64,65,70,35,64,Senior,Average
P. Delvalle,67,67,28,Club Sol de América,Paraguay,"LM,LW",1000000,500,80,64,62,68,24,47,Adult,Average
Yuri Matias,67,70,27,CFR Cluj,Brazil,CB,1200000,6000,65,32,46,53,64,77,Adult,Average
C. Sertel,67,73,22,Antalyaspor,Turkey,"LB,CB",1500000,9000,70,38,59,63,64,68,Young,Average
J. Van Rankin,67,67,29,Portland Timbers,Mexico,"RB,LB",900000,3000,73,42,62,65,64,69,Adult,Average
Juande,67,67,35,Adelaide United,Spain,"CDM,CM",275000,2000,54,47,61,60,64,77,Senior,Average
Welinton Júnior,67,67,29,Portimonense SC,Brazil,"ST,LW",1000000,4000,77,70,61,71,22,49,Adult,Average
B. Ajdini,67,67,29,SV Sandhausen,Kosovo,"RB,RM",900000,3000,77,63,65,69,59,60,Adult,Average
M. López Quintana,67,72,26,Club Atlético Aldosivi,Paraguay,CB,1300000,4000,59,30,41,41,67,76,Adult,Average
K. van Veen,67,67,31,Motherwell,Netherlands,"ST,LM",850000,3000,55,69,58,63,26,74,Senior,Average
F. Orlando,67,69,25,US Salernitana 1919,Italy,"RW,RM",1300000,9000,90,60,59,71,28,48,Adult,Average
J. Cacciabue,67,71,24,Miedź Legnica,Argentina,"CDM,CM,RM",1300000,4000,67,55,64,69,65,62,Adult,Average
S. Bjørshol,67,67,28,Viking FK,Norway,"RB,CB",925000,2000,76,30,55,61,61,73,Adult,Average
R. Providence,67,78,20,TSV Egger Glas Hartberg,France,"LW,RW",2200000,14000,83,58,52,77,27,36,Young,Average
R. Emond,67,67,30,Standard de Liège,Belgium,ST,1000000,6000,55,69,56,62,30,67,Senior,Average
D. Scarr,67,68,27,Plymouth Argyle,England,CB,1000000,5000,52,40,46,50,66,80,Adult,Average
A. Benchaib,67,73,24,KV Kortrijk,Belgium,"CAM,LM",1600000,5000,74,62,63,72,38,59,Adult,Average
J. Carabalí,67,71,25,C.D. Universidad Católica del Ecuador,Ecuador,"LB,LW,CM",1300000,500,91,56,59,67,59,66,Adult,Average
K. Mweene,67,67,37,Mamelodi Sundowns FC,Zambia,GK,110000,500,72,58,70,75,33,61,Senior,Average
M. Arai,67,70,25,Gil Vicente FC,Japan,"CAM,LM,LW",1300000,4000,75,61,63,66,51,43,Adult,Average
T. Hara,67,75,23,Deportivo Alavés,Japan,"ST,RM,LM",2300000,4000,67,64,53,63,25,77,Adult,Average
K. Bručić,67,67,30,CFR Cluj,Croatia,LB,875000,6000,67,41,54,60,65,70,Senior,Average
G. Calò,67,74,25,Cosenza,Italy,"CDM,CM",1900000,2000,64,42,60,60,61,70,Adult,Average
J. Palacios,67,74,23,Club Atlético Banfield,Argentina,"RM,CM",2000000,5000,79,59,64,68,53,61,Adult,Average
S. van Gassel,67,69,25,Excelsior,Netherlands,GK,975000,2000,67,65,60,69,23,67,Adult,Average
A. Leitner,67,69,28,Petrolul Ploiești,Austria,GK,875000,2000,68,67,62,68,24,65,Adult,Average
O. Norburn,67,67,29,Peterborough United,Grenada,"CM,CDM",1000000,5000,74,61,65,66,64,76,Adult,Average
A. Bosetti,67,67,29,FC Annecy,France,ST,1000000,2000,74,68,63,70,32,63,Adult,Average
Ricardo Santos,67,70,27,Bolton Wanderers,Portugal,CB,1200000,5000,68,39,45,51,66,85,Adult,Average
N. Butzen,67,67,29,FSV Zwickau,Germany,"RB,LB",900000,1000,76,53,61,65,59,71,Adult,Average
A. Loba,67,72,24,Nashville SC,Côte d'Ivoire,ST,1600000,3000,81,66,58,67,24,65,Adult,Average
L. Burnet,67,67,31,FC Emmen,Netherlands,LB,750000,3000,71,42,60,67,63,66,Senior,Average
Felipe,67,67,31,Austin FC,Brazil,"CDM,CM",725000,3000,49,64,69,69,60,69,Senior,Average
M. Makarić,67,70,26,Aalborg BK,Serbia,ST,1300000,6000,69,66,56,65,23,68,Adult,Average
A. Vogliacco,67,75,23,Genoa,Italy,CB,2100000,2000,69,35,52,53,68,67,Adult,Average
A. Pereira,67,74,22,Rosenborg BK,Norway,LWB,2000000,2000,81,59,58,66,59,68,Young,Average
K. Steppe,67,67,33,Sint-Truidense VV,Belgium,GK,325000,4000,67,66,61,69,44,66,Senior,Average
C. Tilt,67,67,30,Wigan Athletic,Jamaica,CB,825000,4000,61,33,41,51,66,75,Senior,Average
Moon Seon Min,67,67,30,Jeonbuk Hyundai Motors,Korea Republic,"RM,RW,LM",975000,4000,91,63,57,69,36,57,Senior,Average
L. Abecasis,67,67,32,Club Atlético Banfield,Argentina,RB,700000,5000,75,49,62,65,63,74,Senior,Average
D. Stavropoulos,67,71,25,Warta Poznań,Greece,CB,1300000,1000,57,32,49,46,66,75,Adult,Average
A. Prijović,67,67,32,Western United FC,Serbia,ST,825000,2000,55,66,56,63,35,75,Senior,Average
P. Gueye,67,75,22,KV Kortrijk,Senegal,ST,2300000,5000,76,66,54,67,21,76,Young,Average
F. Israel,67,79,22,Sporting CP,Uruguay,GK,2200000,3000,70,69,66,68,31,69,Young,Average
R. Königsdörffer,67,77,20,Hamburger SV,Ghana,"RW,ST",2200000,5000,86,62,59,69,39,58,Young,Average
L. Lappalainen,67,72,23,Club de Foot Montréal,Finland,"LM,LWB,RM",1500000,3000,86,60,59,66,55,60,Adult,Average
A. Dozzell,67,74,23,Queens Park Rangers,England,"CM,CDM",2000000,10000,73,59,67,69,62,64,Adult,Average
M. Taylor,67,67,32,Oxford United,England,ST,825000,5000,68,67,57,67,27,65,Senior,Average
Á. Angulo,67,72,25,Atlético Nacional,Colombia,LB,1400000,2000,92,32,55,65,57,63,Adult,Average
R. Rivero,67,68,26,Liverpool Fútbol Club,Uruguay,"LW,LM,CF",1200000,500,76,60,67,67,33,57,Adult,Average
H. Mancilla,67,67,30,Club Atlético Sarmiento,Colombia,"CDM,CM",850000,6000,58,34,61,54,62,78,Senior,Average
F. Curuchet,67,67,32,Cienciano,Argentina,"ST,RW,RM",825000,500,81,69,52,69,36,65,Senior,Average
C. Chávez,67,67,36,Club Deportivo Jorge Wilstermann,Argentina,"CAM,LM",325000,500,69,65,66,70,44,58,Senior,Average
L. Lauberbach,67,72,24,Eintracht Braunschweig,Germany,"ST,LM",1600000,5000,73,64,59,66,39,75,Adult,Average
L. Amos,67,72,25,Queens Park Rangers,England,"CM,CAM,CDM",1500000,11000,57,54,66,66,63,62,Adult,Average
Đ. Petrović,67,76,22,New England Revolution,Serbia,GK,2000000,2000,69,60,61,70,31,62,Young,Average
S. McDermott,67,69,29,Kristiansund BK,Republic of Ireland,GK,850000,1000,69,65,61,69,40,66,Adult,Average
M. Di Benedetto,67,68,29,Club Atlético Central Córdoba,Argentina,CB,950000,5000,48,35,48,39,68,70,Adult,Average
R. Bogarín,67,70,25,Club Libertad,Paraguay,"RM,LM",1300000,500,72,61,63,69,22,66,Adult,Average
S. Kutschke,67,67,33,SG Dynamo Dresden,Germany,ST,650000,4000,58,67,45,53,39,82,Senior,Average
A. Maraval,67,70,28,Nîmes Olympique,France,GK,950000,2000,70,63,64,69,41,68,Adult,Average
J. Malatini,67,74,21,Club Atlético Talleres,Argentina,"RB,CB",2000000,4000,71,31,58,67,61,60,Young,Average
A. Galabinov,67,67,33,Urbs Reggina 1914,Bulgaria,ST,650000,1000,33,71,57,60,21,76,Senior,Average
L. Gregory,67,67,33,Sheffield Wednesday,England,ST,650000,6000,51,67,56,64,28,79,Senior,Average
M. Laba,67,67,30,Club Atlético Central Córdoba,Argentina,"CDM,CM",850000,5000,66,50,61,63,63,73,Senior,Average
L. Tankulić,67,67,31,SV Meppen,Germany,"CAM,RM",850000,1000,72,63,61,68,31,68,Senior,Average
F. Andueza,67,71,25,Club Atlético Sarmiento,Uruguay,CB,1300000,4000,60,32,47,55,65,74,Adult,Average
A. Nuhiu,67,67,32,SC Rheindorf Altach,Kosovo,ST,825000,6000,32,67,58,61,41,71,Senior,Average
N. Linares,67,70,26,Club Atlético Central Córdoba,Argentina,"CDM,CM",1200000,5000,61,54,63,65,67,64,Adult,Average
N. Gioacchini,67,77,21,Orlando City Soccer Club,United States,"ST,RM",2300000,2000,76,66,58,66,26,64,Young,Average
J. Villafaña,67,67,32,LA Galaxy,United States,LB,700000,3000,70,55,66,66,62,64,Senior,Average
F. Pick,67,67,26,1. FC Heidenheim 1846,Germany,"LM,RM",1100000,8000,84,57,60,70,29,51,Adult,Average
G. Ariyibi,67,67,27,MKE Ankaragücü,United States,"LM,RM",1100000,5000,88,51,57,70,33,64,Adult,Average
Fran García,67,67,29,Burgos CF,Spain,"LB,LWB",900000,3000,77,34,57,63,62,68,Adult,Average
J. Þorsteinsson,67,74,23,Oud-Heverlee Leuven,Iceland,"CF,LM",2100000,5000,80,61,62,72,40,72,Adult,Average
Eder Pinhanços,67,67,26,América Futebol Clube,Brazil,"CB,LB",975000,6000,47,31,47,41,73,59,Adult,Average
A. Oudrhiri,67,67,29,Rio Ave FC,France,"CM,CDM",1000000,4000,68,47,69,70,59,63,Adult,Average
J. Alnwick,67,67,29,Cardiff City,England,GK,700000,9000,67,66,64,67,46,66,Adult,Average
F. Al Sagour,67,70,26,Al Shabab,Saudi Arabia,RB,1200000,10000,91,45,57,64,57,63,Adult,Average
C. Buchtmann,67,67,30,VfB Oldenburg,Germany,"CM,CDM,CAM",975000,950,59,63,69,70,59,60,Senior,Average
K. Kubica,67,76,22,Benevento,Poland,"CDM,CM",2200000,2000,60,58,57,63,65,78,Young,Average
M. Heider,67,67,36,VfL Osnabrück,Germany,ST,350000,2000,72,67,59,64,54,80,Senior,Average
A. Vasyutin,67,71,27,Djurgårdens IF,Russia,GK,1100000,2000,69,61,65,70,36,66,Adult,Average
C. Forsyth,67,67,33,Derby County,Scotland,"LB,CB",525000,3000,54,59,63,63,67,67,Senior,Average
M. Ádám,67,68,27,Ulsan Hyundai FC,Hungary,ST,1200000,5000,60,72,47,57,26,73,Adult,Average
L. Stergiou,67,84,20,FC St. Gallen 1879,Switzerland,CB,2500000,3000,65,32,46,49,69,72,Young,Average
N. Guerra,67,75,23,Deportivo Ñublense,Chile,ST,2300000,3000,73,67,53,69,22,69,Adult,Average
E. Ocansey,67,70,24,KV Kortrijk,Ghana,"LM,RM",1400000,5000,84,63,59,72,51,66,Adult,Average
Lee Seung Woo,67,72,24,Suwon FC,Korea Republic,"LW,RW,CAM",1500000,3000,77,64,57,71,25,49,Adult,Average
L. Garbutt,67,67,29,Blackpool,England,"LB,LWB",900000,5000,71,54,66,65,63,65,Adult,Average
V. Burgoa,67,76,21,Godoy Cruz,Argentina,"CAM,LM",2300000,3000,80,57,64,73,54,60,Young,Average
S. Adewoye,67,75,22,RKC Waalwijk,Belgium,CB,2100000,2000,68,24,44,44,66,72,Young,Average
A. Bettaieb,67,72,25,Ümraniyespor,Tunisia,ST,1500000,6000,74,69,43,65,22,62,Adult,Average
F. Starzyński,67,67,31,Zagłębie Lubin,Poland,"CAM,CM",850000,4000,32,66,72,69,44,44,Senior,Average
Miquel Parera,67,72,26,Racing Santander,Spain,GK,1200000,3000,72,64,62,72,38,61,Adult,Average
S. Perilli,67,69,27,Hellas Verona,Italy,GK,925000,7000,67,67,61,64,46,66,Adult,Average
Roberto,67,78,20,FC Barcelona,Spain,"ST,CAM",2300000,3000,69,67,58,69,36,60,Young,Average
M. Mvala,67,68,28,Mamelodi Sundowns FC,South Africa,"CDM,CB,CM",975000,500,65,39,58,61,66,71,Adult,Average
L. Díaz,67,72,23,Columbus Crew,Costa Rica,RM,1500000,3000,90,59,62,69,30,62,Adult,Average
S. Odey,67,73,24,Randers FC,Nigeria,ST,1600000,5000,86,63,48,68,35,71,Adult,Average
H. Wingo,67,69,26,Ferencvárosi TC,United States,RB,1200000,500,82,54,58,63,62,70,Adult,Average
T. Tekie,67,71,25,Go Ahead Eagles,Sweden,CM,1400000,3000,76,56,68,72,50,58,Adult,Average
F. Soldano,67,67,27,Gimnasia y Esgrima La Plata,Argentina,ST,1100000,7000,68,64,53,66,43,76,Adult,Average
K. Autonne,67,76,21,Al Ain FC,United Arab Emirates,CB,2100000,500,72,28,50,48,66,77,Young,Average
S. Al Rubaie,67,69,28,Al Shabab,Saudi Arabia,CB,1000000,11000,67,25,45,43,66,74,Adult,Average
D. Roßbach,67,68,29,F.C. Hansa Rostock,Germany,CB,950000,5000,55,37,53,57,67,74,Adult,Average
J. Chicco,67,72,24,Club Atlético Colón,Argentina,"CDM,CM",1400000,4000,52,50,61,62,66,72,Adult,Average
Ming Tian,67,68,27,Wuhan FC,China PR,"RB,RM",1100000,4000,85,33,56,62,61,67,Adult,Average
Enzio Julião,67,67,26,Cuiabá,Brazil,ST,1100000,7000,71,65,55,67,34,70,Adult,Average
W. Chalá,67,67,30,C.D. Universidad Católica del Ecuador,Ecuador,"LW,ST,RW",975000,500,82,67,60,68,37,69,Senior,Average
A. Fatawu Issahaku,67,86,18,Sporting CP,Ghana,"CAM,RW",2600000,2000,82,68,63,73,35,51,Young,Average
Carlos Embalo,67,68,27,Cittadella,Guinea Bissau,"ST,CAM",1200000,1000,80,64,62,71,28,61,Adult,Average
H. Tijanovich,67,68,26,Platense,Argentina,"LM,ST,RM",1200000,5000,78,67,59,68,35,61,Adult,Average
Claudio Silbeiro,67,67,26,Cuiabá,Brazil,ST,1100000,7000,72,68,49,66,36,70,Adult,Average
J. Houghton,67,69,26,Plymouth Argyle,England,"CDM,CM",1100000,5000,59,51,64,61,63,75,Adult,Average
L. Paz,67,67,33,América de Cali,Colombia,"CDM,CM",500000,1000,59,53,58,61,66,74,Senior,Average
E. Gliozzi,67,68,26,Pisa,Italy,ST,1200000,2000,62,68,51,64,35,63,Adult,Average
A. Dźwigała,67,70,26,FC St. Pauli,Poland,"CB,RB",1200000,6000,64,44,53,56,64,74,Adult,Average
R. Callachan,67,67,28,Ross County FC,Scotland,"CDM,CAM,CM",900000,3000,66,65,65,66,61,74,Adult,Average
C. Bishop,67,70,25,Portsmouth,England,ST,1400000,5000,73,64,52,63,33,79,Adult,Average
P. Pflücke,67,70,25,Servette FC,Germany,"LW,RW,CAM",1300000,7000,79,62,64,71,27,44,Adult,Average
I. Cissé,67,72,26,Stade Malherbe Caen,France,CB,1300000,3000,72,38,61,63,65,75,Adult,Average
R. Kaib,67,71,25,SC Heerenveen,Tunisia,LWB,1300000,3000,80,46,63,65,58,64,Adult,Average
F. Oswald,67,67,31,WSG Tirol,Germany,GK,550000,3000,69,65,62,66,23,68,Senior,Average
A. Terzić,67,76,22,Fiorentina,Serbia,LB,2200000,12000,67,41,56,66,64,59,Young,Average
R. Colwill,67,79,20,Cardiff City,Wales,"CAM,RW,LW",2500000,9000,70,65,63,67,42,67,Young,Average
D. Nazarov,67,67,32,FC Erzgebirge Aue,Azerbaijan,"CAM,ST",800000,2000,63,69,63,69,32,62,Senior,Average
L. Zahović,67,69,26,Pogoń Szczecin,Slovenia,ST,1300000,4000,76,63,60,70,28,53,Adult,Average
R. Behounek,67,72,25,WSG Tirol,Austria,CB,1300000,4000,65,28,45,45,65,78,Adult,Average
K. Getinger,67,67,33,PGE FKS Stal Mielec,Poland,"LWB,LM",525000,2000,75,60,62,62,61,70,Senior,Average
M. Macey,67,69,27,Luton Town,England,GK,925000,9000,69,66,64,66,39,66,Adult,Average
F. Ronstadt,67,70,24,SV Darmstadt 98,Germany,"RB,LB",1300000,6000,77,41,58,65,61,67,Adult,Average
M. Shved,67,70,24,Shakhtar Donetsk,Ukraine,"RM,RW,ST",1400000,500,73,68,61,71,36,49,Adult,Average
O. Kakay,67,72,24,Queens Park Rangers,Sierra Leone,"RWB,RB,CB",1400000,9000,73,26,48,64,65,58,Adult,Average
M. Bertagnoli,67,74,23,Brescia,Italy,CM,2000000,2000,68,57,66,67,61,60,Adult,Average
I. Drešević,67,74,25,Fatih Karagümrük S.K.,Kosovo,CB,1900000,7000,48,47,59,66,66,74,Adult,Average
Zapater,67,67,37,Real Zaragoza,Spain,"CM,CDM",325000,3000,50,64,71,62,67,69,Senior,Average
E. Basilio,67,67,27,En Avant de Guingamp,France,GK,775000,2000,67,64,64,68,46,63,Adult,Average
C. Palmer,67,85,20,Manchester City,England,"RW,CAM,CF",2700000,26000,76,65,62,70,45,57,Young,Average
Areso,67,76,22,Burgos CF,Spain,RB,2200000,7000,70,30,63,67,61,64,Young,Average
V. Gutkovskis,67,68,27,Raków Częstochowa,Latvia,ST,1200000,5000,76,65,50,62,25,79,Adult,Average
T. Gardner-Hickman,67,79,20,West Bromwich Albion,England,"RWB,CM",2300000,8000,75,56,62,66,62,59,Young,Average
J. Benítez,67,67,29,Platense,Paraguay,ST,1000000,6000,70,65,53,67,23,70,Adult,Average
I. Kébé,67,75,21,Girona FC,Mali,"CM,RM,CDM",2300000,6000,61,57,60,64,65,77,Young,Average
T. Siersleben,67,74,22,1. FC Heidenheim 1846,Germany,"CB,LB",1900000,11000,61,33,48,55,67,67,Young,Average
Pedro Brazão,67,79,19,Futebol Clube de Famalicão,Portugal,"RM,CAM",2400000,2000,75,55,64,73,39,48,Young,Average
S. Asta,67,76,21,SpVgg Greuther Fürth,Germany,"RB,RWB",2200000,3000,77,31,52,65,63,59,Young,Average
M. Talbi,67,72,24,FC Lorient,Tunisia,CB,1400000,5000,59,30,41,53,67,71,Adult,Average
Leo Román,67,79,22,RCD Mallorca,Spain,GK,2200000,5000,67,66,75,69,50,65,Young,Average
S. Bain,67,67,30,Celtic,Scotland,GK,675000,12000,68,62,68,72,54,61,Senior,Average
T. Kutumela,67,67,28,Mamelodi Sundowns FC,South Africa,"ST,CAM",1000000,500,77,67,62,68,28,57,Adult,Average
V. Kostevych,67,67,29,Dynamo Kyiv,Ukraine,LB,900000,500,80,52,64,64,58,67,Adult,Average
A. Björnström,67,68,26,AIK,Sweden,LB,1100000,3000,79,45,59,63,61,62,Adult,Average
F. Apaolaza,67,72,25,Arsenal de Sarandí,Argentina,ST,1500000,5000,68,68,54,63,35,66,Adult,Average
I. Runje,67,67,31,Jagiellonia Białystok,Croatia,CB,700000,4000,34,27,49,45,68,67,Senior,Average
B. Peacock-Farrell,67,73,25,Burnley,Northern Ireland,GK,1300000,10000,69,67,66,69,53,63,Adult,Average
L. Singh,67,69,24,GD Chaves,South Africa,"LW,RW",1300000,8000,79,63,63,69,33,47,Adult,Average
D. Yearwood,67,75,22,New York Red Bulls,England,"CM,CDM",2300000,3000,80,56,59,70,67,80,Young,Average
O. Bailey,67,76,22,Salford City,England,RW,2300000,7000,81,62,63,69,34,59,Young,Average
Juan Hernández,67,67,27,Burgos CF,Spain,"LM,ST,RM",1100000,3000,64,63,66,66,25,47,Adult,Average
C. Trujillo,67,74,23,Club Deportes Tolima,Colombia,"CM,CDM",2000000,1000,71,61,62,64,56,54,Adult,Average
T. Rogne,67,67,32,Helsingborgs IF,Norway,CB,650000,1000,48,32,51,48,67,70,Senior,Average
E. Colley,67,75,22,Fatih Karagümrük S.K.,Gambia,"LW,CF,RW",2300000,14000,79,65,57,70,27,52,Young,Average
R. McGowan,67,67,32,St. Johnstone FC,Australia,CB,650000,3000,64,48,56,60,65,78,Senior,Average
G. Caso,67,73,23,Frosinone,Italy,ST,1600000,1000,80,67,60,73,27,48,Adult,Average
M. Eskihellaç,67,70,25,Gazişehir Gaziantep F.K.,Turkey,"RM,LM",1300000,6000,86,57,61,68,27,50,Adult,Average
E. Öztümer,67,67,31,Adana Demirspor,England,"CAM,CM",850000,7000,73,64,65,74,30,50,Senior,Average
Edu Bedia,67,67,33,FC Goa,Spain,"CM,CDM,CAM",625000,850,44,57,69,67,48,72,Senior,Average
G. Jung,67,68,27,SpVgg Greuther Fürth,Germany,"CB,CDM",1000000,4000,69,41,59,60,68,70,Adult,Average
A. Sobiech,67,67,32,Lech Poznań,Poland,ST,825000,4000,64,67,56,66,31,68,Senior,Average
D. Valda,67,70,25,Club Always Ready,Bolivia,"RB,RM",1200000,500,75,49,56,65,63,61,Adult,Average
G. Þórarinsson,67,67,30,Free agent,Iceland,"LB,LWB,CM",0,0,60,62,70,70,61,71,Senior,Average
J. Lumley,67,71,27,Reading,England,GK,1100000,7000,68,66,71,67,44,64,Adult,Average
J. Roye,67,67,33,Stade Lavallois Mayenne FC,France,"CM,CDM",625000,2000,65,64,65,68,61,67,Senior,Average
C. Boukhalfa,67,75,23,FC St. Pauli,Germany,"CAM,CM,CDM",2300000,6000,66,61,62,67,61,75,Adult,Average
N. Mäenpää,67,67,37,Venezia FC,Finland,GK,110000,900,67,67,61,66,36,64,Senior,Average
A. Seko,67,75,22,Grasshopper Club Zürich,Japan,"CB,CDM",2100000,4000,60,35,50,56,68,71,Young,Average
P. Johansson,67,68,27,Djurgårdens IF,Sweden,RB,1100000,3000,82,52,58,63,60,78,Adult,Average
M. Hanousek,67,67,29,Gazişehir Gaziantep F.K.,Czech Republic,LB,900000,500,80,44,60,64,62,73,Adult,Average
L. Romero,67,86,17,Lazio,Argentina,"RW,CAM",2500000,3000,75,54,64,72,32,48,Young,Average
A. Khalili,67,67,30,Helsingborgs IF,Sweden,CM,975000,2000,65,65,68,68,63,68,Senior,Average
P. Mukairu,67,75,22,F.C. København,Nigeria,"LM,ST",2300000,7000,84,63,59,70,32,63,Young,Average
J. Quinteros,67,74,21,Real Zaragoza,Bolivia,CB,1900000,2000,61,26,41,52,67,70,Young,Average
Park Seung Wook,67,69,25,Pohang Steelers,Korea Republic,"RB,CB",1200000,3000,74,38,59,60,63,75,Adult,Average
D. Bohar,67,67,30,Zagłębie Lubin,Slovenia,LM,975000,4000,77,64,64,67,33,65,Senior,Average
D. Bakwa,67,79,19,FC Girondins de Bordeaux,France,"RW,LM",2400000,2000,80,55,62,71,30,59,Young,Average
V. Rață,67,67,29,FC Voluntari,Moldova,"CM,CF",1000000,5000,70,62,64,67,61,72,Adult,Average
J. Vargas,67,68,27,Metropolitanos de Caracas FC,Venezuela,"RB,RM",1100000,500,77,50,58,63,62,60,Adult,Average
P. Tytoń,67,67,35,FC Twente,Poland,GK,110000,2000,67,64,70,66,50,66,Senior,Average
J. Bennett,67,67,32,Wigan Athletic,England,"LB,LWB",700000,4000,68,47,63,65,64,67,Senior,Average
F. Guerrero,67,67,32,Cienciano,Ecuador,"LW,LM,RM",800000,500,84,59,60,69,51,54,Senior,Average
W. Cheddira,67,73,24,Bari,Italy,"ST,LW",1600000,2000,74,67,62,64,40,71,Adult,Average
S. Mai,67,68,28,MSV Duisburg,Germany,CB,975000,3000,43,57,45,50,65,82,Adult,Average
J. Ponceau,67,76,21,FC Lorient,France,"CM,CAM,CDM",2300000,5000,75,55,63,72,52,56,Young,Average
S. Greenwood,67,80,20,Leeds United,England,"CAM,CF,CM",2500000,9000,71,64,65,67,52,67,Young,Average
P. Fuentes,67,72,26,Cienciano,Peru,CB,1300000,500,59,45,58,60,67,71,Adult,Average
D. Agrón,67,78,21,La Equidad,Colombia,CB,2100000,550,60,25,41,46,66,69,Young,Average
J. Clark,67,67,28,Luton Town,England,"CM,RM,LW",1000000,12000,76,63,68,70,57,62,Adult,Average
V. Vasić,67,67,32,FC Luzern,Serbia,GK,500000,4000,68,63,65,69,46,68,Senior,Average
U. Nayir,67,67,29,Ümraniyespor,Turkey,ST,1000000,6000,53,66,45,63,23,73,Adult,Average
S. Chergui,67,76,23,Paris FC,France,"CB,RB",2100000,3000,53,43,61,63,67,63,Adult,Average
S. Jamieson,67,67,33,Melbourne City FC,Australia,LB,525000,4000,69,55,62,60,62,80,Senior,Average
G. Friend,67,67,34,Birmingham City,England,"CB,LB,LWB",325000,11000,50,55,60,63,67,66,Senior,Average
S. Bakari,67,67,27,RKC Waalwijk,Comoros,"RWB,LW",975000,3000,84,57,59,66,59,74,Adult,Average
E. Alfonso,67,67,34,SPAL,Italy,GK,170000,1000,65,70,59,64,44,66,Senior,Average
Matheus Aiás,67,72,25,Racing Santander,Brazil,ST,1500000,4000,73,66,51,69,27,61,Adult,Average
M. Ellingsen,67,70,27,Molde FK,Norway,"CDM,CB",1200000,2000,59,61,65,67,64,69,Adult,Average
A. Sissoko,67,72,25,US Quevilly Rouen Métropole,France,"RB,LB",1400000,2000,76,33,56,60,63,65,Adult,Average
A. Mikkelsen,67,77,21,Tromsø IL,Norway,CF,2300000,2000,78,61,63,75,33,56,Young,Average
Ricard,67,78,22,Granada CF,Spain,"RB,RM",2200000,3000,76,57,55,66,61,54,Young,Average
Ureña,67,78,19,Girona FC,Spain,"RM,LM",2200000,5000,79,61,62,70,32,52,Young,Average
L. Caicedo,67,71,24,Delfín Sporting Club,Ecuador,CB,1300000,500,60,35,50,52,68,70,Adult,Average
Jozabed,67,67,31,Málaga CF,Spain,"CM,CDM,CAM",825000,4000,55,64,68,67,58,66,Senior,Average
J. Marié,67,67,30,Dijon FCO,France,"CM,CDM",975000,3000,37,52,65,69,65,60,Senior,Average
M. Hebo Rasmussen,67,68,26,Cracovia,Denmark,CM,1200000,4000,51,61,67,64,57,70,Adult,Average
Costinha,67,78,22,Rio Ave FC,Portugal,RB,2200000,3000,67,51,56,61,64,63,Young,Average
J. Knight,67,73,24,Peterborough United,England,"CB,CM",1500000,4000,57,52,56,62,67,73,Adult,Average
K. Pestka,67,74,23,Cracovia,Poland,"LWB,LM",1900000,3000,77,40,59,62,64,71,Adult,Average
Sergio López,67,74,23,FC Basel 1893,Spain,RB,1900000,5000,76,55,63,68,62,57,Adult,Average
M. Malone,67,74,21,RZ Pellets Wolfsberger AC,Germany,"LM,RM,ST",2100000,7000,77,66,59,67,31,67,Young,Average
Antoñín,67,77,22,Vitória de Guimarães,Spain,"ST,LM",2300000,4000,82,66,57,68,23,56,Young,Average
A. Virginius,67,84,19,LOSC Lille,France,RM,2600000,6000,90,57,58,71,27,40,Young,Average
R. Ivanov,67,69,27,Warta Poznań,Finland,CB,1100000,2000,57,32,54,50,69,72,Adult,Average
D. van Mieghem,67,67,32,FC Volendam,Netherlands,"RW,LW",800000,4000,85,64,63,69,26,49,Senior,Average
J. Castro,67,72,25,La Equidad,Colombia,"RB,CDM,RWB",1400000,750,70,38,60,64,62,63,Adult,Average
Joan Femenías,67,72,25,Levante Unión Deportiva,Spain,GK,1200000,3000,67,64,53,72,25,63,Adult,Average
A. Moueffek,67,79,21,AS Saint-Étienne,France,"CM,RB",2500000,2000,67,55,64,70,66,63,Young,Average
T. Meziani,67,68,26,Abha Club,Algeria,"RM,LM",1200000,5000,75,62,63,68,41,63,Adult,Average
A. Tahiri,67,68,27,SC Heerenveen,Morocco,"CM,CDM,CAM",1200000,3000,73,58,69,71,52,54,Adult,Average
V. Bichakhchyan,67,72,22,Pogoń Szczecin,Armenia,CAM,1600000,3000,70,69,65,67,55,57,Young,Average
E. Vaessen,67,71,26,RKC Waalwijk,Netherlands,GK,1100000,2000,68,66,62,67,35,68,Adult,Average
H. Caballero,67,67,31,Club Libertad,Paraguay,CDM,725000,500,53,59,58,64,69,62,Senior,Average
D. Lachman,67,67,32,Perth Glory,Curacao,CB,650000,2000,70,43,54,59,64,80,Senior,Average
E. Lancini,67,69,28,Palermo,Italy,CB,1000000,2000,66,34,43,52,66,74,Adult,Average
K. Salazar,67,70,26,La Equidad,Colombia,"CAM,RM",1300000,850,72,53,66,74,41,50,Adult,Average
E. Ceïde,67,77,20,U.S. Sassuolo Calcio,Norway,"LM,LW,RM",2200000,8000,81,56,57,73,33,49,Young,Average
R. Benatelli,67,67,30,SK Austria Klagenfurt,Germany,"CDM,CM",850000,4000,46,62,66,68,60,71,Senior,Average
D. Iorfa,67,68,27,Sheffield Wednesday,England,CB,1000000,5000,80,40,55,57,67,70,Adult,Average
J. Kliment,67,67,28,FC Viktoria Plzeň,Czech Republic,ST,1000000,500,73,64,55,66,31,62,Adult,Average
M. Dominguez,67,69,26,Miedź Legnica,Switzerland,"CAM,CM",1300000,2000,75,59,64,70,45,47,Adult,Average
F. Flecker,67,68,26,LASK Linz,Austria,"RM,RB,LM",1200000,9000,84,61,57,69,57,66,Adult,Average
B. Lederman,67,78,22,Raków Częstochowa,Poland,"CM,CF",2300000,4000,76,59,67,70,55,66,Young,Average
N. Ünüvar,67,85,19,Trabzonspor,Netherlands,"LW,CAM",2600000,4000,69,58,67,72,37,44,Young,Average
M. van Duinen,67,67,30,Excelsior,Netherlands,"LM,ST",975000,3000,70,65,60,65,48,74,Senior,Average
F. Sollacaro,67,69,28,AC Ajaccio,France,GK,875000,5000,67,66,65,69,44,68,Adult,Average
J. Hayes,67,67,34,Aberdeen,Republic of Ireland,"LB,LM,CAM",375000,3000,79,59,63,69,62,68,Senior,Average
O. Mbaizo,67,71,24,Philadelphia Union,Cameroon,RB,1400000,2000,80,36,57,68,60,65,Adult,Average
F. El Melali,67,70,25,Angers SCO,Algeria,RM,1300000,8000,69,61,62,75,30,34,Adult,Average
R. Ergas,67,73,24,Cerro Largo Fútbol Club,Uruguay,"LB,LWB,LM",1500000,500,77,51,47,61,62,64,Adult,Average
E. Anderson,67,85,19,Newcastle United,Scotland,"CM,LW",2600000,13000,74,64,65,73,58,68,Young,Average
B. Veglio,67,74,24,Montevideo Wanderers,Uruguay,"CM,CDM,RM",2000000,500,65,62,65,62,64,54,Adult,Average
E. Rroca,67,67,28,İstanbulspor,Albania,CAM,1000000,6000,64,67,66,68,50,57,Adult,Average
B. Borrello,67,67,26,Western Sydney Wanderers,Australia,"RM,ST,LM",1100000,4000,70,64,61,69,26,68,Adult,Average
R. Hardie,67,71,25,Plymouth Argyle,Scotland,ST,1400000,5000,86,64,48,64,24,64,Adult,Average
Roberto Alves,67,72,25,Radomiak Radom,Switzerland,"CAM,ST",1500000,2000,75,66,67,68,28,64,Adult,Average
V. Ghiță,67,73,24,Cracovia,Romania,CB,1500000,3000,54,44,48,50,67,74,Adult,Average
A. Tapsoba,67,77,20,Standard de Liège,Burkina Faso,"ST,CAM",2300000,5000,83,67,54,70,22,55,Young,Average
R. Negru,67,74,23,FC U Craiova 1948,Romania,RB,1900000,4000,80,39,57,60,59,68,Adult,Average
J. Dawa,67,71,26,FCSB (Steaua),Cameroon,CB,1300000,6000,66,34,40,44,65,80,Adult,Average
H. Lansbury,67,67,31,Luton Town,England,"CM,CDM",825000,12000,52,66,69,67,60,70,Senior,Average
E. Camargo,67,80,20,Deportivo Cali,Colombia,CM,2400000,1000,65,63,66,66,61,59,Young,Average
J. Morrell,67,69,25,Portsmouth,Wales,"CM,CDM",1300000,5000,71,47,66,72,55,52,Adult,Average
T. Sainte-Luce,67,73,23,Montpellier Hérault SC,France,LB,1500000,6000,75,47,58,68,62,61,Adult,Average
Lucas Ahijado,67,68,27,Real Oviedo,Spain,"RB,LB",1100000,4000,80,58,62,65,62,63,Adult,Average
I. Saibari,67,79,20,PSV,Morocco,"CAM,LW,RW",2500000,5000,76,62,63,70,41,68,Young,Average
B. Guzan,67,67,37,Atlanta United,United States,GK,110000,1000,65,68,64,65,38,68,Senior,Average
Adriano Junqueiras,67,67,26,Sport Club Corinthians Paulista,Brazil,CB,975000,9000,52,29,34,45,67,74,Adult,Average
A. Al Khaibari,67,72,25,Al Nassr,Saudi Arabia,"CDM,CM",1400000,11000,63,43,59,63,65,69,Adult,Average
T. Keller,67,75,22,1. FC Heidenheim 1846,Germany,"CB,CDM",2100000,7000,63,42,56,53,65,74,Young,Average
M. Marin,67,72,23,Pisa,Romania,"CM,RM",1500000,2000,73,57,67,66,64,70,Adult,Average
G. Aburjania,67,68,27,Gil Vicente FC,Georgia,"CM,CDM,CAM",1200000,4000,52,62,66,68,63,72,Adult,Average
A. Pabón,67,70,26,Mushuc Runa,Ecuador,GK,1000000,500,65,68,65,67,52,65,Adult,Average
J. Jones,67,67,30,Inter Miami CF,Trinidad and Tobago,"LB,LM,RM",875000,3000,77,57,64,68,61,68,Senior,Average
M. Şengezer,67,73,25,İstanbul Başakşehir FK,Turkey,GK,1300000,8000,67,64,61,70,35,66,Adult,Average
A. Vrenezi,67,67,28,TSV 1860 München,Kosovo,"CAM,RM,ST",1000000,2000,79,66,60,71,20,58,Adult,Average
D. Schnegg,67,72,23,SK Sturm Graz,Austria,LB,1400000,6000,73,53,60,65,63,74,Adult,Average
K. Aparicio,67,68,29,Cienciano,Peru,CB,950000,500,45,46,61,57,69,68,Adult,Average
J. Smith,67,68,27,Nottingham Forest,England,GK,875000,14000,65,63,55,73,35,64,Adult,Average
Rômulão Selva,67,67,30,América Futebol Clube,Brazil,"ST,CF",1000000,7000,79,61,60,74,23,60,Senior,Average
Li Shuai,67,68,27,Shanghai Port FC,China PR,"LB,LWB,LM",1100000,6000,79,41,58,65,61,72,Adult,Average
D. Sanderson,67,80,22,Birmingham City,England,CB,2400000,17000,75,40,51,58,67,73,Young,Average
I. Touré,67,83,19,Olympique de Marseille,France,CB,2500000,6000,67,30,48,54,63,80,Young,Average
N. Garayalde,67,75,22,Vélez Sarsfield,Argentina,"CM,CAM",2300000,5000,66,55,68,69,55,54,Young,Average
Hugo Vallejo,67,76,22,SD Ponferradina,Spain,"LM,RM",2300000,7000,63,65,64,71,36,55,Young,Average
D. Verhulst,67,67,34,Royal Antwerp FC,Belgium,GK,170000,5000,67,66,64,66,24,70,Senior,Average
T. Holmes,67,74,22,Reading,England,CB,1900000,6000,51,25,55,55,66,72,Young,Average
V. Cojocaru,67,70,26,Oud-Heverlee Leuven,Romania,GK,1000000,4000,70,65,67,68,34,65,Adult,Average
Y. Thoelen,67,67,31,KV Mechelen,Belgium,GK,550000,4000,65,68,64,65,38,68,Senior,Average
N. Wimmer,67,69,27,SK Austria Klagenfurt,Austria,CB,1100000,4000,48,33,45,44,67,75,Adult,Average
L. Díaz,67,71,24,Independiente del Valle,Argentina,"RW,CF",1500000,500,72,69,68,65,26,60,Adult,Average
M. Urruti,67,67,31,Austin FC,Argentina,ST,850000,3000,72,66,62,71,54,69,Senior,Average
Loureiro,67,71,25,CD Lugo,Spain,RB,1300000,3000,69,33,51,63,64,65,Adult,Average
S. Wootton,67,67,30,Wellington Phoenix,England,CB,825000,2000,53,29,50,57,66,76,Senior,Average
J. Böðvarsson,67,67,30,Bolton Wanderers,Iceland,ST,1000000,5000,69,64,60,65,37,70,Senior,Average
S. Marreh,67,70,26,KAA Gent,Gambia,"CDM,CM",1200000,7000,44,32,55,60,66,71,Adult,Average
A. Arslan,67,67,28,SG Dynamo Dresden,Germany,"CM,CDM,CAM",1000000,7000,67,63,66,70,59,60,Adult,Average
J. Houwen,67,71,26,Vitesse,Netherlands,GK,1100000,5000,67,67,67,69,42,64,Adult,Average
E. Mena,67,71,24,América de Cali,Colombia,"RM,RW",1500000,1000,76,53,61,66,36,54,Adult,Average
M. Insaurralde,67,74,23,Gimnasia y Esgrima La Plata,Argentina,"CM,CDM,RB",2000000,5000,73,53,65,68,56,66,Adult,Average
N. Molina,67,67,29,Barcelona Sporting Club,Ecuador,"CDM,CM",875000,500,66,51,56,62,66,68,Adult,Average
D. Łukasik,67,67,31,Radomiak Radom,Poland,"CDM,CM",725000,2000,51,51,66,64,64,69,Senior,Average
I. Swers,67,70,25,KV Mechelen,Belgium,"RB,RM,LB",1200000,5000,88,52,62,68,58,65,Adult,Average
T. Edun,67,74,24,Blackburn Rovers,England,"LWB,LB",1900000,11000,75,45,59,66,62,69,Adult,Average
E. Hackman,67,68,27,Gil Vicente FC,Togo,RB,1100000,4000,74,46,51,65,65,72,Adult,Average
T. Plavotic,67,70,25,SV Ried,Croatia,CB,1200000,4000,40,29,45,42,66,81,Adult,Average
F. Iacob,67,68,28,AFC UTA Arad,Romania,GK,800000,2000,65,63,67,71,49,62,Adult,Average
Diego Rosa,67,79,19,FC Vizela,Brazil,"CM,CDM",2400000,18000,69,49,67,66,59,66,Young,Average
J. Murphy,67,67,27,Oxford United,England,"LW,ST",1100000,5000,84,65,60,69,28,50,Adult,Average
A. Considine,67,67,35,St. Johnstone FC,Scotland,CB,275000,2000,35,31,55,61,67,75,Senior,Average
C. Metcalfe,67,76,22,FC St. Pauli,Australia,"CM,CDM",2300000,6000,64,59,65,67,59,79,Young,Average
B. Riveros,67,74,24,Brøndby IF,Paraguay,LB,1900000,4000,77,36,56,71,59,67,Adult,Average
D. Islamović,67,67,28,Gangwon FC,Montenegro,ST,1000000,3000,54,70,57,62,30,75,Adult,Average
E. Brignola,67,75,22,Cosenza,Italy,"CAM,RM",2300000,2000,72,63,63,71,21,54,Young,Average
K. Silva,67,67,28,Deportivo La Guaira FC,Venezuela,"RB,RM,CB",925000,500,63,49,58,49,66,69,Adult,Average
T. Vargas,67,78,22,Nîmes Olympique,France,RWB,2200000,2000,72,35,56,63,63,62,Young,Average
Lee Yong Jae,67,67,31,Incheon United FC,Korea Republic,"ST,LW",850000,2000,83,65,60,67,30,69,Senior,Average
M. Vargas,67,72,26,Cienciano,Chile,GK,1200000,500,63,70,65,65,49,67,Adult,Average
F. Fielding,67,67,34,Stoke City,England,GK,170000,7000,65,66,60,70,41,65,Senior,Average
Germán Parreño,67,69,29,UD Ibiza,Spain,GK,850000,2000,64,67,63,68,36,65,Adult,Average
H. Weydandt,67,67,26,Hannover 96,Germany,ST,1100000,10000,77,63,45,57,33,80,Adult,Average
I. Mohammad,67,67,32,Free agent,Qatar,"RWB,RW",0,0,83,61,62,67,58,61,Senior,Average
Cleiton Silva,67,67,35,SC East Bengal FC,Brazil,"ST,LM,RM",425000,850,76,68,62,67,22,65,Senior,Average
J. Edwards,67,67,31,Plymouth Argyle,England,RWB,750000,5000,68,58,62,65,62,75,Senior,Average
A. D'Errico,67,67,30,Bari,Italy,"CM,CAM",975000,2000,63,43,67,69,59,54,Senior,Average
F. Soyalp,67,68,27,Gazişehir Gaziantep F.K.,Turkey,"CM,CAM",1200000,6000,70,61,69,70,52,64,Adult,Average
A. O'Neill,67,72,23,Melbourne City FC,Australia,"CDM,CM",1400000,4000,76,58,62,66,62,70,Adult,Average
J. Masson,67,72,24,Valenciennes FC,France,"CDM,CM",1400000,2000,61,43,58,60,63,80,Adult,Average
A. Rus,67,72,26,Pisa,Romania,"CB,CDM",1300000,2000,72,47,54,59,65,73,Adult,Average
M. Hansen,67,67,32,Odense Boldklub,Denmark,GK,500000,4000,65,64,64,67,50,66,Senior,Average
Ș. Baiaram,67,79,19,Universitatea Craiova,Romania,"LM,RM,CAM",2400000,3000,84,57,61,66,29,58,Young,Average
S. Nordli,67,75,22,Aalesunds FK,Norway,"LM,CF",2300000,2000,69,62,66,67,49,64,Young,Average
E. Ersoy,67,70,25,Gazişehir Gaziantep F.K.,Turkey,CB,1200000,6000,51,29,45,50,66,77,Adult,Average
Genaro,67,74,24,Málaga CF,Spain,"CDM,CM,CB",1900000,3000,60,49,64,63,65,60,Adult,Average
M. Zeitz,67,67,31,1. FC Saarbrücken,Germany,"CDM,CB,CM",725000,3000,54,54,57,59,66,76,Senior,Average
R. Becker,67,71,25,SG Dynamo Dresden,Germany,"RB,CB",1300000,3000,74,43,50,60,64,72,Adult,Average
Borja Herrera,67,67,29,Hyderabad FC,Spain,"LB,CB,LM",900000,750,71,54,62,66,63,63,Adult,Average
J. Lelieveld,67,71,24,RKC Waalwijk,Netherlands,RWB,1400000,2000,69,44,63,62,62,65,Adult,Average
C. Rodríguez,67,67,27,CD Antofagasta,Chile,RB,975000,3000,73,41,61,66,63,70,Adult,Average
J. Newell,67,67,29,Hibernian,England,"CM,CDM",1000000,3000,54,56,69,67,63,73,Adult,Average
D. Gallagher,67,67,31,St. Mirren,Scotland,CB,700000,3000,59,32,49,49,66,80,Senior,Average
L. Albertengo,67,67,31,Defensa y Justicia,Argentina,ST,850000,6000,66,67,63,66,27,69,Senior,Average
Léo Bonatini,67,67,28,Wolverhampton Wanderers,Brazil,"ST,CAM",1000000,25000,59,66,64,67,33,67,Adult,Average
R. Gagno,67,73,24,Modena,Italy,GK,1300000,950,66,67,59,70,41,69,Adult,Average
L. Canotto,67,67,28,Urbs Reggina 1914,Italy,"RW,ST",1000000,2000,71,62,63,70,41,55,Adult,Average
L. Duarte,67,70,25,FC Groningen,Netherlands,"CM,CDM",1300000,3000,65,61,68,68,62,69,Adult,Average
K. Ehlers,67,78,21,SG Dynamo Dresden,Germany,CB,2100000,2000,63,29,51,53,68,68,Young,Average
Y. Nadrani,67,71,25,Aalborg BK,France,CB,1300000,5000,81,32,52,56,68,69,Adult,Average
M. Szwoch,67,67,29,Wisła Płock,Poland,"CAM,CM",1000000,3000,69,64,68,68,54,65,Adult,Average
I. Zlobin,67,72,25,Futebol Clube de Famalicão,Russia,GK,1200000,2000,66,65,61,67,29,66,Adult,Average
Paulo Bernardo,67,83,20,SL Benfica,Portugal,CM,2700000,3000,72,63,64,72,53,66,Young,Average
L. Leahy,67,67,29,Shrewsbury Town,England,"CM,LWB,CB",1000000,4000,71,63,66,68,59,77,Adult,Average
J. Bolívar,67,84,20,Deportivo La Guaira FC,Venezuela,ST,2700000,500,61,71,56,65,28,62,Young,Average
E. Mulder,67,67,33,Go Ahead Eagles,Netherlands,GK,325000,3000,67,64,71,70,33,64,Senior,Average
A. Crețu,67,67,30,Universitatea Craiova,Romania,"CDM,CB",850000,5000,59,51,56,57,68,74,Senior,Average
E. Shuranov,67,77,20,1. FC Nürnberg,Germany,ST,2300000,4000,58,69,44,63,28,71,Young,Average
G. Osho,67,74,23,Luton Town,England,"CB,CDM,RB",1900000,9000,70,29,51,58,67,71,Adult,Average
M. Gümüşkaya,67,77,21,KVC Westerlo,Turkey,"LM,CM,RM",2300000,3000,74,62,67,69,53,57,Young,Average
Ricardo Batista,67,67,35,Casa Pia,Portugal,GK,110000,1000,70,62,68,73,38,66,Senior,Average
F. Álvarez,67,67,29,Club Atlético Talleres,Argentina,"CAM,RM,LM",1000000,6000,67,65,65,67,34,74,Adult,Average
C. Gutiérrez,67,70,25,Vancouver Whitecaps FC,Canada,"LB,LM,LWB",1200000,3000,76,43,63,64,63,69,Adult,Average
N. Al Dawsari,67,75,23,Al Hilal,Saudi Arabia,"LB,CM,CDM",2200000,10000,74,59,69,68,60,60,Adult,Average
C. Almeida,67,67,32,Club Nacional de Football,Uruguay,"LB,CB",700000,500,56,42,58,60,69,58,Senior,Average
C. Herc,67,76,23,Grasshopper Club Zürich,Slovakia,"CM,CAM,LW",2300000,4000,70,65,66,69,52,72,Adult,Average
A. Slimane,67,73,21,Brøndby IF,Tunisia,"CAM,CM",1600000,4000,66,59,62,69,58,75,Young,Average
N. Angulo,67,80,19,RSC Anderlecht,Ecuador,"CAM,RM,ST",2400000,4000,81,59,60,68,34,53,Young,Average
L. Engel,67,73,23,Silkeborg IF,Denmark,"LB,LM",1500000,3000,80,56,61,66,59,69,Adult,Average
A. Bonnet,67,67,35,US Quevilly Rouen Métropole,France,"LM,CAM,CM",425000,2000,70,65,67,70,47,58,Senior,Average
D. De Silva,67,69,25,Macarthur FC,Australia,"LW,CAM,CM",1300000,2000,79,59,65,72,48,58,Adult,Average
G. Durbant,67,67,30,Stade Lavallois Mayenne FC,France,ST,1000000,3000,60,66,49,66,18,64,Senior,Average
L. Caicedo,67,67,30,LDU Quito,Ecuador,CB,825000,500,50,28,47,41,66,77,Senior,Average
L. Crepulja,67,67,28,Rapid București,Croatia,"CDM,CM",900000,4000,60,57,62,60,67,69,Adult,Average
Flávio,67,69,28,FC Paços de Ferreira,Brazil,CB,1000000,4000,48,29,40,44,65,73,Adult,Average
T. Domgjoni,67,74,23,Vitesse,Kosovo,"CM,CDM,CAM",2000000,5000,69,57,65,68,64,70,Adult,Average
W. Boyle,67,69,26,Huddersfield Town,England,CB,1100000,7000,46,29,44,49,66,78,Adult,Average
M. Kryeziu,67,69,25,FC Zürich,Kosovo,CB,1100000,6000,38,36,48,51,65,80,Adult,Average
Charles,67,70,26,FC Midtjylland,Brazil,"CM,CDM",1300000,9000,77,58,63,67,63,70,Adult,Average
F. Piasecki,67,68,27,Raków Częstochowa,Poland,ST,1200000,5000,76,68,58,64,35,77,Adult,Average
D. Rots,67,75,20,FC Twente,Netherlands,"RW,ST",2200000,4000,81,61,60,69,34,59,Young,Average
M. Muntari,67,67,28,Free agent,Qatar,ST,0,0,63,67,48,60,27,69,Adult,Average
N. Bellomo,67,67,31,Bari,Italy,"CM,CAM,LM",825000,2000,66,61,67,69,55,66,Senior,Average
S. Hutchinson,67,67,32,Reading,England,CB,650000,7000,49,51,60,60,66,72,Senior,Average
O. Haddadi,67,67,30,SpVgg Greuther Fürth,Tunisia,"CB,LB",825000,4000,72,41,60,62,66,74,Senior,Average
Y. Ackah,67,71,23,Yukatel Kayserispor,Ghana,"CDM,CM",1300000,5000,68,45,55,68,66,60,Adult,Average
W. Tandazo,67,76,22,FBC Melgar,Peru,"CM,CDM",2300000,500,63,60,63,67,66,59,Young,Average
C. Arrua,67,72,24,Club Nacional,Paraguay,"CAM,CM,RM",1500000,500,70,68,63,69,62,62,Adult,Average
J. Forster-Caskey,67,67,28,Charlton Athletic,England,CM,1000000,5000,64,62,66,69,63,67,Adult,Average
C. Magallán,67,71,24,Hermanos Colmenarez,Venezuela,"LM,LW",1500000,500,83,64,63,65,50,60,Adult,Average
S. Thern,67,67,29,IFK Göteborg,Sweden,CM,1000000,2000,75,64,66,70,58,68,Adult,Average
A. McGeady,67,67,36,Hibernian,Republic of Ireland,LM,325000,2000,64,68,68,71,44,56,Senior,Average
L. Hinterseer,67,67,31,F.C. Hansa Rostock,Austria,ST,850000,6000,41,67,62,65,40,76,Senior,Average
M. Schultz,67,67,29,Eintracht Braunschweig,Germany,CB,850000,5000,53,26,46,51,66,74,Adult,Average
A. Appindangoye,67,67,30,Demir Grup Sivasspor,Gabon,CB,825000,6000,52,45,55,52,69,75,Senior,Average
Ž. Gavrić,67,77,21,Ferencvárosi TC,Serbia,"CAM,LM,RM",2300000,500,75,63,66,69,52,58,Young,Average
H. Stengel,67,68,26,Strømsgodset IF,Norway,CM,1200000,2000,60,61,67,67,62,76,Adult,Average
S. Szmodics,67,68,26,Blackburn Rovers,Republic of Ireland,"CAM,ST,LW",1200000,14000,80,65,62,70,48,64,Adult,Average
J. Marulanda,67,68,26,Club Deportes Tolima,Colombia,RB,1100000,1000,74,35,54,59,62,64,Adult,Average
K. Hoever,67,79,20,PSV,Netherlands,RB,2300000,15000,72,38,61,64,64,63,Young,Average
J. Villagra,67,77,21,Unión Española,Chile,CB,2100000,1000,66,24,43,46,67,71,Young,Average
S. Colombi,67,67,31,Urbs Reggina 1914,Italy,GK,550000,950,68,65,53,69,41,67,Senior,Average
J. Cumming,67,76,22,Milton Keynes Dons,England,GK,2000000,17000,67,66,66,68,39,66,Young,Average
Clésio,67,67,27,Clube Sport Marítimo,Mozambique,"RW,LW,RB",1100000,4000,77,56,62,71,57,62,Adult,Average
D. Furman,67,67,29,Wisła Płock,Poland,"CM,CDM",1000000,3000,66,64,68,66,64,72,Adult,Average
J. Shea,67,67,31,Luton Town,England,GK,550000,9000,67,65,60,67,27,67,Senior,Average
J. Sánchez,67,67,33,FBC Melgar,Peru,"CAM,LM",625000,500,81,67,63,67,32,62,Senior,Average
V. Gvilia,67,67,28,Raków Częstochowa,Georgia,CM,1000000,5000,64,64,68,67,54,72,Adult,Average
P. Sokołowski,67,68,27,Legia Warszawa,Poland,"CDM,CM",1000000,4000,61,49,61,66,64,71,Adult,Average
G. Margreitter,67,67,33,Grasshopper Club Zürich,Austria,CB,475000,5000,40,24,46,42,67,69,Senior,Average
Ruan,67,68,27,Orlando City Soccer Club,Brazil,RB,1100000,3000,93,31,60,68,57,67,Adult,Average
B. Hansen,67,69,28,Molde FK,Denmark,CB,1000000,3000,62,28,44,47,66,74,Adult,Average
L. Zuta,67,67,29,Vålerenga Fotball,North Macedonia,LB,900000,2000,76,49,63,64,63,70,Adult,Average
Franquesa,67,71,25,Levante Unión Deportiva,Spain,"LB,LM,LWB",1300000,4000,75,52,59,66,61,63,Adult,Average
E. Aiwu,67,77,21,US Cremonese,Austria,"CB,CDM",2100000,3000,70,42,54,56,65,75,Young,Average
T. Schröck,67,67,29,FC Ingolstadt 04,Germany,"CB,CDM",850000,3000,64,63,58,59,65,77,Adult,Average
J. Ceka,67,72,22,1. FC Magdeburg,Germany,"RW,CAM",1600000,5000,78,64,59,74,28,48,Young,Average
P. Wiśniewski,67,74,23,Venezia FC,Poland,CB,1900000,2000,84,25,45,51,66,78,Adult,Average
M. Murillo,67,67,28,Royal Pari,Colombia,ST,1000000,500,71,68,58,64,35,75,Adult,Average
S. Schimmer,67,67,28,1. FC Heidenheim 1846,Germany,ST,1000000,9000,66,68,45,62,29,73,Adult,Average
R. Assalé,67,67,28,Dijon FCO,Côte d'Ivoire,"ST,RM",1000000,3000,84,68,64,72,29,53,Adult,Average
Y. Gboho,67,76,21,KSV Cercle Brugge,France,"CAM,CF",2300000,4000,76,61,63,74,35,55,Young,Average
P. Barrios,67,67,32,Godoy Cruz,Argentina,"CB,RB",650000,4000,64,44,56,55,67,72,Senior,Average
E. Dilaver,67,67,31,Dinamo Zagreb,Austria,"CB,RB",700000,500,67,52,59,60,65,73,Senior,Average
J. Donacien,67,68,28,Ipswich Town,Saint Lucia,"CB,RB",975000,5000,82,36,51,60,66,76,Adult,Average
M. Ritter,67,67,27,1. FC Kaiserslautern,Germany,"CM,CDM,CAM",1100000,5000,77,67,66,75,58,67,Adult,Average
D. Miculescu,67,76,21,FCSB (Steaua),Romania,"RW,LW,CAM",2300000,5000,71,62,60,69,35,65,Young,Average
S. Eduok,67,67,28,Hajduk Split,Nigeria,"RW,LW",1000000,500,80,66,62,68,30,67,Adult,Average
P. Yade,67,74,22,ESTAC Troyes,Senegal,"ST,LW,LWB",2100000,3000,82,68,59,68,40,66,Young,Average
Alex Millán,67,74,22,Futebol Clube de Famalicão,Spain,ST,2100000,10000,69,69,53,64,35,59,Young,Average
Salva Ferrer,67,73,24,Spezia,Spain,"RWB,RM,RB",1500000,5000,69,34,57,60,65,71,Adult,Average
D. Drăguș,67,73,22,Standard de Liège,Romania,"ST,LM",1700000,6000,80,65,53,69,19,71,Young,Average
A. Opoku,67,75,23,1. FC Kaiserslautern,Germany,"LW,RW",2300000,5000,87,55,66,71,39,61,Adult,Average
P. Ngawa,67,67,30,Oud-Heverlee Leuven,Belgium,"CB,RB",825000,5000,74,41,50,62,67,71,Senior,Average
Simón Moreno,67,72,24,CD Mirandés,Spain,"ST,RM",1600000,3000,74,68,54,65,28,57,Adult,Average
Ș. Târnovanu,67,77,22,FCSB (Steaua),Romania,GK,2000000,4000,65,67,65,66,41,68,Young,Average
M. Harris,67,72,23,Cardiff City,Wales,"ST,LW",1600000,11000,83,63,60,69,40,68,Adult,Average
J. Grahl,66,66,33,Eintracht Frankfurt,Germany,GK,275000,6000,70,60,58,70,44,63,Senior,Average
Aimar Oroz,66,79,20,CA Osasuna,Spain,"CAM,ST",2100000,6000,67,64,68,65,52,55,Young,Average
J. Cruz,66,74,22,Club Atlético Banfield,Argentina,ST,1900000,5000,64,68,47,60,28,64,Young,Average
N. Morgantini,66,66,27,Platense,Argentina,RB,825000,5000,77,50,61,66,61,66,Adult,Average
J. Cáceres,66,74,22,Racing Club,Argentina,"RB,RWB,CB",1800000,4000,79,45,57,63,60,66,Young,Average
Cadete,66,66,28,Melbourne Victory,Spain,"LB,CB",775000,3000,69,38,63,62,62,68,Adult,Average
Kim Dong Hyun,66,71,25,Gangwon FC,Korea Republic,"CDM,CM",1100000,2000,66,49,60,65,57,77,Adult,Average
E. Adams,66,68,26,Cardiff City,Gambia,"CM,CAM",1100000,10000,72,59,61,67,65,82,Adult,Average
R. Herrera,66,66,33,Club Atlético River Plate,Uruguay,"CB,RB,LB",400000,500,40,38,49,51,68,65,Senior,Average
M. Johansson,66,72,23,VfL Bochum 1848,Sweden,GK,1100000,3000,67,64,71,70,41,63,Adult,Average
B. Reynolds,66,75,21,KVC Westerlo,United States,"RB,LB,RM",1800000,10000,70,47,59,60,62,64,Young,Average
J. Doyle-Hayes,66,70,23,Hibernian,Republic of Ireland,"CM,CDM",1200000,2000,71,58,65,66,63,66,Adult,Average
L. Nieto,66,66,31,Sport Boys,Argentina,CAM,700000,500,72,63,62,69,31,58,Senior,Average
P. Steinhart,66,66,29,TSV 1860 München,Germany,"LB,LM,CB",750000,1000,73,55,65,61,59,72,Adult,Average
M. Martínez,66,74,23,Club Cerro Porteño,Paraguay,GK,1600000,500,68,66,64,65,23,65,Adult,Average
R. Cabral,66,77,21,Club Atlético Huracán,Argentina,"LM,RM",1900000,3000,75,58,59,72,29,49,Young,Average
G. Henriksson,66,71,24,IF Elfsborg,Sweden,CB,1200000,1000,64,39,56,50,65,68,Adult,Average
D. Polanco,66,74,23,La Equidad,Colombia,CB,1800000,550,55,26,46,42,67,67,Adult,Average
T. Eaves,66,66,30,Rotherham United,England,ST,850000,6000,53,66,47,60,37,80,Senior,Average
Paulo Henrique,66,68,25,Santa Clara,Portugal,LB,975000,2000,72,49,57,60,62,69,Adult,Average
G. Benavídez,66,68,26,Club Atlético Talleres,Argentina,"RB,RWB",975000,4000,65,36,55,59,64,59,Adult,Average
S. D'Almeida,66,69,26,Pau FC,Benin,"CM,CDM",1100000,2000,78,55,60,67,63,85,Adult,Average
V. Vevatne,66,68,27,Viking FK,Norway,"CB,LB",900000,2000,66,57,55,61,65,76,Adult,Average
J. Meza,66,66,36,Estudiantes de Mérida,Venezuela,"CAM,CM,RM",275000,500,78,66,62,68,55,48,Senior,Average
Martí Riverola,66,66,31,FC Andorra,Spain,"CAM,CM",700000,3000,71,59,63,66,33,56,Senior,Average
M. Martins,66,67,27,FK Austria Wien,Luxembourg,"RB,LB,LWB",900000,6000,78,50,58,58,60,72,Adult,Average
D. Anderson,66,66,27,Oxford United,Suriname,"RB,RM",825000,4000,78,38,58,68,60,66,Adult,Average
Á. Gracia,66,66,33,CS Emelec,Ecuador,"LB,LM",450000,500,69,51,63,55,61,76,Senior,Average
F. Quinteros,66,75,23,Club Atlético Sarmiento,Argentina,LB,1800000,4000,69,42,54,63,63,57,Adult,Average
Estevãtinho,66,66,30,Fluminense,Brazil,CAM,825000,7000,44,57,73,65,27,57,Senior,Average
R. El Yaakoubi,66,70,26,Excelsior,Netherlands,CB,1100000,2000,67,55,56,54,65,71,Adult,Average
R. Toledo,66,66,32,Guaireña FC,Paraguay,CM,675000,500,59,63,62,65,60,61,Senior,Average
Thiago Andrade,66,75,21,New York City FC,Brazil,"LM,RM",1900000,2000,84,64,55,70,44,58,Young,Average
E. Utkus,66,73,22,KSV Cercle Brugge,Lithuania,"CB,CDM",1600000,4000,59,35,56,55,67,71,Young,Average
S. Lex,66,66,32,TSV 1860 München,Germany,"ST,LM,RM",700000,1000,81,64,59,69,29,64,Senior,Average
M. Ríos,66,66,29,Club Deportivo Oriente Petrolero,Bolivia,"RM,CM",850000,500,73,61,65,68,60,59,Adult,Average
N. Harriel,66,75,21,Philadelphia Union,United States,RB,1800000,2000,78,32,51,55,64,73,Young,Average
G. Paquiez,66,66,28,Grenoble Foot 38,France,"RB,LB,CB",775000,2000,69,45,59,61,63,71,Adult,Average
N. Zalazar,66,70,25,Defensa y Justicia,Argentina,CB,1100000,4000,67,36,37,45,66,73,Adult,Average
J. Díaz,66,73,24,Barracas Central,Argentina,"LB,CB",1600000,3000,73,41,48,51,68,64,Adult,Average
S. McLoughlin,66,70,25,Hull City,Republic of Ireland,CB,1100000,5000,52,31,50,55,66,72,Adult,Average
D. Linsmayer,66,66,30,FC Ingolstadt 04,Germany,"CDM,CM",725000,3000,48,50,61,63,63,73,Senior,Average
E. Farías,66,66,34,Deportivo Táchira FC,Venezuela,ST,425000,500,61,66,52,60,27,77,Senior,Average
R. Brown,66,68,26,Forest Green Rovers,England,"CM,CDM",1100000,4000,80,62,65,69,59,66,Adult,Average
Liu Yang,66,67,27,Shandong Taishan,China PR,"LB,LM",900000,6000,80,53,57,65,62,68,Adult,Average
A. Jacobsen,66,66,32,AC Horsens,Denmark,ST,700000,4000,69,66,51,65,29,63,Senior,Average
T. Torun,66,66,32,Kasimpaşa SK,Turkey,"RM,CAM,LM",675000,5000,67,62,66,70,43,55,Senior,Average
A. Greab,66,66,30,Campionii FC Arges,Romania,GK,575000,2000,62,66,56,71,33,63,Senior,Average
Diogo Queirós,66,72,23,Futebol Clube de Famalicão,Portugal,"CB,RB",1200000,2000,52,36,42,50,66,70,Adult,Average
A. Gryszkiewicz,66,73,22,SC Paderborn 07,Poland,CB,1600000,5000,70,33,56,60,65,77,Young,Average
F. Al Muwallad,66,66,27,Al Shabab,Saudi Arabia,"LM,RM",900000,10000,88,63,60,65,44,64,Adult,Average
F. Antonucci,66,74,23,FC Volendam,Belgium,"CAM,CM",1900000,3000,72,60,65,71,31,56,Adult,Average
J. McGrath,66,71,25,Dundee United,Republic of Ireland,"CM,RW,CAM",1200000,4000,75,63,63,70,57,64,Adult,Average
V. Johansson,66,73,23,Rotherham United,Sweden,GK,1500000,3000,68,65,65,67,32,67,Adult,Average
T. Akindele,66,66,30,Orlando City Soccer Club,Canada,ST,850000,3000,81,63,52,65,33,71,Senior,Average
Yun Il Lok,66,66,30,Ulsan Hyundai FC,Korea Republic,"LM,ST",825000,4000,76,59,61,67,46,64,Senior,Average
G. Madine,66,66,31,Blackpool,England,ST,725000,5000,47,67,53,61,32,79,Senior,Average
K. Mensah,66,66,31,Brøndby IF,Denmark,"LB,RB",625000,4000,77,58,59,68,58,72,Senior,Average
R. Stearman,66,66,34,Derby County,England,CB,275000,2000,33,34,46,44,67,63,Senior,Average
A. Al Zain,66,66,30,Damac FC,Saudi Arabia,"LW,RW",825000,7000,82,60,59,69,42,62,Senior,Average
L. Daschner,66,73,23,FC St. Pauli,Germany,"CAM,CF,RM",1700000,5000,72,61,62,68,48,63,Adult,Average
V. Costache,66,71,23,Rapid București,Romania,"LM,RM,ST",1300000,3000,82,61,61,64,28,65,Adult,Average
A. Al Hassan,66,71,25,Al Nassr,Saudi Arabia,"CDM,CM",1100000,9000,67,51,60,64,61,71,Adult,Average
F. Bastians,66,66,34,Rot-Weiß Essen,Germany,"LB,CB",325000,2000,58,55,60,56,68,71,Senior,Average
F. Alidou,66,77,20,Eintracht Frankfurt,Germany,LM,1900000,6000,84,59,58,69,28,57,Young,Average
L. Salvesen,66,69,26,FK Bodø/Glimt,Norway,ST,1100000,2000,68,65,52,60,38,77,Adult,Average
E. Ruud,66,66,38,Odds BK,Norway,RB,190000,1000,53,64,70,65,63,71,Senior,Average
L. Delap,66,84,19,Stoke City,England,ST,2200000,17000,71,66,49,62,24,69,Young,Average
K. Lee,66,66,34,Bolton Wanderers,England,"CM,CAM,CDM",400000,4000,50,59,66,66,63,64,Senior,Average
R. Edwards,66,66,26,LA Galaxy,Canada,"LB,LM",850000,2000,77,54,61,71,61,71,Adult,Average
R. Pantalon,66,72,24,Rio Ave FC,Croatia,CB,1200000,2000,53,32,37,38,66,76,Adult,Average
Arnau Comas,66,74,22,FC Basel 1893,Spain,CB,1800000,5000,61,35,54,54,66,61,Young,Average
N. Skyttä,66,78,20,Viking FK,Finland,CAM,2100000,4000,65,53,64,70,43,47,Young,Average
L. Hurtado,66,66,28,Club Deportivo Guabirá,Bolivia,"LM,CM",850000,500,65,64,67,64,62,61,Adult,Average
N. Nkounkou,66,78,21,Cardiff City,France,"LB,LWB",2000000,7000,81,41,59,64,59,69,Young,Average
S. Sebulonsen,66,72,22,Brøndby IF,Norway,RB,1300000,4000,77,59,58,64,59,74,Young,Average
H. Sy,66,69,26,Amiens SC,France,"LWB,LB",1000000,2000,75,38,52,62,59,72,Adult,Average
L. Mpasi,66,68,27,Rodez Aveyron Football,Congo DR,GK,775000,1000,68,62,62,67,45,63,Adult,Average
F. Friday,66,67,27,Strømsgodset IF,Nigeria,ST,1000000,2000,76,65,50,66,27,73,Adult,Average
F. Campos,66,66,28,CD Everton de Viña del Mar,Chile,RB,775000,1000,72,44,60,61,61,74,Adult,Average
M. Merghem,66,69,24,En Avant de Guingamp,France,"RM,RW,CF",1200000,2000,73,63,64,69,48,67,Adult,Average
M. Yıldırım,66,66,31,Demir Grup Sivasspor,Turkey,GK,450000,4000,68,66,60,66,26,66,Senior,Average
E. Zubas,66,66,31,FC Arouca,Lithuania,GK,450000,2000,65,60,58,72,37,62,Senior,Average
F. Peña,66,74,21,River Plate,Argentina,"CB,CDM",1800000,3000,69,45,61,61,66,68,Young,Average
P. Dorn,66,67,25,FC Luzern,Germany,"RM,RB,CM",1000000,5000,81,61,60,64,60,64,Adult,Average
R. Jenssen,66,66,34,Tromsø IL,Norway,"CM,CDM",400000,2000,63,59,66,65,61,75,Senior,Average
A. Jukic,66,73,21,FK Austria Wien,Austria,"LM,RM,CAM",1700000,5000,71,66,65,67,44,61,Young,Average
V. Boniface,66,74,21,Royale Union Saint-Gilloise,Nigeria,ST,1900000,4000,74,64,50,66,26,74,Young,Average
A. Saidi,66,71,22,Hammarby IF,Sweden,"LW,ST,CF",1300000,2000,71,60,62,68,41,62,Young,Average
T. Allende,66,72,23,Godoy Cruz,Argentina,"LM,RM",1400000,3000,65,60,60,62,28,65,Adult,Average
S. Medina,66,75,22,Patronato,Argentina,"LM,CAM,RM",1900000,4000,75,64,60,66,49,57,Young,Average
H. Zuck,66,66,31,1. FC Kaiserslautern,Germany,"LB,LM",625000,4000,74,51,64,68,58,58,Senior,Average
M. Spiranovic,66,66,34,Melbourne Victory,Australia,CB,275000,3000,52,24,51,37,68,70,Senior,Average
C. Tengstedt,66,76,22,Rosenborg BK,Denmark,"ST,LM",1900000,2000,83,64,57,66,31,62,Young,Average
D. Rivillo,66,71,25,Caracas Fútbol Club,Venezuela,RB,1200000,500,80,49,56,61,63,54,Adult,Average
O. Dabbagh,66,73,23,FC Arouca,Palestine,ST,1700000,2000,72,64,58,65,32,62,Adult,Average
Lee Yong,66,66,35,Suwon FC,Korea Republic,"RB,CB",275000,2000,68,52,63,62,63,69,Senior,Average
E. García,66,66,32,Montevideo Wanderers,Uruguay,CB,550000,500,53,41,38,48,67,73,Senior,Average
B. Turgott,66,66,28,BK Häcken,Jamaica,"ST,LW",875000,3000,80,66,57,69,25,68,Adult,Average
R. Ramallo,66,66,31,Club Always Ready,Bolivia,"LM,LW,ST",700000,500,74,68,58,66,40,69,Senior,Average
R. Lundström,66,66,32,GIF Sundsvall,Sweden,"RWB,RB",600000,1000,85,53,60,62,59,68,Senior,Average
É. Michut,66,84,19,Sunderland,France,CM,2200000,10000,62,53,65,71,57,51,Young,Average
M. Bonne,66,68,26,Queens Park Rangers,Zimbabwe,ST,1100000,11000,72,64,51,64,35,72,Adult,Average
J. Vickers,66,69,26,Rotherham United,England,GK,850000,4000,66,65,64,66,42,64,Adult,Average
M. Grødem,66,73,23,Molde FK,Norway,"CAM,RM",1700000,2000,70,61,63,66,42,65,Adult,Average
S. Pinas,66,73,24,Hammarby IF,Suriname,"CB,LB",1600000,2000,75,53,56,63,65,71,Adult,Average
N. Cadden,66,69,25,Barnsley,Scotland,LWB,1000000,4000,87,60,62,66,54,69,Adult,Average
G. Risso Patrón,66,66,26,Atlético Tucumán,Argentina,LB,850000,4000,76,37,57,64,60,66,Adult,Average
O. Skarsem,66,70,23,Rosenborg BK,Norway,CM,1200000,2000,79,55,62,71,55,64,Adult,Average
P. Lagemyr,66,69,25,IK Sirius,Sweden,"CAM,LW",1100000,2000,79,57,64,71,32,43,Adult,Average
F. Ștefan,66,69,26,Rapid București,Romania,"LB,LM",1000000,3000,77,58,63,62,62,69,Adult,Average
C. McHugh,66,66,29,ATK Mohun Bagan FC,Republic of Ireland,"CDM,CB,CM",725000,1000,53,47,59,63,64,80,Adult,Average
S. Haugen,66,71,24,Aarhus GF,Norway,ST,1300000,5000,79,64,50,65,32,76,Adult,Average
K. Matošević,66,72,25,Cosenza,Croatia,GK,1100000,750,67,61,65,67,34,68,Adult,Average
M. Cangá,66,66,33,9 de Octubre,Ecuador,"RB,RM",450000,500,70,50,61,64,64,61,Senior,Average
L. Schleimer,66,70,22,1. FC Nürnberg,Germany,"CAM,CF,LM",1200000,4000,68,56,61,70,40,45,Young,Average
A. Ferati,66,69,24,Fortuna Sittard,Germany,CAM,1200000,4000,73,56,68,71,43,59,Adult,Average
K. da Graca,66,71,24,IK Sirius,Sweden,CB,1200000,1000,57,30,45,49,65,73,Adult,Average
D. Epassy,66,68,29,Abha Club,Cameroon,GK,700000,3000,66,63,60,69,42,64,Adult,Average
A. Halliday,66,66,30,Heart of Midlothian,Scotland,"LWB,CM",725000,2000,67,60,61,64,62,72,Senior,Average
D. Kolinger,66,68,28,CFR Cluj,Croatia,CB,850000,5000,52,34,43,44,63,80,Adult,Average
Ricard Pujol,66,71,24,SD Ponferradina,Spain,LB,1200000,2000,74,43,53,59,64,64,Adult,Average
J. Rodríguez,66,71,23,CS Emelec,Ecuador,"LB,LM",1200000,500,78,53,57,66,62,56,Adult,Average
Óscar Pinchi,66,67,26,CD Mirandés,Spain,"RM,ST,LM",1000000,3000,76,61,60,69,42,55,Adult,Average
B. Kopacz,66,66,30,Zagłębie Lubin,Poland,"RB,CB",725000,3000,65,37,52,51,65,76,Senior,Average
J. Zacaría,66,66,32,Club Atlético Aldosivi,Argentina,"LW,LM,CM",675000,4000,70,64,66,69,51,56,Senior,Average
L. Palmer,66,66,30,Sheffield Wednesday,Scotland,"CB,RWB",700000,4000,76,58,63,63,64,77,Senior,Average
Raúl García,66,79,21,CD Mirandés,Spain,ST,2100000,6000,62,70,50,61,24,55,Young,Average
N. Lozano,66,68,28,CD Lugo,Colombia,CB,850000,3000,55,42,48,53,64,73,Adult,Average
B. Goncalves,66,70,25,Stade Lavallois Mayenne FC,France,CB,1100000,2000,69,37,47,41,66,75,Adult,Average
J. Chávez,66,66,36,Sport Boys,Peru,"CAM,ST,RW",275000,500,68,62,67,66,56,67,Senior,Average
I. Filipović,66,70,27,Paris FC,Croatia,GK,900000,2000,67,64,62,68,25,66,Adult,Average
Y. Arismendi,66,71,24,Club Atlético Sarmiento,Argentina,"LM,RM",1300000,3000,77,62,59,66,35,59,Adult,Average
M. Čabraja,66,69,25,Hibernian,Croatia,"LB,LWB",1000000,2000,75,47,62,65,60,71,Adult,Average
Miguel Rubio,66,75,24,Granada CF,Spain,CB,1800000,3000,41,29,39,42,64,68,Adult,Average
C. Torrejón,66,66,29,Sport Boys,United States,"CDM,CB",725000,500,59,50,63,62,65,70,Adult,Average
L. Lund,66,73,22,Viborg FF,Denmark,GK,1500000,2000,67,66,63,66,35,65,Young,Average
H. Burrows,66,76,20,Peterborough United,England,LWB,1800000,3000,76,53,61,67,60,50,Young,Average
Diego Caballo,66,66,28,Sydney FC,Spain,"LB,LM",775000,3000,74,59,60,63,61,64,Adult,Average
A. Akinola,66,75,22,Toronto FC,Canada,ST,1900000,2000,82,66,48,60,20,71,Young,Average
M. Solini,66,66,29,Como,Italy,CB,725000,1000,53,36,42,48,67,70,Adult,Average
M. Al Shanqeeti,66,75,23,Al Ittihad,Saudi Arabia,"RB,LB",1800000,8000,75,37,55,63,61,63,Adult,Average
C. Ortiz,66,66,35,Metropolitanos de Caracas FC,Venezuela,ST,375000,500,66,72,44,57,19,61,Senior,Average
M. Pink,66,66,31,SK Austria Klagenfurt,Austria,ST,725000,4000,50,67,54,59,27,76,Senior,Average
J. Maggiotti,66,67,26,Stade Lavallois Mayenne FC,France,"CM,CAM",1000000,5000,64,65,67,66,53,65,Adult,Average
A. Gallo,66,74,22,Lecce,Italy,LB,1800000,4000,80,49,61,66,59,60,Young,Average
C. Castro Devenish,66,79,21,Atlético Nacional,Colombia,CB,2000000,1000,44,36,45,47,67,66,Young,Average
E. Makgopa,66,77,22,Orlando Pirates,South Africa,"ST,CF",1900000,500,67,67,50,61,31,64,Young,Average
A. Søderlund,66,66,34,FK Haugesund,Norway,ST,425000,2000,53,67,56,62,39,75,Senior,Average
C. Zady Sery,66,75,22,Stade Malherbe Caen,Côte d'Ivoire,"LM,RM,CAM",1900000,2000,88,55,60,69,21,55,Young,Average
S. Sandberg,66,66,28,Hammarby IF,Sweden,RB,775000,2000,70,43,59,60,62,72,Adult,Average
A. Lima,66,66,31,Cerro Largo Fútbol Club,Uruguay,"RM,CAM,ST",700000,500,74,53,64,64,35,68,Senior,Average
N. Contin,66,69,26,Gimnasia y Esgrima La Plata,Argentina,ST,1100000,6000,67,64,51,64,31,72,Adult,Average
L. Maciel,66,69,26,Club Atlético Aldosivi,Argentina,"CM,CDM",1100000,4000,67,53,62,66,61,78,Adult,Average
S. Smith,66,69,24,Cambridge United,England,"ST,RM",1200000,3000,74,65,55,63,29,71,Adult,Average
T. Schreiber,66,78,20,Holstein Kiel,Germany,GK,1800000,6000,67,63,65,70,29,66,Young,Average
Kevin,66,76,21,Gil Vicente FC,Spain,"LM,RM",1900000,2000,74,56,61,70,33,46,Young,Average
Y. Reyna,66,66,28,Charlotte FC,Peru,"ST,LW,RW",875000,3000,84,66,59,69,34,63,Adult,Average
N. Hagglund,66,66,29,FC Cincinnati,United States,"CB,RB",725000,2000,48,29,55,51,64,70,Adult,Average
P. Medina,66,71,23,AFC Hermannstadt,Mexico,"RB,CB",1200000,2000,75,37,58,64,61,63,Adult,Average
A. Munksgaard,66,73,24,Aarhus GF,Denmark,"RWB,RB",1600000,4000,79,43,57,65,61,71,Adult,Average
B. Hanlan,66,71,25,Wycombe Wanderers,England,ST,1300000,3000,85,64,52,67,35,75,Adult,Average
J. Sforza,66,81,20,Newell's Old Boys,Argentina,"CM,CDM",2100000,3000,71,58,63,66,60,64,Young,Average
M. John,66,77,20,SpVgg Greuther Fürth,Germany,LB,1800000,6000,62,53,64,72,60,52,Young,Average
R. Živković,66,67,25,FC Emmen,Netherlands,ST,1000000,3000,81,65,55,67,18,64,Adult,Average
Ratón,66,67,29,Real Zaragoza,Spain,GK,650000,3000,66,64,63,67,49,62,Adult,Average
F. Herbers,66,66,28,Chicago Fire Football Club,Germany,"CAM,RM,CM",850000,3000,65,64,65,66,49,68,Adult,Average
S. Gori,66,68,26,Perugia,Italy,GK,800000,17000,71,64,63,71,46,61,Adult,Average
D. Ubbink,66,66,29,AFC UTA Arad,Netherlands,"RM,LM,CAM",850000,3000,68,61,66,65,42,60,Adult,Average
J. Patiño,66,66,32,Club Cerro Porteño,Paraguay,CB,550000,500,60,24,48,47,66,69,Senior,Average
J. Chalá,66,66,27,CS Emelec,Ecuador,"RM,RW,LM",900000,500,80,60,62,68,33,63,Adult,Average
H. Dotson,66,71,24,Minnesota United FC,United States,"CDM,LM,CAM",1200000,2000,65,61,58,64,65,67,Adult,Average
I. Touré,66,72,24,Pisa,Germany,"CM,CDM",1300000,1000,67,51,62,69,61,75,Adult,Average
J. Jones,66,71,24,Oxford United,Malta,"RW,CAM",1300000,4000,78,61,61,70,34,44,Adult,Average
E. Guevara,66,66,32,CS Emelec,Ecuador,"CB,LB",550000,500,65,50,54,61,67,68,Senior,Average
S. Ben Seghir,66,78,19,Olympique de Marseille,France,"RW,RM",2000000,7000,66,68,59,69,29,33,Young,Average
M. Miranda,66,76,22,Gimnasia y Esgrima La Plata,Argentina,"CAM,RM,CM",1900000,5000,69,59,65,68,56,53,Young,Average
S. Farhan,66,71,25,Al Raed,Saudi Arabia,"CDM,CM",1100000,5000,65,42,52,58,62,80,Adult,Average
E. Tellechea,66,66,35,Montevideo Wanderers,Uruguay,"CM,CDM,RM",350000,500,64,62,65,63,64,68,Senior,Average
Danilo Veiga,66,80,19,Gil Vicente FC,Portugal,"RB,CDM,CM",1900000,2000,66,56,59,60,67,68,Young,Average
T. Sana,66,66,32,BK Häcken,Sweden,"LW,ST,CAM",675000,3000,73,63,62,70,32,58,Senior,Average
A. Bejarano,66,66,38,Independiente Petrolero,Bolivia,"CM,CDM",275000,500,66,54,67,64,63,50,Senior,Average
F. Ojo,66,66,30,Port Vale,Belgium,"CDM,CM,RB",725000,3000,67,60,65,69,61,69,Senior,Average
K. Cabral,66,74,22,LA Galaxy,France,"LM,ST,LW",1900000,2000,85,59,58,66,41,57,Young,Average
P. Sontheimer,66,73,23,Viktoria Köln,Germany,"CM,CDM",1700000,2000,64,51,63,70,59,63,Adult,Average
C. Makoun,66,76,22,New England Revolution,Venezuela,CB,1800000,2000,64,43,60,58,65,74,Young,Average
C. Omoigui,66,67,27,Racing Santander,Nigeria,"ST,LM",1000000,3000,86,65,50,65,24,67,Adult,Average
J. Caceres,66,66,29,Hermanos Colmenarez,Venezuela,"RB,CB",750000,500,70,31,58,57,63,68,Adult,Average
I. Vukotić,66,73,23,Boavista FC,Montenegro,"CM,CDM",1700000,3000,62,58,66,66,64,71,Adult,Average
C. Abi,66,72,22,AS Saint-Étienne,France,ST,1400000,3000,76,60,57,66,28,65,Young,Average
S. Ngapandouetnbu,66,75,19,Olympique de Marseille,France,GK,1600000,3000,70,66,63,72,23,64,Young,Average
L. Musonda,66,66,27,AC Horsens,Zambia,"RM,RWB,LWB",900000,4000,86,60,55,69,57,62,Adult,Average
A. Klynge,66,74,21,Silkeborg IF,Denmark,CM,1900000,3000,68,55,63,68,61,69,Young,Average
F. Lo Celso,66,78,22,Rosario Central,Argentina,"LM,CM,CAM",2100000,5000,70,56,69,66,60,55,Young,Average
J. Oosterwolde,66,79,21,Parma,Netherlands,"LB,LM,LWB",2000000,1000,90,37,56,60,59,71,Young,Average
I. Latovlevici,66,66,36,Campionii FC Arges,Romania,"LB,LM",190000,2000,64,63,66,65,66,64,Senior,Average
César,66,66,30,Boavista FC,Brazil,GK,575000,3000,65,64,63,68,40,69,Senior,Average
K. Pierie,66,72,21,Ajax,Netherlands,CB,1200000,3000,59,45,66,65,67,64,Young,Average
L. Dvali,66,67,27,APOEL Nicosia FC,Georgia,CB,850000,500,54,32,42,40,67,77,Adult,Average
J. Gammelby,66,66,27,Brøndby IF,Denmark,"RB,LM,RM",825000,4000,74,56,58,62,62,75,Adult,Average
Kim Jin Gyu,66,71,25,Jeonbuk Hyundai Motors,Korea Republic,"CM,CAM",1200000,3000,77,60,64,69,35,65,Adult,Average
J. Lewis,66,69,25,Colorado Rapids,United States,"LM,LW,ST",1100000,2000,77,65,59,72,29,58,Adult,Average
L. Mai,66,74,22,FC Lugano,Germany,CB,1800000,3000,54,32,47,48,65,74,Young,Average
Y. Ramadani,66,71,26,Aberdeen,Albania,"CDM,CM",1100000,3000,64,58,60,62,63,72,Adult,Average
S. Torres,66,66,32,Club The Strongest,Bolivia,"RB,RWB",600000,500,68,29,55,52,62,69,Senior,Average
L. Delaurier-Chaubet,66,83,20,FC Girondins de Bordeaux,France,"LW,RW",2200000,2000,70,59,70,68,29,39,Young,Average
Lucas Medeirão,66,66,26,América Futebol Clube,Brazil,"CAM,RM,CM",925000,5000,57,66,60,68,34,56,Adult,Average
T. Bakinson,66,73,23,Sheffield Wednesday,England,"CM,CDM",1700000,4000,60,58,60,65,66,74,Adult,Average
M. Langer,66,66,37,FC Schalke 04,Austria,GK,90000,3000,64,65,60,66,31,67,Senior,Average
N. Celic,66,72,23,LASK Linz,Austria,CDM,1200000,5000,60,47,63,60,65,72,Adult,Average
R. Bacchia,66,71,23,Club Atlético Independiente,Uruguay,GK,1000000,3000,66,63,58,65,31,67,Adult,Average
L. Morales,66,73,22,Cerro Largo Fútbol Club,Uruguay,"RB,RWB,RM",1600000,500,77,53,60,64,62,68,Young,Average
G. Hernández,66,72,24,San Lorenzo de Almagro,Argentina,CB,1200000,3000,64,36,49,55,68,63,Adult,Average
V. Thill,66,75,22,AIK,Luxembourg,"RM,CAM",1900000,2000,74,53,65,69,29,50,Young,Average
João Queirós,66,73,24,GD Chaves,Portugal,CB,1600000,2000,34,34,49,44,66,75,Adult,Average
Chen Binbin,66,71,24,Shanghai Port FC,China PR,"LM,LW",1300000,5000,84,59,61,65,40,68,Adult,Average
M. Toye,66,71,23,Club de Foot Montréal,United States,ST,1300000,2000,73,69,44,62,30,66,Adult,Average
D. Oyarzún,66,66,29,CD Everton de Viña del Mar,Chile,"CB,LB",725000,1000,54,46,52,49,66,78,Adult,Average
D. Lewington,66,66,38,Milton Keynes Dons,England,CB,150000,2000,32,38,65,59,66,76,Senior,Average
M. Poletanović,66,66,28,Zagłębie Lubin,Serbia,"CM,CDM",850000,4000,57,63,65,65,64,72,Adult,Average
D. Fofana,66,83,19,Molde FK,Côte d'Ivoire,ST,2200000,1000,90,62,52,69,22,72,Young,Average
G. Hauche,66,66,29,General Caballero (JLM),Argentina,"CM,CAM",825000,500,73,67,61,69,55,59,Adult,Average
W. Caddy,66,71,25,Paris FC,France,ST,1300000,3000,81,64,49,66,28,65,Adult,Average
T. Parker,66,66,29,Houston Dynamo,United States,CB,725000,2000,69,31,44,54,63,76,Adult,Average
É. Youan,66,74,23,Hibernian,France,"ST,LM",1900000,4000,78,65,54,68,31,61,Adult,Average
L. Schuler,66,72,23,1. FC Magdeburg,Germany,ST,1400000,4000,85,65,45,61,33,67,Adult,Average
T. Asta-Buruaga,66,73,25,Universidad Católica,Chile,"CB,RB",1600000,3000,61,42,48,52,68,70,Adult,Average
R. Saracho,66,68,28,Barracas Central,Argentina,GK,725000,3000,70,68,59,67,23,68,Adult,Average
M. Tagliamonte,66,73,24,Racing Club,Argentina,GK,1500000,3000,63,61,62,67,40,68,Adult,Average
P. Jaroszyński,66,67,27,Cracovia,Poland,"LWB,LM,CB",900000,7000,59,45,59,62,64,67,Adult,Average
S. Kaikai,66,66,26,Wycombe Wanderers,Sierra Leone,"LW,CAM,RWB",925000,4000,80,62,62,68,48,48,Adult,Average
V. Taborda,66,76,21,Platense,Argentina,"LM,CAM,LW",1900000,4000,70,65,63,65,50,63,Young,Average
E. Garnås,66,68,27,Lillestrøm SK,Norway,CB,900000,2000,39,32,46,45,65,79,Adult,Average
L. Kruspzky,66,66,30,Patronato,Argentina,LB,725000,4000,75,32,49,59,64,63,Senior,Average
E. Jordanov,66,66,29,KVC Westerlo,Bulgaria,"RB,RM,LB",750000,4000,72,53,61,70,61,57,Adult,Average
M. Chrapek,66,66,30,Piast Gliwice,Poland,"CM,CAM,CDM",825000,3000,55,60,65,69,63,65,Senior,Average
A. Zreľák,66,66,28,Warta Poznań,Slovakia,ST,875000,2000,63,65,48,62,29,76,Adult,Average
J. Kramer,66,69,25,N.E.C. Nijmegen,Netherlands,CB,1000000,3000,51,36,41,52,66,69,Adult,Average
R. Dimitrov,66,66,33,Sepsi OSK Sf. Gheorghe,Bulgaria,RB,450000,4000,70,44,61,61,63,70,Senior,Average
B. Roux,66,73,22,En Avant de Guingamp,France,"CB,CDM",1600000,2000,59,39,55,57,66,68,Young,Average
Warleson,66,70,25,KSV Cercle Brugge,Brazil,GK,925000,3000,68,62,62,71,27,63,Adult,Average
H. Mendyl,66,71,24,Oud-Heverlee Leuven,Morocco,"LB,LWB",1200000,4000,85,43,57,65,61,65,Adult,Average
M. Steinmann,66,66,27,Brisbane Roar,Germany,"CM,CDM",900000,2000,48,56,62,64,64,75,Adult,Average
E. Pereyra,66,74,23,Godoy Cruz,Argentina,"LB,LWB",1800000,3000,72,32,54,64,63,58,Adult,Average
E. Huth,66,68,25,FC Erzgebirge Aue,Germany,ST,1100000,2000,78,65,54,63,41,74,Adult,Average
K. Dempsey,66,67,26,Bolton Wanderers,England,"CM,CAM",1000000,4000,69,60,64,65,60,72,Adult,Average
C. McGeehan,66,67,27,KV Oostende,Northern Ireland,"CM,CDM,CAM",975000,4000,65,63,63,66,61,71,Adult,Average
Mateus Fernandes,66,85,17,Sporting CP,Portugal,"CM,CAM",2100000,500,75,56,66,73,51,62,Young,Average
N. Thomas,66,77,19,FC Paços de Ferreira,Netherlands,"LW,RW",1800000,2000,83,60,59,70,27,51,Young,Average
Zhang Chi,66,66,34,Shandong Taishan,China PR,"RB,RM",325000,6000,68,54,60,59,64,70,Senior,Average
N. Diliberto,66,76,20,Valenciennes FC,France,"CM,CDM",1900000,2000,68,47,66,70,52,53,Young,Average
S. Román,66,69,27,La Equidad,Colombia,GK,850000,550,67,60,57,72,43,68,Adult,Average
L. Pavez,66,67,26,Unión Española,Chile,"LB,LM",925000,2000,81,50,58,65,59,69,Adult,Average
F. La Mantía,66,70,26,Deportivo La Guaira FC,Venezuela,"CB,CDM",1100000,500,65,52,57,47,67,70,Adult,Average
Javi Pérez,66,69,26,Burgos CF,Spain,"CDM,CM,CAM",1000000,2000,45,62,59,61,64,68,Adult,Average
D. Čanađija,66,66,28,Aalesunds FK,Croatia,"CDM,CM",750000,1000,63,55,60,66,62,72,Adult,Average
A. Madibo,66,70,25,Free agent,Qatar,"CDM,CM",0,0,82,38,53,61,65,74,Adult,Average
A. Manneh,66,70,24,Odense Boldklub,Gambia,"CM,CDM",1200000,4000,68,61,67,70,58,59,Adult,Average
A. Leguizamón,66,66,30,CS Emelec,Argentina,CB,700000,500,59,33,52,51,66,72,Senior,Average
J. Hammar,66,68,28,BK Häcken,Sweden,CB,850000,2000,34,38,46,42,66,71,Adult,Average
M. Gollner,66,66,31,TSV Egger Glas Hartberg,Austria,"CB,LB",575000,3000,51,23,42,54,67,75,Senior,Average
L. Del Pino Mago,66,67,27,Club Atlético Banfield,Venezuela,"CB,LB",850000,4000,71,41,56,53,66,69,Adult,Average
D. Kother,66,73,22,SV Waldhof Mannheim 07,Germany,LM,1700000,4000,81,62,54,71,21,49,Young,Average
T. Doumbia,66,66,32,Western United FC,Mali,"CDM,CM",575000,1000,63,58,62,63,64,81,Senior,Average
M. Jakoliš,66,69,25,Angers SCO,Croatia,"ST,LM",1100000,7000,68,64,62,66,49,58,Adult,Average
J. Pretell,66,71,23,Club Sporting Cristal,Peru,"CDM,CM",1200000,500,68,50,64,65,63,64,Adult,Average
Juanpe,66,69,26,CD Lugo,Spain,"CM,CDM",1100000,3000,71,64,67,66,59,72,Adult,Average
J. Walton,66,71,24,Barnsley,England,GK,1000000,3000,66,63,63,65,34,67,Adult,Average
A. Andersson,66,69,25,Randers FC,Sweden,"LB,RB",1000000,2000,75,45,60,65,60,67,Adult,Average
M. Enrique,66,77,22,Cerro Largo Fútbol Club,Argentina,CDM,1800000,500,74,54,62,61,62,73,Young,Average
Filipe Nascimento,66,67,27,Radomiak Radom,Portugal,"CM,CDM",975000,2000,76,59,68,69,53,60,Adult,Average
Luca Sangalli,66,66,27,FC Cartagena,Spain,"CM,CAM",900000,3000,71,57,66,70,58,61,Adult,Average
J. Epazo,66,66,38,Club Deportivo Jorge Wilstermann,Bolivia,GK,90000,500,67,65,66,64,36,65,Senior,Average
O. Berber,66,66,30,İstanbulspor,Turkey,"RB,RWB,LB",725000,4000,72,38,52,61,63,67,Senior,Average
M. Cestor,66,66,30,Campionii FC Arges,Congo DR,CB,700000,2000,77,25,46,50,64,76,Senior,Average
M. Malaeka,66,66,36,Al Fateh,Saudi Arabia,GK,90000,4000,65,64,66,67,47,65,Senior,Average
N. Weißhaupt,66,77,20,Sport-Club Freiburg,Germany,"LM,CF",1900000,6000,72,57,62,68,32,46,Young,Average
R. Tagir,66,79,19,KVC Westerlo,Turkey,CB,1900000,5000,67,33,53,61,67,63,Young,Average
Ramón Enríquez,66,76,21,Málaga CF,Spain,"CM,CDM",1900000,2000,69,62,67,65,57,63,Young,Average
C. Evans,66,66,33,Preston North End,Wales,ST,550000,11000,51,67,57,62,40,78,Senior,Average
J. Marcinkowski,66,70,25,San Jose Earthquakes,United States,GK,925000,2000,67,63,69,68,22,66,Adult,Average
R. Williams,66,69,25,Hull City,England,"RM,LW,RWB",1100000,5000,87,59,61,66,55,64,Adult,Average
R. Curtis,66,66,26,Portsmouth,Republic of Ireland,"LM,ST",925000,4000,83,64,59,66,48,76,Adult,Average
A. Aseri,66,66,28,Al Nassr,Saudi Arabia,"RM,CAM",850000,11000,78,61,60,74,28,45,Adult,Average
Wenderson,66,70,23,IFK Värnamo,Brazil,"LM,CM",1200000,1000,83,54,61,70,35,63,Adult,Average
L. Vilsvik,66,66,33,Strømsgodset IF,Norway,RB,450000,2000,67,59,63,65,62,70,Senior,Average
B. Țîru,66,67,28,Jagiellonia Białystok,Romania,CB,800000,3000,51,34,44,48,65,79,Adult,Average
M. Gillesphey,66,68,26,Plymouth Argyle,England,CB,925000,4000,52,36,52,54,64,79,Adult,Average
S. Romero,66,66,32,Liverpool Fútbol Club,Uruguay,"CM,RM,CDM",675000,500,71,64,64,61,65,72,Senior,Average
E. Boateng,66,66,28,New England Revolution,Ghana,"LM,RM",850000,3000,90,61,60,67,41,63,Adult,Average
António Silva,66,86,18,SL Benfica,Portugal,CB,2200000,1000,76,31,49,56,65,70,Young,Average
R. Giampaoli,66,73,22,Rosenborg BK,Argentina,CB,1600000,4000,64,33,50,58,64,71,Young,Average
G. François,66,66,32,Royale Union Saint-Gilloise,Belgium,"RWB,RM,RB",600000,5000,65,57,62,67,64,65,Senior,Average
V. Demaku,66,73,22,SK Sturm Graz,Austria,"CDM,CM",1600000,5000,57,52,60,65,63,67,Young,Average
Ž. Majer,66,66,29,Urbs Reggina 1914,Slovenia,CM,825000,1000,60,58,68,69,51,64,Adult,Average
S. van Wermeskerken,66,66,28,SC Cambuur,Japan,"RB,LB",775000,3000,74,38,63,67,60,64,Adult,Average
T. Galván,66,76,22,Defensa y Justicia,Argentina,"CAM,CM",1900000,4000,76,61,63,71,35,46,Young,Average
C. Varela,66,76,22,Deportivo Táchira FC,Venezuela,GK,1700000,500,64,68,61,68,33,65,Young,Average
Andre Shinyashiki,66,69,25,Charlotte FC,Brazil,"LM,ST,CAM",1100000,2000,77,62,56,70,39,62,Adult,Average
R. Kurzawa,66,66,29,Pogoń Szczecin,Poland,LM,850000,3000,52,65,69,67,61,58,Adult,Average
R. Buess,66,66,29,FC Winterthur,Switzerland,ST,850000,3000,76,67,63,63,42,72,Adult,Average
V. Viola,66,66,30,Barracas Central,Argentina,"ST,LM,RM",850000,4000,68,65,63,68,34,65,Senior,Average
K. Rolón,66,74,21,Montevideo Wanderers,Uruguay,"LB,LM,LWB",1800000,500,67,46,50,63,62,49,Young,Average
G. Slonina,66,81,18,Chicago Fire Football Club,United States,GK,1700000,2000,69,62,62,65,41,65,Young,Average
D. Potts,66,66,28,Luton Town,England,"CB,LB,LWB",725000,10000,67,38,58,63,66,68,Adult,Average
W. Bruin,66,66,32,Seattle Sounders FC,United States,ST,700000,3000,52,65,56,61,36,75,Senior,Average
A. Díaz,66,76,22,Arsenal de Sarandí,Argentina,ST,1900000,4000,73,63,50,68,32,68,Young,Average
Álex Petxa,66,71,25,FC Andorra,Spain,RB,1200000,6000,70,49,64,60,61,65,Adult,Average
Z. Valentin,66,66,30,Houston Dynamo,Puerto Rico,RB,725000,2000,67,45,60,63,64,69,Senior,Average
A. Richardson,66,77,20,Le Havre AC,France,"CDM,CM",1800000,5000,58,51,61,66,61,71,Young,Average
D. Méndez,66,66,31,Royal Pari,Bolivia,GK,450000,500,64,66,64,66,30,67,Senior,Average
Gu Cao,66,66,36,Henan Songshan Longmen FC,China PR,CB,150000,2000,70,40,46,58,66,75,Senior,Average
M. Cheukoua,66,69,25,Austria Lustenau,Cameroon,"RW,LW,RM",1100000,3000,76,68,58,67,30,62,Adult,Average
M. Smith,66,77,22,Milton Keynes Dons,Wales,CM,1900000,3000,71,56,66,68,60,69,Young,Average
W. Cevallos,66,66,32,C.D. Universidad Católica del Ecuador,Ecuador,"CM,CDM",675000,500,69,66,63,66,60,65,Senior,Average
S. Prieto,66,66,29,Club Atlético Tigre,Argentina,LB,750000,4000,68,42,52,58,61,67,Adult,Average
D. Dressel,66,72,23,F.C. Hansa Rostock,Germany,"CDM,CM,LWB",1200000,3000,70,64,64,65,60,72,Adult,Average
M. Proietti,66,66,30,Ternana,Italy,"CDM,CM",725000,2000,44,39,60,66,59,67,Senior,Average
S. Fraser,66,67,27,Charlton Athletic,Scotland,CM,975000,4000,69,62,64,67,55,63,Adult,Average
C. Robertson,66,67,28,Portsmouth,Scotland,"CB,LB",800000,4000,57,30,51,57,66,71,Adult,Average
A. Schjelderup,66,83,18,FC Nordsjælland,Norway,"CAM,LW,ST",2200000,1000,75,59,60,71,35,47,Young,Average
T. Ndicka Matam,66,73,22,KV Oostende,France,"LWB,LB,LM",1600000,3000,77,48,58,68,57,66,Young,Average
J. Sarmiento,66,80,20,Brighton & Hove Albion,Ecuador,"RM,LM",2100000,12000,80,62,62,67,29,52,Young,Average
F. Romero,66,77,22,Club Cerro Porteño,Paraguay,ST,1900000,500,65,69,54,62,25,67,Young,Average
J. Williams,66,72,22,Barnsley,England,"RWB,RB,LWB",1300000,3000,74,38,54,64,63,65,Young,Average
D. Sorgić,66,66,32,FC Luzern,Serbia,ST,700000,5000,55,68,61,68,40,67,Senior,Average
A. Albu,66,66,28,Rapid București,Romania,"CDM,CB,CM",750000,4000,62,63,63,60,63,76,Adult,Average
D. Hernández,66,66,31,América de Cali,Colombia,"CAM,RM",700000,1000,66,58,68,70,30,55,Senior,Average
M. Lauritsen,66,66,29,Viborg FF,Denmark,CB,725000,4000,46,42,49,47,67,74,Adult,Average
F. Queiroz,66,70,24,Delfín Sporting Club,Uruguay,CB,1100000,500,57,34,47,46,66,69,Adult,Average
Ruan,66,71,23,U.S. Sassuolo Calcio,Brazil,CB,1200000,7000,63,29,40,50,68,63,Adult,Average
N. Patterson,66,81,20,Everton,Scotland,"RB,RWB",2000000,7000,77,44,57,64,62,69,Young,Average
T. Tessmann,66,80,20,Venezia FC,United States,"CDM,CM",1900000,1000,59,47,64,67,59,72,Young,Average
O. Shevchenko,66,66,30,Shakhtar Donetsk,Ukraine,GK,575000,500,66,65,66,66,25,65,Senior,Average
Rodrigues,66,73,24,San Jose Earthquakes,Brazil,CB,1600000,2000,65,36,42,45,67,67,Adult,Average
A. Jasic,66,78,19,RZ Pellets Wolfsberger AC,Austria,"RB,RWB,LWB",1900000,2000,74,50,58,66,60,68,Young,Average
H. Dean,66,66,30,Birmingham City,England,CB,700000,9000,53,33,44,53,65,73,Senior,Average
D. Hayashi,66,70,25,Sint-Truidense VV,Japan,ST,1200000,5000,69,65,55,65,30,69,Adult,Average
M. van Brederode,66,79,18,AZ Alkmaar,Netherlands,LW,2000000,1000,78,50,59,75,25,51,Young,Average
G. Espinoza,66,66,32,Unión Española,Chile,"CM,CDM",675000,2000,41,61,66,62,59,85,Senior,Average
Ricardo Matos,66,77,22,Portimonense SC,Portugal,ST,1900000,3000,76,65,58,68,28,62,Young,Average
Tang Xin,66,66,31,Chengdu Rongcheng F.C.,China PR,"LB,RB",625000,3000,74,32,48,61,64,68,Senior,Average
D. Udoh,66,68,25,Shrewsbury Town,Nigeria,ST,1100000,4000,82,64,52,66,39,78,Adult,Average
K. Schulz,66,66,32,WSG Tirol,Germany,"LB,LWB,CB",600000,3000,78,56,61,64,62,79,Senior,Average
P. Weihrauch,66,66,28,SG Dynamo Dresden,Germany,"CM,CAM",850000,3000,72,59,64,73,54,61,Adult,Average
J. Stockley,66,66,28,Charlton Athletic,England,ST,875000,5000,55,65,45,59,34,81,Adult,Average
J. Tucker,66,73,22,Milton Keynes Dons,England,CB,1600000,3000,63,29,45,47,65,79,Young,Average
J. Lokilo,66,72,23,Sparta Rotterdam,Congo DR,"RM,LM,ST",1400000,3000,85,58,61,69,27,51,Adult,Average
Diego Alende,66,73,24,FC Andorra,Spain,"CB,RB",1600000,2000,53,26,46,48,66,68,Adult,Average
Matheus Índio,66,73,22,Vitória de Guimarães,Brazil,CDM,1600000,3000,68,41,57,63,63,72,Young,Average
R. Phillips,66,74,21,9 de Octubre,Panama,"LM,LW",1900000,500,76,59,62,67,52,56,Young,Average
M. Rundić,66,66,30,Raków Częstochowa,Serbia,CB,700000,4000,67,37,41,48,64,75,Senior,Average
K. Guessoum,66,75,23,Nîmes Olympique,France,CB,1800000,2000,67,36,52,57,67,62,Adult,Average
E. Moore,66,69,25,Oxford United,England,CB,1000000,3000,33,30,45,44,66,81,Adult,Average
T. Heintz,66,70,23,Sarpsborg 08 FF,Norway,"CAM,LM",1200000,2000,73,58,63,68,37,59,Adult,Average
C. Winchester,66,66,29,Shrewsbury Town,Northern Ireland,RB,750000,5000,73,61,64,66,59,75,Adult,Average
C. McGrandles,66,66,26,Charlton Athletic,Scotland,"CM,CDM",925000,4000,66,57,63,64,61,78,Adult,Average
C. Burgess,66,67,26,Ipswich Town,Australia,CB,875000,4000,46,37,47,47,65,78,Adult,Average
J. Brea,66,75,22,Club Atlético Sarmiento,Argentina,"LM,ST",1900000,3000,77,59,58,69,30,46,Young,Average
L. Weinkauf,66,70,25,Hannover 96,Germany,GK,925000,6000,65,67,53,71,35,69,Adult,Average
N. Hämäläinen,66,68,25,Queens Park Rangers,Finland,"LB,LWB",975000,9000,79,48,58,65,61,60,Adult,Average
D. Kiki,66,66,28,FC Farul Constanța,Benin,LB,775000,4000,72,49,58,62,61,71,Adult,Average
R. Zekhnini,66,72,24,Molde FK,Norway,"RM,LM,ST",1400000,2000,88,56,56,69,31,44,Adult,Average
Aldair Neves,66,76,22,SD Ponferradina,Portugal,"RB,RM",1800000,2000,65,41,54,58,66,55,Young,Average
D. Horgan,66,66,29,Wycombe Wanderers,Republic of Ireland,CAM,850000,3000,82,59,64,69,33,58,Adult,Average
J. Ahlmann,66,66,31,Aalborg BK,Denmark,"LB,LM",625000,4000,63,48,62,64,63,67,Senior,Average
B. Kapacak,66,73,22,Fatih Karagümrük S.K.,Turkey,"RM,LM,RB",1700000,14000,78,57,61,69,50,60,Young,Average
M. Nottingham,66,66,33,Accrington Stanley,Saint Kitts and Nevis,CB,400000,2000,58,35,51,53,66,75,Senior,Average
N. Ueda,66,68,27,Nîmes Olympique,Japan,CB,900000,2000,46,30,50,52,67,70,Adult,Average
Kayky,66,86,19,FC Paços de Ferreira,Brazil,RW,2400000,17000,79,58,57,72,28,45,Young,Average
Campuzano,66,71,25,Real Sporting de Gijón,Spain,"ST,CAM",1300000,3000,78,65,59,67,19,65,Adult,Average
L. Ndenbe,66,73,22,Sporting Kansas City,Belgium,LB,1600000,2000,78,29,58,66,60,68,Young,Average
A. Palmer,66,71,25,West Bromwich Albion,England,GK,1000000,7000,68,66,65,67,30,65,Adult,Average
P. Vlachodimos,66,66,30,SG Dynamo Dresden,Greece,"LM,LW",825000,3000,75,59,61,66,34,60,Senior,Average
K. Eriksen,66,67,26,Molde FK,Norway,"CAM,RM",1000000,2000,69,62,61,66,36,68,Adult,Average
Pablo Gozálbez,66,77,21,Valencia CF,Spain,"CAM,CM",1900000,7000,58,66,64,69,49,49,Young,Average
C. Ribera,66,70,25,Royal Pari,Bolivia,"CM,CDM",1200000,500,63,61,61,69,62,58,Adult,Average
D. van Kaam,66,72,22,SC Cambuur,Netherlands,"CM,CDM",1400000,3000,64,56,65,67,60,60,Young,Average
K. Lulić,66,69,26,Frosinone,Croatia,"CM,CAM",1100000,1000,57,64,67,65,53,68,Adult,Average
K. Kerschbaumer,66,66,30,RZ Pellets Wolfsberger AC,Austria,"CM,CAM,CDM",825000,5000,72,65,63,66,60,76,Senior,Average
A. Verschueren,66,69,25,Sparta Rotterdam,Belgium,"CM,CAM,CDM",1100000,3000,67,56,61,66,65,69,Adult,Average
G. Karlen,66,66,29,FC Sion,Switzerland,ST,850000,8000,68,65,59,64,41,71,Adult,Average
M. Eisa,66,66,27,Milton Keynes Dons,Sudan,ST,925000,4000,86,64,51,66,24,63,Adult,Average
D. Butler,66,66,27,Peterborough United,England,"LWB,LB,CB",825000,4000,73,44,57,62,61,73,Adult,Average
J. Shipley,66,72,24,Shrewsbury Town,Republic of Ireland,"CM,LW,LWB",1300000,3000,61,66,67,66,60,64,Adult,Average
M. Maloča,66,66,33,Lechia Gdańsk,Croatia,CB,400000,3000,61,36,41,43,65,71,Senior,Average
Bruno Ramires,66,66,28,Bengaluru FC,Brazil,"CDM,CM",750000,850,52,49,59,63,61,79,Adult,Average
T. Doyle,66,80,20,Sheffield United,England,"CM,CDM",2100000,20000,65,62,68,66,59,65,Young,Average
J. Kappelhof,66,66,31,Real Salt Lake,Netherlands,"CB,RB",575000,2000,61,38,57,61,66,69,Senior,Average
O. Bic,66,66,28,Universitatea Cluj,Romania,"CDM,CM",750000,2000,69,56,61,66,61,72,Adult,Average
F. Ananou,66,69,24,F.C. Hansa Rostock,Togo,"RB,LB,LWB",1100000,3000,78,38,48,62,64,70,Adult,Average
M. Rodriguez,66,67,26,Houston Dynamo,United States,"CAM,CM,LW",1000000,3000,62,63,67,71,54,59,Adult,Average
R. Castro,66,66,32,Club Deportivo Jorge Wilstermann,Bolivia,"CDM,CM",575000,500,59,52,58,60,69,51,Senior,Average
S. Ben Youssef,66,66,33,US Quevilly Rouen Métropole,Tunisia,CB,400000,2000,45,43,50,49,67,66,Senior,Average
Nélson da Luz,66,72,24,Vitória de Guimarães,Angola,LW,1400000,3000,73,64,59,68,32,58,Adult,Average
N. Amarilla,66,66,34,Club Deportivo Guabirá,Paraguay,CB,275000,500,53,33,49,35,68,74,Senior,Average
Enrique Clemente,66,76,23,Unión Deportiva Las Palmas,Spain,"CB,LB",1800000,2000,71,32,53,52,66,69,Adult,Average
N. Bürgy,66,69,26,Viborg FF,Switzerland,CB,1000000,3000,44,37,43,48,67,69,Adult,Average
E. Taşdemir,66,67,26,Galatasaray SK,Turkey,"LB,LM",925000,15000,77,59,63,69,60,59,Adult,Average
L. Suárez,66,67,27,Club Atlético Talleres,Argentina,"LB,CB",900000,4000,66,29,48,53,67,72,Adult,Average
S. Rapp,66,66,29,Karlsruher SC,Switzerland,ST,850000,5000,63,61,53,59,33,75,Adult,Average
O. Dale,66,72,23,Portsmouth,England,"RM,RW",1400000,4000,84,62,58,67,29,56,Adult,Average
J. Champness,66,69,25,Free agent,New Zealand,"LW,LM",0,0,83,61,56,68,24,58,Adult,Average
Hugo Novoa,66,79,19,RB Leipzig,Spain,"ST,CF",2000000,8000,73,66,47,70,22,45,Young,Average
Matheus Pereira,66,75,21,FC Vizela,Brazil,LB,1800000,1000,76,37,51,66,60,67,Young,Average
H. Keïta,66,77,20,KV Kortrijk,Mali,"CM,CDM",1900000,11000,70,57,63,69,56,59,Young,Average
D. Thomalla,66,66,29,1. FC Heidenheim 1846,Germany,"CF,CAM,ST",850000,8000,69,65,62,65,36,67,Adult,Average
S. Ltaief,66,75,22,FC Basel 1893,Switzerland,"LM,LW,RM",1900000,5000,85,57,58,68,31,57,Young,Average
Lucas Barros,66,73,22,Gil Vicente FC,Brazil,LB,1600000,3000,66,58,64,59,66,60,Young,Average
V. Mendoza,66,69,27,Barcelona Sporting Club,Ecuador,GK,850000,500,66,68,67,67,31,64,Adult,Average
P. McGinn,66,66,31,Motherwell,Scotland,"CB,RB",575000,2000,69,53,58,61,65,73,Senior,Average
B. Vides,66,66,29,Club Atlético Huracán,Argentina,"ST,LW",850000,5000,72,63,57,66,39,70,Adult,Average
D. Van den Buijs,66,69,26,RKC Waalwijk,Belgium,CB,1000000,2000,65,53,61,57,66,67,Adult,Average
P. Szymiński,66,68,28,Frosinone,Poland,CB,850000,1000,68,39,52,60,67,69,Adult,Average
T. Lowery,66,71,24,Portsmouth,England,"CM,CDM",1300000,4000,73,57,64,70,56,50,Adult,Average
R. Espejord,66,68,26,FK Bodø/Glimt,Norway,ST,1100000,2000,68,64,50,60,29,69,Adult,Average
E. Friberg,66,66,36,BK Häcken,Sweden,"CM,CDM",275000,2000,38,57,70,62,58,68,Senior,Average
Y. Mosquera,66,66,37,C.D. Universidad Católica del Ecuador,Colombia,CB,150000,500,55,26,49,52,64,73,Senior,Average
K. Løkberg,66,66,30,Viking FK,Norway,CM,825000,2000,66,62,62,69,62,76,Senior,Average
Ž. Rogelj,66,73,22,WSG Tirol,Slovenia,"RM,RWB",1700000,3000,76,51,61,68,58,66,Young,Average
N. Hansen,66,66,27,Minnesota United FC,Denmark,RM,900000,3000,90,57,60,64,45,63,Adult,Average
V. Vermeij,66,66,27,SC Freiburg II,Netherlands,ST,925000,2000,41,67,55,56,31,74,Adult,Average
K. Kabran,66,66,28,Viking FK,Sweden,"RW,LW",850000,2000,78,64,59,67,45,72,Adult,Average
D. Haruț,66,72,23,FCSB (Steaua),Romania,"RB,CB,CDM",1300000,4000,71,41,59,56,64,71,Adult,Average
Z. Touré,66,66,32,Dijon FCO,Senegal,CB,550000,2000,53,29,47,55,63,75,Senior,Average
Gilson Tavares,66,77,20,Estoril Praia,Cape Verde Islands,"CF,ST",1900000,2000,80,65,56,70,20,50,Young,Average
E. Linthorst,66,73,22,Go Ahead Eagles,Netherlands,"CM,CDM",1700000,3000,67,60,61,66,61,71,Young,Average
E. Roldán,66,75,21,Unión de Santa Fe,Argentina,"CM,RM,CDM",1900000,3000,75,62,64,67,61,62,Young,Average
D. Aceves,66,77,21,Real Oviedo,Mexico,LB,1800000,2000,70,41,54,60,63,60,Young,Average
J. Valdez Chamorro,66,66,28,Patronato,Argentina,"CM,CAM",850000,5000,80,60,62,70,55,65,Adult,Average
Sergio Molina,66,71,26,FC Andorra,Spain,"CDM,CM",1100000,2000,59,44,61,60,65,63,Adult,Average
A. Layouni,66,66,29,Vålerenga Fotball,Tunisia,"RW,LW",850000,2000,79,62,61,66,35,63,Adult,Average
H. Jimenez,66,66,33,Austin FC,United States,"RB,LB",450000,2000,66,60,64,66,64,65,Senior,Average
A. Florenzi,66,76,20,Cosenza,Italy,CM,1900000,800,74,50,62,68,51,62,Young,Average
H. Sylla,66,72,23,GD Chaves,Côte d'Ivoire,RB,1300000,2000,71,37,58,64,62,66,Adult,Average
S. Humphrys,66,70,24,Heart of Midlothian,England,ST,1200000,4000,70,65,54,64,37,77,Adult,Average
J. Vlak,66,71,23,FC Emmen,Netherlands,"CDM,CM",1200000,2000,68,55,58,65,62,72,Adult,Average
C. Wright,66,75,22,Blackpool,England,CM,1900000,4000,67,61,64,67,57,66,Young,Average
H. Tombakti,66,75,23,Al Shabab,Saudi Arabia,CB,1800000,8000,82,25,35,39,65,76,Adult,Average
R. Jönsson,66,66,32,Helsingborgs IF,Sweden,"CAM,ST",675000,1000,69,63,62,66,39,65,Senior,Average
B. Bodin,66,66,30,Oxford United,Wales,"RW,RM",825000,4000,73,64,63,69,47,56,Senior,Average
D. Rrudhani,66,75,23,BSC Young Boys,Kosovo,"LM,RM",1900000,6000,76,64,60,67,27,66,Adult,Average
E. Moubarik,66,76,21,Al Ain FC,Morocco,CDM,1800000,500,70,41,64,63,62,69,Young,Average
E. Villar,66,76,22,Cerro Largo Fútbol Club,Uruguay,"CF,ST",1900000,500,75,69,56,68,30,68,Young,Average
Robson,66,66,29,Club Deportivo Jorge Wilstermann,Brazil,"RB,CB",750000,500,75,38,52,44,64,75,Adult,Average
Go Moo Yol,66,66,31,Gangwon FC,Korea Republic,"ST,LW",725000,3000,71,65,58,66,31,64,Senior,Average
O. Kakabadze,66,67,27,Cracovia,Georgia,"RWB,RM",900000,3000,79,49,62,63,60,71,Adult,Average
L. Bogdan,66,71,26,Ternana,Croatia,CB,1100000,7000,44,32,44,50,67,70,Adult,Average
F. Bednarek,66,66,29,Lech Poznań,Poland,GK,575000,3000,65,63,65,69,44,65,Adult,Average
J. Bagan,66,76,20,Cardiff City,Republic of Ireland,"LB,LWB",1800000,7000,69,38,55,58,63,64,Young,Average
R. Bouhenna,66,66,31,FCSB (Steaua),Algeria,CB,575000,5000,53,44,56,51,64,78,Senior,Average
A. Țigănașu,66,66,32,FC Botoşani,Romania,LB,600000,3000,71,52,59,52,62,70,Senior,Average
D. Jones,66,71,25,Charlotte FC,United States,"CDM,CM",1100000,2000,70,53,59,60,61,81,Adult,Average
S. Guerrero,66,76,21,Platense,Uruguay,"ST,CAM",1900000,4000,75,67,57,66,29,66,Young,Average
J. Grot,66,73,24,Viborg FF,Netherlands,"ST,LW",1700000,4000,77,65,59,61,47,82,Adult,Average
A. Rudko,66,66,30,Lech Poznań,Ukraine,GK,575000,2000,68,62,65,67,35,68,Senior,Average
M. Mangraviti,66,71,24,Brescia,Italy,"CB,LB",1200000,1000,72,51,58,61,65,70,Adult,Average
N. Lemaître,66,72,25,US Quevilly Rouen Métropole,France,GK,1100000,1000,67,62,64,67,33,66,Adult,Average
M. Mijatović,66,66,34,Al Adalah,Montenegro,GK,150000,5000,69,65,63,66,31,67,Senior,Average
G. Wagner,66,79,20,Montevideo Wanderers,Uruguay,"CM,RM",2100000,500,59,62,62,64,63,46,Young,Average
J. Lindsey,66,77,22,Charlotte FC,United States,"RB,RWB",1800000,2000,79,44,57,62,61,71,Young,Average
D. Badji,66,66,29,FC Cincinnati,Senegal,"ST,RM",850000,3000,75,62,49,66,38,75,Adult,Average
Clavería,66,69,26,CD Lugo,Spain,"CM,CDM",1100000,3000,69,59,62,62,65,76,Adult,Average
T. Walker,66,67,25,Coventry City,England,ST,1000000,7000,77,66,57,67,36,63,Adult,Average
Wu Xinghan,66,66,29,Shandong Taishan,China PR,"LM,CAM",850000,7000,80,59,60,65,54,68,Adult,Average
D. Mitov Nilsson,66,66,31,IK Sirius,North Macedonia,GK,450000,1000,67,62,65,68,26,65,Senior,Average
M. Akliouche,66,81,20,AS Monaco,France,CAM,2100000,9000,74,59,64,70,45,55,Young,Average
D. Nedelcu,66,71,25,FC Farul Constanța,Romania,"CDM,CB,CM",1100000,3000,60,58,61,59,64,71,Adult,Average
M. Cavalleri,66,72,24,Unión La Calera,Chile,"RM,RW",1400000,1000,81,61,59,68,32,57,Adult,Average
Yin Hongbo,66,66,32,Meizhou Hakka,China PR,"RM,CM",675000,3000,68,59,66,66,53,66,Senior,Average
D. Gugganig,66,70,25,RZ Pellets Wolfsberger AC,Austria,CB,1100000,5000,51,36,49,48,67,69,Adult,Average
Hu Rentian,66,66,31,Wuhan FC,China PR,"RW,LM,RM",700000,4000,83,59,58,68,44,68,Senior,Average
Nazinho,66,80,18,Sporting CP,Portugal,"LWB,LB",1900000,1000,75,33,53,58,64,58,Young,Average
M. Svoboda,66,74,23,Venezia FC,Austria,"CB,CDM",1800000,1000,57,41,53,58,65,78,Adult,Average
I. Larie,66,66,35,FC Farul Constanța,Romania,CB,230000,2000,40,33,48,46,65,73,Senior,Average
A. Engin,66,67,25,Kasimpaşa SK,Turkey,"RM,LM",1000000,4000,82,58,59,67,45,59,Adult,Average
D. Cavaré,66,67,27,FC Sion,France,RB,900000,7000,69,52,60,62,64,79,Adult,Average
H. Kadish,66,66,29,Al Taawoun,Saudi Arabia,LB,750000,7000,72,41,59,61,62,75,Adult,Average
P. Otele,66,71,23,AFC UTA Arad,Nigeria,"LM,RM",1300000,2000,87,56,58,68,27,66,Adult,Average
F. Jensen,66,66,29,Vålerenga Fotball,Norway,"CDM,CB",725000,2000,51,50,62,61,63,68,Adult,Average
N. De Medina,66,72,24,Eintracht Braunschweig,Belgium,"RB,CB,LB",1300000,4000,71,40,57,62,65,67,Adult,Average
D. Franke,66,74,23,FC Ingolstadt 04,Germany,"LB,CB,LWB",1800000,2000,74,34,55,62,61,68,Adult,Average
O. Edvardsen,66,70,23,Go Ahead Eagles,Norway,"LM,RM,ST",1200000,3000,88,60,56,68,46,75,Adult,Average
R. Lopes,66,66,30,Shamrock Rovers,Cape Verde Islands,CB,700000,1000,50,29,46,51,66,73,Senior,Average
H. Kane,66,74,23,Barnsley,England,"CDM,CM",1800000,3000,68,58,66,66,60,70,Adult,Average
R. Neshcheret,66,80,20,Dynamo Kyiv,Ukraine,GK,1800000,500,66,64,67,67,26,65,Young,Average
A. Musaba,66,76,21,FC Metz,Netherlands,"RM,ST",1900000,9000,87,64,56,68,24,62,Young,Average
M. Palomino,66,66,28,Sport Boys,Peru,"CM,CAM,CDM",850000,500,66,63,66,63,61,67,Adult,Average
M. Mbaye,66,73,24,Cádiz CF,Senegal,CB,1600000,7000,57,29,54,45,67,66,Adult,Average
I. Marconi,66,66,32,Palermo,Italy,CB,550000,2000,51,28,43,48,66,66,Senior,Average
H. Özmert,66,66,37,Antalyaspor,Turkey,"CM,CDM",275000,6000,37,65,71,66,64,60,Senior,Average
Z. Brault-Guillard,66,72,23,Club de Foot Montréal,Canada,"RM,RWB,RB",1400000,2000,90,57,57,64,60,68,Adult,Average
A. Albanese,66,72,22,KV Oostende,Belgium,"LM,RM,CAM",1400000,3000,77,62,63,72,46,58,Young,Average
Dani Jiménez,66,66,32,CD Leganés,Spain,GK,425000,3000,66,64,61,69,50,64,Senior,Average
D. Saffadi,66,69,24,Sport Boys,Peru,ST,1200000,500,67,70,53,61,32,65,Adult,Average
O. Diakhité,66,66,28,SV Sandhausen,Senegal,CB,725000,3000,71,40,45,49,65,77,Adult,Average
Andoni López,66,69,26,CD Tenerife,Spain,"LB,LWB",1000000,3000,74,34,57,58,62,65,Adult,Average
A. Blanco,66,66,34,Sport Boys,Argentina,ST,425000,500,69,64,52,65,45,73,Senior,Average
R. Edwards,66,79,19,Peterborough United,England,CB,1900000,2000,69,30,47,59,66,64,Young,Average
A. Veliz,66,78,18,Rosario Central,Argentina,"ST,CF",2000000,2000,74,66,53,65,20,64,Young,Average
R. Coly,66,68,26,Estoril Praia,Senegal,LB,975000,2000,76,44,56,61,62,72,Adult,Average
R. Schofield,66,73,22,Hibernian,England,GK,1500000,4000,67,62,64,67,30,64,Young,Average
J. Bornstein,66,66,37,Chicago Fire Football Club,United States,"LB,CB,LM",190000,2000,51,54,63,65,68,65,Senior,Average
D. Reasco,66,72,23,Newell's Old Boys,Ecuador,ST,1400000,5000,76,66,54,65,33,74,Adult,Average
A. Yıldırım,66,66,27,SSV Jahn Regensburg,Germany,"RM,CAM",900000,5000,79,63,56,70,23,59,Adult,Average
D. Gissi,66,66,31,Club Atlético Banfield,Switzerland,CB,575000,4000,34,46,58,55,64,78,Senior,Average
A. Katránis,66,71,24,Piast Gliwice,Greece,"LWB,LM",1200000,3000,72,47,59,66,62,67,Adult,Average
Vasco Fernandes,66,66,35,Casa Pia,Portugal,"CB,LB",230000,1000,59,40,56,64,65,68,Senior,Average
K. Luckassen,66,66,28,Rapid București,Netherlands,ST,875000,4000,72,66,44,61,30,76,Adult,Average
L. Evans,66,66,27,Ipswich Town,Wales,"CM,CDM",900000,5000,49,61,66,64,62,76,Adult,Average
A. Nalić,66,72,24,Malmö FF,Bosnia and Herzegovina,"CAM,RW,ST",1400000,2000,79,65,58,69,43,71,Adult,Average
J. Boller,66,73,22,LASK Linz,Germany,CB,1600000,6000,58,46,54,53,64,72,Young,Average
C. Wickham,66,66,29,Forest Green Rovers,England,ST,850000,4000,39,67,61,61,30,67,Adult,Average
Álex Martín,66,75,24,CD Mirandés,Spain,"CB,RB",1800000,2000,45,42,51,46,66,64,Adult,Average
D. Hanslik,66,68,25,1. FC Kaiserslautern,Germany,"ST,LM,RM",1100000,4000,74,64,59,65,25,73,Adult,Average
Ezkieta,66,71,25,Racing Santander,Spain,GK,1000000,2000,65,64,65,66,44,67,Adult,Average
S. Quiroga,66,66,28,Club Atlético Sarmiento,Argentina,"CAM,CM",850000,4000,76,55,65,71,61,58,Adult,Average
Kim Tae Hwan,66,77,22,Suwon Samsung Bluewings,Korea Republic,"RWB,RW",1800000,2000,73,44,55,60,61,73,Young,Average
B. Okoh,66,81,19,FC Red Bull Salzburg,Switzerland,CB,1900000,4000,79,31,53,61,62,72,Young,Average
G. Benítez,66,66,28,Deportivo Táchira FC,Venezuela,"LB,CB",775000,500,69,46,56,60,64,61,Adult,Average
R. Vodišek,66,74,23,Genoa,Slovenia,GK,1600000,1000,68,62,61,69,47,63,Adult,Average
N. Alioui,66,73,23,Le Havre AC,France,"LM,LW,ST",1700000,2000,70,64,62,71,28,57,Adult,Average
D. Michalski,66,70,24,SpVgg Greuther Fürth,Poland,CB,1100000,3000,72,56,55,60,64,79,Adult,Average
X. Kouassi,66,66,32,Pau FC,Côte d'Ivoire,CB,550000,2000,60,51,61,64,65,75,Senior,Average
C. Gustafsson,66,77,22,Kalmar FF,Sweden,CM,1900000,1000,60,48,61,65,56,69,Young,Average
R. Solís,66,73,24,Club Sporting Cristal,Peru,GK,1500000,500,66,69,60,65,40,64,Adult,Average
N. Lomb,66,66,28,Bayer 04 Leverkusen,Germany,GK,600000,10000,68,58,64,70,38,63,Adult,Average
T. Carranza,66,66,30,Sport Boys,Peru,"CM,CDM",825000,500,67,61,61,64,52,61,Senior,Average
A. Diop,66,66,30,Kristiansund BK,Senegal,"CDM,CM",725000,1000,65,61,63,66,60,73,Senior,Average
Zito Luvumbo,66,76,20,Cagliari,Angola,"RM,ST",1900000,1000,80,60,59,70,33,39,Young,Average
B. Folami,66,73,23,Melbourne Victory,Australia,LM,1700000,3000,79,59,57,70,26,64,Adult,Average
A. Walke,66,66,39,FC Red Bull Salzburg,Germany,GK,90000,3000,62,67,69,63,32,72,Senior,Average
M. Silveira,66,76,22,Montevideo Wanderers,Uruguay,GK,1700000,500,57,63,66,65,49,66,Young,Average
L. Pintor,66,75,21,AS Saint-Étienne,France,"RW,LM",1900000,2000,77,65,56,69,27,52,Young,Average
B. Halloran,66,66,30,Adelaide United,Australia,"RM,RW",825000,2000,82,60,60,66,38,63,Senior,Average
S. Pettinari,66,66,30,Ternana,Italy,ST,850000,2000,76,64,55,69,27,72,Senior,Average
A. Uludağ,66,66,31,GZT Giresunspor,Turkey,LB,625000,4000,71,61,61,66,63,67,Senior,Average
M. Paluli,66,66,27,Demir Grup Sivasspor,Turkey,"RB,RWB,RM",825000,5000,71,43,55,66,64,66,Adult,Average
M. Azarkan,66,76,20,Excelsior,Netherlands,"RM,LM",1900000,2000,83,57,54,74,23,53,Young,Average
P. Gartler,66,70,25,SK Rapid Wien,Austria,GK,925000,6000,67,66,65,66,32,66,Adult,Average
M. Jacobs,66,66,30,Portsmouth,England,LM,825000,4000,67,63,66,68,48,58,Senior,Average
J. Navas,66,66,28,Arsenal de Sarandí,Argentina,"RB,RM",775000,3000,71,51,57,63,63,65,Adult,Average
M. Farfan,66,73,23,FC Dallas,United States,"LB,CB,RB",1600000,2000,70,38,51,66,63,68,Adult,Average
D. Albu,66,74,21,FC U Craiova 1948,Romania,"CDM,CM",1800000,3000,71,58,66,64,59,73,Young,Average
E. Giménez,66,72,24,Club Cerro Porteño,Paraguay,"RM,RW",1400000,500,78,62,61,67,43,58,Adult,Average
D. Solomons,66,72,23,Kaizer Chiefs,South Africa,"RB,RW,RM",1300000,500,77,43,48,59,65,69,Adult,Average
Urko González,66,77,21,Real Sociedad,Spain,CB,1800000,6000,50,43,59,52,66,68,Young,Average
B. Verbruggen,66,77,19,RSC Anderlecht,Netherlands,GK,1600000,2000,71,63,65,70,46,57,Young,Average
Arnau,66,78,21,Unión Deportiva Almería,Spain,"CAM,CM,RM",2100000,6000,69,58,67,69,57,53,Young,Average
S. Goss,66,68,26,Motherwell,England,CM,1100000,2000,65,58,67,65,58,71,Adult,Average
M. Lundemo,66,66,28,Lillestrøm SK,Norway,"CM,CDM",850000,2000,55,59,65,66,58,69,Adult,Average
O. Bozanic,66,66,33,Western Sydney Wanderers,Australia,CM,525000,3000,65,63,67,67,65,75,Senior,Average
A. Tofan,66,69,25,Campionii FC Arges,Romania,"RB,RM",1000000,2000,75,44,61,56,60,70,Adult,Average
S. Campo,66,67,26,FC Luzern,Switzerland,CAM,1000000,5000,68,62,68,67,39,57,Adult,Average
Beñat Prados,66,77,21,CD Mirandés,Spain,"CM,CDM",1900000,6000,63,66,66,68,60,49,Young,Average
N. Djurasek,66,71,23,Shakhtar Donetsk,Croatia,"CDM,CM",1200000,500,80,50,61,69,61,69,Adult,Average
T. Richards,66,78,21,Queens Park Rangers,England,"CAM,CM",2100000,12000,73,62,63,68,51,66,Young,Average
Carreira,66,75,21,Villarreal Club de Fútbol B,Spain,RB,1800000,4000,64,40,58,57,62,52,Young,Average
I. Vetokele,66,66,30,KVC Westerlo,Angola,ST,850000,4000,87,64,57,68,34,64,Senior,Average
F. Reynero,66,66,33,Deportivo Ñublense,Chile,"RW,LW,RM",525000,3000,76,62,62,68,35,59,Senior,Average
Z. Kwinika,66,68,28,Kaizer Chiefs,South Africa,CB,850000,500,73,37,53,48,67,65,Adult,Average
V. Kulach,66,66,29,Dynamo Kyiv,Ukraine,ST,850000,500,73,65,51,67,27,61,Adult,Average
O. Käuper,66,70,25,SV Meppen,Germany,"CDM,CM",1100000,950,58,57,61,64,62,65,Adult,Average
J. van den Bergh,66,66,35,Holstein Kiel,Germany,"LWB,LM",275000,4000,67,39,59,58,65,65,Senior,Average
J. Magennis,66,66,31,Wigan Athletic,Northern Ireland,ST,725000,4000,56,65,57,61,50,83,Senior,Average
G. Tanner,66,75,22,Bristol City,England,"RWB,RB,RM",1800000,8000,73,43,53,63,62,69,Young,Average
F. Pacheco,66,72,23,FC Emmen,Peru,"RM,LM",1400000,3000,71,61,62,65,43,73,Adult,Average
De La Fuente,66,73,23,Villarreal Club de Fútbol B,Spain,CB,1600000,2000,57,40,54,57,66,65,Adult,Average
N. Devlin,66,66,28,Livingston FC,Scotland,RB,775000,2000,83,50,55,62,60,79,Adult,Average
O. Lebedenko,66,73,23,CD Lugo,Ukraine,"LB,LWB",1600000,2000,71,44,57,57,62,51,Adult,Average
S. Mulattieri,66,79,21,Frosinone,Italy,"ST,CF",2100000,1000,70,66,57,66,36,61,Young,Average
J. Rankin-Costello,66,75,22,Blackburn Rovers,England,"RWB,RB,LB",1800000,10000,75,54,59,67,64,65,Young,Average
Rafa Mújica,66,75,23,FC Arouca,Spain,"ST,RM,LM",1900000,2000,66,67,59,68,33,66,Adult,Average
T. McNamara,66,66,31,New England Revolution,United States,"CM,CDM",700000,3000,48,65,68,66,53,63,Senior,Average
J. Pereyra Díaz,66,66,31,Mumbai City FC,Argentina,"CF,RM,ST",725000,1000,76,59,61,69,50,65,Senior,Average
T. Baldanzi,66,80,19,Empoli,Italy,"CAM,CF",2000000,2000,72,54,65,71,40,45,Young,Average
J. Davenport,66,74,23,Lincoln City,England,"CDM,CM",1800000,3000,64,42,61,59,62,66,Adult,Average
G. Cortéz,66,71,24,C.D. Universidad Católica del Ecuador,Ecuador,LB,1200000,500,81,47,53,68,58,70,Adult,Average
Juande,66,77,22,Málaga CF,Spain,CB,1800000,2000,64,35,51,50,67,66,Young,Average
Jaume Cuéllar,66,78,20,CD Lugo,Bolivia,"RM,LM",2100000,2000,76,67,59,69,26,53,Young,Average
A. Boljević,66,66,26,Standard de Liège,Montenegro,"RM,RW",925000,5000,77,62,62,67,32,59,Adult,Average
S. Sessegnon,66,77,22,Charlton Athletic,England,"RB,LB",1800000,12000,74,40,58,64,62,59,Young,Average
Saúl Crespo,66,70,25,Odisha FC,Spain,CDM,1100000,500,55,52,61,61,64,75,Adult,Average
C. Klem,66,66,31,TSV Egger Glas Hartberg,Austria,"LB,LWB",625000,3000,75,45,62,64,61,58,Senior,Average
D. González,66,75,20,Universidad Católica,Chile,CB,1800000,2000,62,23,47,47,67,66,Young,Average
S. Rooney,66,68,25,Fleetwood Town,Scotland,"RB,RWB,CB",975000,3000,76,47,60,64,58,85,Adult,Average
J. Nardoni,66,76,19,Unión de Santa Fe,Argentina,CM,1800000,2000,72,57,64,69,55,57,Young,Average
J. Gorenc,66,72,22,KAS Eupen,Slovenia,"CB,RB",1200000,3000,56,31,48,46,66,73,Young,Average
J. Trasante,66,74,23,Club Nacional de Football,Uruguay,"CM,CDM",1900000,500,68,56,57,64,62,73,Adult,Average
R. Klingenburg,66,67,28,1. FC Kaiserslautern,Germany,"CDM,CAM,CF",825000,4000,50,62,61,66,59,80,Adult,Average
D. John,66,67,27,Bolton Wanderers,Wales,"LWB,LB",900000,4000,87,54,60,67,59,64,Adult,Average
Leo Bolgado,66,70,23,Casa Pia,Brazil,CB,1100000,2000,62,38,46,39,69,68,Adult,Average
E. Hussain,66,66,29,Molde FK,Norway,CDM,725000,2000,55,62,65,68,59,65,Adult,Average
J. Espinoza,66,72,23,Chicago Fire Football Club,Ecuador,"RB,RM",1300000,2000,77,38,57,62,63,69,Adult,Average
M. Marconi,66,66,33,Südtirol,Italy,ST,550000,1000,67,65,48,62,35,72,Senior,Average
E. Lombardo,66,69,25,SD Huesca,France,LM,1100000,3000,80,61,59,71,35,46,Adult,Average
Avilés,66,69,24,CD Leganés,Spain,"RM,LM,RW",1200000,3000,71,60,62,67,23,50,Adult,Average
L. Smith,66,66,26,Dundee United,Scotland,"RB,CM",850000,2000,70,46,58,61,62,70,Adult,Average
J. Obiang,66,66,28,Stade Malherbe Caen,Gabon,"LWB,LB",775000,2000,83,52,59,65,60,63,Adult,Average
P. Rommens,66,71,24,Go Ahead Eagles,Belgium,"CM,CDM,CAM",1300000,3000,66,59,70,64,50,61,Adult,Average
G. Anangonó,66,73,24,C.D. Universidad Católica del Ecuador,Ecuador,"RB,CDM,LB",1600000,500,80,53,62,65,60,68,Adult,Average
S. Graves,66,73,23,Randers FC,Denmark,CB,1600000,3000,43,42,56,58,66,73,Adult,Average
C. Früchtl,66,73,22,FK Austria Wien,Germany,GK,1500000,4000,69,65,67,68,24,65,Young,Average
M. Perez,66,66,31,Grenoble Foot 38,France,"CDM,CM",600000,2000,72,52,63,65,62,73,Senior,Average
A. Sauvage,66,67,30,Stade Lavallois Mayenne FC,France,GK,650000,1000,69,67,63,66,44,63,Senior,Average
C. Râpă,66,66,32,Cracovia,Romania,"RWB,CB,RM",600000,3000,73,49,58,58,60,71,Senior,Average
Borja Sainz,66,78,21,GZT Giresunspor,Spain,"LM,RM",2100000,3000,77,52,60,67,38,48,Young,Average
S. Al Brake,66,68,26,Free agent,Qatar,LWB,0,0,79,38,58,62,59,61,Adult,Average
Kim Hyun,66,66,29,Suwon FC,Korea Republic,ST,850000,3000,61,64,51,59,27,75,Adult,Average
M. Pennington,66,68,27,Shrewsbury Town,England,CB,900000,3000,65,33,54,52,66,73,Adult,Average
K. Nkuba,66,76,20,Royal Charleroi S.C.,Belgium,"RM,RWB,ST",1900000,3000,76,58,59,68,60,60,Young,Average
D. Redan,66,77,21,FC Utrecht,Netherlands,ST,1900000,7000,84,64,51,68,22,58,Young,Average
T. Sabitzer,66,74,21,WSG Tirol,Austria,"ST,RM,LM",1900000,7000,75,63,59,69,24,64,Young,Average
Leonardo Lelo,66,70,22,Casa Pia,Portugal,"LWB,LB,LM",1200000,2000,72,53,59,66,63,62,Young,Average
W. Bakhashwain,66,66,32,Al Wehda,Saudi Arabia,"CDM,CM,CB",575000,7000,60,44,58,63,64,75,Senior,Average
R. Ramírez,66,66,32,Independiente Petrolero,Paraguay,ST,700000,500,69,68,61,68,37,68,Senior,Average
T. Vecino,66,73,23,Liverpool Fútbol Club,Uruguay,ST,1700000,500,63,68,58,62,31,53,Adult,Average
J. Hunt,66,66,31,Sheffield Wednesday,England,RWB,625000,4000,68,41,59,64,61,65,Senior,Average
J. Rafferty,66,66,28,Portsmouth,Republic of Ireland,"RB,RWB",775000,4000,66,38,59,61,64,72,Adult,Average
J. Arp,66,75,22,Holstein Kiel,Germany,"ST,RM,LM",1900000,6000,78,64,54,67,31,64,Young,Average
J. Ardaiz,66,73,23,FC Luzern,Uruguay,"ST,RW,LW",1700000,5000,82,64,55,65,23,71,Adult,Average
D. Schad,66,70,25,1. FC Kaiserslautern,Germany,"RB,LB,RM",1100000,4000,82,40,54,62,59,64,Adult,Average
D. Males,66,75,21,FC Basel 1893,Switzerland,"CAM,RM",1900000,11000,77,60,62,67,36,64,Young,Average
K. Minda,66,74,23,C.D. Universidad Católica del Ecuador,Ecuador,"CDM,CB",1800000,500,60,50,58,62,65,71,Adult,Average
M. Otazú,66,67,25,Club Atlético Colón,Paraguay,"LM,LW,LB",1000000,4000,67,67,63,61,60,64,Adult,Average
I. Chetti,66,67,27,Angers SCO,Algeria,LB,900000,6000,69,38,49,62,65,56,Adult,Average
P. Will,66,72,23,SG Dynamo Dresden,Germany,"CDM,CM",1200000,2000,68,50,65,63,62,75,Adult,Average
M. Burch,66,81,21,FC Luzern,Switzerland,CB,2000000,3000,67,43,50,50,67,71,Young,Average
C. Arce,66,67,28,Barracas Central,Argentina,GK,675000,3000,62,65,65,66,27,66,Adult,Average
A. Sánchez,66,73,23,CD Everton de Viña del Mar,Argentina,"CM,RM",1700000,1000,64,50,64,68,61,68,Adult,Average
Q. Daubin,66,69,26,Stade Malherbe Caen,France,"CDM,CM",1000000,2000,54,55,61,62,62,78,Adult,Average
M. Facchinetti,66,66,31,FC Lugano,Switzerland,"LWB,LM",625000,3000,69,54,57,60,62,67,Senior,Average
Satrústegui,66,66,31,Racing Santander,Spain,"CB,LB",575000,3000,72,46,58,57,65,70,Senior,Average
Shim Dong Woon,66,66,32,Seongnam FC,Korea Republic,"CAM,LM",675000,2000,86,59,60,70,42,64,Senior,Average
W. Tchimbembé,66,72,24,En Avant de Guingamp,Congo,"CM,LM,RM",1300000,2000,84,63,64,67,57,59,Adult,Average
J. Sterner,66,76,20,Holstein Kiel,Germany,"RM,CM,LM",1900000,5000,81,43,65,67,61,63,Young,Average
C. Valenzuela,66,66,29,CD Everton de Viña del Mar,Chile,CAM,850000,2000,68,58,70,69,23,39,Adult,Average
P. Pušić,66,74,23,Grasshopper Club Zürich,Switzerland,"CAM,LM,RM",1900000,4000,81,57,62,71,46,53,Adult,Average
S. Brolin,66,79,21,Mjällby AIF,Sweden,GK,1800000,1000,68,65,63,66,24,65,Young,Average
G. Turda,66,71,24,Campionii FC Arges,Romania,CB,1200000,2000,72,34,43,41,66,71,Adult,Average
G. Nilsson,66,70,25,Royale Union Saint-Gilloise,Sweden,ST,1200000,5000,77,64,49,59,29,72,Adult,Average
A. Abdennour,66,66,32,Rodez Aveyron Football,Tunisia,CB,550000,2000,49,53,56,51,66,71,Senior,Average
B. Wood,66,66,29,Real Salt Lake,United States,ST,850000,3000,75,67,57,66,27,67,Adult,Average
S. Rincón,66,66,28,Barracas Central,Colombia,"RM,RB,ST",850000,4000,75,65,58,68,57,62,Adult,Average
K. Lafferty,66,66,34,Kilmarnock,Northern Ireland,ST,425000,3000,42,68,59,63,31,74,Senior,Average
P. Frattali,66,66,36,Bari,Italy,GK,90000,800,65,65,63,66,50,67,Senior,Average
Alex Pérez,66,66,30,CD Lugo,Spain,CB,700000,3000,36,32,46,44,67,69,Senior,Average
M. Risso,66,66,34,Club Nacional de Football,Uruguay,CB,275000,500,36,33,41,41,67,73,Senior,Average
A. Franco,66,72,23,Club Atlético Talleres,Ecuador,"CM,RM",1300000,4000,78,58,59,69,60,67,Adult,Average
J. Torres,66,76,22,Chicago Fire Football Club,Mexico,"CM,RM,LM",1900000,2000,84,66,63,72,52,66,Young,Average
J. Russell,66,76,21,Huddersfield Town,Jamaica,"CDM,CM",1800000,4000,64,58,60,64,63,74,Young,Average
Arturo Molina,66,66,26,Racing Santander,Spain,"RM,CM,CAM",925000,3000,69,62,62,70,52,61,Adult,Average
D. Davis,66,66,31,Forest Green Rovers,England,"CDM,CM",600000,3000,66,60,62,64,62,77,Senior,Average
Lautaro,66,78,21,RC Celta de Vigo,Uruguay,ST,2100000,6000,63,67,46,65,20,59,Young,Average
Joan García,66,78,21,RCD Espanyol de Barcelona,Spain,GK,1800000,3000,65,64,66,65,42,65,Young,Average
S. Careaga,66,77,20,Club Atlético Lanús,Argentina,"CM,CAM",1900000,4000,63,61,66,64,57,53,Young,Average
M. Terrazzino,66,66,31,Lechia Gdańsk,Germany,"CAM,RM",700000,3000,61,59,66,69,34,55,Senior,Average
M. Silva,66,66,33,Real Salt Lake,Uruguay,CB,400000,2000,32,38,52,53,63,80,Senior,Average
B. Jeannot,66,66,30,Stade Malherbe Caen,France,"ST,RW",850000,3000,58,67,57,66,29,59,Senior,Average
D. Mayor,66,66,31,Plymouth Argyle,England,"CM,LW",700000,4000,63,63,66,70,49,67,Senior,Average
G. Stensness,66,73,23,Viking FK,Australia,"CB,CDM",1600000,1000,58,41,53,57,64,79,Adult,Average
S. Çiftpınar,66,67,29,Kasimpaşa SK,Turkey,CB,800000,4000,50,25,40,46,67,70,Adult,Average
K. Mets,66,67,29,FC Zürich,Estonia,CB,800000,5000,48,51,58,58,64,80,Adult,Average
M. Ugalde,66,77,20,FC Twente,Costa Rica,ST,1900000,3000,79,67,53,68,28,49,Young,Average
M. Braunöder,66,80,20,FK Austria Wien,Austria,"CM,CDM",2100000,5000,77,47,66,71,59,60,Young,Average
F. Rodríguez,66,66,27,Club Deportivo Jorge Wilstermann,Bolivia,LB,825000,500,72,28,50,56,62,78,Adult,Average
L. Jutkiewicz,66,66,33,Birmingham City,England,ST,550000,11000,50,63,57,62,40,75,Senior,Average
G. Tello,66,66,29,CD Antofagasta,Chile,"LM,RM",850000,3000,84,63,62,70,23,59,Adult,Average
R. Perticone,66,66,35,Cittadella,Italy,"CB,RB",230000,700,46,42,52,48,64,72,Senior,Average
F. Uviedo,66,69,26,Hermanos Colmenarez,Venezuela,"RB,RWB",1000000,500,70,51,58,61,64,60,Adult,Average
A. Meijers,66,66,34,Sparta Rotterdam,Netherlands,LB,325000,3000,63,55,64,66,64,68,Senior,Average
E. Kastrati,66,71,25,Cittadella,Albania,GK,1000000,750,68,64,59,67,36,66,Adult,Average
J. McCarthy,66,68,26,Wycombe Wanderers,England,"RB,RWB",975000,3000,69,54,59,62,62,76,Adult,Average
V. Sulejmani,66,69,26,FC Ingolstadt 04,Kosovo,"ST,LW",1100000,3000,66,66,56,64,39,71,Adult,Average
F. Rieder,66,67,26,SK Austria Klagenfurt,Austria,LM,1000000,4000,73,53,63,68,49,66,Adult,Average
T. Christensen,66,74,22,Vålerenga Fotball,Norway,"CAM,CM",1900000,2000,71,56,64,69,47,62,Young,Average
C. Blackett-Taylor,66,69,24,Charlton Athletic,England,"LW,LWB,ST",1200000,4000,91,57,55,69,53,68,Adult,Average
Ł. Sekulski,66,66,31,Wisła Płock,Poland,ST,725000,2000,68,64,43,64,26,73,Senior,Average
M. Răduț,66,66,32,FC Voluntari,Romania,"LM,CM,RM",675000,4000,69,62,64,67,52,66,Senior,Average
M. Frantz,66,66,35,1. FC Saarbrücken,Germany,"CM,CDM,CB",350000,2000,53,60,67,67,62,70,Senior,Average
Riki,66,71,24,Albacete BP,Spain,"CAM,CM,LM",1300000,2000,70,62,65,68,48,54,Adult,Average
S. Martínez,66,66,30,Cerro Largo Fútbol Club,Uruguay,"CDM,CM",725000,500,64,50,61,61,63,72,Senior,Average
Kim Yong Hwan,66,66,29,Pohang Steelers,Korea Republic,RB,750000,2000,87,39,58,65,56,68,Adult,Average
I. Machuca,66,75,22,Unión de Santa Fe,Argentina,"RM,LM",1900000,4000,80,54,59,72,40,50,Young,Average
K. Çalhanoğlu,66,78,19,FC Schalke 04,Germany,"LB,LM",1900000,3000,71,51,64,66,59,66,Young,Average
C. Vélez,66,66,29,Delfín Sporting Club,Ecuador,"CDM,CM",725000,500,64,65,60,60,63,68,Adult,Average
A. Jallow,66,71,24,Brescia,Sweden,RB,1200000,1000,77,51,55,64,59,65,Adult,Average
S. Sørli,66,67,26,FK Bodø/Glimt,Norway,RW,1000000,2000,89,57,58,66,52,54,Adult,Average
G. Berggren,66,71,24,Raków Częstochowa,Sweden,"CDM,CM",1200000,3000,54,47,57,58,62,75,Adult,Average
M. Cacutalua,66,67,27,1. FC Magdeburg,Germany,"CB,RB",850000,4000,66,41,47,48,68,65,Adult,Average
P. Stolarski,66,69,26,Pogoń Szczecin,Poland,RB,1000000,3000,83,52,61,64,58,66,Adult,Average
A. Corsi,66,66,33,Cosenza,Italy,"RM,RB,LM",525000,1000,67,59,65,67,64,66,Senior,Average
M. Jarjué,66,72,24,IF Elfsborg,Gambia,CB,1200000,1000,68,35,47,55,64,79,Adult,Average
M. Choinière,66,70,23,Club de Foot Montréal,Canada,"LM,CM,RM",1200000,2000,64,57,63,68,58,54,Adult,Average
Rodrigo Conceição,66,73,22,FC Porto,Portugal,RB,1600000,3000,71,43,49,66,62,63,Young,Average
Cristhian Mosquera,66,82,18,Valencia CF,Spain,CB,2000000,2000,61,39,51,51,67,65,Young,Average
J. Sheehan,66,66,27,Bolton Wanderers,Wales,"CM,CDM",900000,4000,79,55,61,68,61,69,Adult,Average
Xie Pengfei,66,66,29,Wuhan Three Towns,China PR,"RM,LM,CM",850000,6000,81,61,60,65,46,65,Adult,Average
J. Gundersen,66,68,26,Tromsø IL,Norway,CB,925000,2000,55,41,52,58,64,73,Adult,Average
T. Parrott,66,80,20,Preston North End,Republic of Ireland,"ST,RW",2100000,17000,75,64,58,67,44,64,Young,Average
G. Simion,66,71,24,Universitatea Cluj,Romania,"CDM,CM",1200000,2000,77,47,59,61,65,69,Adult,Average
M. Koscelnik,66,67,27,SK Rapid Wien,Slovakia,"RB,RWB",900000,8000,66,51,61,64,62,61,Adult,Average
S. Echeverría,66,66,32,Club Deportivo Jorge Wilstermann,Argentina,"CB,RB",550000,500,58,23,40,38,69,65,Senior,Average
H. Domingo,66,67,26,Mamelodi Sundowns FC,South Africa,CAM,1000000,500,69,57,62,70,29,52,Adult,Average
Adão Morrinhos,66,66,30,Fluminense,Brazil,"ST,CF",850000,7000,67,72,54,65,23,57,Senior,Average
S. Johansen,66,69,26,Motherwell,Norway,CB,1000000,2000,53,31,38,49,65,75,Adult,Average
Renê Santos,66,66,30,Al Raed,Brazil,"CB,CDM",700000,6000,53,42,51,55,65,75,Senior,Average
Y. Armougom,66,71,24,FC Sochaux-Montbéliard,France,"LB,LWB,LM",1200000,2000,78,42,55,65,60,64,Adult,Average
N. Fadiga,66,77,22,Stade Brestois 29,Belgium,RB,1800000,5000,88,49,58,66,59,68,Young,Average
R. Spano,66,67,27,FC Annecy,France,ST,1000000,2000,70,64,56,65,30,57,Adult,Average
R. Janga,66,66,30,CFR Cluj,Curacao,ST,850000,6000,70,64,40,61,27,78,Senior,Average
M. Rodríguez,66,66,32,Club Nacional de Football,Uruguay,GK,425000,500,71,61,72,66,21,70,Senior,Average
M. Montiel,66,69,26,Club Atlético River Plate,Uruguay,"CDM,CM,CB",1000000,500,68,47,60,52,63,70,Adult,Average
Ș. Vlădoiu,66,70,23,Universitatea Cluj,Romania,RB,1100000,4000,89,35,54,59,61,66,Adult,Average
Cris Salvador,66,69,27,SD Huesca,Spain,"CDM,CB,CM",975000,3000,62,51,59,64,65,76,Adult,Average
D. Baumann,66,67,27,FSV Zwickau,Germany,ST,1000000,1000,68,65,53,62,29,72,Adult,Average
J. Ironside,66,66,28,Cambridge United,England,ST,875000,3000,71,65,51,62,41,81,Adult,Average
P. Digby,66,66,27,Cambridge United,England,CDM,800000,3000,47,52,61,57,63,80,Adult,Average
K. Denkey,66,75,21,KSV Cercle Brugge,Togo,ST,1900000,4000,71,67,44,66,24,63,Young,Average
P. Erras,66,67,27,Holstein Kiel,Germany,"CDM,CB",875000,6000,34,42,60,49,62,71,Adult,Average
R. Riski,66,66,32,HJK Helsinki,Finland,"RW,LW",675000,500,76,63,61,68,45,58,Senior,Average
F. Grahl,66,66,30,Club Atlético Central Córdoba,Argentina,"CM,CDM,CAM",825000,4000,67,54,69,67,56,65,Senior,Average
F. Cambeses,66,71,25,Club Atlético Banfield,Argentina,GK,1000000,3000,66,63,63,67,47,64,Adult,Average
A. Antilef,66,73,23,Arsenal de Sarandí,Argentina,"CM,CAM",1700000,3000,85,59,64,73,53,63,Adult,Average
A. Chindriș,66,71,23,AFC UTA Arad,Romania,CB,1200000,2000,69,36,48,47,65,76,Adult,Average
N. Dorgeles,66,80,19,KVC Westerlo,Mali,"LM,ST,CAM",2000000,5000,84,64,59,70,35,52,Young,Average
J. Bonham,66,68,28,Stoke City,Republic of Ireland,GK,725000,7000,67,64,68,66,43,67,Adult,Average
R. Riski,66,66,30,HJK Helsinki,Finland,ST,850000,500,82,66,53,66,41,60,Senior,Average
A. Madu,66,67,28,Al Nassr,Saudi Arabia,CB,800000,10000,42,25,44,39,66,75,Adult,Average
Z. Al Sahafi,66,68,28,Al Taawoun,Saudi Arabia,CB,850000,10000,45,58,55,53,64,75,Adult,Average
G. Mastinu,66,66,30,Pisa,Italy,"CAM,CM",825000,2000,63,64,62,67,35,53,Senior,Average
J. Dacres-Cogley,66,67,26,Tranmere Rovers,England,"RWB,RB",925000,5000,86,50,59,62,56,73,Adult,Average
G. Viscarra,66,67,29,Club The Strongest,Bolivia,GK,650000,500,66,64,60,65,25,66,Adult,Average
Kim Jin Ya,66,72,24,FC Seoul,Korea Republic,"LB,RM",1300000,2000,85,53,59,67,57,66,Adult,Average
K. Ruiz-Atil,66,78,19,AJ Auxerre,France,"CAM,LW",2000000,3000,67,54,64,72,44,40,Young,Average
R. Pietrzak,66,66,30,Lechia Gdańsk,Poland,LB,725000,3000,68,57,60,66,62,66,Senior,Average
R. Pereira de Sa,66,68,25,FC Sochaux-Montbéliard,France,"CM,LM",1100000,2000,72,56,67,70,56,59,Adult,Average
K. Bryan,66,70,25,West Bromwich Albion,England,CB,1100000,9000,60,51,57,60,66,70,Adult,Average
S. Ramizi,66,66,30,FC Winterthur,Kosovo,"LM,RM",825000,3000,71,60,61,65,48,65,Senior,Average
J. Busk,66,66,28,1. FC Union Berlin,Denmark,GK,600000,7000,67,60,63,68,44,63,Adult,Average
Rodrigo Ribeiro,66,84,17,Sporting CP,Portugal,ST,2100000,850,73,65,49,66,22,60,Young,Average
B. Yılmaz,66,72,22,Galatasaray SK,Turkey,"LW,RW",1400000,15000,82,65,58,68,31,69,Young,Average
Jeong Jae Hee,66,66,28,Pohang Steelers,Korea Republic,"RM,RW",850000,3000,89,60,57,67,47,65,Adult,Average
M. Thiam,66,66,27,Universitatea Cluj,Senegal,"LW,ST",900000,2000,80,62,60,68,46,72,Adult,Average
M. Hawsawi,66,66,30,Al Taawoun,Saudi Arabia,CB,700000,7000,56,46,45,53,67,67,Senior,Average
J. Sims,66,68,25,Ross County FC,England,"LM,RM",1100000,2000,81,61,61,68,31,50,Adult,Average
K. Chodyna,66,73,23,Zagłębie Lubin,Poland,"RM,RB",1700000,3000,84,55,58,66,59,65,Adult,Average
W. Caicedo,66,66,29,9 de Octubre,Ecuador,ST,850000,500,66,68,58,65,35,65,Adult,Average
E. López,66,73,21,Godoy Cruz,Argentina,RB,1600000,3000,83,47,60,70,59,71,Young,Average
D. Zagorac,66,66,35,Dinamo Zagreb,Croatia,GK,90000,500,69,65,62,68,43,61,Senior,Average
S. Rosted,66,66,27,Brøndby IF,Norway,CB,800000,4000,40,47,51,52,64,77,Adult,Average
F. Román Villalba,66,74,23,Club Atlético Aldosivi,Paraguay,"LB,LWB",1800000,3000,78,45,53,62,63,62,Adult,Average
S. Turati,66,78,20,Frosinone,Italy,GK,1800000,4000,65,61,64,69,35,70,Young,Average
S. Nieuwpoort,66,66,29,Excelsior,Netherlands,CB,725000,2000,66,33,53,58,66,66,Adult,Average
T. Monare,66,66,32,Orlando Pirates,South Africa,"CM,CDM,RM",675000,500,74,66,66,68,67,64,Senior,Average
Víctor García,66,66,28,Śląsk Wrocław,Spain,"LB,LM",775000,3000,70,48,62,64,62,57,Adult,Average
S. Nachreiner,66,66,33,SSV Jahn Regensburg,Germany,CB,400000,4000,44,23,40,36,68,68,Senior,Average
M. Sangare,66,78,20,SV Zulte Waregem,Mali,"CAM,RM,ST",2100000,6000,81,62,61,70,32,55,Young,Average
M. Pineda,66,75,24,Chicago Fire Football Club,United States,"CB,CDM",1800000,2000,53,31,48,58,67,70,Adult,Average
F. Cardozo,66,75,21,Club Olimpia,Paraguay,"LM,RM",1900000,500,72,63,59,69,26,59,Young,Average
L. Gülen,66,68,28,Miedź Legnica,Switzerland,CB,850000,2000,78,30,49,61,65,73,Adult,Average
I. Lepinjica,66,73,22,DSC Arminia Bielefeld,Croatia,CDM,1600000,5000,61,47,59,58,65,73,Young,Average
R. Flamingo,66,78,19,Vitesse,Netherlands,CB,1900000,4000,69,58,61,62,66,68,Young,Average
M. Gorgelin,66,66,31,Le Havre AC,France,GK,450000,2000,65,64,67,66,47,66,Senior,Average
J. Aguilar,66,66,33,Guaireña FC,Paraguay,"CDM,CM",425000,500,59,46,55,52,62,69,Senior,Average
B. Sepúlveda,66,66,29,Barracas Central,Argentina,ST,850000,4000,53,67,51,61,28,71,Adult,Average
C. Rocchia,66,70,24,Dijon FCO,France,"LB,LM",1100000,2000,77,55,58,65,60,67,Adult,Average
Q. Braat,66,71,24,Real Oviedo,France,GK,1000000,2000,67,66,64,69,26,68,Adult,Average
J. Leudo,66,66,28,Rosario Central,Colombia,CDM,750000,5000,44,58,53,60,66,82,Adult,Average
J. Archer,66,68,29,Queens Park Rangers,Scotland,GK,700000,8000,67,65,66,67,43,66,Adult,Average
E. Rivera,66,66,32,Club Always Ready,Bolivia,"CM,CDM",675000,500,61,58,63,65,62,62,Senior,Average
A. Sanyang,66,74,23,Grenoble Foot 38,Gambia,"RM,ST,LW",1900000,2000,85,60,56,73,40,59,Adult,Average
J. Brayford,66,66,34,Burton Albion,England,"CB,RB",275000,2000,51,45,60,62,65,71,Senior,Average
S. Oméonga,66,67,26,Livingston FC,Belgium,CM,1000000,2000,78,53,63,70,62,71,Adult,Average
M. Mak,66,66,30,PGE FKS Stal Mielec,Poland,"CAM,LM,ST",825000,1000,83,64,61,69,44,52,Senior,Average
T. Goppel,66,68,25,SV Wehen Wiesbaden,Netherlands,"RM,CAM",1100000,3000,86,55,60,66,49,67,Adult,Average
B. Rusu,66,66,32,FCSB (Steaua),Romania,ST,700000,6000,70,66,58,63,27,70,Senior,Average
B. Paulsen,66,66,30,Odense Boldklub,Denmark,CB,700000,4000,50,58,54,54,65,79,Senior,Average
O. Gürbulak,66,66,29,Ümraniyespor,Turkey,"CM,CAM,CDM",825000,5000,65,64,70,66,53,61,Adult,Average
N. Manfredini,66,66,34,Benevento,Italy,GK,150000,1000,69,64,63,68,45,63,Senior,Average
M. Engels,66,66,28,Sparta Rotterdam,Germany,"ST,LM",875000,4000,82,65,62,67,27,65,Adult,Average
M. Chajia,66,72,24,Como,Belgium,"LM,CAM",1400000,1000,74,56,65,69,32,39,Adult,Average
Jesús Bueno,66,72,23,Philadelphia Union,Venezuela,"CDM,CM",1200000,2000,60,50,62,60,64,68,Adult,Average
M. Poaty,66,70,24,Seraing,Congo,"LWB,LB,LM",1100000,4000,87,49,53,65,62,72,Adult,Average
M. Bernauer,66,73,24,Paris FC,France,"RB,CB",1600000,2000,64,46,66,64,64,66,Adult,Average
Yu Hanchao,66,66,35,Shanghai Shenhua FC,China PR,"LM,RM",350000,3000,73,61,64,68,40,59,Senior,Average
M. Carrasco,66,66,29,C.D. Universidad Católica del Ecuador,Ecuador,RB,750000,500,81,48,58,63,59,66,Adult,Average
Matheus Rossetto,66,67,26,Atlanta United,Brazil,"CM,CDM",1000000,3000,72,61,65,71,41,58,Adult,Average
V. Mantovani,66,70,26,Ternana,Italy,CB,1100000,7000,44,25,40,49,68,72,Adult,Average
Darío Poveda,66,71,25,UD Ibiza,Spain,ST,1300000,8000,50,67,56,64,25,51,Adult,Average
A. Vlad,66,71,23,FCSB (Steaua),Romania,GK,1000000,3000,66,65,71,70,41,60,Adult,Average
Ba Dun,66,66,26,Tianjin Jinmen Tiger FC,China PR,"RM,RW,ST",925000,3000,84,60,58,66,41,65,Adult,Average
Pablo Iñiguez,66,68,28,Villarreal Club de Fútbol B,Spain,"CB,CDM",850000,2000,40,43,56,60,67,65,Adult,Average
J. Ramis,66,66,32,Cerro Largo Fútbol Club,Uruguay,"ST,LM",700000,500,74,62,55,73,35,64,Senior,Average
Zhang Chengdong,66,66,33,Beijing Guoan FC,China PR,"CB,RB",400000,5000,60,66,65,68,63,79,Senior,Average
R. Magyar,66,66,31,Hammarby IF,Sweden,CB,575000,2000,46,38,52,47,65,75,Senior,Average
Koo Ja Cheol,66,66,33,Jeju United FC,Korea Republic,"CM,CAM,RM",525000,3000,61,65,68,68,55,61,Senior,Average
M. Gargiulo,66,68,26,Modena,Italy,"CM,CAM",1100000,1000,60,54,62,65,61,77,Adult,Average
L. Ramírez,66,70,24,Caracas Fútbol Club,Venezuela,"CM,CAM",1200000,500,63,57,62,65,50,61,Adult,Average
Fortuño,66,74,20,RCD Espanyol de Barcelona,Spain,GK,1600000,3000,65,64,64,66,42,65,Young,Average
Olaetxea,66,66,29,Albacete BP,Spain,"CM,CDM,RM",825000,3000,64,69,63,68,55,57,Adult,Average
P. Menzel,66,72,23,SK Austria Klagenfurt,Germany,GK,1100000,2000,68,65,66,67,22,65,Adult,Average
R. Opruț,66,72,24,AFC Hermannstadt,Romania,LB,1300000,2000,78,36,54,61,60,72,Adult,Average
N. Ahamada,66,78,20,VfB Stuttgart,France,CM,2100000,5000,69,50,63,72,57,61,Young,Average
Gu Chao,66,66,32,Zhejiang Professional FC,China PR,GK,425000,3000,66,64,62,69,50,60,Senior,Average
P. Ba,66,66,29,Pau FC,Mauritania,ST,850000,3000,73,66,52,66,26,69,Adult,Average
A. Papadopoulos,66,75,22,Borussia Dortmund II,Germany,"CB,CM",1800000,1000,66,27,46,57,63,81,Young,Average
D. Charles,66,69,26,Bolton Wanderers,Northern Ireland,ST,1100000,5000,79,65,58,65,42,77,Adult,Average
C. Psyché,66,66,33,Tromsø IL,France,CB,400000,2000,42,40,50,49,63,80,Senior,Average
V. Antov,66,77,21,AC Monza,Bulgaria,CB,1800000,8000,60,36,47,48,63,76,Young,Average
S. Dikmen,66,66,28,İttifak Holding Konyaspor,Turkey,CDM,750000,5000,66,43,57,61,65,67,Adult,Average
M. Tomianovic,66,74,20,Royal Pari,Bolivia,"RM,RW",1900000,500,83,64,63,64,60,70,Young,Average
Ko Kwang Min,66,66,33,FC Seoul,Korea Republic,"LB,LWB",450000,2000,77,58,61,64,59,52,Senior,Average
J. Valencia,66,71,25,Austin FC,Colombia,"CDM,CM",1100000,2000,69,52,62,68,61,64,Adult,Average
Zeca,66,66,28,Houston Dynamo,Brazil,"RB,LB",775000,2000,75,54,63,66,61,58,Adult,Average
A. Sigurðarson,66,66,28,AC Horsens,Iceland,"LM,RM",850000,4000,80,62,61,67,36,58,Adult,Average
O. Villadsen,66,75,20,FC Nordsjælland,Denmark,"RB,RWB",1800000,3000,85,47,61,70,59,65,Young,Average
J. Karlstrøm,66,72,25,Molde FK,Norway,GK,1100000,2000,68,63,69,68,38,65,Adult,Average
M. Duffy,66,66,27,Derry City,Republic of Ireland,LM,900000,1000,81,60,61,68,44,57,Adult,Average
J. Cornejo,66,66,32,CD Antofagasta,Chile,"CB,LB",550000,2000,74,57,63,63,65,69,Senior,Average
G. Byers,66,68,26,Sheffield Wednesday,Scotland,CM,1100000,5000,59,61,61,66,56,65,Adult,Average
C. Capone,66,74,23,Südtirol,Italy,"LW,CF",1900000,12000,72,59,60,72,23,51,Adult,Average
A. Oviedo,66,69,26,Club Cerro Porteño,Paraguay,ST,1100000,500,80,64,48,65,25,57,Adult,Average
Z. Lepasa,66,71,25,Orlando Pirates,South Africa,"ST,CF",1300000,500,75,68,47,63,26,55,Adult,Average
Matheus Babi,66,71,24,Santa Clara,Brazil,ST,1300000,2000,74,69,49,60,21,56,Adult,Average
J. Che,66,82,18,TSG Hoffenheim,United States,"RWB,CB,RB",2100000,700,73,26,56,62,62,67,Young,Average
T. Itō,66,69,25,1. FC Magdeburg,Japan,LW,1100000,5000,79,52,57,74,22,35,Adult,Average
N. Cabrera,66,66,39,Club Always Ready,Bolivia,"CB,RB",150000,500,46,40,51,48,66,63,Senior,Average
Joel Pereira,66,70,26,RKC Waalwijk,Portugal,GK,925000,2000,66,64,65,67,43,64,Adult,Average
G. Moncur,66,66,28,Leyton Orient,England,"CAM,CM,LM",850000,5000,65,63,66,67,47,56,Adult,Average
J. Bolívar,66,73,22,Sport Boys,Peru,"LB,LM",1600000,500,77,59,62,63,61,62,Young,Average
Barbero,66,73,23,CA Osasuna,Spain,ST,1700000,7000,69,66,50,62,21,63,Adult,Average
C. Connolly,66,71,24,Blackpool,England,"CB,RB,CDM",1200000,3000,59,56,63,64,65,72,Adult,Average
J. Thorniley,66,72,25,Blackpool,England,CB,1200000,4000,62,36,50,55,66,71,Adult,Average
T. Huk,66,67,27,Piast Gliwice,Slovakia,CB,850000,3000,61,29,47,44,66,65,Adult,Average
I. Kharatin,66,66,27,Legia Warszawa,Ukraine,CDM,800000,3000,53,61,59,60,64,71,Adult,Average
M. Tillman,66,83,20,Rangers FC,United States,"CAM,ST,LM",2200000,10000,79,64,57,67,19,60,Young,Average
M. Tenho,66,69,27,HJK Helsinki,Finland,CB,975000,500,58,23,49,50,66,69,Adult,Average
G. González,66,66,28,Delfín Sporting Club,Uruguay,"CDM,CM",750000,500,68,55,62,68,64,60,Adult,Average
M. Browne,66,70,24,Oxford United,England,"LW,LM,RM",1200000,4000,83,60,60,69,27,60,Adult,Average
Y. Chermiti,66,79,18,Sporting CP,Portugal,ST,2000000,2000,71,63,47,64,29,69,Young,Average
V. Eicher,66,66,31,1. FC Heidenheim 1846,Germany,GK,450000,5000,66,65,60,68,45,66,Senior,Average
D. Velkovski,66,67,27,KSV Cercle Brugge,Bulgaria,"LB,LWB",900000,4000,68,51,59,63,63,66,Adult,Average
Go Yo Han,66,66,34,FC Seoul,Korea Republic,"CM,RM,ST",400000,3000,76,59,64,67,62,71,Senior,Average
W. Araujo,66,67,26,Metropolitanos de Caracas FC,Paraguay,"CAM,CM",1000000,500,70,68,64,66,26,56,Adult,Average
K. Drygas,66,66,30,Pogoń Szczecin,Poland,"CM,CDM",825000,3000,59,64,66,65,65,73,Senior,Average
D. Asprilla,66,66,30,Portland Timbers,Colombia,"LM,RM",825000,3000,74,69,61,67,44,71,Senior,Average
P. Kioso,66,73,22,Rotherham United,Republic of Ireland,"RWB,RB",1600000,4000,70,45,58,63,62,69,Young,Average
T. Meißner,66,66,31,F.C. Hansa Rostock,Germany,CB,575000,4000,61,38,44,49,66,71,Senior,Average
S. Sarr,66,70,26,GD Chaves,Senegal,"CDM,CM",1100000,2000,57,59,60,61,63,83,Adult,Average
J. Kade,66,73,23,SG Dynamo Dresden,Germany,"CM,CDM",1700000,3000,69,53,65,69,63,50,Adult,Average
A. Auassar,66,66,35,Sparta Rotterdam,Netherlands,"CB,CDM",230000,2000,31,62,62,58,64,78,Senior,Average
B. Šerbečić,66,71,24,Aalesunds FK,Bosnia and Herzegovina,CB,1200000,1000,47,33,46,51,65,74,Adult,Average
M. Eberwein,66,69,26,Borussia Dortmund II,Germany,"CAM,ST",1100000,2000,72,65,61,66,34,70,Adult,Average
C. Operi,66,70,25,Le Havre AC,Côte d'Ivoire,"LB,LM",1100000,2000,76,52,61,64,59,68,Adult,Average
F. Kanouté,66,74,23,FC Sochaux-Montbéliard,Senegal,"CDM,CM",1800000,4000,61,58,60,68,63,72,Adult,Average
A. Makoumbou,66,71,23,Cagliari,Congo,CM,1300000,1000,72,49,65,68,63,75,Adult,Average
Q. Maceiras,66,69,26,BSC Young Boys,Switzerland,"RB,LB",1000000,6000,79,56,59,65,61,69,Adult,Average
I. Jebali,66,66,30,Odense Boldklub,Tunisia,"ST,CF,CAM",850000,5000,70,64,62,71,38,70,Senior,Average
Ivo Pinto,66,66,32,Fortuna Sittard,Portugal,"RB,CB,LB",600000,4000,75,46,59,63,62,69,Senior,Average
F. Sgarbi,66,72,24,Perugia,Italy,CB,1200000,1000,61,29,39,43,66,73,Adult,Average
M. Antonucci,66,73,23,Cittadella,Italy,"CAM,CF",1700000,950,68,57,65,69,32,54,Adult,Average
R. Piscopo,66,72,24,Newcastle Jets,Australia,"CAM,LM",1400000,950,79,65,60,74,39,61,Adult,Average
Rubén Alves,66,68,27,Racing Santander,Spain,CB,900000,3000,69,44,49,58,65,70,Adult,Average
Dário Essugo,66,82,17,Sporting CP,Portugal,"CDM,CM",2000000,500,65,52,59,67,63,70,Young,Average
T. Anjorin,66,82,20,Huddersfield Town,England,"CAM,RW,CM",2200000,17000,79,65,64,68,48,65,Young,Average
P. Sander,66,70,24,Holstein Kiel,Germany,"CM,CDM,RM",1200000,5000,58,55,64,68,57,65,Adult,Average
A. Fontana,66,71,22,Ascoli,United States,CAM,1300000,1000,74,63,62,69,46,61,Young,Average
D. Lemajić,66,66,28,KAA Gent,Serbia,ST,875000,7000,45,67,49,53,28,78,Adult,Average
B. Mumba,66,76,20,Plymouth Argyle,England,"RWB,LWB,RB",1800000,8000,76,45,58,71,62,56,Young,Average
N. Robertha,66,72,24,D.C. United,Curacao,"ST,LW",1400000,2000,82,66,51,67,26,64,Adult,Average
E. Babayan,66,67,26,Randers FC,Armenia,LM,1000000,5000,79,57,61,68,42,64,Adult,Average
Théo Fonseca,66,76,22,Futebol Clube de Famalicão,Portugal,ST,1900000,3000,78,67,56,67,22,57,Young,Average
U. Akyol,66,70,24,Antalyaspor,Germany,"CM,CDM",1200000,7000,67,55,65,67,63,67,Adult,Average
A. Pearce,66,66,33,AFC Wimbledon,Republic of Ireland,CB,400000,4000,33,26,44,43,66,72,Senior,Average
M. Heylen,66,67,28,FC Emmen,Belgium,CB,800000,3000,39,37,55,50,65,75,Adult,Average
Buatu,66,68,28,Valenciennes FC,Angola,CB,850000,2000,58,41,51,54,65,75,Adult,Average
D. Villalba,66,66,31,Mushuc Runa,Paraguay,CB,575000,500,66,32,47,51,66,69,Senior,Average
J. Medranda,66,66,28,Seattle Sounders FC,Colombia,"LWB,LM,LB",775000,2000,71,62,61,67,59,66,Adult,Average
S. Bakış,66,66,28,FC Andorra,Turkey,ST,875000,3000,37,67,51,60,29,64,Adult,Average
A. Bono,66,66,28,Toronto FC,United States,GK,600000,2000,66,64,63,70,31,62,Adult,Average
E. Bennett,66,66,33,Shrewsbury Town,England,RWB,450000,3000,64,59,63,62,61,65,Senior,Average
J. Holt,66,66,29,Livingston FC,Scotland,"CDM,CM",725000,2000,75,59,61,67,61,59,Adult,Average
A. Hagelskjær,66,70,25,Sarpsborg 08 FF,Denmark,"CB,LB",1100000,4000,68,48,62,60,67,71,Adult,Average
F. Rogić,66,66,29,IK Sirius,Sweden,CM,825000,2000,69,59,61,67,61,76,Adult,Average
S. Aresti,66,66,36,Cagliari,Italy,GK,90000,800,64,63,60,65,37,69,Senior,Average
J. Osei-Tutu,66,75,23,VfL Bochum 1848,England,"RW,RB",1900000,7000,89,59,58,68,59,62,Adult,Average
J. Simpson,66,70,25,Cardiff City,England,CB,1100000,9000,54,37,50,55,66,67,Adult,Average
J. Kaprof,66,66,27,Club Atlético Central Córdoba,Argentina,"ST,CF,CAM",925000,5000,78,64,59,68,32,66,Adult,Average
C. Coventry,66,75,22,West Ham United,Republic of Ireland,"CM,CDM",1900000,14000,64,53,64,68,62,67,Young,Average
T. Flanagan,66,66,30,Shrewsbury Town,Northern Ireland,CB,700000,3000,43,34,52,57,65,77,Senior,Average
T. Valencia,66,66,31,Barcelona Sporting Club,Ecuador,"RB,RM",625000,500,77,65,59,66,63,68,Senior,Average
A. Scully,66,75,23,Wigan Athletic,Republic of Ireland,"LM,RM,LW",1900000,3000,81,63,57,69,34,55,Adult,Average
N. Besler,66,66,29,Real Salt Lake,United States,"CDM,CB",725000,2000,56,41,58,60,65,73,Adult,Average
S. Rossbach,66,69,26,Vålerenga Fotball,Norway,GK,850000,1000,68,63,65,69,49,63,Adult,Average
D. Petratos,66,66,29,ATK Mohun Bagan FC,Australia,"CAM,ST,LM",850000,1000,68,65,65,68,47,71,Adult,Average
J. Shaughnessy,66,66,29,St. Mirren,Republic of Ireland,CB,725000,2000,68,26,48,55,66,72,Adult,Average
Ha Chang Rae,66,69,27,Pohang Steelers,Korea Republic,CB,975000,2000,49,25,41,48,66,73,Adult,Average
Miguel Berry,66,70,24,D.C. United,Spain,ST,1200000,2000,71,63,48,66,27,70,Adult,Average
M. Rogers,66,82,19,Manchester City,England,"LW,RW",2200000,17000,75,65,60,66,40,65,Young,Average
E. Perleche,66,73,21,Cienciano,Peru,RB,1600000,500,72,48,55,62,60,64,Young,Average
J. Chávez,66,77,20,Independiente del Valle,Ecuador,"LM,LWB",1900000,500,81,52,56,65,59,63,Young,Average
E. Jirka,66,69,24,FC Viktoria Plzeň,Slovakia,"RM,LM",1200000,500,85,64,60,61,33,73,Adult,Average
J. Heil,66,70,25,TSV Egger Glas Hartberg,Austria,"CDM,CM,LM",1100000,3000,66,60,62,65,62,73,Adult,Average
Adri Castellano,66,66,28,SD Ponferradina,Spain,"LB,CB",775000,3000,68,38,55,58,63,67,Adult,Average
R. Cuba,66,66,30,Sport Boys,Peru,"RB,LB,CB",725000,500,79,48,55,58,62,59,Senior,Average
R. Pich,66,66,33,Legia Warszawa,Slovakia,"LM,RM,CF",525000,3000,80,65,61,68,28,49,Senior,Average
A. Quintana,66,74,21,Cienciano,Peru,LB,1800000,500,75,48,58,65,60,68,Young,Average
Y. Chacón,66,83,19,Deportivo Táchira FC,Venezuela,RM,2200000,500,80,64,59,67,27,41,Young,Average
Welliton Helmes,66,66,22,Internacional,Brazil,CAM,1000000,7000,71,63,61,71,30,56,Young,Average
S. Mockenhaupt,66,66,30,SV Wehen Wiesbaden,Germany,CB,700000,3000,82,28,41,50,65,78,Senior,Average
C. Pain,66,66,28,Western United FC,Australia,LM,850000,1000,85,60,60,65,59,68,Adult,Average
M. Adeline,66,79,18,Stade de Reims,France,CM,2000000,2000,64,58,65,68,57,59,Young,Average
N. Opoku,66,70,24,Amiens SC,Ghana,CB,1100000,2000,62,37,43,48,66,76,Adult,Average
T. Salman,66,74,24,Free agent,Qatar,"CB,LWB",0,0,74,34,58,59,65,71,Adult,Average
N. Sosa,66,69,26,Club Atlético River Plate,Uruguay,"ST,CF",1100000,500,71,66,52,59,32,57,Adult,Average
K. Michael,66,74,22,SV Ried,Nigeria,CM,1900000,8000,73,64,68,70,52,59,Young,Average
D. Jastrzembski,66,73,22,Śląsk Wrocław,Poland,"LM,ST",1700000,3000,89,58,61,67,35,60,Young,Average
M. Cabrera,66,68,26,Club Atlético Huracán,Uruguay,ST,1100000,5000,63,64,59,63,20,68,Adult,Average
Z. MacMath,66,66,30,Real Salt Lake,United States,GK,575000,2000,66,65,70,67,37,64,Senior,Average
T. De Smet,66,70,24,Stade de Reims,Belgium,"LB,LM,LWB",1100000,5000,70,47,59,59,64,70,Adult,Average
D. Casiraghi,66,66,29,Südtirol,Italy,"LW,CAM",850000,1000,65,67,64,67,36,71,Adult,Average
A. Kann,66,66,31,FC Cincinnati,United States,GK,450000,2000,66,65,62,64,43,66,Senior,Average
Kwon Chang Hoon,66,66,28,Sangju Sangmu FC,Korea Republic,"RW,RM",850000,2000,66,64,65,70,49,55,Adult,Average
J. Radošević,66,67,28,Brøndby IF,Croatia,"CDM,CM",825000,5000,51,58,60,57,64,79,Adult,Average
F. Stanković,66,77,20,FC Volendam,Serbia,GK,1600000,7000,68,64,65,67,18,64,Young,Average
G. Long,66,69,28,Millwall,England,GK,800000,4000,67,67,66,68,31,66,Adult,Average
C. Sabaly,66,73,23,FC Metz,Senegal,"LM,RM",1700000,2000,82,57,59,69,18,42,Adult,Average
D. Dankerlui,66,68,25,FC Groningen,Suriname,RB,975000,3000,84,51,60,65,58,68,Adult,Average
I. Bel Hassani,66,66,29,RKC Waalwijk,Morocco,"CAM,RW,CM",850000,3000,62,67,69,67,38,57,Adult,Average
N. Bazzana,66,70,26,Delfín Sporting Club,Argentina,CB,1100000,500,51,40,47,51,66,73,Adult,Average
Grego Sierra,66,67,29,Burgos CF,Spain,CB,800000,2000,53,50,52,56,67,69,Adult,Average
L. Pirard,66,68,27,Royale Union Saint-Gilloise,Belgium,GK,775000,4000,66,63,62,69,33,63,Adult,Average
C. Flórez,66,66,27,Sport Boys,Colombia,"LB,CB",825000,500,72,43,58,52,63,76,Adult,Average
M. Zanotti,66,81,19,Inter,Italy,"RB,RM,RWB",1900000,7000,82,59,68,68,60,59,Young,Average
G. Simeone,66,79,19,Real Zaragoza,Argentina,"ST,LM,LW",2000000,8000,75,66,57,64,25,70,Young,Average
B. Danger,66,72,24,Rodez Aveyron Football,France,"CDM,CM",1200000,1000,74,47,60,65,59,74,Adult,Average
T. Sibbick,66,73,23,Heart of Midlothian,England,CB,1600000,2000,75,31,52,61,66,68,Adult,Average
Jacobo,66,67,25,FC Andorra,Spain,"RM,CAM,LM",1000000,2000,74,66,64,70,33,49,Adult,Average
Leândro,66,66,33,Radomiak Radom,Brazil,RM,525000,2000,65,66,62,73,29,51,Senior,Average
A. Zagré,66,75,20,FC Utrecht,France,LWB,1800000,8000,81,43,58,67,58,49,Young,Average
Deng Zhuoxiang,66,66,33,Wuhan Three Towns,China PR,"CM,CAM",525000,6000,69,48,70,67,53,52,Senior,Average
N. Gillekens,66,68,26,KVC Westerlo,Belgium,GK,800000,3000,69,61,67,66,43,63,Adult,Average
F. Lohkemper,66,67,27,1. FC Nürnberg,Germany,ST,1000000,5000,75,65,56,68,30,51,Adult,Average
O. El Hilali,66,78,18,RCD Espanyol de Barcelona,Morocco,"RB,LB",1900000,1000,81,40,55,64,61,61,Young,Average
H. McKirdy,66,68,25,Hibernian,England,"RW,ST",1100000,3000,91,61,58,68,32,53,Adult,Average
C. Wernitznig,66,66,32,SK Austria Klagenfurt,Austria,"CM,LM,RB",675000,4000,67,67,65,68,59,68,Senior,Average
G. Zarfino,66,66,30,Real Sporting de Gijón,Uruguay,"CDM,CM,ST",725000,3000,50,63,57,61,62,81,Senior,Average
F. Hornby,66,73,22,KV Oostende,Scotland,ST,1800000,7000,58,68,50,60,24,72,Young,Average
L. Foster,66,73,21,KVC Westerlo,South Africa,"ST,RW",1800000,3000,79,66,55,63,34,66,Young,Average
C. Thompson,66,66,28,Wycombe Wanderers,England,CM,850000,3000,74,59,62,66,65,78,Adult,Average
G. Tapia,66,78,20,Universidad Católica,Chile,"RW,LW,ST",2100000,3000,78,59,52,69,25,52,Young,Average
I. Jack,66,70,24,Strømsgodset IF,Nigeria,"CDM,CM",1100000,1000,54,45,58,61,63,71,Adult,Average
M. Adams,66,69,25,Al Shabab,England,"CDM,CM",1000000,8000,63,48,53,64,67,69,Adult,Average
J. Gyau,66,66,29,Degerfors IF,United States,"LWB,LM",750000,1000,91,57,56,70,57,70,Adult,Average
G. Mackay-Steven,66,66,31,Heart of Midlothian,Scotland,LW,700000,3000,82,61,60,69,36,56,Senior,Average
Butzke,66,72,23,FC Paços de Ferreira,Spain,"ST,RM",1400000,3000,73,68,45,60,22,53,Adult,Average
J. Quintero,66,70,23,CS Emelec,Ecuador,CB,1100000,500,53,27,47,46,65,69,Adult,Average
M. Malec,66,67,27,Pogoń Szczecin,Poland,CB,850000,3000,68,31,46,46,64,75,Adult,Average
V. Jensen,66,74,22,Rosenborg BK,Denmark,"CM,CAM",1900000,4000,70,58,65,70,56,57,Young,Average
M. Campos,66,66,28,CD Everton de Viña del Mar,Chile,ST,875000,2000,58,68,48,65,28,69,Adult,Average
J. Fuentes,66,71,25,Metropolitanos de Caracas FC,Venezuela,"CB,LB",1100000,500,62,38,56,48,68,62,Adult,Average
Miki Muñoz,66,67,27,Burgos CF,Spain,CM,975000,3000,57,55,64,64,67,76,Adult,Average
Neto Volpi,66,67,29,Club Atlético Peñarol,Brazil,GK,650000,500,66,63,75,59,49,71,Adult,Average
D. Henen,66,67,26,KV Kortrijk,Togo,"LM,RM",1000000,5000,78,66,58,67,26,64,Adult,Average
M. El Arouch,66,84,18,Olympique Lyonnais,France,CAM,2200000,5000,75,60,64,73,51,54,Young,Average
C. Reiner,66,68,24,Piast Gliwice,Austria,CB,975000,3000,41,29,54,40,66,76,Adult,Average
L. Mbe Soh,66,76,21,Nottingham Forest,France,CB,1800000,10000,60,29,49,48,66,67,Young,Average
A. Jones,66,74,24,Hull City,England,"CB,CDM",1800000,4000,59,40,55,58,65,72,Adult,Average
João Vigário,66,69,26,FC Paços de Ferreira,Portugal,LB,1000000,3000,68,60,60,65,62,67,Adult,Average
Ren Hang,66,66,33,Wuhan Three Towns,China PR,"CB,LB",400000,5000,69,49,59,59,64,77,Senior,Average
L. Langoni,66,78,19,Boca Juniors,Argentina,RW,2000000,3000,72,64,54,68,28,50,Young,Average
F. Holst,66,66,27,Lillestrøm SK,Denmark,CM,900000,2000,81,55,65,66,62,69,Adult,Average
Dani Escriche,66,71,24,SD Huesca,Spain,"ST,RM,LM",1300000,3000,69,65,51,67,30,66,Adult,Average
L. Ojeda,66,66,32,Club Sol de América,Argentina,GK,425000,500,63,63,59,69,44,65,Senior,Average
A. Çakar,66,73,21,Gazişehir Gaziantep F.K.,Germany,"RW,LW",1700000,5000,77,62,60,71,29,62,Young,Average
S. Andreou,66,76,19,Royal Charleroi S.C.,Cyprus,CB,1700000,2000,73,30,50,56,65,72,Young,Average
H. Abdelli,66,73,22,Angers SCO,France,"CM,CAM,ST",1700000,6000,68,60,62,68,57,70,Young,Average
S. Chabbi,66,66,28,SV Ried,Tunisia,ST,875000,4000,67,66,52,64,24,63,Adult,Average
Élder Santana,66,66,29,Gil Vicente FC,Brazil,ST,850000,4000,66,67,49,60,23,74,Adult,Average
D. Schmidt,66,66,30,SC Cambuur,Netherlands,RB,725000,3000,58,50,58,60,66,73,Senior,Average
A. Nurudeen,66,76,23,KAS Eupen,Ghana,GK,1600000,2000,73,57,59,75,22,65,Adult,Average
A. Cabrera,66,66,29,Club Atlético Banfield,Argentina,"CDM,CM",725000,5000,62,51,63,62,60,73,Adult,Average
F. Petroli,66,71,24,River Plate,Argentina,GK,1000000,3000,66,62,65,66,46,67,Adult,Average
A. Bouhaddouz,66,66,35,MSV Duisburg,Morocco,ST,375000,2000,59,66,55,63,23,75,Senior,Average
Oriol Busquets,66,71,23,FC Arouca,Spain,"CDM,CB,CM",1200000,2000,36,43,63,61,63,67,Adult,Average
N. Hauptmann,66,69,26,SG Dynamo Dresden,Germany,CM,1100000,3000,58,54,66,72,56,51,Adult,Average
A. Hazazi,66,67,28,Ettifaq FC,Saudi Arabia,"CDM,CM",825000,8000,63,44,60,66,63,68,Adult,Average
D. Atanga,66,69,25,KV Oostende,Ghana,"RM,ST,RW",1100000,4000,91,60,56,66,39,53,Adult,Average
C. Beltrán,66,66,31,Cienciano,Argentina,"CB,CDM",575000,500,34,40,52,57,66,69,Senior,Average
D. Sosa,66,70,24,Club Atlético Tigre,Argentina,LB,1100000,3000,68,45,57,59,64,70,Adult,Average
S. Beitashour,66,66,35,Colorado Rapids,Iran,"RB,LB",275000,2000,64,51,66,66,63,67,Senior,Average
Tomás Silva,66,74,22,FC Vizela,Portugal,"CM,RB",1900000,2000,72,51,68,67,57,50,Young,Average
A. Amoo,66,78,20,F.C. København,Nigeria,RM,2100000,5000,83,57,57,74,25,59,Young,Average
J. Holúbek,66,66,31,Piast Gliwice,Slovakia,"LWB,LM",625000,3000,73,25,51,61,62,66,Senior,Average
Nacho Méndez,66,75,24,Real Sporting de Gijón,Spain,"CDM,CM,RM",1800000,3000,69,63,68,68,60,70,Adult,Average
M. Fossey,66,71,23,Standard de Liège,United States,"RWB,RB",1200000,4000,85,44,58,67,58,62,Adult,Average
I. Harkes,66,67,27,Dundee United,United States,CM,975000,2000,66,65,64,66,59,73,Adult,Average
T. Vlietinck,66,70,24,Oud-Heverlee Leuven,Belgium,"RB,RM",1100000,4000,78,57,64,68,60,55,Adult,Average
N. Acevedo,66,75,23,New York City FC,Uruguay,"CDM,RB",1800000,2000,77,55,59,65,65,64,Adult,Average
S. Dewaele,66,72,23,KV Oostende,Belgium,"CDM,CM,LB",1200000,3000,66,47,67,65,62,60,Adult,Average
P. Schmidt,66,66,28,FC Ingolstadt 04,Germany,"ST,LW,RM",875000,3000,62,66,43,60,27,73,Adult,Average
R. Taylor,66,66,27,Inter Miami CF,Finland,"LW,LM,CAM",900000,3000,80,64,61,68,49,68,Adult,Average
T. Casali,66,68,26,SC Rheindorf Altach,Austria,GK,800000,3000,68,64,57,69,30,65,Adult,Average
F. Al Qarni,66,66,30,Al Shabab,Saudi Arabia,GK,575000,7000,67,61,61,69,44,65,Senior,Average
W. Ayoví,66,68,25,Mushuc Runa,Ecuador,"RM,RW",1100000,500,82,61,58,65,46,58,Adult,Average
H. Al Omari,66,66,28,Al Taawoun,Saudi Arabia,"LM,CAM",850000,8000,70,61,65,66,44,58,Adult,Average
A. Ioniță,66,67,27,Rapid București,Romania,"CAM,RM,CM",975000,4000,69,62,65,70,37,57,Adult,Average
T. Imai,66,66,31,Western United FC,Japan,"CB,RB",575000,1000,62,24,48,56,65,76,Senior,Average
Wang Tong,66,66,29,Shandong Taishan,China PR,RB,750000,6000,79,51,60,61,60,67,Adult,Average
É. Vandenabeele,66,66,30,Rodez Aveyron Football,France,CB,700000,2000,39,38,43,49,66,73,Senior,Average
D. Levitt,66,80,21,Dundee United,Wales,"CDM,CM",2000000,2000,65,63,68,69,58,63,Young,Average
M. Mathisen,66,69,26,IK Sirius,Denmark,"CB,CM",1000000,1000,60,50,58,61,64,77,Adult,Average
K. Caliskaner,66,73,22,SSV Jahn Regensburg,Germany,"ST,CAM",1800000,4000,70,61,52,67,21,66,Young,Average
E. Arauz,66,66,32,Club Deportivo Guabirá,Bolivia,GK,425000,500,64,63,63,65,31,68,Senior,Average
L. Valenti,66,71,23,Parma,Argentina,CB,1200000,1000,71,51,53,56,65,74,Adult,Average
Juan Cruz,66,76,22,Real Betis Balompié,Spain,"LM,CAM,RM",1900000,6000,75,63,64,69,32,35,Young,Average
L. Moser,66,73,22,KAS Eupen,Germany,GK,1500000,2000,69,63,58,70,24,63,Young,Average
A. Donis,66,69,25,APOEL Nicosia FC,Greece,"ST,RM",1100000,500,79,65,56,69,24,60,Adult,Average
R. Prieto,66,69,25,Club Nacional,Paraguay,"LM,LB",1100000,500,80,56,61,70,58,51,Adult,Average
F. Gerli,66,70,25,Modena,Italy,CDM,1100000,1000,64,48,63,65,61,57,Adult,Average
A. Gabbarini,66,66,36,LDU Quito,Argentina,GK,90000,500,63,65,64,67,45,67,Senior,Average
K. N'Doram,66,70,26,FC Metz,France,"CDM,CM",1100000,2000,61,48,58,63,64,73,Adult,Average
J. Cousins,66,66,28,Wigan Athletic,Jamaica,CDM,750000,4000,69,49,58,66,61,72,Adult,Average
F. Ebosele,66,78,19,Udinese Calcio,Republic of Ireland,"RWB,RM",1900000,2000,91,45,49,71,55,74,Young,Average
G. Schiavone,66,68,29,Metropolitanos de Caracas FC,Venezuela,GK,700000,500,65,64,64,70,44,61,Adult,Average
O. Quiñonez,66,66,27,9 de Octubre,Ecuador,LB,825000,500,71,51,63,63,61,75,Adult,Average
G. Kyeremeh,66,78,22,Stade Malherbe Caen,France,LM,2100000,2000,83,64,59,68,32,39,Young,Average
J. Henry,66,66,33,Oxford United,England,"CM,RW",525000,4000,63,65,67,68,57,63,Senior,Average
S. Lentinelly,66,72,24,Liverpool Fútbol Club,Uruguay,GK,1100000,500,62,69,61,69,30,58,Adult,Average
J. Pantemis,66,70,25,Club de Foot Montréal,Canada,GK,925000,2000,66,63,54,66,36,66,Adult,Average
C. Jerome,66,66,35,Luton Town,England,ST,375000,8000,58,67,51,63,44,71,Senior,Average
L. Petkov,66,76,21,FC Augsburg,Germany,"CM,CAM",1900000,6000,77,63,65,67,54,63,Young,Average
Pol Moreno,66,68,28,Racing Santander,Spain,CB,850000,3000,57,28,50,40,67,68,Adult,Average
H. Carter,66,76,22,Blackburn Rovers,England,"CB,RB",1800000,10000,71,40,55,60,65,75,Young,Average
D. Hładun,66,70,26,Legia Warszawa,Poland,GK,925000,2000,69,65,65,67,34,64,Adult,Average
Maikel Mesa,66,66,31,Albacete BP,Spain,"CM,CDM,CAM",700000,3000,70,65,64,68,62,76,Senior,Average
S. Rosane,66,74,22,San Lorenzo de Almagro,Argentina,"CDM,CM",1800000,3000,57,48,55,58,65,71,Young,Average
L. Badiashile,66,72,24,Burgos CF,France,GK,1100000,2000,67,64,65,69,36,62,Adult,Average
P. Dziczek,66,70,24,Piast Gliwice,Poland,CDM,1100000,3000,57,47,60,66,64,63,Adult,Average
S. Natiq,66,68,28,Abha Club,Iraq,"CB,CDM",850000,4000,54,30,35,38,64,81,Adult,Average
M. Rodríguez,66,66,34,Barracas Central,Argentina,"RB,CM",325000,3000,60,47,58,59,67,64,Senior,Average
U. Güneş,66,74,22,Aytemiz Alanyaspor,Turkey,"CDM,CM",1800000,5000,65,49,61,64,61,65,Young,Average
S. Hoskins,66,66,29,Northampton Town,England,"RM,RW,LM",850000,6000,86,60,58,66,48,72,Adult,Average
K. Dlamini,66,67,26,Orlando Pirates,South Africa,"LW,RW,CAM",1000000,500,73,66,63,64,24,48,Adult,Average
F. Mosquera,66,68,27,Club Deportes Tolima,Colombia,"CDM,CB",925000,1000,58,43,61,56,65,71,Adult,Average
J. Zimmer,66,66,28,1. FC Kaiserslautern,Germany,"RM,RWB,RB",850000,4000,80,59,61,68,59,66,Adult,Average
D. Doué,66,84,17,Stade Rennais FC,France,CAM,2100000,2000,78,59,60,72,33,50,Young,Average
Isma,66,66,31,Livingston FC,Guinea Bissau,ST,725000,3000,70,63,59,65,27,71,Senior,Average
K. Smith,66,66,30,Orlando City Soccer Club,United States,"RB,LB",725000,2000,69,26,50,59,66,72,Senior,Average
S. Belkahia,66,75,23,TSV 1860 München,Germany,CB,1800000,1000,70,37,42,55,64,79,Adult,Average
L. Ritzka,66,70,24,FC St. Pauli,Germany,"LB,CB",1100000,5000,74,46,59,62,60,65,Adult,Average
G. Burke,66,66,28,Shamrock Rovers,Republic of Ireland,"RW,LW,ST",850000,1000,61,67,64,68,26,59,Adult,Average
M. Sykes,66,69,24,Bristol City,Republic of Ireland,"RW,CM,RWB",1200000,10000,73,61,63,67,60,67,Adult,Average
L. Gooch,66,67,26,Sunderland,United States,"RWB,RM",925000,5000,81,60,61,66,60,75,Adult,Average
K. Becerra,66,69,26,9 de Octubre,Ecuador,CB,1000000,500,60,34,44,46,66,66,Adult,Average
A. Doughty,66,74,22,Luton Town,England,"LWB,LB",1800000,8000,83,46,59,62,56,57,Young,Average
P. Abraham,66,79,19,FC Groningen,Sweden,"LM,ST",2000000,2000,85,62,56,69,28,57,Young,Average
F. Franco,66,75,23,Club Cerro Porteño,Paraguay,RB,1800000,500,76,43,63,62,62,70,Adult,Average
D. Mirani,66,69,26,FC Volendam,Netherlands,CB,1000000,2000,41,31,47,53,66,72,Adult,Average
A. Zambrano,66,67,26,Caracas Fútbol Club,Venezuela,"LW,LM",1000000,500,80,66,59,65,50,63,Adult,Average
Shin Kwang Hoon,66,66,35,Pohang Steelers,Korea Republic,"CDM,RB",240000,2000,69,50,62,61,63,70,Senior,Average
P. Ochs,66,71,25,SV Sandhausen,Germany,"LB,LM",1200000,2000,67,63,64,69,61,61,Adult,Average
S. Notaroberto,66,71,24,Caracas Fútbol Club,Venezuela,LB,1200000,500,79,38,55,59,61,60,Adult,Average
R. Deaconu,66,68,25,Korona Kielce,Romania,"CM,CAM",1100000,2000,66,66,70,69,51,60,Adult,Average
Nguyễn Quang Hải,66,71,25,Pau FC,Vietnam,CM,1200000,2000,86,58,60,67,57,53,Adult,Average
F. Cobos,66,66,29,Patronato,Argentina,LB,750000,5000,64,39,56,65,63,70,Adult,Average
A. Al Ammar,66,66,28,Damac FC,Saudi Arabia,"LB,LWB",775000,6000,74,47,63,66,59,65,Adult,Average
N. Alblas,66,70,27,Excelsior,Netherlands,GK,900000,2000,66,64,70,67,35,63,Adult,Average
C. Forrester,66,66,29,St. Patrick's Athletic,Republic of Ireland,CM,825000,1000,66,62,65,69,60,67,Adult,Average
R. Redes,66,73,22,Austin FC,Paraguay,"RM,RW",1700000,2000,79,61,62,67,45,58,Young,Average
D. Kopacz,66,72,23,FC Ingolstadt 04,Poland,"RM,CAM,RW",1400000,3000,75,59,62,69,38,62,Adult,Average
S. Cibois,66,72,24,Rodez Aveyron Football,France,GK,1100000,1000,67,65,64,68,34,64,Adult,Average
B. Castrillon,66,74,23,Unión de Santa Fe,Colombia,"LM,RM",1900000,4000,81,62,59,67,41,58,Adult,Average
L. Onetto,66,69,25,Cerro Largo Fútbol Club,Uruguay,LM,1100000,500,77,55,56,66,25,55,Adult,Average
P. Schürpf,66,66,32,FC Luzern,Switzerland,"LM,LW,ST",675000,5000,66,68,64,60,61,74,Senior,Average
M. Miljevic,66,75,21,Club de Foot Montréal,United States,"CF,ST",1900000,2000,64,61,61,72,43,53,Young,Average
M. Multhaup,66,67,25,Eintracht Braunschweig,Germany,"RM,RB,CAM",1000000,5000,86,57,59,68,46,57,Adult,Average
S. Steijn,66,77,20,FC Twente,Netherlands,"CAM,CM",1900000,3000,71,62,64,69,33,55,Young,Average
M. Bogusz,66,79,20,UD Ibiza,Poland,"LM,CAM,RM",2100000,8000,70,64,65,68,38,58,Young,Average
J. Meier,66,73,22,SG Dynamo Dresden,Germany,"LB,LM",1600000,2000,74,44,59,63,62,64,Young,Average
M. Dittgen,66,66,27,FC Ingolstadt 04,Germany,"ST,LM",925000,3000,79,62,57,67,52,73,Adult,Average
R. Jaramillo,66,71,24,9 de Octubre,Ecuador,"CDM,CM",1200000,500,63,58,61,61,62,68,Adult,Average
V. Di Cesare,66,66,39,Bari,Italy,CB,150000,1000,34,47,32,54,66,71,Senior,Average
M. Do Couto,66,69,25,FC Sochaux-Montbéliard,France,"LM,CAM",1100000,2000,76,61,60,72,33,41,Adult,Average
N. Alho,66,66,29,Free agent,Finland,"RB,RWB,RM",0,0,80,58,62,66,58,68,Adult,Average
D. Rasak,66,69,26,Wisła Płock,Poland,"CDM,CM",1000000,2000,70,54,58,63,62,75,Adult,Average
T. Tlolane,66,67,27,Orlando Pirates,South Africa,"LB,LM,LW",900000,500,68,28,57,63,61,60,Adult,Average
G. Sağlam,66,72,24,GZT Giresunspor,Turkey,"CAM,CM",1400000,4000,71,59,66,68,53,59,Adult,Average
J. Auer,66,73,21,SK Rapid Wien,Austria,"LB,LWB,LM",1600000,6000,77,55,60,65,62,63,Young,Average
Alkain,66,69,25,Deportivo Alavés,Spain,"RM,RW",1100000,4000,75,63,59,70,24,50,Adult,Average
A. Mosór,66,77,19,Piast Gliwice,Poland,CB,1700000,2000,66,33,42,48,65,73,Young,Average
D. Blacha,66,66,31,SV Meppen,Poland,"CM,CDM",700000,1000,59,58,67,70,59,65,Senior,Average
J. Guthrie,66,66,29,Northampton Town,England,CB,725000,6000,49,31,50,51,65,81,Adult,Average
Rubén Martínez,66,66,32,Albacete BP,Spain,"LM,RM",675000,3000,74,56,63,69,29,36,Senior,Average
R. Floriano,66,66,35,Palermo,Italy,"LW,RW",350000,1000,66,64,65,67,28,48,Senior,Average
A. Danzi,66,71,23,Cittadella,Italy,"CM,CDM",1300000,950,55,42,66,66,60,57,Adult,Average
J. Vela,66,66,28,Fleetwood Town,England,CM,850000,4000,62,59,64,65,62,82,Adult,Average
S. Abdullahi,66,69,25,IFK Göteborg,Nigeria,"ST,LM,RM",1100000,2000,78,64,56,66,20,76,Adult,Average
T. Lemperle,66,79,20,1. FC Köln,Germany,"RM,LM,ST",2100000,6000,71,63,59,69,32,58,Young,Average
C. Keșerü,66,66,35,AFC UTA Arad,Romania,ST,375000,2000,62,68,68,64,36,66,Senior,Average
S. Klaas,66,72,24,SC Paderborn 07,Germany,"CAM,CM",1400000,5000,73,59,65,67,47,52,Adult,Average
A. Ciobanu,66,72,24,Rapid București,Romania,"CAM,CM,LW",1400000,3000,72,66,67,67,34,56,Adult,Average
A. Kara,66,66,29,Kasimpaşa SK,Turkey,"CDM,CM",725000,4000,52,68,64,62,64,77,Adult,Average
C. Dunkley,66,66,30,Shrewsbury Town,England,CB,700000,3000,55,36,42,49,65,77,Senior,Average
M. Butean,66,68,25,AFC Hermannstadt,Romania,RB,975000,2000,77,53,62,62,58,66,Adult,Average
G. Kilkenny,66,75,22,Stoke City,Republic of Ireland,"CDM,CM",1800000,10000,61,53,65,66,61,56,Young,Average
F. Brandhof,66,69,25,Aarhus GF,Denmark,CM,1100000,5000,73,59,65,68,62,78,Adult,Average
A. Pitu,66,77,20,FC Farul Constanța,Romania,"LW,RW",1900000,3000,79,56,64,70,29,52,Young,Average
Z. Debast,66,81,18,RSC Anderlecht,Belgium,CB,1900000,2000,61,52,65,62,64,71,Young,Average
N. Kijewski,66,67,26,Eintracht Braunschweig,Germany,"LB,LM",925000,4000,71,38,59,66,62,64,Adult,Average
L. Mosevich,66,71,25,Patronato,Argentina,CB,1100000,4000,47,34,40,43,66,72,Adult,Average
M. Schröter,66,66,26,F.C. Hansa Rostock,Germany,"RM,RWB",925000,5000,86,56,60,64,60,67,Adult,Average
A. Walkes,66,72,25,Charlotte FC,England,CB,1200000,2000,61,46,57,58,64,76,Adult,Average
T. Hamer,66,72,22,Burton Albion,England,"RWB,LWB",1300000,2000,70,42,55,60,62,81,Young,Average
D. Simani,66,66,30,FC Luzern,Albania,CB,700000,5000,51,55,51,50,64,77,Senior,Average
Iván Calero,66,67,27,FC Cartagena,Spain,"RB,RM,LB",900000,3000,74,48,62,66,61,57,Adult,Average
S. Asan,66,72,23,Trabzonspor,Turkey,"RB,RM",1300000,8000,73,43,56,65,63,53,Adult,Average
S. Zellner,66,66,31,1. FC Saarbrücken,Germany,CB,575000,2000,85,50,59,62,64,74,Senior,Average
S. McLaughlin,66,66,32,Mansfield Town,Republic of Ireland,LB,600000,6000,75,61,62,64,59,67,Senior,Average
I. Näsberg,66,70,26,PAOK,Norway,CB,1100000,500,65,35,52,55,65,74,Adult,Average
J. Tell,66,71,25,Grenoble Foot 38,France,"ST,LM,RW",1300000,2000,59,66,56,65,31,63,Adult,Average
V. Sourlis,66,79,19,Fortuna Sittard,Greece,"CM,CDM",2000000,3000,72,57,63,68,59,67,Young,Average
J. Günther-Schmidt,66,66,27,1. FC Saarbrücken,Germany,"CAM,ST,LM",900000,3000,71,65,65,67,29,73,Adult,Average
W. Baeten,66,69,25,FC U Craiova 1948,Belgium,"RM,LM,CAM",1100000,4000,75,63,63,65,53,71,Adult,Average
H. Heggheim,66,76,21,Brøndby IF,Norway,CB,1800000,3000,72,29,51,56,65,71,Young,Average
N. Geyrhofer,66,73,22,SK Sturm Graz,Austria,CB,1600000,5000,57,27,40,46,66,70,Young,Average
B. Nieto,66,73,24,CD Antofagasta,Chile,RB,1600000,2000,81,49,58,64,60,66,Adult,Average
Q. Cornette,66,66,28,Le Havre AC,France,"RW,RM,CAM",850000,3000,79,63,65,68,44,53,Adult,Average
R. Wood,66,66,36,Rotherham United,England,CB,150000,4000,31,35,46,43,66,69,Senior,Average
E. Breivik,66,75,22,Molde FK,Norway,"CDM,CM",1800000,2000,75,46,60,64,61,73,Young,Average
I. Arce,66,66,30,Unión La Calera,Argentina,GK,575000,1000,66,65,62,65,25,63,Senior,Average
M. Costly,66,67,26,FC Ingolstadt 04,Germany,"RB,RM",925000,3000,88,52,56,66,54,70,Adult,Average
Conrado,66,69,25,Lechia Gdańsk,Brazil,"LB,LM",1000000,3000,81,56,59,68,59,64,Adult,Average
J. Holsgrove,66,74,22,FC Paços de Ferreira,Scotland,"CM,RM,LM",1900000,3000,62,54,66,68,54,61,Young,Average
A. Mršić,66,66,35,Ümraniyespor,Croatia,"CM,CDM",350000,3000,68,66,70,65,56,62,Senior,Average
A. Gorgon,66,66,33,Pogoń Szczecin,Austria,"CAM,RM",525000,3000,70,66,66,66,52,61,Senior,Average
K. Duah,66,70,25,1. FC Nürnberg,Switzerland,"ST,LW,RW",1200000,4000,89,65,59,65,35,74,Adult,Average
J. Igbekeme,66,67,26,Columbus Crew,Nigeria,"CM,LM",1000000,3000,73,56,65,70,64,74,Adult,Average
N. Holm,66,76,21,Stade de Reims,Norway,ST,1900000,2000,74,67,52,66,27,77,Young,Average
D. Kameri,66,83,18,FC Red Bull Salzburg,Austria,CAM,2200000,3000,73,64,62,70,38,62,Young,Average
A. Vita,66,66,29,Cittadella,Italy,CM,825000,1000,78,63,64,68,42,55,Adult,Average
K. Boto,66,68,26,AJ Auxerre,France,"LB,LWB",975000,5000,73,49,57,62,61,72,Adult,Average
Y. Nakayama,66,69,25,Huddersfield Town,Japan,"CB,LB,LWB",1000000,5000,72,47,59,64,65,72,Adult,Average
D. Florea,66,66,34,FC Voluntari,Romania,"ST,CF",425000,5000,73,65,58,71,31,58,Senior,Average
O. Antman,66,75,20,FC Nordsjælland,Finland,"CAM,ST",1900000,3000,70,63,59,68,38,52,Young,Average
Y. Ben Balla,66,70,26,SV Darmstadt 98,France,"CDM,CM",1100000,6000,67,51,53,60,65,67,Adult,Average
