Name,Overall,Potential,Age,Club,Nationality,Positions,ValueEUR,WageEUR,PaceTotal,ShootingTotal,PassingTotal,DribblingTotal,DefendingTotal,PhysicalityTotal,AgeCategory,RatingCategory
L. Messi,91,91,35,Paris Saint-Germain,Argentina,RW,54000000,195000,81,89,90,94,34,64,Senior,World Class
K. Benzema,91,91,34,Real Madrid CF,France,"CF,ST",64000000,450000,80,88,83,87,39,78,Senior,World Class
R. Lewandowski,91,91,33,FC Barcelona,Poland,ST,84000000,420000,75,91,79,86,44,83,Senior,World Class
K. De Bruyne,91,91,31,Manchester City,Belgium,"CM,CAM",107500000,350000,74,88,93,87,64,77,Senior,World Class
K. Mbappé,91,95,23,Paris Saint-Germain,France,"ST,LW",190500000,230000,97,89,80,92,36,76,Adult,World Class
M. Salah,90,90,30,Liverpool,Egypt,RW,115500000,270000,90,89,82,90,45,75,Senior,World Class
T. Courtois,90,91,30,Real Madrid CF,Belgium,GK,90000000,250000,84,89,75,90,46,89,Senior,World Class
M. Neuer,90,90,36,FC Bayern München,Germany,GK,13500000,72000,87,88,91,88,56,91,Senior,World Class
Cristiano Ronaldo,90,90,37,Manchester United,Portugal,ST,41000000,220000,81,92,78,85,34,75,Senior,World Class
V. van Dijk,90,90,30,Liverpool,Netherlands,CB,98000000,230000,81,60,71,72,91,86,Senior,World Class
H. Kane,89,89,28,Tottenham Hotspur,England,ST,105500000,240000,68,91,83,82,47,82,Adult,World Class
Neymar Jr,89,89,30,Paris Saint-Germain,Brazil,LW,99500000,200000,87,83,85,93,37,61,Senior,World Class
H. Son,89,89,29,Tottenham Hotspur,Korea Republic,"LW,LM",101000000,240000,88,89,82,86,42,69,Adult,World Class
Casemiro,89,89,30,Manchester United,Brazil,CDM,86000000,240000,63,73,75,72,87,90,Senior,World Class
J. Oblak,89,91,29,Atlético de Madrid,Slovenia,GK,85500000,100000,86,90,78,89,49,87,Adult,World Class
S. Mané,89,89,30,FC Bayern München,Senegal,"LM,CF",99500000,145000,90,83,80,88,44,77,Senior,World Class
Ederson,89,91,28,Manchester City,Brazil,GK,88000000,210000,87,82,93,88,64,88,Adult,World Class
J. Kimmich,89,90,27,FC Bayern München,Germany,"CDM,RB",105500000,130000,68,72,87,84,83,79,Adult,World Class
Alisson,89,90,29,Liverpool,Brazil,GK,79000000,190000,86,85,85,89,54,90,Adult,World Class
N. Kanté,89,89,31,Chelsea,France,"CDM,CM",72000000,220000,72,66,74,81,87,82,Senior,World Class
Rúben Dias,88,91,25,Manchester City,Portugal,CB,107500000,230000,63,39,66,68,88,88,Adult,World Class
E. Haaland,88,94,21,Manchester City,Norway,ST,148000000,220000,89,91,65,80,49,87,Young,World Class
G. Donnarumma,88,92,23,Paris Saint-Germain,Italy,GK,103500000,110000,90,83,79,89,52,85,Adult,World Class
Bernardo Silva,88,88,27,Manchester City,Portugal,"CAM,CM",97500000,260000,77,78,84,92,61,68,Adult,World Class
João Cancelo,88,88,28,Manchester City,Portugal,"LB,RB",82500000,250000,85,73,85,85,81,73,Adult,World Class
Marquinhos,88,90,28,Paris Saint-Germain,Brazil,CB,92000000,170000,79,56,75,74,89,80,Adult,World Class
K. Navas,88,88,35,Paris Saint-Germain,Costa Rica,GK,10000000,85000,89,84,75,89,54,87,Senior,World Class
M. ter Stegen,88,89,30,FC Barcelona,Germany,GK,68500000,210000,86,85,87,90,47,85,Senior,World Class
T. Kroos,88,88,32,Real Madrid CF,Germany,CM,72000000,310000,53,81,90,81,71,68,Senior,World Class
L. Modrić,88,88,36,Real Madrid CF,Croatia,CM,29000000,230000,73,76,89,88,72,66,Senior,World Class
A. Rüdiger,87,88,29,Real Madrid CF,Germany,CB,73500000,250000,82,53,71,67,86,85,Adult,World Class
Rodri,87,89,26,Manchester City,Spain,CDM,88500000,200000,58,72,78,79,83,84,Adult,World Class
Fabinho,87,88,28,Liverpool,Brazil,"CDM,CB",77000000,185000,66,69,78,77,86,83,Adult,World Class
H. Lloris,87,87,35,Tottenham Hotspur,France,GK,9000000,80000,88,83,74,88,61,84,Senior,World Class
T. Müller,87,87,32,FC Bayern München,Germany,"CAM,CF",63000000,115000,69,84,83,80,56,71,Senior,World Class
De Gea,87,87,31,Manchester United,Spain,GK,42000000,150000,88,80,76,89,51,84,Senior,World Class
M. Verratti,87,87,29,Paris Saint-Germain,Italy,"CM,CAM",77500000,155000,60,61,87,91,79,66,Adult,World Class
M. Maignan,87,90,26,AC Milan,France,GK,80000000,90000,85,82,85,89,51,85,Adult,World Class
T. Alexander-Arnold,87,90,23,Liverpool,England,RB,100500000,150000,76,69,89,80,80,73,Adult,World Class
A. Robertson,87,87,28,Liverpool,Scotland,LB,72000000,185000,80,61,81,81,82,76,Adult,World Class
K. Koulibaly,87,87,31,Chelsea,Senegal,CB,54500000,175000,82,33,59,68,88,85,Senior,World Class
L. Goretzka,87,88,27,FC Bayern München,Germany,"CM,CDM",91000000,115000,78,82,82,83,81,86,Adult,World Class
F. de Jong,87,92,25,FC Barcelona,Netherlands,CM,116500000,230000,82,69,86,87,77,78,Adult,World Class
Thiago,86,86,31,Liverpool,Spain,CM,55500000,180000,61,72,87,90,72,69,Senior,World Class
C. Immobile,86,86,32,Lazio,Italy,ST,55000000,100000,85,87,68,80,39,75,Senior,World Class
R. Lukaku,86,86,29,Inter,Belgium,ST,68000000,200000,80,85,75,77,38,82,Adult,World Class
D. Alaba,86,86,30,Real Madrid CF,Austria,CB,55500000,220000,79,71,83,80,85,77,Senior,World Class
R. Sterling,86,86,27,Chelsea,England,"LW,RW",72500000,195000,90,80,78,86,45,67,Adult,World Class
R. Mahrez,86,86,31,Manchester City,Algeria,"RW,RM",56500000,220000,80,83,81,90,38,60,Senior,World Class
P. Dybala,86,86,28,Roma,Argentina,"CF,CAM",69500000,130000,80,85,85,90,40,59,Adult,World Class
Thiago Silva,86,86,37,Chelsea,Brazil,CB,12000000,115000,49,54,73,72,87,76,Senior,World Class
W. Szczęsny,86,86,32,Juventus,Poland,GK,33500000,125000,86,81,73,87,49,86,Senior,World Class
K. Trapp,86,86,31,Eintracht Frankfurt,Germany,GK,36000000,43000,84,82,79,87,46,85,Senior,World Class
Bruno Fernandes,86,86,27,Manchester United,Portugal,"CAM,CM",72500000,190000,72,86,88,81,67,76,Adult,World Class
Parejo,86,86,33,Villarreal CF,Spain,CM,42000000,64000,50,83,90,80,71,68,Senior,World Class
A. Laporte,86,87,28,Manchester City,Spain,CB,64500000,195000,61,50,72,69,86,79,Adult,World Class
K. Coman,86,87,26,FC Bayern München,France,LM,80000000,105000,92,77,79,87,30,61,Adult,World Class
M. Brozović,86,86,29,Inter,Croatia,"CDM,CM",58000000,110000,69,74,81,81,81,78,Adult,World Class
N. Barella,86,89,25,Inter,Italy,CM,89500000,110000,79,76,83,84,77,81,Adult,World Class
L. Martínez,86,90,24,Inter,Argentina,ST,98500000,110000,83,83,72,85,48,84,Adult,World Class
M. Škriniar,86,87,27,Inter,Slovakia,CB,68500000,105000,78,41,57,69,88,86,Adult,World Class
C. Nkunku,86,89,24,RB Leipzig,France,"CF,CAM,ST",94000000,90000,88,81,83,88,65,66,Adult,World Class
É. Mendy,86,87,30,Chelsea,Senegal,GK,51000000,130000,84,82,81,88,34,85,Senior,World Class
Vinícius Jr.,86,92,21,Real Madrid CF,Brazil,LW,109000000,200000,95,79,74,90,29,67,Young,World Class
S. Milinković-Savić,86,87,27,Lazio,Serbia,CM,77500000,90000,68,80,82,82,79,86,Adult,World Class
N. Süle,85,87,26,Borussia Dortmund,Germany,"CB,RB",59000000,72000,71,48,66,59,85,83,Adult,World Class
N. Fekir,85,85,28,Real Betis Balompié,France,CAM,54500000,48000,83,82,82,87,38,80,Adult,World Class
S. Gnabry,85,85,26,FC Bayern München,Germany,RM,59000000,100000,82,84,79,85,43,69,Adult,World Class
İ. Gündoğan,85,85,31,Manchester City,Germany,"CM,CDM",44000000,185000,64,80,85,85,72,72,Senior,World Class
K. Walker,85,85,32,Manchester City,England,RB,37500000,170000,91,63,77,78,80,82,Senior,World Class
P. Aubameyang,85,85,33,Chelsea,Gabon,ST,34500000,180000,87,84,74,79,36,68,Senior,World Class
Jordi Alba,85,85,33,FC Barcelona,Spain,LB,28000000,190000,84,70,82,82,77,70,Senior,World Class
Sergio Busquets,85,85,33,FC Barcelona,Spain,CDM,26500000,190000,42,62,79,79,82,73,Senior,World Class
Iago Aspas,85,85,34,RC Celta de Vigo,Spain,ST,26000000,50000,82,85,79,86,35,63,Senior,World Class
P. Pogba,85,85,29,Juventus,France,"CM,CDM,LM",52500000,165000,67,80,85,85,62,80,Adult,World Class
M. Depay,85,85,28,FC Barcelona,Netherlands,"CF,ST,LW",55000000,230000,83,84,82,86,30,79,Adult,World Class
Jorginho,85,85,30,Chelsea,Italy,CM,51500000,165000,54,67,86,81,73,73,Senior,World Class
M. Acuña,85,85,30,Sevilla FC,Argentina,LB,46500000,46000,76,74,83,87,80,83,Senior,World Class
Gerard Moreno,85,85,30,Villarreal CF,Spain,ST,53000000,64000,78,86,77,83,46,72,Senior,World Class
Y. Carrasco,85,85,28,Atlético de Madrid,Belgium,LM,54500000,90000,89,82,80,87,53,67,Adult,World Class
F. Kostić,85,85,29,Juventus,Serbia,"LM,LWB",53000000,165000,84,78,82,82,68,80,Adult,World Class
J. Vardy,85,85,35,Leicester City,England,ST,23000000,110000,84,84,70,79,52,72,Senior,World Class
Pedri,85,93,19,FC Barcelona,Spain,CM,116000000,115000,79,67,81,87,68,73,Young,World Class
P. Foden,85,92,22,Manchester City,England,"LW,CF,CAM",109500000,180000,82,78,81,88,56,60,Young,World Class
M. de Ligt,85,89,22,FC Bayern München,Netherlands,CB,71000000,77000,75,59,61,69,84,87,Young,World Class
P. Schick,85,87,26,Bayer 04 Leverkusen,Czech Republic,ST,67500000,95000,78,83,71,83,36,76,Adult,World Class
T. Hernández,85,90,24,AC Milan,France,LB,76000000,82000,93,72,76,81,78,83,Adult,World Class
Diogo Jota,85,89,25,Liverpool,Portugal,"CF,LW",76000000,170000,85,83,75,85,57,77,Adult,World Class
P. Gulácsi,85,85,32,RB Leipzig,Hungary,GK,26500000,65000,85,84,76,85,43,83,Senior,World Class
Y. Sommer,85,85,33,Borussia Mönchengladbach,Switzerland,GK,17500000,40000,78,81,82,90,50,86,Senior,World Class
M. Reus,85,85,33,Borussia Dortmund,Germany,"CAM,CF,RM",33500000,78000,70,84,84,85,53,65,Senior,World Class
L. Hernández,84,86,26,FC Bayern München,France,"CB,LB",46000000,82000,77,54,70,71,84,80,Adult,Good Player
Sergio Ramos,84,84,36,Paris Saint-Germain,Spain,CB,7500000,75000,61,69,73,70,83,77,Senior,Good Player
A. Gómez,84,84,34,Sevilla FC,Argentina,"CAM,LW",20000000,47000,86,78,83,85,39,54,Senior,Good Player
S. Handanovič,84,84,37,Inter,Slovenia,GK,4700000,46000,80,80,65,85,43,90,Senior,Good Player
D. Mertens,84,84,35,Galatasaray SK,Belgium,"CF,ST,CAM",18000000,86000,78,82,80,87,34,49,Senior,Good Player
L. Suárez,84,84,35,Club Nacional de Football,Uruguay,ST,18000000,1000,70,86,78,78,46,81,Senior,Good Player
D. Tadić,84,84,33,Ajax,Serbia,"LW,CF,CAM",26500000,32000,68,81,86,84,43,77,Senior,Good Player
D. Berardi,84,84,27,U.S. Sassuolo Calcio,Italy,"RM,RW",45000000,57000,82,81,81,86,36,71,Adult,Good Player
T. Partey,84,84,29,Arsenal,Ghana,"CDM,CM",36000000,115000,65,71,81,80,80,83,Adult,Good Player
Y. Bounou,84,84,31,Sevilla FC,Morocco,GK,22500000,34000,84,81,76,86,36,84,Senior,Good Player
H. Çalhanoğlu,84,84,28,Inter,Turkey,CM,42000000,100000,67,80,85,86,68,64,Adult,Good Player
M. Kovačić,84,84,28,Chelsea,Croatia,CM,42000000,155000,70,69,83,88,71,71,Adult,Good Player
J. Grealish,84,84,26,Manchester City,England,"LW,LM,CAM",46000000,185000,76,76,83,87,46,69,Adult,Good Player
Carvajal,84,84,30,Real Madrid CF,Spain,RB,36500000,185000,82,54,77,80,78,79,Senior,Good Player
S. Savić,84,84,31,Atlético de Madrid,Montenegro,CB,29000000,74000,64,35,58,58,87,80,Senior,Good Player
E. Martínez,84,84,29,Aston Villa,Argentina,GK,29000000,95000,85,83,82,85,58,83,Adult,Good Player
R. Varane,84,85,29,Manchester United,France,CB,39000000,155000,81,49,64,66,85,80,Adult,Good Player
W. Ben Yedder,84,84,31,AS Monaco,France,ST,35500000,88000,81,84,78,88,39,68,Senior,Good Player
L. Insigne,84,84,31,Toronto FC,Italy,"LW,CF,LM",35000000,19000,84,78,84,89,36,45,Senior,Good Player
M. Hummels,84,84,33,Borussia Dortmund,Germany,"CB,RB,RW",20000000,66000,53,59,76,72,87,78,Senior,Good Player
S. de Vrij,84,84,30,Inter,Netherlands,CB,34500000,88000,68,41,65,69,87,79,Senior,Good Player
J. Matip,84,84,30,Liverpool,Cameroon,CB,34500000,140000,61,46,69,71,87,78,Senior,Good Player
K. Casteels,84,85,30,VfL Wolfsburg,Belgium,GK,31500000,55000,84,82,79,86,45,84,Senior,Good Player
Canales,84,84,31,Real Betis Balompié,Spain,"RM,CAM,CDM",35000000,42000,83,79,85,82,68,71,Senior,Good Player
Muniain,84,84,29,Athletic Club de Bilbao,Spain,"LM,CAM",41500000,49000,81,77,82,87,51,61,Adult,Good Player
K. Trippier,84,84,31,Newcastle United,England,"RB,RM",30500000,120000,70,64,82,77,80,72,Senior,Good Player
L. Bonucci,84,84,35,Juventus,Italy,CB,11000000,95000,54,59,69,71,85,78,Senior,Good Player
Á. Di María,84,84,34,Juventus,Argentina,RW,20000000,160000,79,79,84,87,48,67,Senior,Good Player
E. Hazard,84,84,31,Real Madrid CF,Belgium,LW,35000000,220000,83,80,82,87,35,63,Senior,Good Player
I. Perišić,84,84,33,Tottenham Hotspur,Croatia,"LM,LWB",26500000,130000,78,81,79,82,74,78,Senior,Good Player
E. Džeko,84,84,36,Inter,Bosnia and Herzegovina,ST,14500000,80000,63,84,71,77,45,75,Senior,Good Player
G. Chiellini,84,84,37,Los Angeles FC,Italy,CB,7500000,11000,65,46,60,58,85,83,Senior,Good Player
R. De Paul,84,84,28,Atlético de Madrid,Argentina,CM,42000000,85000,78,77,83,82,75,81,Adult,Good Player
J. Bellingham,84,91,19,Borussia Dortmund,England,"CM,LM",81500000,41000,75,75,78,84,77,80,Young,Good Player
F. Chiesa,84,90,24,Juventus,Italy,LW,66500000,140000,91,81,76,86,48,73,Adult,Good Player
M. Diaby,84,88,22,Bayer 04 Leverkusen,France,"RM,LM,LW",61500000,70000,93,73,75,87,42,59,Young,Good Player
J. Tartt,84,91,24,AFC Richmond,England,ST,85500000,78000,83,87,80,85,29,74,Adult,Good Player
Rafael Leão,84,90,23,AC Milan,Portugal,"LW,LM",66500000,90000,91,77,73,86,27,74,Adult,Good Player
J. Koundé,84,89,23,FC Barcelona,France,"CB,RB",57500000,150000,84,45,64,74,85,78,Adult,Good Player
Y. Tielemans,84,86,25,Leicester City,Belgium,"CM,CDM",52500000,115000,56,80,86,81,70,73,Adult,Good Player
S. Tonali,84,90,22,AC Milan,Italy,"CDM,CM",62500000,75000,81,73,81,79,79,82,Young,Good Player
L. Díaz,84,87,25,Liverpool,Colombia,"LW,LM",56000000,155000,91,80,75,87,34,73,Adult,Good Player
Éder Militão,84,89,24,Real Madrid CF,Brazil,CB,57500000,160000,86,50,70,72,85,82,Adult,Good Player
F. Valverde,84,90,23,Real Madrid CF,Uruguay,"CM,RW",66000000,175000,87,74,80,79,78,80,Adult,Good Player
L. Sané,84,85,26,FC Bayern München,Germany,LM,49500000,90000,88,81,80,85,38,66,Adult,Good Player
R. James,84,88,22,Chelsea,England,"RWB,RB",57000000,120000,81,70,82,82,80,82,Young,Good Player
A. Bastoni,84,90,23,Inter,Italy,CB,60500000,75000,73,35,69,71,86,82,Adult,Good Player
K. Havertz,84,91,23,Chelsea,Germany,"CAM,CF,ST",84500000,130000,81,79,79,84,45,66,Adult,Good Player
João Félix,84,90,22,Atlético de Madrid,Portugal,"CF,ST",68500000,78000,83,80,81,88,40,67,Young,Good Player
A. Hakimi,84,87,23,Paris Saint-Germain,Morocco,"RB,RWB",53500000,90000,92,75,79,80,75,78,Adult,Good Player
A. Davies,84,89,21,FC Bayern München,Canada,"LB,LM",60500000,59000,94,66,77,85,76,77,Young,Good Player
D. Rice,84,87,23,West Ham United,England,CDM,52000000,83000,71,64,74,76,82,83,Adult,Good Player
M. Mount,84,87,23,Chelsea,England,"CAM,RW",57500000,130000,74,81,85,82,55,67,Adult,Good Player
J. Sancho,84,88,22,Manchester United,England,"LW,RW,LM",61500000,155000,81,74,81,89,36,59,Young,Good Player
F. Tomori,84,90,24,AC Milan,England,CB,60500000,75000,86,40,60,66,86,81,Adult,Good Player
F. Kessié,84,86,25,FC Barcelona,Côte d'Ivoire,"CDM,CM",47500000,165000,78,76,74,79,82,87,Adult,Good Player
Oyarzabal,84,86,25,Real Sociedad,Spain,"LW,RW",53000000,57000,79,83,80,83,41,62,Adult,Good Player
L. Pellegrini,84,87,26,Roma,Italy,"CAM,CM",55000000,95000,79,77,83,84,74,78,Adult,Good Player
W. Ndidi,84,86,25,Leicester City,Nigeria,"CDM,CM",47500000,105000,66,62,68,73,85,83,Adult,Good Player
Marcos Llorente,84,85,27,Atlético de Madrid,Spain,"CM,RM,RB",48000000,81000,88,79,81,82,78,81,Adult,Good Player
M. Ødegaard,84,89,23,Arsenal,Norway,"CAM,CM",63500000,105000,76,75,86,84,58,63,Adult,Good Player
D. Vlahović,84,91,22,Juventus,Serbia,ST,86500000,140000,80,85,66,78,28,79,Young,Good Player
Diego Carlos,83,83,29,Aston Villa,Brazil,CB,30500000,105000,76,47,63,67,82,82,Adult,Good Player
Angeliño,83,85,25,TSG Hoffenheim,Spain,"LWB,LM",42000000,64000,78,71,82,84,76,70,Adult,Good Player
O. Dembélé,83,86,25,FC Barcelona,France,"RW,LW",48000000,180000,93,77,79,87,36,56,Adult,Good Player
Marco Asensio,83,84,26,Real Madrid CF,Spain,RW,43000000,200000,82,80,81,83,43,62,Adult,Good Player
Rúben Neves,83,86,25,Wolverhampton Wanderers,Portugal,"CM,CDM",47500000,105000,58,74,86,77,76,73,Adult,Good Player
Merino,83,86,26,Real Sociedad,Spain,CM,47000000,49000,73,78,81,82,82,81,Adult,Good Player
K. Laimer,83,84,25,RB Leipzig,Austria,"CDM,CM",38500000,64000,84,68,78,79,81,78,Adult,Good Player
P. Kimpembe,83,86,26,Paris Saint-Germain,France,CB,42000000,95000,80,43,68,69,83,86,Adult,Good Player
Fabián,83,85,26,Paris Saint-Germain,Spain,"CM,CDM",44500000,105000,61,79,80,83,74,72,Adult,Good Player
F. Mendy,83,84,27,Real Madrid CF,France,LB,38000000,170000,92,64,77,78,78,84,Adult,Good Player
Ronaldo Cabrais,83,83,30,Palmeiras,Brazil,"CAM,RM",35000000,59000,88,77,83,84,35,72,Senior,Good Player
Gabriel Jesus,83,86,25,Arsenal,Brazil,"ST,RW",48500000,115000,84,82,74,86,40,74,Adult,Good Player
Unai Simón,83,86,25,Athletic Club de Bilbao,Spain,GK,37000000,30000,82,79,77,85,49,85,Adult,Good Player
V. Osimhen,83,89,23,Napoli,Nigeria,ST,58000000,72000,90,82,65,78,40,81,Adult,Good Player
P. Højbjerg,83,85,26,Tottenham Hotspur,Denmark,"CDM,CM",40500000,110000,55,73,77,77,80,82,Adult,Good Player
C. Romero,83,88,24,Tottenham Hotspur,Argentina,CB,49500000,95000,73,46,57,65,85,82,Adult,Good Player
Raphinha,83,86,25,FC Barcelona,Brazil,"RW,RM",48000000,180000,91,79,77,85,50,73,Adult,Good Player
Carlos Soler,83,88,25,Paris Saint-Germain,Spain,"CM,RM,CDM",53000000,100000,80,77,83,80,71,72,Adult,Good Player
G. Kobel,83,88,24,Borussia Dortmund,Switzerland,GK,44000000,40000,84,80,74,88,43,79,Adult,Good Player
Pau Torres,83,89,25,Villarreal CF,Spain,CB,50500000,43000,73,38,67,70,84,81,Adult,Good Player
C. Gakpo,83,87,23,PSV,Netherlands,LW,52000000,29000,87,82,77,84,41,74,Adult,Good Player
R. Araujo,83,89,23,FC Barcelona,Uruguay,"CB,RB",52000000,135000,77,51,65,61,83,83,Adult,Good Player
R. Kent,83,83,40,AFC Richmond,England,"CDM,CM",0,45000,58,71,78,75,79,83,Senior,Good Player
D. Zapata,83,83,31,Atalanta,Colombia,ST,30500000,77000,78,82,63,79,35,85,Senior,Good Player
Á. Correa,83,84,27,Atlético de Madrid,Argentina,"ST,RM,CF",42500000,80000,85,84,77,87,50,74,Adult,Good Player
J. Giménez,83,85,27,Atlético de Madrid,Uruguay,CB,38500000,68000,71,46,57,60,85,83,Adult,Good Player
T. Lemar,83,86,26,Atlético de Madrid,France,"CM,LM,RM",47000000,74000,82,78,83,87,68,64,Adult,Good Player
Bremer,83,87,25,Juventus,Brazil,CB,45500000,115000,78,50,56,65,84,79,Adult,Good Player
J. Cuadrado,83,83,34,Juventus,Colombia,"RB,RM",13500000,120000,90,75,78,87,76,72,Senior,Good Player
P. Zieliński,83,83,28,Napoli,Poland,"CAM,CM",36500000,78000,81,77,81,86,70,62,Adult,Good Player
Jesús Navas,83,83,36,Sevilla FC,Spain,"RB,RM",8000000,28000,85,68,82,81,79,57,Senior,Good Player
Piqué,83,83,35,FC Barcelona,Spain,CB,9500000,110000,56,61,71,68,83,76,Senior,Good Player
K. Schmeichel,83,83,35,OGC Nice,Denmark,GK,4000000,31000,81,78,79,86,45,81,Senior,Good Player
J. Henderson,83,83,32,Liverpool,England,"CM,CDM",28500000,135000,66,74,83,78,78,81,Senior,Good Player
Fernando,83,83,34,Sevilla FC,Brazil,"CDM,CB",12500000,39000,65,62,76,73,83,81,Senior,Good Player
L. Hrádecký,83,83,32,Bayer 04 Leverkusen,Finland,GK,18000000,55000,84,77,69,87,40,82,Senior,Good Player
David Silva,83,83,36,Real Sociedad,Spain,"CAM,CM",12000000,37000,61,72,86,85,52,53,Senior,Good Player
O. Baumann,83,83,32,TSG Hoffenheim,Germany,GK,18000000,40000,83,82,79,84,49,79,Senior,Good Player
A. Griezmann,83,83,31,Atlético de Madrid,France,"ST,CF,RW",30500000,185000,80,82,83,85,52,72,Senior,Good Player
Luis Alberto,83,83,29,Lazio,Spain,CM,35500000,74000,54,75,86,83,57,57,Adult,Good Player
Roberto Firmino,83,83,30,Liverpool,Brazil,CF,35500000,150000,74,76,79,87,59,78,Senior,Good Player
J. Stones,83,84,28,Manchester City,England,CB,34500000,150000,72,51,71,75,84,77,Adult,Good Player
H. Ziyech,83,83,29,Chelsea,Morocco,"RW,CAM",35500000,155000,76,77,87,83,50,65,Adult,Good Player
Koke,83,83,30,Atlético de Madrid,Spain,"CM,CDM",34500000,74000,70,72,84,79,78,79,Senior,Good Player
Ricardo Pereira,83,83,28,Leicester City,Portugal,"RB,RWB",33000000,105000,79,67,79,81,80,73,Adult,Good Player
J. Maddison,82,84,25,Leicester City,England,"CAM,RM",38000000,100000,73,78,84,85,54,62,Adult,Good Player
G. Rulli,82,82,30,Villarreal CF,Argentina,GK,20500000,34000,82,79,80,83,54,81,Senior,Good Player
A. Kramarić,82,82,31,TSG Hoffenheim,Croatia,"CF,CAM",25500000,54000,71,80,79,85,30,72,Senior,Good Player
Rafa,82,82,29,SL Benfica,Portugal,"RW,RM,CF",30000000,24000,91,73,75,86,50,52,Adult,Good Player
G. Di Lorenzo,82,82,28,Napoli,Italy,RB,27500000,66000,85,66,73,77,78,80,Adult,Good Player
David Soria,82,82,29,Getafe CF,Spain,GK,21000000,32000,82,81,73,83,43,81,Adult,Good Player
M. Locatelli,82,86,24,Juventus,Italy,"CDM,CM",40000000,37000,63,72,79,78,79,79,Adult,Good Player
R. Gosens,82,82,27,Inter,Germany,"LWB,LM",29500000,59000,82,75,74,79,77,80,Adult,Good Player
Gonçalo Guedes,82,85,25,Wolverhampton Wanderers,Portugal,"ST,LM,CF",41000000,105000,86,83,74,83,38,70,Adult,Good Player
J. Tah,82,84,26,Bayer 04 Leverkusen,Germany,CB,33500000,62000,67,37,59,61,83,85,Adult,Good Player
A. Christensen,82,86,26,FC Barcelona,Denmark,CB,37500000,145000,68,32,66,70,84,74,Adult,Good Player
E. Can,82,82,28,Borussia Dortmund,Germany,"CM,CB,CDM",30500000,63000,79,78,77,80,82,87,Adult,Good Player
Anderson Talisca,82,82,28,Al Nassr,Brazil,"CF,ST,CAM",31000000,64000,80,82,78,83,52,75,Adult,Good Player
J. Brandt,82,85,26,Borussia Dortmund,Germany,"CAM,CM,RM",40000000,60000,67,78,82,85,48,65,Adult,Good Player
T. Werner,82,84,26,RB Leipzig,Germany,"ST,LW",38000000,73000,90,80,69,82,35,69,Adult,Good Player
Gayà,82,83,27,Valencia CF,Spain,"LB,LM",32000000,44000,83,61,76,80,78,73,Adult,Good Player
Otávio,82,82,27,FC Porto,Portugal,"RM,LM",32500000,21000,78,69,80,85,63,71,Adult,Good Player
Grimaldo,82,83,26,SL Benfica,Spain,"LB,LWB,LM",33000000,19000,87,65,81,83,74,71,Adult,Good Player
R. Guerreiro,82,82,28,Borussia Dortmund,Portugal,"LB,LM",27500000,57000,74,77,86,87,75,55,Adult,Good Player
A. Onana,82,85,26,Inter,Cameroon,GK,30500000,59000,81,80,86,83,61,80,Adult,Good Player
M. Ginter,82,83,28,Sport-Club Freiburg,Germany,CB,29000000,40000,60,59,71,66,84,79,Adult,Good Player
S. Haller,82,82,28,Borussia Dortmund,Côte d'Ivoire,ST,31000000,68000,65,80,62,74,52,82,Adult,Good Player
Aritz Elustondo,82,83,28,Real Sociedad,Spain,"CB,RB",29000000,43000,64,39,65,62,82,78,Adult,Good Player
T. Abraham,82,85,24,Roma,England,ST,42000000,77000,83,81,66,78,36,80,Adult,Good Player
I. Bennacer,82,86,24,AC Milan,Algeria,"CDM,CM",40000000,63000,77,68,80,86,77,76,Adult,Good Player
Álex Remiro,82,84,27,Real Sociedad,Spain,GK,28000000,34000,83,76,79,84,42,85,Adult,Good Player
D. Rojas,82,83,26,AFC Richmond,Mexico,ST,36500000,74000,83,83,75,82,28,75,Adult,Good Player
F. Wirtz,82,91,19,Bayer 04 Leverkusen,Germany,"CAM,CM",66000000,38000,78,73,80,86,51,60,Young,Good Player
Antony,82,88,22,Manchester United,Brazil,"RW,RM",49000000,130000,93,74,75,86,39,69,Young,Good Player
D. Núñez,82,89,23,Liverpool,Uruguay,"ST,LW",61500000,120000,89,82,68,77,42,86,Adult,Good Player
N. Schlotterbeck,82,88,22,Borussia Dortmund,Germany,CB,44500000,47000,76,56,66,72,84,78,Young,Good Player
B. Saka,82,89,20,Arsenal,England,"RM,LM",60500000,76000,84,74,78,83,65,65,Young,Good Player
Dani Olmo,82,87,24,RB Leipzig,Spain,"CAM,CF",46000000,59000,67,76,81,86,50,59,Adult,Good Player
A. Tchouaméni,82,89,22,Real Madrid CF,France,"CM,CDM",61500000,145000,70,70,79,78,81,82,Young,Good Player
Ferran Torres,82,88,22,FC Barcelona,Spain,"LW,ST",49000000,150000,84,79,79,83,35,67,Young,Good Player
N. Mazraoui,82,86,24,FC Bayern München,Morocco,RB,40500000,59000,84,66,77,82,76,74,Adult,Good Player
A. Danjuma,82,83,25,Villarreal CF,Netherlands,"LM,ST",36500000,43000,88,81,75,82,42,68,Adult,Good Player
A. Ramsdale,82,86,24,Arsenal,England,GK,34500000,62000,83,77,85,84,48,78,Adult,Good Player
Lucas Paquetá,82,87,24,West Ham United,Brazil,"CAM,CM,CF",46000000,77000,72,78,79,85,69,78,Adult,Good Player
D. Dumfries,82,84,26,Inter,Netherlands,"RWB,RM",34500000,73000,83,63,70,73,78,89,Adult,Good Player
R. Malinovskyi,82,82,29,Atalanta,Ukraine,"CF,CAM",30500000,73000,76,81,83,81,64,80,Adult,Good Player
R. Jiménez,82,82,31,Wolverhampton Wanderers,Mexico,ST,25500000,110000,73,81,76,80,47,82,Senior,Good Player
Josué Chiamulera,82,82,30,Club Athletico Paranaense,Brazil,CB,25000000,23000,78,43,56,64,85,79,Senior,Good Player
Lucas Mantela,82,82,22,Palmeiras,Brazil,GK,27000000,33000,79,87,85,81,35,77,Young,Good Player
B. Chilwell,82,85,25,Chelsea,England,"LWB,LB",37000000,110000,76,60,78,78,78,75,Adult,Good Player
André Silva,82,84,26,RB Leipzig,Portugal,ST,38000000,73000,74,83,70,82,47,78,Adult,Good Player
C. Pulisic,82,88,23,Chelsea,United States,"LW,RW,LM",48000000,120000,87,71,73,86,37,59,Adult,Good Player
J. Pickford,82,84,28,Everton,England,GK,26000000,45000,84,77,87,87,51,80,Adult,Good Player
Sergi Darder,82,82,28,RCD Espanyol de Barcelona,Spain,"CM,CDM,CAM",30500000,30000,82,74,82,83,74,77,Adult,Good Player
W. Orban,82,82,29,RB Leipzig,Hungary,CB,25500000,65000,57,36,53,56,84,81,Adult,Good Player
I. Gueye,82,82,32,Everton,Senegal,"CDM,CM",20500000,53000,67,66,72,78,83,76,Senior,Good Player
Z. Ibrahimović,82,82,40,AC Milan,Sweden,ST,0,63000,58,85,76,77,34,72,Senior,Good Player
Iñigo Martínez,82,82,31,Athletic Club de Bilbao,Spain,CB,21000000,35000,71,56,67,61,82,80,Senior,Good Player
Ł. Fabiański,82,82,37,West Ham United,Poland,GK,3400000,43000,82,82,71,82,49,83,Senior,Good Player
I. Rakitić,82,82,34,Sevilla FC,Croatia,CM,14000000,39000,53,80,86,78,75,68,Senior,Good Player
D. Payet,82,82,35,Olympique de Marseille,France,"CAM,LW,ST",12500000,40000,70,78,84,83,40,65,Senior,Good Player
Rui Patrício,82,82,34,Roma,Portugal,GK,5000000,59000,82,80,77,83,55,80,Senior,Good Player
O. Giroud,82,82,35,AC Milan,France,ST,13000000,66000,42,83,72,73,42,78,Senior,Good Player
S. Kjær,82,82,33,AC Milan,Denmark,CB,14500000,73000,62,54,64,60,84,78,Senior,Good Player
Yuri Berchiche,82,82,32,Athletic Club de Bilbao,Spain,LB,21000000,35000,81,68,76,76,79,82,Senior,Good Player
T. Alderweireld,82,82,33,Royal Antwerp FC,Belgium,CB,14500000,30000,57,55,70,67,85,75,Senior,Good Player
M. Arnautović,82,82,33,Bologna,Austria,ST,19500000,51000,78,82,79,79,44,82,Senior,Good Player
Azpilicueta,82,82,32,Chelsea,Spain,"CB,RWB,RB",20000000,115000,64,55,76,72,84,76,Senior,Good Player
Coutinho,82,82,30,Aston Villa,Brazil,"CAM,LW,CM",29500000,100000,62,79,80,88,52,59,Senior,Good Player
C. Eriksen,82,82,30,Manchester United,Denmark,"CM,CAM,CDM",29000000,135000,61,78,88,80,53,52,Senior,Good Player
Raúl Albiol,82,82,36,Villarreal CF,Spain,CB,5500000,30000,38,41,62,63,85,71,Senior,Good Player
S. Coates,82,82,31,Sporting CP,Uruguay,CB,21000000,19000,68,49,55,62,84,87,Senior,Good Player
L. Digne,82,82,28,Aston Villa,France,LB,27500000,100000,78,69,80,79,77,76,Adult,Good Player
Isco,82,82,30,Sevilla FC,Spain,"CAM,LW,CM",29500000,39000,65,75,80,88,59,58,Senior,Good Player
G. Kondogbia,82,82,29,Atlético de Madrid,Central African Republic,"CM,CDM,CB",29500000,71000,68,75,77,76,81,88,Adult,Good Player
Gabriel Paulista,82,82,31,Valencia CF,Brazil,CB,21000000,44000,67,49,71,65,84,83,Senior,Good Player
Nacho Fernández,82,82,32,Real Madrid CF,Spain,"CB,LB",20000000,155000,75,37,69,70,82,80,Senior,Good Player
K. Volland,82,82,29,AS Monaco,Germany,"ST,CF,CAM",30500000,76000,70,85,79,80,46,84,Adult,Good Player
L. Spinazzola,82,82,29,Roma,Italy,"LWB,LM",27000000,77000,91,64,73,80,78,69,Adult,Good Player
S. Berghuis,82,82,30,Ajax,Netherlands,"CAM,RW",29500000,25000,80,82,83,82,40,69,Senior,Good Player
A. Lopes,82,82,31,Olympique Lyonnais,Portugal,GK,16000000,60000,84,78,71,86,63,80,Senior,Good Player
L. Muriel,82,82,31,Atalanta,Colombia,ST,25500000,70000,89,83,74,86,27,67,Senior,Good Player
W. Zaha,82,82,29,Crystal Palace,Côte d'Ivoire,"LW,CF",30000000,85000,91,79,73,86,37,76,Adult,Good Player
F. Acerbi,82,82,34,Inter,Italy,CB,10000000,59000,62,50,64,64,85,78,Senior,Good Player
E. Ndicka,81,85,22,Eintracht Frankfurt,France,CB,34000000,30000,80,51,71,73,81,79,Young,Good Player
T. Souček,81,83,27,West Ham United,Czech Republic,"CDM,CM",28000000,75000,57,72,73,72,82,85,Adult,Good Player
A. Barák,81,82,27,Fiorentina,Czech Republic,"CF,CM",30000000,41000,74,79,80,81,65,75,Adult,Good Player
M. Terrier,81,84,25,Stade Rennais FC,France,"LW,ST",34000000,61000,85,81,75,78,36,70,Adult,Good Player
D. Raum,81,85,24,RB Leipzig,Germany,"LWB,LM,LB",34500000,49000,87,59,77,78,71,77,Adult,Good Player
Y. Bissouma,81,86,25,Tottenham Hotspur,Mali,"CDM,CM",34500000,88000,72,68,75,79,80,77,Adult,Good Player
A. Areola,81,82,29,West Ham United,France,GK,20000000,64000,85,79,75,84,55,78,Adult,Good Player
I. Sangaré,81,86,24,PSV,Côte d'Ivoire,"CDM,CM",35500000,20000,66,66,73,75,81,86,Adult,Good Player
J. Corona,81,81,29,Sevilla FC,Mexico,"RW,LW",25500000,40000,82,65,80,86,73,67,Adult,Good Player
T. Delaney,81,81,30,Sevilla FC,Denmark,"CDM,CM",21500000,33000,72,71,74,73,82,81,Senior,Good Player
A. Lacazette,81,81,31,Olympique Lyonnais,France,ST,22000000,81000,70,81,76,83,44,74,Senior,Good Player
N. Zaniolo,81,88,22,Roma,Italy,"CF,RW,RM",53000000,71000,87,75,72,82,62,83,Young,Good Player
Neto,81,81,32,AFC Bournemouth,Brazil,GK,13000000,47000,82,78,77,80,54,78,Senior,Good Player
I. Konaté,81,88,23,Liverpool,France,CB,48000000,90000,78,34,57,67,82,80,Adult,Good Player
Pedro Porro,81,87,22,Sporting CP,Spain,"RWB,RM",38500000,15000,82,71,75,80,75,78,Young,Good Player
Cucurella,81,85,23,Chelsea,Spain,"LB,CB,LM",34500000,90000,76,68,78,80,77,74,Adult,Good Player
L. Martínez,81,86,24,Manchester United,Argentina,"CB,LB,CDM",35000000,95000,72,60,76,77,82,83,Adult,Good Player
Matheus Cunha,81,86,23,Atlético de Madrid,Brazil,"ST,CAM,LM",39500000,60000,84,82,75,84,32,74,Adult,Good Player
Pedro Gonçalves,81,86,24,Sporting CP,Portugal,"RW,LW,CF",39000000,19000,76,80,80,84,56,64,Adult,Good Player
M. Taremi,81,81,29,FC Porto,Iran,"ST,CF",25500000,22000,77,80,74,81,38,72,Adult,Good Player
Rodrygo,81,88,21,Real Madrid CF,Brazil,"RW,LW",52500000,130000,88,76,74,84,32,56,Young,Good Player
E. Tapsoba,81,86,23,Bayer 04 Leverkusen,Burkina Faso,CB,35000000,49000,70,54,65,70,83,79,Adult,Good Player
D. Kulusevski,81,87,22,Tottenham Hotspur,Sweden,"RW,CF",41500000,105000,78,77,79,83,56,76,Young,Good Player
Bruno Guimarães,81,86,24,Newcastle United,Brazil,"CM,CDM",38500000,88000,69,67,79,81,76,77,Adult,Good Player
J. Gvardiol,81,89,20,RB Leipzig,Croatia,"CB,LB",53000000,41000,82,54,69,74,80,83,Young,Good Player
J. Musiala,81,90,19,FC Bayern München,Germany,"CM,LM,CAM",55500000,39000,76,73,75,87,63,60,Young,Good Player
S. Obisanya,81,88,22,AFC Richmond,Nigeria,"RM,RB",52500000,55000,89,74,78,81,71,73,Young,Good Player
Pablo Sarabia,81,81,30,Paris Saint-Germain,Spain,"RW,CAM,LW",25000000,95000,73,76,82,82,57,59,Senior,Good Player
Marc Bartra,81,81,31,Trabzonspor,Spain,CB,17500000,44000,71,61,73,73,81,74,Senior,Good Player
Felipe,81,81,33,Atlético de Madrid,Brazil,CB,12500000,57000,59,43,59,61,81,83,Senior,Good Player
H. Maguire,81,82,29,Manchester United,England,CB,24000000,120000,48,57,68,67,80,84,Adult,Good Player
Heberto Gaúcho,81,81,26,Clube Atlético Mineiro,Brazil,"CB,CDM",24500000,43000,71,61,57,63,82,80,Adult,Good Player
Oswaldinato,81,81,30,Flamengo,Brazil,ST,25500000,54000,76,81,67,77,20,78,Senior,Good Player
Nailton Padrenda,81,81,26,Clube Atlético Mineiro,Brazil,"CAM,CF,ST",28000000,47000,82,73,77,82,52,70,Adult,Good Player
Welington Dano,81,81,22,Clube Atlético Mineiro,Brazil,"LB,LM",27500000,37000,79,54,76,79,75,74,Young,Good Player
Adriano Bisesi,81,81,30,RB Bragantino,Brazil,"ST,CF",25500000,27000,78,84,62,72,33,71,Senior,Good Player
Rosival Dourado,81,81,22,Sport Club Corinthians Paulista,Brazil,"CDM,CM,CAM",27000000,31000,77,57,74,77,82,68,Young,Good Player
Adryan Zonta,81,81,30,RB Bragantino,Brazil,"LWB,LB",22000000,23000,93,66,75,76,72,77,Senior,Good Player
G. Mancini,81,83,26,Roma,Italy,CB,28000000,68000,67,45,50,59,81,87,Adult,Good Player
G. Rodríguez,81,82,27,Real Betis Balompié,Argentina,CDM,26500000,30000,51,57,71,68,84,77,Adult,Good Player
D. Upamecano,81,87,23,FC Bayern München,France,CB,37000000,54000,82,43,61,68,80,81,Adult,Good Player
Palhinha,81,83,26,Fulham,Portugal,"CDM,CM",28500000,66000,63,65,70,72,82,89,Adult,Good Player
D. Zakaria,81,86,25,Chelsea,Switzerland,"CDM,CM",34500000,95000,82,64,73,77,80,85,Adult,Good Player
M. Akanji,81,82,26,Manchester City,Switzerland,CB,26500000,120000,77,48,70,74,83,78,Adult,Good Player
A. Zambo Anguissa,81,83,26,Napoli,Cameroon,"CDM,CM",28500000,58000,78,68,71,81,80,84,Adult,Good Player
K. Tierney,81,85,25,Arsenal,Scotland,LB,33000000,82000,84,60,75,78,76,79,Adult,Good Player
M. Rashford,81,85,24,Manchester United,England,"LW,ST",37000000,120000,87,82,75,81,41,71,Adult,Good Player
Richarlison,81,84,25,Tottenham Hotspur,Brazil,"ST,LW",34500000,105000,82,79,72,82,53,79,Adult,Good Player
Gabriel,81,87,24,Arsenal,Brazil,CB,37000000,74000,68,36,60,58,83,80,Adult,Good Player
H. Mkhitaryan,81,81,33,Inter,Armenia,"CAM,CM",16000000,74000,82,79,78,83,56,72,Senior,Good Player
N. Otamendi,81,81,34,SL Benfica,Argentina,CB,8500000,18000,63,57,62,59,83,81,Senior,Good Player
M. Götze,81,81,30,Eintracht Frankfurt,Germany,"CAM,ST,CM",25000000,38000,67,74,83,84,55,67,Senior,Good Player
C. Smalling,81,81,32,Roma,England,CB,16500000,68000,62,47,58,60,83,80,Senior,Good Player
N. Pope,81,81,30,Newcastle United,England,GK,17000000,75000,80,82,75,83,49,80,Senior,Good Player
Rafael Tolói,81,81,31,Atalanta,Italy,CB,17500000,55000,67,52,59,65,82,82,Senior,Good Player
E. Cavani,81,81,35,Valencia CF,Uruguay,ST,11000000,37000,61,83,68,72,51,73,Senior,Good Player
É. Banega,81,81,34,Al Shabab,Argentina,"CM,CDM,CAM",12000000,47000,62,74,83,82,75,72,Senior,Good Player
Adán,81,81,35,Sporting CP,Spain,GK,2900000,9000,79,82,78,80,55,83,Senior,Good Player
G. Bale,81,81,32,Los Angeles FC,Wales,"RW,RM",20500000,14000,80,84,81,79,55,69,Senior,Good Player
J. Vertonghen,81,81,35,RSC Anderlecht,Belgium,CB,7000000,21000,69,62,72,67,83,78,Senior,Good Player
C. Vela,81,81,33,Los Angeles FC,Mexico,"RW,LW,CAM",16000000,14000,77,79,76,83,30,64,Senior,Good Player
João Moutinho,81,81,35,Wolverhampton Wanderers,Portugal,CM,10500000,70000,47,71,84,79,71,66,Senior,Good Player
Pepe,81,81,39,FC Porto,Portugal,CB,4600000,12000,77,51,60,61,81,87,Senior,Good Player
G. Lo Celso,81,83,26,Villarreal CF,Argentina,"CM,ST,LM",31500000,100000,71,75,83,84,68,72,Adult,Good Player
Oscar,81,81,30,Shanghai Port FC,Brazil,"CAM,CM,LW",25000000,28000,79,78,82,83,59,67,Senior,Good Player
J. Gomez,81,86,25,Liverpool,England,"CB,RB",34000000,100000,80,30,67,69,81,78,Adult,Good Player
José Sá,81,82,29,Wolverhampton Wanderers,Portugal,GK,20000000,74000,83,78,73,83,52,79,Adult,Good Player
Borja Iglesias,81,81,29,Real Betis Balompié,Spain,ST,25500000,36000,66,82,65,74,40,81,Adult,Good Player
J. Ward-Prowse,81,82,27,Southampton,England,CM,29500000,69000,59,74,86,78,67,73,Adult,Good Player
L. Ocampos,81,81,27,Ajax,Argentina,"RW,LW",27500000,39000,80,81,77,82,62,83,Adult,Good Player
E. Višća,81,81,32,Trabzonspor,Bosnia and Herzegovina,"RM,RW",20500000,48000,87,78,78,82,47,64,Senior,Good Player
T. Savanier,81,81,30,Montpellier Hérault SC,France,"CAM,CM",25000000,33000,64,76,84,83,69,68,Senior,Good Player
E. Forsberg,81,81,30,RB Leipzig,Sweden,"CAM,CF,ST",25000000,62000,71,73,83,83,35,62,Senior,Good Player
Lucas Vázquez,81,81,31,Real Madrid CF,Spain,"RB,RW",18500000,140000,82,73,79,80,73,69,Senior,Good Player
G. Laborde,81,81,28,OGC Nice,France,ST,26500000,61000,74,81,76,79,40,79,Adult,Good Player
J. Hofmann,81,81,29,Borussia Mönchengladbach,Germany,"CAM,RM,LM",25500000,40000,73,76,80,80,64,72,Adult,Good Player
N. Tagliafico,81,81,29,Olympique Lyonnais,Argentina,LB,22500000,72000,80,56,72,75,80,80,Adult,Good Player
K. Demirbay,81,81,28,Bayer 04 Leverkusen,Germany,"CM,CDM,CAM",25500000,65000,69,76,81,82,71,72,Adult,Good Player
O. Vlachodimos,81,83,28,SL Benfica,Greece,GK,22000000,15000,84,78,67,84,43,78,Adult,Good Player
V. Grifo,81,81,29,Sport-Club Freiburg,Italy,"LM,CF",25500000,40000,74,75,80,81,40,63,Adult,Good Player
R. Andrich,81,82,27,Bayer 04 Leverkusen,Germany,"CDM,CM",26500000,57000,63,76,76,73,79,85,Adult,Good Player
R. Le Normand,81,86,25,Real Sociedad,France,CB,34000000,36000,63,25,53,58,83,80,Adult,Good Player
Ricardo Horta,81,81,27,SC Braga,Portugal,"CF,ST,LW",28000000,23000,79,82,79,80,43,70,Adult,Good Player
S. Lobotka,81,82,27,Napoli,Slovakia,"CM,CDM",29500000,64000,71,68,79,81,73,70,Adult,Good Player
K. Phillips,81,85,26,Manchester City,England,"CDM,CM",32000000,120000,66,65,77,76,79,82,Adult,Good Player
M. Uribe,81,81,31,FC Porto,Colombia,"CM,CDM",21000000,19000,75,76,75,79,80,82,Senior,Good Player
L. Torreira,81,83,26,Galatasaray SK,Uruguay,"CDM,CM",28500000,73000,72,70,76,80,78,76,Adult,Good Player
M. Pašalić,81,81,27,Atalanta,Croatia,"CAM,CF,CM",27500000,60000,75,79,76,80,67,77,Adult,Good Player
N. Keïta,81,82,27,Liverpool,Guinea,CM,29500000,115000,69,74,76,86,69,68,Adult,Good Player
C. Tolisso,81,81,27,Olympique Lyonnais,France,"CM,CDM",27500000,75000,69,78,77,79,77,77,Adult,Good Player
H. Lozano,81,81,26,Napoli,Mexico,RW,28000000,69000,93,76,72,82,41,62,Adult,Good Player
M. Politano,81,81,28,Napoli,Italy,"RW,RM",26000000,72000,83,77,78,84,42,55,Adult,Good Player
A. Saint-Maximin,81,83,25,Newcastle United,France,LM,32500000,95000,90,73,73,88,27,68,Adult,Good Player
S. Fofana,81,81,27,Racing Club de Lens,Côte d'Ivoire,CM,27500000,43000,73,74,75,80,73,85,Adult,Good Player
Iñaki Williams,81,81,28,Athletic Club de Bilbao,Ghana,ST,26500000,40000,94,78,72,78,38,83,Adult,Good Player
J. Musso,81,82,28,Atalanta,Argentina,GK,20500000,47000,82,78,73,86,44,82,Adult,Good Player
B. Bourigeaud,81,81,28,Stade Rennais FC,France,"RW,RM,LM",26000000,66000,76,77,83,81,66,76,Adult,Good Player
Y. En-Nesyri,80,85,25,Sevilla FC,Morocco,ST,31500000,35000,78,80,59,74,35,76,Adult,Good Player
Javi Galán,80,80,27,RC Celta de Vigo,Spain,LB,20500000,28000,78,55,74,82,75,71,Adult,Good Player
F. Neuhaus,80,84,25,Borussia Mönchengladbach,Germany,CM,29000000,34000,68,73,79,80,66,67,Adult,Good Player
H. Barnes,80,83,24,Leicester City,England,"LM,LW",29000000,77000,86,77,75,81,45,64,Adult,Good Player
A. Isak,80,85,22,Newcastle United,Sweden,ST,33000000,90000,83,79,68,83,29,68,Young,Good Player
L. Sinisterra,80,86,23,Leeds United,Colombia,"LW,LM",33500000,48000,89,73,72,85,53,63,Adult,Good Player
X. Schlager,80,84,24,RB Leipzig,Austria,"CDM,CM",27500000,46000,67,70,73,77,73,81,Adult,Good Player
D. Kamada,80,82,25,Eintracht Frankfurt,Japan,"CAM,CF",26500000,34000,74,68,79,83,46,61,Adult,Good Player
M. Arambarri,80,85,26,Getafe CF,Uruguay,"CDM,CM",28000000,32000,61,64,73,73,78,77,Adult,Good Player
A. Lafont,80,85,23,FC Nantes,France,GK,25500000,21000,83,77,68,86,47,77,Adult,Good Player
Maikel Catarino,80,80,26,Sport Club Corinthians Paulista,Brazil,"RB,RM",21000000,34000,76,51,70,77,77,70,Adult,Good Player
Renato Sanches,80,85,24,Paris Saint-Germain,Portugal,"CM,RM",31500000,72000,83,74,77,84,72,84,Adult,Good Player
Arthur,80,82,25,Liverpool,Brazil,"CM,CDM",26500000,100000,71,65,80,86,72,69,Adult,Good Player
Tony Abranjes,80,80,34,Internacional,Brazil,CB,7000000,32000,67,39,55,58,81,85,Senior,Good Player
Laure Santeiro,80,80,22,Fluminense,Brazil,"CAM,LM,LW",25000000,27000,80,72,77,82,26,45,Young,Good Player
Héniton Pires,80,80,26,Flamengo,Brazil,GK,16500000,35000,81,75,78,79,41,81,Adult,Good Player
M. Guendouzi,80,86,23,Olympique de Marseille,France,"CM,CDM",33000000,41000,73,66,79,77,77,80,Adult,Good Player
L. Bailey,80,83,24,Aston Villa,Jamaica,"RM,RW,LW",29000000,77000,92,78,74,83,33,61,Adult,Good Player
A. Wan-Bissaka,80,83,24,Manchester United,England,RB,26500000,90000,82,50,66,75,78,73,Adult,Good Player
D. Sow,80,82,25,Eintracht Frankfurt,Switzerland,"CM,CDM",26500000,34000,77,69,77,78,77,80,Adult,Good Player
Mario Hermoso,80,82,27,Atlético de Madrid,Spain,"CB,LB",22500000,53000,75,49,73,71,81,80,Adult,Good Player
D. Calabria,80,83,25,AC Milan,Italy,RB,25500000,60000,79,57,70,74,79,73,Adult,Good Player
E. Álvarez,80,84,24,Ajax,Mexico,"CDM,CM",27500000,17000,71,57,67,69,82,86,Adult,Good Player
T. Koopmeiners,80,84,24,Atalanta,Netherlands,"CM,CDM",30000000,49000,70,72,80,76,76,77,Adult,Good Player
B. Kamara,80,86,22,Aston Villa,France,CDM,31000000,69000,70,54,71,73,80,79,Young,Good Player
V. Tsygankov,80,85,24,Dynamo Kyiv,Ukraine,RM,32000000,1000,85,74,78,80,46,59,Adult,Good Player
M. Dmitrović,80,81,30,Sevilla FC,Serbia,GK,16000000,25000,77,79,78,81,37,80,Senior,Good Player
I. McAdoo,80,83,26,AFC Richmond,England,CB,24500000,54000,63,62,55,56,81,83,Adult,Good Player
J. Frimpong,80,86,21,Bayer 04 Leverkusen,Netherlands,"RB,RWB",31500000,38000,94,54,73,83,72,70,Young,Good Player
Nuno Mendes,80,88,20,Paris Saint-Germain,Portugal,"LB,LWB",44000000,54000,89,57,73,78,74,73,Young,Good Player
S. Botman,80,86,22,Newcastle United,Netherlands,CB,31000000,74000,58,37,60,62,80,84,Young,Good Player
J. Timber,80,88,21,Ajax,Netherlands,"CB,RB",44500000,14000,82,47,67,77,81,81,Young,Good Player
Renan Lodi,80,85,24,Nottingham Forest,Brazil,"LB,LM",29500000,46000,83,68,76,80,74,75,Adult,Good Player
Reguilón,80,83,25,Atlético de Madrid,Spain,"LWB,LB",25500000,82000,83,57,74,78,77,69,Adult,Good Player
V. Coufal,80,80,29,West Ham United,Czech Republic,"RB,RWB",18500000,73000,73,56,73,75,78,81,Adult,Good Player
A. Rrahmani,80,80,28,Napoli,Kosovo,CB,18000000,57000,61,51,58,61,82,80,Adult,Good Player
S. McTominay,80,83,25,Manchester United,Scotland,"CDM,CM",25000000,100000,63,74,74,75,78,85,Adult,Good Player
L. Majer,80,85,24,Stade Rennais FC,Croatia,CM,31500000,47000,69,73,81,83,60,67,Adult,Good Player
W. Saliba,80,87,21,Arsenal,France,CB,40000000,58000,78,39,67,71,80,79,Young,Good Player
D. Livaković,80,83,27,Dinamo Zagreb,Croatia,GK,20500000,1000,80,76,71,84,56,77,Adult,Good Player
R. Baku,80,84,24,VfL Wolfsburg,Germany,"RM,RB,CM",30000000,46000,82,73,73,81,70,78,Adult,Good Player
N. González,80,85,24,Fiorentina,Argentina,"RW,LW",32000000,58000,87,73,73,83,45,64,Adult,Good Player
E. Smith Rowe,80,87,21,Arsenal,England,"LM,CAM",43000000,65000,78,71,76,81,32,61,Young,Good Player
J. Clauss,80,80,29,Olympique de Marseille,France,RWB,18500000,45000,84,69,76,78,69,70,Adult,Good Player
W. McKennie,80,85,23,Juventus,United States,"CM,LM",31500000,90000,82,74,76,80,78,83,Adult,Good Player
N. Milenković,80,85,24,Fiorentina,Serbia,CB,29000000,48000,64,45,62,62,81,83,Adult,Good Player
N. Aguerd,80,83,26,West Ham United,Morocco,CB,24500000,70000,73,50,64,65,80,77,Adult,Good Player
Nélson Semedo,80,80,28,Wolverhampton Wanderers,Portugal,"RWB,RB",19000000,84000,83,57,69,80,75,74,Adult,Good Player
C. Aránguiz,80,80,33,Bayer 04 Leverkusen,Chile,"CDM,CM",10500000,53000,46,71,79,77,76,71,Senior,Good Player
Lucas Moura,80,80,29,Tottenham Hotspur,Brazil,RW,20500000,105000,89,77,70,85,46,68,Adult,Good Player
Jonathan Viera,80,80,32,Unión Deportiva Las Palmas,Spain,"CAM,CM,LM",16500000,14000,80,75,79,81,63,72,Senior,Good Player
Danilo,80,80,30,Juventus,Brazil,RB,18000000,95000,72,67,73,74,81,79,Senior,Good Player
Sergi Roberto,80,80,30,FC Barcelona,Spain,"RB,CM",18000000,125000,74,63,79,77,75,72,Senior,Good Player
Allan,80,80,31,Everton,Brazil,"CDM,CM",15000000,46000,70,69,73,79,79,77,Senior,Good Player
J. Cillessen,80,80,33,N.E.C. Nijmegen,Netherlands,GK,7000000,13000,80,79,78,76,54,80,Senior,Good Player
H. Vanaken,80,80,29,Club Brugge KV,Belgium,"CM,CAM",20500000,34000,44,79,81,76,59,74,Adult,Good Player
S. Ortega,80,80,29,Manchester City,Germany,GK,14500000,95000,76,74,86,85,52,80,Adult,Good Player
Danilo Pereira,80,80,30,Paris Saint-Germain,Portugal,"CDM,CM",17500000,76000,56,63,70,71,79,85,Senior,Good Player
Morata,80,80,29,Atlético de Madrid,Spain,ST,21000000,66000,80,78,72,78,31,77,Adult,Good Player
L. Shaw,80,81,26,Manchester United,England,LB,22500000,105000,76,54,78,78,79,78,Adult,Good Player
C. Biraghi,80,80,29,Fiorentina,Italy,LB,18500000,58000,76,69,78,77,77,76,Adult,Good Player
E. Dier,80,81,28,Tottenham Hotspur,England,CB,20000000,90000,54,64,70,65,80,84,Adult,Good Player
Deulofeu,80,80,28,Udinese Calcio,Spain,"CF,ST",21500000,26000,90,79,75,83,30,66,Adult,Good Player
T. Hazard,80,80,29,Borussia Dortmund,Belgium,"LM,CF",20500000,54000,75,76,79,83,53,65,Adult,Good Player
T. Vaclík,80,80,33,Free agent,Czech Republic,GK,0,0,78,75,74,83,40,82,Senior,Good Player
Edgar Badia,80,81,30,Elche CF,Spain,GK,16000000,20000,78,77,77,83,44,78,Senior,Good Player
K. Zouma,80,82,27,West Ham United,France,CB,22500000,70000,62,51,62,56,80,84,Adult,Good Player
M. Sabitzer,80,80,28,FC Bayern München,Austria,"CM,CDM,CAM",21000000,67000,72,81,79,79,66,76,Adult,Good Player
K. Kampl,80,80,31,RB Leipzig,Slovenia,"CM,CDM",17500000,58000,69,66,81,83,62,62,Senior,Good Player
A. Delort,80,80,30,OGC Nice,Algeria,ST,20500000,55000,82,81,72,75,37,82,Senior,Good Player
B. Leno,80,80,30,Fulham,Germany,GK,14000000,50000,82,78,74,82,55,79,Senior,Good Player
Alex Sandro,80,80,31,Juventus,Brazil,LB,15500000,95000,76,65,73,78,76,78,Senior,Good Player
Yeray,80,82,27,Athletic Club de Bilbao,Spain,CB,22500000,31000,65,49,63,64,82,77,Adult,Good Player
G. Ochoa,80,80,36,Free agent,Mexico,GK,0,0,82,73,70,84,50,81,Senior,Good Player
H. Herrera,80,80,32,Houston Dynamo,Mexico,CM,16500000,12000,66,75,76,76,76,82,Senior,Good Player
A. Consigli,80,80,35,U.S. Sassuolo Calcio,Italy,GK,2300000,20000,80,81,71,81,42,78,Senior,Good Player
Raúl García,80,80,35,Athletic Club de Bilbao,Spain,ST,9000000,28000,35,83,82,78,59,84,Senior,Good Player
José Fonte,80,80,38,LOSC Lille,Portugal,CB,3800000,26000,31,46,62,62,82,80,Senior,Good Player
M. Hamšík,80,80,34,Trabzonspor,Slovakia,"CM,CDM,CAM",9500000,45000,64,77,82,80,71,71,Senior,Good Player
A. Candreva,80,80,35,US Salernitana 1919,Italy,"RM,CM",8500000,20000,70,79,80,81,61,62,Senior,Good Player
S. Mignolet,80,80,34,Club Brugge KV,Belgium,GK,3600000,24000,80,74,74,85,51,83,Senior,Good Player
Joselu,80,80,32,RCD Espanyol de Barcelona,Spain,ST,17000000,27000,63,81,69,73,31,76,Senior,Good Player
D. Ospina,80,80,33,Al Nassr,Colombia,GK,7000000,36000,81,76,77,82,34,80,Senior,Good Player
E. Capoue,80,80,33,Villarreal CF,France,"CM,CDM",13000000,39000,53,73,78,75,79,78,Senior,Good Player
G. Wijnaldum,80,80,31,Roma,Netherlands,"CM,CDM",17500000,83000,69,71,77,80,77,78,Senior,Good Player
M. Kruse,80,80,34,VfL Wolfsburg,Germany,"CF,CAM",10500000,58000,51,81,81,82,40,64,Senior,Good Player
M. Darmian,80,80,32,Inter,Italy,"RWB,RM",14500000,63000,71,59,70,76,81,69,Senior,Good Player
F. Coquelin,80,80,31,Villarreal CF,France,"CM,LM,CDM",17500000,39000,68,68,78,79,78,80,Senior,Good Player
D. Blind,80,80,32,Ajax,Netherlands,"CB,LB,CDM",13500000,20000,42,62,82,79,81,70,Senior,Good Player
A. Cragno,80,81,28,AC Monza,Italy,GK,16500000,6000,82,79,73,83,39,77,Adult,Good Player
R. Freuler,80,80,30,Nottingham Forest,Switzerland,"CM,CDM",20000000,72000,68,71,75,78,75,74,Senior,Good Player
M. Arnold,80,81,28,VfL Wolfsburg,Germany,"CDM,CM",20500000,51000,65,80,78,78,76,75,Adult,Good Player
V. Lindelöf,80,81,27,Manchester United,Sweden,CB,21000000,105000,59,51,72,72,82,76,Adult,Good Player
Álex Moreno,80,80,29,Real Betis Balompié,Spain,LB,18500000,29000,88,68,73,76,75,69,Adult,Good Player
M. Dahoud,80,82,26,Borussia Dortmund,Germany,"CM,CDM",26000000,52000,70,69,77,85,67,70,Adult,Good Player
J. Ledesma,80,82,29,Cádiz CF,Argentina,GK,17500000,30000,82,77,72,83,46,78,Adult,Good Player
H. Traoré,80,80,30,Stade Rennais FC,Mali,RB,18000000,50000,83,57,72,76,75,78,Senior,Good Player
A. Rebić,80,80,28,AC Milan,Croatia,"LW,LM,ST",21000000,78000,86,80,74,81,48,80,Adult,Good Player
H. Hateboer,80,80,28,Atalanta,Netherlands,"RWB,RB,RM",19000000,53000,82,64,71,77,77,76,Adult,Good Player
Kepa,80,83,27,Chelsea,Spain,GK,20500000,80000,79,78,85,82,34,77,Adult,Good Player
D. Calvert-Lewin,80,84,25,Everton,England,ST,29500000,52000,81,77,64,76,39,80,Adult,Good Player
L. Klostermann,80,82,26,RB Leipzig,Germany,"CB,RWB",23000000,53000,86,50,64,71,82,78,Adult,Good Player
J. Correa,80,80,27,Inter,Argentina,"CF,ST",23000000,75000,84,75,76,84,39,69,Adult,Good Player
R. Karsdorp,80,81,27,Roma,Netherlands,"RWB,RM,RB",22000000,63000,85,63,74,77,75,79,Adult,Good Player
Joan Jordán,80,80,27,Sevilla FC,Spain,"CM,CDM",22500000,33000,59,75,81,76,68,75,Adult,Good Player
J. Bowen,80,83,25,West Ham United,England,"RM,ST",28000000,73000,78,77,75,81,44,66,Adult,Good Player
Álex Berenguer,80,80,26,Athletic Club de Bilbao,Spain,"RM,LM",23000000,33000,81,76,76,82,64,64,Adult,Good Player
S. Bergwijn,80,85,24,Ajax,Netherlands,"LW,RW",32000000,21000,86,78,75,83,42,70,Adult,Good Player
E. Buendía,80,82,25,Aston Villa,Argentina,"RM,RW,CAM",26500000,84000,71,74,81,83,66,70,Adult,Good Player
U. Çakır,80,84,26,Trabzonspor,Turkey,GK,22500000,33000,80,77,72,82,54,81,Adult,Good Player
G. Scamacca,80,86,23,West Ham United,Italy,ST,33500000,73000,73,80,66,74,36,74,Adult,Good Player
Morales,80,80,34,Villarreal CF,Spain,"LM,ST",10000000,39000,83,81,74,82,52,67,Senior,Good Player
M. Dúbravka,80,80,33,Manchester United,Slovakia,GK,7000000,70000,78,76,79,81,46,77,Senior,Good Player
W. Benítez,80,82,29,PSV,Argentina,GK,17500000,19000,80,79,72,83,48,80,Adult,Good Player
L. Paredes,80,80,28,Juventus,Argentina,"CDM,CM",18500000,79000,64,71,82,78,76,78,Adult,Good Player
S. Azmoun,80,81,27,Bayer 04 Leverkusen,Iran,"ST,CAM",24500000,63000,78,77,70,78,40,73,Adult,Good Player
William Carvalho,80,80,30,Real Betis Balompié,Portugal,CDM,17500000,28000,35,65,77,73,75,84,Senior,Good Player
B. Cristante,80,82,27,Roma,Italy,"CDM,CM",23000000,63000,54,73,77,75,77,78,Adult,Good Player
Saúl,80,81,27,Atlético de Madrid,Spain,"CM,LM,LWB",24000000,58000,69,76,77,79,78,76,Adult,Good Player
M. de Roon,80,80,31,Atalanta,Netherlands,"CDM,CM,CB",15000000,51000,70,68,70,71,82,83,Senior,Good Player
A. Belotti,80,80,28,Roma,Italy,ST,21500000,78000,74,80,58,76,38,83,Adult,Good Player
Fred,80,80,29,Manchester United,Brazil,"CM,CDM",20500000,120000,76,67,79,81,75,71,Adult,Good Player
C. Günter,80,80,29,Sport-Club Freiburg,Germany,"LB,LM,LWB",18500000,34000,80,58,71,71,75,82,Adult,Good Player
A. Rabiot,80,81,27,Juventus,France,"CM,LM",24000000,105000,75,73,76,79,76,79,Adult,Good Player
Rui Silva,80,82,28,Real Betis Balompié,Portugal,GK,18000000,24000,81,76,75,83,31,82,Adult,Good Player
A. Romagnoli,80,80,27,Lazio,Italy,CB,19500000,51000,66,40,55,67,83,77,Adult,Good Player
Carles Gil,80,80,29,New England Revolution,Spain,"CAM,RM",20500000,13000,71,70,81,80,39,64,Adult,Good Player
A. Martial,80,83,26,Manchester United,France,"ST,LM",28000000,125000,83,79,72,84,35,66,Adult,Good Player
M. Dembélé,80,83,25,Olympique Lyonnais,France,ST,28500000,73000,72,79,64,74,30,79,Adult,Good Player
M. Flekken,80,81,29,Sport-Club Freiburg,Netherlands,GK,16000000,28000,80,76,81,82,31,79,Adult,Good Player
Alex Telles,80,80,29,Sevilla FC,Brazil,LB,18500000,110000,79,74,81,77,75,71,Adult,Good Player
A. Gouiri,79,86,22,Stade Rennais FC,France,"ST,LM",36000000,49000,78,81,76,80,45,69,Young,Good Player
N. Maksimović,79,80,27,Getafe CF,Serbia,"CM,CDM",20000000,33000,51,72,75,74,77,77,Adult,Good Player
Unai Núñez,79,83,25,RC Celta de Vigo,Spain,CB,22000000,28000,70,24,51,52,79,78,Adult,Good Player
O. Kökçü,79,86,21,Feyenoord,Turkey,"CM,CAM",35500000,11000,72,71,81,79,65,76,Young,Good Player
A. Nwakaeme,79,79,33,Al Fayha,Nigeria,LM,11000000,32000,75,77,76,81,39,80,Senior,Good Player
Luis Milla,79,81,27,Getafe CF,Spain,"CDM,CM",19000000,30000,70,70,76,74,75,74,Adult,Good Player
T. Malacia,79,85,22,Manchester United,Netherlands,LB,26500000,86000,85,56,66,77,76,76,Young,Good Player
J. David,79,85,22,LOSC Lille,Canada,ST,28500000,37000,83,79,71,77,33,71,Young,Good Player
C. Gallagher,79,86,22,Chelsea,England,CM,35500000,89000,74,76,75,78,67,74,Young,Good Player
A. Sánchez,79,79,33,Olympique de Marseille,Chile,"CF,ST",11000000,48000,72,77,78,83,43,67,Senior,Good Player
P. Estupiñán,79,83,24,Brighton & Hove Albion,Ecuador,"LB,LWB",23500000,55000,81,46,69,72,75,76,Adult,Good Player
J. Foyth,79,84,24,Villarreal CF,Argentina,"RB,CB,CDM",24500000,29000,72,46,69,72,80,77,Adult,Good Player
Kim Min Jae,79,84,25,Napoli,Korea Republic,CB,23000000,49000,80,33,57,62,79,84,Adult,Good Player
D. Szoboszlai,79,87,21,RB Leipzig,Hungary,"CAM,LM",39500000,41000,77,79,81,80,34,64,Young,Good Player
David Neres,79,82,25,SL Benfica,Brazil,"RW,LW,CAM",23000000,18000,85,72,73,83,37,64,Adult,Good Player
A. Ogbonna,79,79,34,West Ham United,Italy,CB,5500000,66000,49,40,60,62,82,68,Senior,Good Player
J. Boateng,79,79,33,Olympique Lyonnais,Germany,CB,8500000,60000,47,49,73,66,80,74,Senior,Good Player
Y. Fofana,79,84,23,AS Monaco,France,"CDM,CM",24500000,43000,68,67,74,76,75,77,Adult,Good Player
L. Stindl,79,79,33,Borussia Mönchengladbach,Germany,CAM,11000000,34000,55,79,79,79,60,74,Senior,Good Player
Luís Maximiano,79,85,23,Lazio,Portugal,GK,22500000,32000,78,76,68,82,55,76,Adult,Good Player
Diego López,79,79,40,Rayo Vallecano,Spain,GK,1900000,11000,76,80,68,76,44,81,Senior,Good Player
R. Gravenberch,79,89,20,FC Bayern München,Netherlands,CM,38500000,45000,77,76,78,83,68,72,Young,Good Player
Ansu Fati,79,90,19,FC Barcelona,Spain,LW,38000000,84000,88,77,72,82,30,53,Young,Good Player
Pedro,79,79,34,Lazio,Spain,"LW,RW,CF",8000000,57000,73,74,76,86,36,51,Senior,Good Player
G. Goodman,79,79,29,AFC Richmond,England,LB,15500000,53000,83,55,74,78,75,66,Adult,Good Player
M. Bumbercatch,79,82,25,AFC Richmond,England,"CM,CDM,CAM",23000000,53000,87,61,78,81,72,61,Adult,Good Player
Gavi,79,88,17,FC Barcelona,Spain,"CM,LW,RW",36000000,17000,76,64,77,83,65,67,Young,Good Player
Yeremy Pino,79,87,19,Villarreal CF,Spain,"RM,ST",38000000,21000,77,73,76,79,38,45,Young,Good Player
Gonçalo Inácio,79,88,20,Sporting CP,Portugal,CB,36000000,11000,80,36,61,61,80,77,Young,Good Player
Vitinha,79,89,22,Paris Saint-Germain,Portugal,"CM,CAM",39500000,68000,73,68,79,83,67,55,Young,Good Player
Matheus Nunes,79,86,23,Wolverhampton Wanderers,Portugal,CM,35000000,73000,82,71,73,82,74,76,Adult,Good Player
G. Raspadori,79,86,22,Napoli,Italy,"CF,CAM,LM",36000000,37000,81,78,68,81,27,58,Young,Good Player
S. Chukwueze,79,85,23,Villarreal CF,Nigeria,"RM,RW",27500000,32000,89,74,70,84,36,63,Adult,Good Player
A. Musrati,79,83,26,SC Braga,Libya,"CDM,CM",22000000,17000,58,61,70,70,78,83,Adult,Good Player
Beto,79,82,24,Udinese Calcio,Portugal,ST,24500000,21000,87,79,58,74,24,81,Adult,Good Player
W. Fofana,79,86,21,Chelsea,France,CB,33000000,67000,75,37,55,64,81,76,Young,Good Player
E. Camavinga,79,89,19,Real Madrid CF,France,"CM,CDM",38000000,78000,76,66,78,81,76,78,Young,Good Player
Zubimendi,79,86,23,Real Sociedad,Spain,"CM,CDM",35000000,32000,59,64,74,74,79,70,Adult,Good Player
Ibañez,79,83,23,Roma,Brazil,CB,22500000,51000,82,32,45,58,81,79,Adult,Good Player
M. Caqueret,79,85,22,Olympique Lyonnais,France,"CDM,CM",26000000,52000,73,58,73,81,75,68,Young,Good Player
B. Dia,79,83,25,US Salernitana 1919,Senegal,"ST,RW",24500000,39000,83,78,62,76,27,76,Adult,Good Player
M. Lanzini,79,79,29,West Ham United,Argentina,"CAM,CM",17000000,75000,69,73,79,82,41,55,Adult,Good Player
Guaita,79,79,35,Crystal Palace,Spain,GK,1900000,29000,80,77,78,81,51,77,Senior,Good Player
A. Talavera,79,79,39,Free agent,Mexico,GK,0,0,80,82,68,80,58,78,Senior,Good Player
R. Bentancur,79,83,25,Tottenham Hotspur,Uruguay,CM,24500000,85000,67,62,79,80,78,77,Adult,Good Player
G. Montiel,79,81,25,Sevilla FC,Argentina,"RB,RWB",20000000,28000,83,60,70,75,75,81,Adult,Good Player
L. Blas,79,83,24,FC Nantes,France,"CAM,RM,ST",25000000,28000,73,76,77,82,58,64,Adult,Good Player
Matheus Reis,79,82,27,Sporting CP,Brazil,"CB,LB,LWB",20000000,16000,73,53,67,74,79,82,Adult,Good Player
Luimo Boas Santos,79,79,22,Santos,Brazil,ST,21000000,32000,83,79,65,81,28,64,Young,Good Player
Gabri Prestão,79,79,30,Internacional,Brazil,GK,11500000,25000,81,75,71,82,60,77,Senior,Good Player
Melvin Parrela,79,79,22,RB Bragantino,Brazil,CDM,18500000,17000,71,70,70,72,80,83,Young,Good Player
Jorge Andrão,79,79,26,Fluminense,Brazil,"CDM,CM",17000000,27000,67,62,74,75,78,76,Adult,Good Player
Adnan Vidual,79,79,30,Internacional,Brazil,RB,15000000,30000,83,52,70,71,76,71,Senior,Good Player
Diego Essler,79,79,22,Clube Atlético Mineiro,Brazil,"LB,LM",19000000,32000,89,58,70,77,74,59,Young,Good Player
Emelvinson,79,79,34,RB Bragantino,Brazil,GK,3000000,16000,79,75,77,74,41,83,Senior,Good Player
E. Ávila,79,79,28,CA Osasuna,Argentina,"ST,RM",18000000,38000,80,80,65,78,44,83,Adult,Good Player
O. Zinchenko,79,82,25,Arsenal,Ukraine,LB,21500000,73000,68,65,80,80,77,69,Adult,Good Player
E. Konsa,79,86,24,Aston Villa,England,CB,32500000,65000,78,39,62,71,80,76,Adult,Good Player
A. Rossi,79,83,26,Boca Juniors,Argentina,GK,19000000,16000,80,76,72,80,41,79,Adult,Good Player
D. Sánchez,79,80,26,Tottenham Hotspur,Colombia,CB,18000000,81000,75,47,55,66,79,79,Adult,Good Player
M. Cash,79,84,24,Aston Villa,Poland,"RB,RWB",24500000,65000,80,67,71,75,74,76,Adult,Good Player
B. Pavard,79,81,26,FC Bayern München,France,"RB,CB",20000000,56000,66,55,72,71,81,78,Adult,Good Player
Pablo Fornals,79,81,26,West Ham United,Spain,"CAM,LM",21500000,72000,67,74,79,79,69,71,Adult,Good Player
N. Mukiele,79,83,24,Paris Saint-Germain,France,"RWB,CB",23500000,61000,78,49,68,72,81,80,Adult,Good Player
N. Pépé,79,79,27,OGC Nice,Côte d'Ivoire,RM,18500000,83000,88,77,74,82,36,62,Adult,Good Player
A. Golovin,79,80,26,AS Monaco,Russia,"LM,RM,CAM",20500000,55000,77,72,78,82,60,66,Adult,Good Player
David García,79,81,28,CA Osasuna,Spain,CB,17500000,32000,61,37,65,65,80,75,Adult,Good Player
E. Skhiri,79,80,27,1. FC Köln,Tunisia,"CDM,CM",18000000,31000,68,72,71,75,79,75,Adult,Good Player
A. Marušić,79,79,29,Lazio,Montenegro,"LB,RB",15500000,51000,84,66,67,74,75,79,Adult,Good Player
W. Weghorst,79,79,29,Beşiktaş JK,Netherlands,ST,17500000,59000,60,77,60,69,52,86,Adult,Good Player
J. Omlin,79,81,28,Montpellier Hérault SC,Switzerland,GK,15000000,23000,80,75,73,82,52,76,Adult,Good Player
J. Weigl,79,80,26,Borussia Mönchengladbach,Germany,"CM,CDM",20500000,17000,59,64,75,77,79,75,Adult,Good Player
D. van de Beek,79,84,25,Manchester United,Netherlands,"CM,CDM,CAM",25500000,105000,67,77,76,78,72,75,Adult,Good Player
D. Malen,79,85,23,Borussia Dortmund,Netherlands,"ST,LM",28000000,47000,88,78,72,83,35,73,Adult,Good Player
Rafa Mir,79,84,25,Sevilla FC,Spain,ST,26000000,33000,78,81,67,71,45,78,Adult,Good Player
B. White,79,86,24,Arsenal,England,CB,32500000,65000,70,29,67,72,81,76,Adult,Good Player
J. Bijlow,79,85,24,Feyenoord,Netherlands,GK,22500000,9000,82,75,78,80,58,76,Adult,Good Player
S. Mandanda,79,79,37,Stade Rennais FC,France,GK,1900000,25000,77,79,74,81,49,77,Senior,Good Player
J. Evans,79,79,34,Leicester City,Northern Ireland,CB,5500000,76000,50,32,60,58,82,76,Senior,Good Player
Joaquín,79,79,40,Real Betis Balompié,Spain,"RM,LM",0,20000,66,78,85,79,44,53,Senior,Good Player
D. Wass,79,79,33,Brøndby IF,Denmark,"CM,RM,RB",11000000,20000,73,77,80,76,75,75,Senior,Good Player
Ó. Trejo,79,79,34,Rayo Vallecano,Argentina,CAM,8000000,25000,68,76,78,82,71,77,Senior,Good Player
A. Witsel,79,79,33,Atlético de Madrid,Belgium,"CDM,CM,CB",8500000,51000,34,63,79,75,78,74,Senior,Good Player
J. Hernández,79,79,34,LA Galaxy,Mexico,ST,8500000,13000,72,77,64,76,31,68,Senior,Good Player
Sergio Asenjo,79,79,33,Real Valladolid CF,Spain,GK,5500000,21000,80,77,78,78,57,77,Senior,Good Player
A. Modeste,79,79,34,Borussia Dortmund,France,ST,8500000,53000,69,78,63,70,35,79,Senior,Good Player
F. Muslera,79,79,36,Galatasaray SK,Uruguay,GK,1900000,34000,76,80,72,77,51,82,Senior,Good Player
G. Buffon,79,79,44,Parma,Italy,GK,1900000,3000,76,73,70,76,31,90,Senior,Good Player
O. Wijndal,79,83,22,Ajax,Netherlands,LB,24000000,16000,84,53,76,78,73,74,Young,Good Player
Reinildo,79,79,28,Atlético de Madrid,Mozambique,"LB,CB",16000000,53000,80,54,66,74,78,78,Adult,Good Player
Fran Beltrán,79,84,23,RC Celta de Vigo,Spain,"CDM,CM",24500000,22000,60,56,77,77,77,65,Adult,Good Player
C. Ünder,79,82,24,Olympique de Marseille,Turkey,"RW,RM",24000000,42000,78,77,75,80,38,52,Adult,Good Player
Lucas Veríssimo,79,82,26,SL Benfica,Brazil,CB,20500000,16000,81,39,58,63,80,81,Adult,Good Player
T. Ndombele,79,82,25,Napoli,France,"CM,CDM,CAM",23000000,85000,66,71,79,86,68,68,Adult,Good Player
S. Özcan,79,83,24,Borussia Dortmund,Turkey,"CDM,CM",23000000,38000,77,62,72,77,76,81,Adult,Good Player
M. Lazzari,79,79,28,Lazio,Italy,RB,16000000,51000,92,62,76,82,70,65,Adult,Good Player
H. Aouar,79,84,24,Olympique Lyonnais,France,"CAM,LM,CM",26500000,57000,71,70,78,83,64,68,Adult,Good Player
J. Brekalo,79,85,24,VfL Wolfsburg,Croatia,"CF,LM",28000000,48000,81,76,76,84,38,55,Adult,Good Player
Diogo Costa,79,86,22,FC Porto,Portugal,GK,30500000,11000,76,75,73,83,32,78,Young,Good Player
E. Reynoso,79,80,26,Minnesota United FC,Argentina,"CAM,LM",20500000,12000,67,67,78,80,59,67,Adult,Good Player
Marcão,79,83,26,Sevilla FC,Brazil,CB,21500000,29000,67,36,60,70,78,86,Adult,Good Player
D. Henderson,79,82,25,Nottingham Forest,England,GK,18000000,76000,80,78,77,82,55,75,Adult,Good Player
T. Tomiyasu,79,85,23,Arsenal,Japan,RB,26000000,65000,74,33,67,71,80,79,Adult,Good Player
L. Jović,79,84,24,Fiorentina,Serbia,ST,27000000,55000,74,78,68,78,29,74,Adult,Good Player
Pau López,79,82,27,Olympique de Marseille,Spain,GK,17000000,33000,80,79,77,81,48,81,Adult,Good Player
R. Tapia,79,81,26,RC Celta de Vigo,Peru,"CDM,CM",19500000,26000,68,66,71,69,79,84,Adult,Good Player
L. de Jong,79,79,31,PSV,Netherlands,ST,15000000,24000,48,78,71,70,46,77,Senior,Good Player
João Pedro,79,79,30,Fenerbahçe SK,Italy,ST,17000000,77000,81,78,77,80,41,75,Senior,Good Player
K. Bellarabi,79,79,32,Bayer 04 Leverkusen,Germany,"RM,RW",14000000,55000,86,75,72,81,39,72,Senior,Good Player
J. Tarkowski,79,79,29,Everton,England,CB,14500000,45000,55,45,65,62,81,80,Adult,Good Player
Suso,79,79,28,Sevilla FC,Spain,RW,17500000,36000,73,76,80,83,32,51,Adult,Good Player
J. Draxler,79,79,28,SL Benfica,Germany,"LW,CAM",17500000,88000,72,76,80,82,58,65,Adult,Good Player
C. Coady,79,79,29,Everton,England,CB,14500000,80000,47,57,75,66,79,73,Adult,Good Player
Felipe Anderson,79,79,29,Lazio,Brazil,RW,17000000,60000,85,75,77,83,55,63,Adult,Good Player
J. Veretout,79,79,29,Olympique de Marseille,France,"CDM,CM",15000000,42000,76,75,76,78,76,79,Adult,Good Player
Ismaily,79,79,32,LOSC Lille,Brazil,LB,12000000,35000,82,64,74,80,74,74,Senior,Good Player
A. Marchesín,79,79,34,RC Celta de Vigo,Argentina,GK,3000000,21000,80,77,76,80,54,79,Senior,Good Player
L. Dunk,79,79,30,Brighton & Hove Albion,England,CB,14500000,65000,44,51,62,63,80,79,Senior,Good Player
M. Sels,79,80,30,RC Strasbourg Alsace,Belgium,GK,13000000,24000,77,78,75,80,36,80,Senior,Good Player
G. Xhaka,79,79,29,Arsenal,Switzerland,"CDM,CM",15000000,80000,49,64,79,69,69,80,Adult,Good Player
M. Riemann,79,79,33,VfL Bochum 1848,Germany,GK,5500000,23000,78,74,85,82,52,78,Senior,Good Player
Sérgio Oliveira,79,79,30,Galatasaray SK,Portugal,CM,17000000,70000,58,78,82,76,71,70,Senior,Good Player
M. Zaccagni,79,79,27,Lazio,Italy,LW,18500000,57000,82,73,74,83,57,64,Adult,Good Player
M. Perin,79,80,29,Juventus,Italy,GK,13500000,78000,79,79,71,81,57,79,Adult,Good Player
Juanmi,79,79,29,Real Betis Balompié,Spain,"LM,ST",17000000,30000,76,80,72,81,31,59,Adult,Good Player
N. Lodeiro,79,79,33,Seattle Sounders FC,Uruguay,CAM,11000000,12000,69,73,80,81,49,69,Senior,Good Player
C. Wilson,79,79,30,Newcastle United,England,ST,17000000,95000,81,78,66,77,42,76,Senior,Good Player
Y. Rakitskyi,79,79,32,Adana Demirspor,Ukraine,CB,11500000,25000,68,67,76,71,79,82,Senior,Good Player
D. Ings,79,79,29,Aston Villa,England,ST,17500000,95000,72,82,70,78,45,70,Adult,Good Player
N. Gudelj,79,79,30,Sevilla FC,Serbia,"CDM,CB",14500000,29000,54,70,79,69,74,84,Senior,Good Player
Marcos Alonso,79,79,31,FC Barcelona,Spain,"LB,LWB",12500000,115000,53,74,80,77,77,75,Senior,Good Player
Ander Herrera,79,79,32,Athletic Club de Bilbao,Spain,"CM,CDM",14000000,78000,61,71,77,78,78,74,Senior,Good Player
N. Matić,79,79,33,Roma,Serbia,CDM,8500000,60000,38,67,76,72,78,72,Senior,Good Player
M. Silvestri,79,79,31,Udinese Calcio,Italy,GK,9500000,16000,81,77,60,83,59,80,Senior,Good Player
M. Antonio,79,79,32,West Ham United,Jamaica,ST,14000000,79000,82,75,73,77,55,83,Senior,Good Player
B. André,79,79,31,LOSC Lille,France,"CDM,CM",12500000,35000,65,64,73,75,78,84,Senior,Good Player
D. Klaassen,79,79,29,Ajax,Netherlands,"CAM,CM",17000000,21000,68,80,74,76,73,78,Adult,Good Player
A. Florenzi,79,79,31,AC Milan,Italy,RB,12500000,60000,76,77,79,79,74,61,Senior,Good Player
Héctor Bellerín,79,80,27,FC Barcelona,Spain,RB,18500000,115000,81,51,70,77,75,64,Adult,Good Player
A. Milik,79,79,28,Juventus,Poland,ST,18000000,50000,61,82,69,74,39,69,Adult,Good Player
Munir,79,79,26,Getafe CF,Morocco,"LM,RM,LW",19000000,33000,77,78,75,82,35,64,Adult,Good Player
L. Ajorque,79,79,28,RC Strasbourg Alsace,France,ST,18000000,36000,73,79,61,70,43,84,Adult,Good Player
D. Djené,79,79,30,Getafe CF,Togo,CB,14500000,30000,67,38,62,62,79,77,Senior,Good Player
D. Zappacosta,79,79,30,Atalanta,Italy,"LWB,LM,RM",15000000,48000,78,66,73,74,75,72,Senior,Good Player
L. Zelarayán,79,79,30,Columbus Crew,Armenia,CAM,17000000,12000,71,76,78,82,46,66,Senior,Good Player
F. Armani,79,79,35,River Plate,Argentina,GK,1900000,10000,78,74,69,85,43,80,Senior,Good Player
Adama Traoré,79,80,26,Wolverhampton Wanderers,Spain,"RW,LW",20500000,90000,96,65,68,86,38,83,Adult,Good Player
João Mário,79,79,29,SL Benfica,Portugal,"CM,LM",17000000,18000,70,69,81,82,65,66,Adult,Good Player
F. Bernardeschi,79,79,28,Toronto FC,Italy,"RM,RW",17500000,12000,77,71,79,82,62,66,Adult,Good Player
P. Onuachu,79,79,28,KRC Genk,Nigeria,ST,18000000,24000,70,78,62,70,45,82,Adult,Good Player
N. Stanciu,79,79,29,Wuhan Three Towns,Romania,"CM,CAM,RM",17000000,26000,74,75,81,82,62,68,Adult,Good Player
Rubén García,79,79,28,CA Osasuna,Spain,"LM,CM,CAM",17500000,35000,77,76,79,79,45,54,Adult,Good Player
C. Mbemba,79,81,27,Olympique de Marseille,Congo DR,CB,18500000,40000,72,50,56,65,80,81,Adult,Good Player
J. McGinn,79,80,27,Aston Villa,Scotland,"CM,CDM",20000000,83000,69,74,76,77,73,81,Adult,Good Player
Jonny,79,79,28,Wolverhampton Wanderers,Spain,"LWB,RWB",16000000,80000,74,54,71,76,78,69,Adult,Good Player
R. Ghezzal,79,79,30,Beşiktaş JK,Algeria,"RW,RM,CAM",17000000,61000,72,72,82,81,28,60,Senior,Good Player
Clinton Mata,79,79,29,Club Brugge KV,Angola,"RB,CB",15500000,30000,83,61,68,74,78,80,Adult,Good Player
A. Januzaj,79,79,27,Sevilla FC,Belgium,"RW,LW",18500000,34000,77,72,79,83,30,57,Adult,Good Player
B. Djimsiti,79,79,29,Atalanta,Albania,CB,14500000,51000,71,39,59,50,82,81,Adult,Good Player
A. Doucouré,79,79,29,Everton,Mali,"CM,CDM",17000000,49000,67,76,74,78,78,82,Adult,Good Player
Matheus,79,80,29,SC Braga,Brazil,GK,13500000,15000,82,75,77,82,45,77,Adult,Good Player
M. Keane,79,80,29,Everton,England,CB,16000000,45000,52,49,63,62,80,79,Adult,Good Player
L. Trossard,79,79,27,Brighton & Hove Albion,Belgium,"LM,ST,CAM",18500000,71000,82,78,76,81,30,62,Adult,Good Player
Manu Trigueros,79,79,30,Villarreal CF,Spain,"CM,LM,RM",17000000,37000,50,73,78,75,72,66,Senior,Good Player
B. Davies,79,79,29,Tottenham Hotspur,Wales,"CB,LWB",14500000,85000,67,58,72,72,80,74,Adult,Good Player
S. Umtiti,79,79,28,Lecce,France,CB,15000000,125000,63,62,68,67,79,75,Adult,Good Player
Denis Suárez,79,79,28,RC Celta de Vigo,Spain,CM,17500000,30000,72,72,81,81,64,55,Adult,Good Player
E. Lamela,79,79,30,Sevilla FC,Argentina,"RW,CAM,ST",17000000,34000,68,77,79,83,53,69,Senior,Good Player
Luiz Felipe,79,84,25,Real Betis Balompié,Italy,CB,23000000,25000,72,29,61,68,80,73,Adult,Good Player
Jadson Bardeira,78,78,22,Sport Club Corinthians Paulista,Brazil,ST,17000000,31000,73,82,62,70,31,75,Young,Good Player
A. Bayındır,78,82,24,Fenerbahçe SK,Turkey,GK,16000000,39000,78,75,72,82,30,76,Adult,Good Player
Puado,78,83,24,RCD Espanyol de Barcelona,Spain,"LM,RM,ST",21000000,19000,84,75,70,78,51,76,Adult,Good Player
S. Diop,78,86,22,OGC Nice,France,"LM,RM,CF",31500000,38000,71,72,75,83,54,54,Young,Good Player
A. Bah,78,82,24,SL Benfica,Denmark,"RB,RM",18500000,12000,92,64,68,73,72,81,Adult,Good Player
J. Todibo,78,84,22,OGC Nice,France,CB,20500000,34000,75,44,63,65,79,76,Young,Good Player
J. Álvarez,78,86,22,Manchester City,Argentina,"ST,RW,LW",32000000,100000,76,80,76,83,55,75,Young,Good Player
E. Fernández,78,87,21,SL Benfica,Argentina,"CM,CDM",31500000,12000,74,71,76,78,72,80,Young,Good Player
A. Espino,78,78,30,Cádiz CF,Uruguay,LB,12000000,30000,87,63,68,73,74,82,Senior,Good Player
Emerson Royal,78,82,23,Tottenham Hotspur,Brazil,"RWB,RB",18500000,63000,74,62,71,74,75,76,Adult,Good Player
T. Holeš,78,78,29,SK Slavia Praha,Czech Republic,"CDM,CB",12000000,1000,77,70,70,73,77,82,Adult,Good Player
C. De Ketelaere,78,88,21,AC Milan,Belgium,"ST,LW",32000000,49000,75,76,76,81,57,73,Young,Good Player
Gabriel Martinelli,78,88,21,Arsenal,Brazil,LM,31500000,56000,87,71,68,80,45,68,Young,Good Player
J. Veerman,78,83,23,PSV,Netherlands,"CM,CDM,CAM",21000000,18000,67,70,81,78,65,74,Adult,Good Player
P. Kalulu,78,85,22,AC Milan,France,"CB,RB",26500000,47000,80,50,68,69,79,75,Young,Good Player
P. Hincapié,78,85,20,Bayer 04 Leverkusen,Ecuador,"LB,CB",26500000,33000,83,39,64,71,78,74,Young,Good Player
Evanilson,78,86,22,FC Porto,Brazil,ST,32000000,15000,74,76,63,76,25,72,Young,Good Player
G. Mamardashvili,78,84,21,Valencia CF,Georgia,GK,18500000,17000,79,78,74,80,48,79,Young,Good Player
C. Hughes,78,78,26,AFC Richmond,Wales,"LM,LW",15500000,50000,83,59,75,81,24,58,Adult,Good Player
A. Dixon,78,81,26,AFC Richmond,England,RB,17000000,46000,79,66,72,71,75,67,Adult,Good Player
T. Roberts,78,78,29,AFC Richmond,Zimbabwe,ST,14000000,57000,85,79,59,78,32,71,Adult,Good Player
M. Simakan,78,86,22,RB Leipzig,France,CB,29500000,39000,71,39,62,64,80,79,Young,Good Player
B. Sosa,78,83,24,VfB Stuttgart,Croatia,"LB,LM",20000000,22000,79,53,77,78,72,70,Adult,Good Player
J. Pavlenka,78,78,30,SV Werder Bremen,Czech Republic,GK,9500000,21000,81,74,60,84,36,69,Senior,Good Player
A. Saelemaekers,78,82,23,AC Milan,Belgium,"RW,RM",20000000,57000,81,67,76,81,64,68,Adult,Good Player
Melendo,78,82,24,Granada CF,Spain,"CAM,RM,CM",20000000,12000,80,64,79,79,47,58,Adult,Good Player
R. Kolo Muani,78,84,23,Eintracht Frankfurt,France,"ST,RM",22500000,29000,84,72,63,80,38,62,Adult,Good Player
A. Haidara,78,82,24,RB Leipzig,Mali,"CM,CDM,RM",20000000,43000,70,72,76,80,68,70,Adult,Good Player
Pedro Neto,78,85,22,Wolverhampton Wanderers,Portugal,"LW,RW,ST",28500000,72000,85,74,69,81,31,58,Young,Good Player
M. Gómez,78,80,25,Trabzonspor,Uruguay,ST,18000000,40000,63,78,68,73,32,82,Adult,Good Player
N. Lang,78,85,23,Club Brugge KV,Netherlands,"LW,RW,ST",28000000,27000,86,73,72,83,50,67,Adult,Good Player
S. Kalajdžić,78,82,24,Wolverhampton Wanderers,Austria,ST,20500000,72000,63,75,68,73,46,70,Adult,Good Player
G. Vicario,78,82,25,Empoli,Italy,GK,15500000,10000,79,78,74,80,28,78,Adult,Good Player
N. De la Cruz,78,79,25,River Plate,Uruguay,"CM,CAM,RM",16500000,19000,85,76,78,82,70,69,Adult,Good Player
C. Hudson-Odoi,78,84,21,Bayer 04 Leverkusen,England,"LM,RM,RWB",22500000,69000,81,68,74,82,48,59,Young,Good Player
H. Traorè,78,87,22,U.S. Sassuolo Calcio,Côte d'Ivoire,"LM,LW,CAM",31500000,30000,82,70,72,81,59,62,Young,Good Player
Junior Messias,78,78,31,AC Milan,Brazil,"RW,RM",11500000,65000,84,73,73,81,49,60,Senior,Good Player
N. Vlašić,78,83,24,Torino F.C.,Croatia,"LM,CAM",21000000,57000,79,76,75,81,47,69,Adult,Good Player
M. Guéhi,78,86,21,Crystal Palace,England,CB,29500000,36000,73,39,58,68,79,75,Young,Good Player
E. Elmas,78,85,22,Napoli,North Macedonia,"CAM,CM",28500000,44000,76,71,74,83,66,69,Young,Good Player
P. Rajković,78,81,26,RCD Mallorca,Serbia,GK,14000000,21000,77,76,74,81,25,79,Adult,Good Player
K. Mavropanos,78,83,24,VfB Stuttgart,Greece,"CB,RB",19000000,22000,81,56,51,60,78,81,Adult,Good Player
C. Baumgartner,78,84,22,TSG Hoffenheim,Austria,"CAM,CM,LM",22500000,32000,75,72,73,80,44,56,Young,Good Player
R. Faivre,78,84,23,Olympique Lyonnais,France,"RM,CAM",22000000,52000,75,74,76,80,62,67,Adult,Good Player
S. Gigot,78,79,28,Olympique de Marseille,France,CB,13500000,38000,67,38,65,61,79,80,Adult,Good Player
G. Maripán,78,80,28,AS Monaco,Chile,CB,14000000,48000,33,42,58,53,79,79,Adult,Good Player
G. Simeone,78,79,26,Napoli,Argentina,ST,17000000,33000,77,79,64,75,41,76,Adult,Good Player
Paulinho,78,78,29,Sporting CP,Portugal,ST,14000000,18000,67,77,65,75,43,81,Adult,Good Player
T. Stepanenko,78,78,32,Shakhtar Donetsk,Ukraine,CDM,9500000,1000,65,63,71,69,77,78,Senior,Good Player
Portu,78,78,30,Getafe CF,Spain,"RM,LM",13500000,33000,87,74,72,76,57,77,Senior,Good Player
Juan Bernat,78,78,29,Paris Saint-Germain,Spain,LB,12500000,68000,74,64,76,81,75,58,Adult,Good Player
Mário Rui,78,78,31,Napoli,Portugal,LB,10000000,47000,80,53,73,78,73,65,Senior,Good Player
R. Ruidíaz,78,78,31,Seattle Sounders FC,Peru,ST,12000000,12000,83,79,66,79,33,69,Senior,Good Player
C. Dawson,78,78,32,West Ham United,England,CB,9000000,60000,49,47,59,55,79,77,Senior,Good Player
Víctor Ruiz,78,78,33,Real Betis Balompié,Spain,CB,6500000,24000,44,42,65,59,79,77,Senior,Good Player
R. Pereyra,78,78,31,Udinese Calcio,Argentina,"CM,CAM",11500000,20000,76,74,77,79,68,74,Senior,Good Player
Mario Gaspar,78,78,31,Watford,Spain,RB,10000000,43000,72,69,72,72,77,76,Senior,Good Player
M. Rits,78,78,28,Club Brugge KV,Belgium,"CDM,CM",12500000,27000,74,72,74,75,73,77,Adult,Good Player
M. Hitz,78,78,34,FC Basel 1893,Switzerland,GK,2400000,17000,81,73,79,79,42,77,Senior,Good Player
B. Mee,78,78,32,Brentford,England,CB,9000000,46000,61,42,58,62,80,77,Senior,Good Player
A. Cresswell,78,78,32,West Ham United,England,"LB,CB",9500000,60000,64,60,75,75,77,68,Senior,Good Player
G. Bonaventura,78,78,32,Fiorentina,Italy,CM,11000000,52000,69,75,80,80,70,65,Senior,Good Player
F. Caputo,78,78,34,U.C. Sampdoria,Italy,ST,7000000,25000,79,79,62,78,30,67,Senior,Good Player
O. Ighalo,78,78,33,Al Hilal,Nigeria,ST,9000000,45000,69,79,65,73,43,83,Senior,Good Player
M. Özil,78,78,33,İstanbul Başakşehir FK,Germany,"CAM,RM",9000000,40000,69,70,83,79,24,45,Senior,Good Player
C. Bravo,78,78,39,Real Betis Balompié,Chile,GK,1600000,11000,77,78,84,78,56,78,Senior,Good Player
S. Romero,78,78,35,Boca Juniors,Argentina,GK,1600000,10000,78,75,77,80,46,76,Senior,Good Player
A. Plea,78,78,29,Borussia Mönchengladbach,France,CF,14000000,35000,72,79,79,78,39,73,Adult,Good Player
P. Bamford,78,78,28,Leeds United,England,ST,14500000,48000,82,78,68,73,42,77,Adult,Good Player
J. Lingard,78,78,29,Nottingham Forest,England,CAM,14000000,65000,75,77,73,79,57,65,Adult,Good Player
S. Dimitrievski,78,79,28,Rayo Vallecano,North Macedonia,GK,11000000,18000,77,82,75,79,36,78,Adult,Good Player
M. Cornet,78,81,25,West Ham United,Côte d'Ivoire,"LM,CF,LB",18500000,63000,87,76,71,77,67,77,Adult,Good Player
A. Mitrović,78,78,27,Fulham,Serbia,ST,15000000,63000,64,79,57,71,27,87,Adult,Good Player
L. Alario,78,78,29,Eintracht Frankfurt,Argentina,ST,14000000,35000,66,78,58,74,30,75,Adult,Good Player
E. Rigoni,78,78,29,Austin FC,Argentina,"RM,ST,LM",14000000,11000,83,73,74,78,46,60,Adult,Good Player
A. Miranchuk,78,79,26,Torino F.C.,Russia,"CAM,CF",16500000,48000,75,70,76,80,31,61,Adult,Good Player
T. Strakosha,78,81,27,Brentford,Albania,GK,14000000,37000,79,76,73,79,43,77,Adult,Good Player
Gilberto,78,78,29,SL Benfica,Brazil,RB,12500000,15000,79,58,70,73,74,79,Adult,Good Player
P. Gollini,78,81,27,Fiorentina,Italy,GK,14000000,36000,78,79,73,80,47,74,Adult,Good Player
Rubén Peña,78,78,30,CA Osasuna,Spain,"RB,RM,LB",12000000,28000,78,70,71,77,74,66,Senior,Good Player
J. Martínez,78,78,29,Atlanta United,Venezuela,ST,14000000,12000,85,78,60,77,25,69,Adult,Good Player
M. Halstenberg,78,78,30,RB Leipzig,Germany,"CB,LWB",11500000,46000,63,66,73,71,76,79,Senior,Good Player
J. Quintero,78,78,29,River Plate,Colombia,"CAM,RM",14000000,16000,71,76,79,82,39,51,Adult,Good Player
Pacheco,78,79,30,Unión Deportiva Almería,Spain,GK,10500000,21000,77,75,70,80,46,78,Senior,Good Player
Romarinho,78,78,31,Al Ittihad,Brazil,"CF,CAM,LM",12000000,45000,86,76,71,80,30,66,Senior,Good Player
N. Aké,78,80,27,Manchester City,Netherlands,"CB,LB",15000000,95000,76,53,70,70,79,75,Adult,Good Player
Óliver Torres,78,79,27,Sevilla FC,Spain,"CM,LW",16000000,29000,59,67,78,81,64,50,Adult,Good Player
J. Hector,78,78,32,1. FC Köln,Germany,"LB,CDM",9500000,28000,63,60,76,75,78,75,Senior,Good Player
J. Veltman,78,78,30,Brighton & Hove Albion,Netherlands,"CB,RB,RWB",11500000,58000,64,49,67,70,79,76,Senior,Good Player
M. Kean,78,86,22,Juventus,Italy,"ST,LW",32000000,41000,85,76,57,77,40,75,Young,Good Player
M. Senesi,78,83,25,AFC Bournemouth,Argentina,CB,18500000,44000,60,42,69,74,79,78,Adult,Good Player
J. Milner,78,78,36,Liverpool,England,"CM,LB,RB",4400000,69000,52,70,80,76,77,74,Senior,Good Player
S. Aurier,78,78,29,Nottingham Forest,Côte d'Ivoire,"RB,RWB",12500000,59000,73,62,74,74,75,75,Adult,Good Player
E. Pérez,78,78,36,River Plate,Argentina,CDM,2800000,13000,68,65,75,76,75,77,Senior,Good Player
J. Tavernier,78,78,30,Rangers FC,England,RB,12000000,51000,83,73,77,75,72,80,Senior,Good Player
M. Faraoni,78,78,30,Hellas Verona,Italy,"RWB,RM",12000000,27000,78,73,74,76,72,76,Senior,Good Player
Willian José,78,78,30,Real Betis Balompié,Brazil,ST,14000000,28000,62,79,66,74,40,80,Senior,Good Player
Pablo Maffeo,78,83,24,RCD Mallorca,Spain,"RB,RWB",20000000,23000,83,52,68,78,75,68,Adult,Good Player
O. Watkins,78,81,26,Aston Villa,England,"ST,LW",18500000,82000,84,76,68,74,46,77,Adult,Good Player
T. Castagne,78,80,26,Leicester City,Belgium,"RB,LB",16000000,69000,76,58,71,75,75,73,Adult,Good Player
F. Cervi,78,78,28,RC Celta de Vigo,Argentina,"LM,RM",14000000,27000,88,67,72,80,55,54,Adult,Good Player
E. Ünal,78,82,25,Getafe CF,Turkey,ST,20000000,31000,69,81,65,75,40,76,Adult,Good Player
G. Arias,78,78,34,Racing Club,Chile,GK,2400000,16000,78,73,73,82,41,79,Senior,Good Player
S. Rochet,78,80,29,Club Nacional de Football,Uruguay,GK,11500000,850,80,78,67,80,49,76,Adult,Good Player
V. Rongier,78,79,27,Olympique de Marseille,France,"CM,CDM,RB",16000000,40000,71,66,76,78,77,80,Adult,Good Player
A. Nübel,78,84,25,AS Monaco,Germany,GK,17500000,39000,75,71,70,84,48,76,Adult,Good Player
Sergio Herrera,78,79,29,CA Osasuna,Spain,GK,11000000,24000,79,77,73,77,47,75,Adult,Good Player
M. Lopez,78,81,24,U.S. Sassuolo Calcio,France,"CM,CDM",19000000,30000,72,71,79,82,67,57,Adult,Good Player
K. Toko Ekambi,78,78,29,Olympique Lyonnais,Cameroon,"LM,LW",14000000,62000,83,78,72,76,25,68,Adult,Good Player
R. Bensebaini,78,79,27,Borussia Mönchengladbach,Algeria,"LB,CB",15000000,28000,70,64,72,74,76,79,Adult,Good Player
A. Meret,78,81,25,Napoli,Italy,GK,14500000,36000,79,73,70,81,44,77,Adult,Good Player
D. Ćaleta-Car,78,82,25,Southampton,Croatia,CB,17500000,48000,59,39,59,62,79,81,Adult,Good Player
G. Krychowiak,78,78,32,Al Shabab,Poland,"CDM,CM",9500000,34000,50,75,72,68,75,78,Senior,Good Player
D. D'Ambrosio,78,78,33,Inter,Italy,CB,6500000,54000,68,56,67,71,79,75,Senior,Good Player
Douglas Luiz,78,83,24,Aston Villa,Brazil,"CDM,CM",19500000,59000,67,68,77,77,73,70,Adult,Good Player
M. Ryan,78,78,30,F.C. København,Australia,GK,9500000,20000,78,76,82,80,53,76,Senior,Good Player
S. Driussi,78,81,26,Austin FC,Argentina,"CAM,ST",18500000,11000,81,78,73,76,26,69,Adult,Good Player
R. Borré,78,79,26,Eintracht Frankfurt,Colombia,ST,17000000,33000,77,77,74,79,45,76,Adult,Good Player
S. Benrahma,78,78,26,West Ham United,Algeria,"LM,CAM",15500000,66000,75,73,75,81,40,56,Adult,Good Player
J. Brooks,78,79,29,SL Benfica,United States,CB,13000000,15000,58,40,58,61,79,76,Adult,Good Player
Pozuelo,78,78,30,Inter Miami CF,Spain,"CAM,CF",13500000,11000,64,73,79,80,53,67,Senior,Good Player
A. Carrillo,78,78,31,Al Hilal,Peru,"RW,CM",11500000,45000,84,74,73,81,41,69,Senior,Good Player
G. Caprari,78,78,28,AC Monza,Italy,CF,14500000,34000,85,73,76,83,33,55,Adult,Good Player
W. Boly,78,78,31,Nottingham Forest,Côte d'Ivoire,CB,9500000,57000,58,36,64,63,77,79,Senior,Good Player
Fernando,78,78,30,Antalyaspor,Brazil,"CDM,CM",12000000,27000,72,67,77,73,74,77,Senior,Good Player
T. Meunier,78,78,30,Borussia Dortmund,Belgium,"RB,RM",12000000,41000,73,74,74,72,74,81,Senior,Good Player
M. Rojo,78,78,32,Boca Juniors,Argentina,CB,9000000,18000,65,60,67,64,77,81,Senior,Good Player
A. Mandi,78,78,30,Villarreal CF,Algeria,CB,11500000,31000,62,46,72,69,79,73,Senior,Good Player
S. Rode,78,78,31,Eintracht Frankfurt,Germany,"CDM,CM",10000000,28000,59,65,72,74,77,74,Senior,Good Player
L. Unnerstall,78,78,31,FC Twente,Germany,GK,7500000,12000,78,78,63,80,32,78,Senior,Good Player
Campaña,78,78,29,Levante Unión Deportiva,Spain,"CM,LM,RM",13500000,16000,65,72,81,78,70,71,Adult,Good Player
G. Trauner,78,78,30,Feyenoord,Austria,CB,11500000,12000,63,57,67,67,77,87,Senior,Good Player
D. Praet,78,78,28,Leicester City,Belgium,"CAM,CF,CM",14000000,79000,66,72,78,79,63,66,Adult,Good Player
Oriol Romeu,78,78,30,Girona FC,Spain,"CDM,CM",12000000,26000,41,44,62,65,80,79,Senior,Good Player
Lucas Pérez,78,78,33,Cádiz CF,Spain,ST,9000000,35000,78,80,76,77,30,66,Senior,Good Player
M. Niakhaté,78,80,26,Nottingham Forest,France,CB,15500000,57000,79,42,65,67,79,78,Adult,Good Player
F. Dimarco,78,83,24,Inter,Italy,"LWB,LM,CB",20000000,47000,76,65,76,75,74,69,Adult,Good Player
Andrei Girotto,78,78,30,FC Nantes,Brazil,"CB,CDM",11500000,26000,58,67,68,69,79,73,Senior,Good Player
Daniel Podence,78,79,26,Wolverhampton Wanderers,Portugal,"LW,CAM,ST",16500000,82000,83,64,73,85,33,50,Adult,Good Player
M. Almirón,78,78,28,Newcastle United,Paraguay,"RM,CM,CAM",14000000,84000,86,71,73,79,53,61,Adult,Good Player
P. Lienhart,78,80,25,Sport-Club Freiburg,Austria,CB,15500000,27000,70,28,56,62,80,74,Adult,Good Player
Brahim,78,86,22,AC Milan,Spain,CAM,31500000,110000,78,69,76,82,30,50,Young,Good Player
E. Palacios,78,83,23,Bayer 04 Leverkusen,Argentina,"CDM,CM,CAM",19500000,39000,66,73,75,78,74,72,Adult,Good Player
J. Karlsson,78,83,23,AZ Alkmaar,Sweden,LW,21000000,13000,83,77,72,83,35,61,Adult,Good Player
F. Aursnes,78,79,26,SL Benfica,Norway,"CDM,CM",15000000,14000,73,65,76,78,74,76,Adult,Good Player
Ç. Söyüncü,78,80,26,Leicester City,Turkey,CB,15500000,69000,71,46,60,65,78,79,Adult,Good Player
Caio Henrique,78,82,24,AS Monaco,Brazil,"LB,LM",18500000,39000,75,57,77,78,73,62,Adult,Good Player
W. Endo,78,78,29,VfB Stuttgart,Japan,"CM,CDM",13500000,29000,67,64,70,78,78,75,Adult,Good Player
J. Ito,78,78,29,Stade de Reims,Japan,"RW,CF",14000000,30000,89,71,73,78,58,70,Adult,Good Player
N. Molina,78,84,24,Atlético de Madrid,Argentina,"RWB,RM",21000000,39000,82,67,71,76,71,69,Adult,Good Player
Zubeldia,78,82,25,Real Sociedad,Spain,CB,17500000,29000,65,63,75,70,78,79,Adult,Good Player
Odriozola,78,80,26,Real Madrid CF,Spain,RB,16000000,115000,82,55,71,75,74,65,Adult,Good Player
Luiz Araújo,78,78,26,Atlanta United,Brazil,"RM,LM,CAM",15500000,11000,88,69,72,83,39,57,Adult,Good Player
Diogo Dalot,78,84,23,Manchester United,Portugal,RB,21000000,78000,79,60,73,78,73,77,Adult,Good Player
J. Ikoné,78,82,24,Fiorentina,France,"RW,RM",20000000,50000,89,69,73,83,35,60,Adult,Good Player
P. Rosario,78,82,25,OGC Nice,Netherlands,"CDM,CM,CB",18000000,38000,64,64,71,75,76,79,Adult,Good Player
M. Edwards,78,84,23,Sporting CP,England,"RW,LW",22000000,15000,85,71,70,84,33,48,Adult,Good Player
D. Lovren,78,78,32,Free agent,Croatia,CB,0,0,53,40,59,62,80,77,Senior,Good Player
Jonatão Praz,78,78,22,Flamengo,Brazil,LW,16500000,38000,78,69,77,79,45,54,Young,Good Player
C. Lenglet,78,81,27,Tottenham Hotspur,France,CB,16000000,105000,68,45,69,64,77,76,Adult,Good Player
Fredditinho,78,78,34,Palmeiras,Brazil,ST,7000000,43000,73,80,63,74,39,76,Senior,Good Player
Gerson,78,82,25,Olympique de Marseille,Brazil,CM,19500000,38000,69,69,78,78,76,79,Adult,Good Player
F. Guilbert,78,79,27,Aston Villa,France,"RWB,RB",15000000,69000,74,49,69,72,75,78,Adult,Good Player
Nuno Santos,78,78,27,Sporting CP,Portugal,"LW,LWB,RW",15000000,17000,81,76,75,80,58,68,Adult,Good Player
K. Walker-Peters,78,83,25,Southampton,England,"RB,LB",19000000,48000,76,43,68,76,74,71,Adult,Good Player
M. Thuram,78,83,24,Borussia Mönchengladbach,France,"ST,LM",21500000,29000,81,77,71,78,48,76,Adult,Good Player
Pedraza,78,80,26,Villarreal CF,Spain,"LB,LM",16000000,31000,81,72,72,76,74,75,Adult,Good Player
F. Grillitsch,78,80,26,Ajax,Austria,"CDM,CB,CM",15500000,17000,65,60,78,77,75,66,Adult,Good Player
E. Audero,78,81,25,U.C. Sampdoria,Italy,GK,14500000,16000,80,74,73,82,53,76,Adult,Good Player
S. Sensi,78,79,26,AC Monza,Italy,"CM,CAM",16500000,59000,75,61,83,84,65,57,Adult,Good Player
J. Aidoo,78,81,26,RC Celta de Vigo,Ghana,CB,16500000,24000,75,27,48,50,76,88,Adult,Good Player
Arturo Inálcio,78,78,22,Flamengo,Brazil,"CM,CAM",16500000,35000,83,72,75,78,52,48,Young,Good Player
L. Nmecha,78,83,23,VfL Wolfsburg,Germany,ST,21500000,44000,82,77,66,77,40,77,Adult,Good Player
Gerson Armão,78,78,22,Internacional,Brazil,"LB,LWB,LM",15000000,24000,79,67,71,71,74,78,Young,Good Player
Wellington Sabrão,78,78,34,Flamengo,Brazil,"RB,LB",5000000,37000,92,56,68,73,72,69,Senior,Good Player
Zervandro,78,78,22,Internacional,Brazil,"CB,LB",14500000,24000,68,48,60,54,79,75,Young,Good Player
Pedrão Tofico,78,78,26,Flamengo,Brazil,CB,13500000,37000,58,29,63,58,77,84,Adult,Good Player
Hediselton,78,78,22,RB Bragantino,Brazil,"RB,RM,CM",15000000,16000,78,71,71,76,74,74,Young,Good Player
Albertinho Dutra,78,78,30,São Paulo,Brazil,"LW,LM",13500000,43000,81,72,81,80,23,50,Senior,Good Player
Guilson Paiva,78,78,26,Flamengo,Brazil,"RM,RW",15500000,40000,83,69,75,78,42,68,Adult,Good Player
Dante,78,78,38,OGC Nice,Brazil,CB,2500000,28000,32,52,68,66,79,78,Senior,Good Player
T. Mings,78,78,29,Aston Villa,England,CB,12000000,72000,71,44,67,66,78,80,Adult,Good Player
K. Koné,77,86,21,Borussia Mönchengladbach,France,CM,23500000,21000,71,69,74,81,69,70,Young,Good Player
Igor Coronado,77,77,29,Al Ittihad,Brazil,"CAM,CF,LM",10500000,41000,80,75,75,82,49,61,Adult,Good Player
S. Kritsyuk,77,77,31,Gil Vicente FC,Russia,GK,5500000,10000,77,78,73,78,48,75,Senior,Good Player
A. Tameze,77,77,28,Hellas Verona,France,"CM,CDM",10500000,29000,72,65,73,79,78,75,Adult,Good Player
F. Tait,77,77,29,Stade Rennais FC,France,"CM,LM",10500000,46000,70,71,76,79,67,67,Adult,Good Player
J. Mojica,77,77,29,Villarreal CF,Colombia,"LB,LWB,LM",9500000,30000,88,65,73,72,72,70,Adult,Good Player
P. Díaz,77,77,27,River Plate,Chile,CB,9500000,17000,74,57,69,71,75,82,Adult,Good Player
C. Izquierdoz,77,77,33,Real Sporting de Gijón,Argentina,CB,5000000,11000,50,54,54,54,78,82,Senior,Good Player
D. Benedetto,77,77,32,Boca Juniors,Argentina,ST,8500000,20000,75,79,69,75,38,70,Senior,Good Player
M. Borjan,77,77,34,Free agent,Canada,GK,0,0,78,74,75,78,44,74,Senior,Good Player
K. Rekik,77,80,27,Sevilla FC,Netherlands,"CB,LB",12000000,25000,64,39,60,63,76,75,Adult,Good Player
M. Batshuayi,77,77,28,Fenerbahçe SK,Belgium,ST,11000000,68000,74,78,59,76,33,73,Adult,Good Player
C. Kramer,77,77,31,Borussia Mönchengladbach,Germany,CDM,7500000,26000,42,50,70,71,76,73,Senior,Good Player
D. Suárez,77,77,34,Getafe CF,Uruguay,"RB,RWB",3900000,26000,69,69,72,73,75,75,Senior,Good Player
P. Kadeřábek,77,77,30,TSG Hoffenheim,Czech Republic,"RWB,RB,RM",9000000,31000,74,44,72,72,72,78,Senior,Good Player
D. Demme,77,77,30,Napoli,Germany,"CDM,CM",9000000,44000,56,47,74,75,73,72,Senior,Good Player
N. Dorsch,77,82,24,FC Augsburg,Germany,"CDM,CM",14500000,23000,72,72,74,78,73,73,Adult,Good Player
A. Gomis,77,79,28,Stade Rennais FC,Senegal,GK,9000000,34000,77,76,71,76,42,76,Adult,Good Player
David López,77,77,32,Girona FC,Spain,"CDM,CB",7000000,25000,50,58,68,65,78,75,Senior,Good Player
M. Doherty,77,77,30,Tottenham Hotspur,Republic of Ireland,"RWB,RB",9000000,69000,68,65,73,73,74,75,Senior,Good Player
M. Icardi,77,77,29,Galatasaray SK,Argentina,ST,10500000,75000,62,77,64,72,35,68,Adult,Good Player
B. Lecomte,77,77,31,RCD Espanyol de Barcelona,France,GK,5500000,35000,76,74,78,76,41,76,Senior,Good Player
Cristian Tello,77,77,30,Los Angeles FC,Spain,"LM,RM",10000000,10000,89,72,74,76,48,61,Senior,Good Player
Vitolo,77,77,32,Unión Deportiva Las Palmas,Spain,"LM,ST",8500000,47000,72,76,76,76,41,70,Senior,Good Player
N. Pallois,77,77,34,FC Nantes,France,CB,3400000,25000,37,54,61,61,77,84,Senior,Good Player
A. Oxlade-Chamberlain,77,77,28,Liverpool,England,CM,10500000,90000,80,74,76,81,67,74,Adult,Good Player
F. Midtsjø,77,77,28,Galatasaray SK,Norway,CM,10500000,62000,76,63,76,77,72,78,Adult,Good Player
J. Svensson,77,77,29,Adana Demirspor,Norway,RB,9500000,22000,81,60,70,75,72,81,Adult,Good Player
Rodrigo,77,77,31,Leeds United,Spain,"CAM,ST,CM",8500000,40000,77,77,76,78,45,69,Senior,Good Player
D. Burn,77,77,30,Newcastle United,England,"CB,LB",8500000,69000,47,33,65,63,77,80,Senior,Good Player
L. Augustinsson,77,77,28,Aston Villa,Sweden,"LB,LM",9500000,26000,64,62,77,74,74,70,Adult,Good Player
R. Bazoer,77,80,25,AZ Alkmaar,Netherlands,"CM,CDM,CB",14000000,12000,71,68,77,78,73,77,Adult,Good Player
I. Toney,77,79,26,Brentford,England,ST,13000000,51000,78,77,64,73,49,82,Adult,Good Player
A. Djiku,77,79,27,RC Strasbourg Alsace,Ghana,CB,11000000,25000,69,42,66,69,76,81,Adult,Good Player
I. Diop,77,82,25,Fulham,France,CB,14000000,48000,62,36,52,56,78,78,Adult,Good Player
J. Harrison,77,80,25,Leeds United,England,"LM,RM",14000000,38000,80,72,71,79,49,69,Adult,Good Player
D. James,77,82,24,Fulham,Wales,"RM,ST,LM",16000000,35000,95,70,69,76,47,68,Adult,Good Player
K. Tsimikas,77,80,26,Liverpool,Greece,"LB,LWB",12500000,80000,80,57,72,75,72,75,Adult,Good Player
Isi Palazón,77,77,27,Rayo Vallecano,Spain,"RM,LM,CAM",11000000,22000,84,73,72,80,39,63,Adult,Good Player
R. Doan,77,83,24,Sport-Club Freiburg,Japan,"RM,CAM",16500000,25000,79,71,73,81,40,59,Adult,Good Player
A. Vega,77,83,24,Free agent,Mexico,"LW,ST,LM",0,0,80,75,75,80,32,74,Adult,Good Player
M. Turner,77,80,28,Arsenal,United States,GK,9500000,56000,76,75,67,77,38,79,Adult,Good Player
R. Kristensen,77,82,24,Leeds United,Denmark,RB,15000000,31000,80,67,71,72,73,82,Adult,Good Player
S. Villa,77,78,26,Boca Juniors,Colombia,"LW,RW",12500000,20000,94,73,69,78,32,67,Adult,Good Player
Bruno Viana,77,80,27,Wuhan FC,Brazil,CB,12000000,15000,67,42,56,57,78,81,Adult,Good Player
Gedson Fernandes,77,81,23,Beşiktaş JK,Portugal,CM,15000000,42000,79,74,75,78,71,75,Adult,Good Player
Iago,77,80,25,FC Augsburg,Brazil,"LWB,LM",13000000,25000,84,58,69,74,72,71,Adult,Good Player
Z. Steffen,77,79,27,Middlesbrough,United States,GK,9500000,73000,79,74,75,82,53,72,Adult,Good Player
Domingos Duarte,77,80,27,Getafe CF,Portugal,"CB,LB",12000000,26000,52,35,58,53,79,78,Adult,Good Player
W. Faes,77,82,24,Leicester City,Belgium,CB,14500000,56000,59,38,55,58,78,77,Adult,Good Player
I. Sarr,77,83,24,Watford,Senegal,"RM,RW",16500000,39000,94,76,67,80,22,67,Adult,Good Player
Brais Méndez,77,80,25,Real Sociedad,Spain,"RM,CM",14000000,30000,69,74,77,75,56,64,Adult,Good Player
G. Maggiore,77,81,24,US Salernitana 1919,Italy,"CM,CDM",15000000,25000,74,62,71,76,72,72,Adult,Good Player
S. Lukić,77,80,25,Torino F.C.,Serbia,CM,14000000,40000,60,68,77,78,69,72,Adult,Good Player
Davidson,77,77,31,Wuhan Three Towns,Brazil,"LM,ST",8500000,21000,81,75,71,80,41,74,Senior,Good Player
C. McGregor,77,77,29,Celtic,Scotland,"CDM,CM",9000000,50000,78,73,75,78,70,75,Adult,Good Player
D. Alli,77,80,26,Beşiktaş JK,England,"CAM,CM",14000000,40000,65,77,75,78,64,71,Adult,Good Player
Bruma,77,77,27,Fenerbahçe SK,Portugal,"LW,RW,CAM",11000000,21000,90,71,69,83,32,63,Adult,Good Player
S. Boufal,77,77,28,Angers SCO,Morocco,"CF,LM,ST",11000000,28000,79,71,75,84,30,56,Adult,Good Player
D. Lazović,77,77,31,Hellas Verona,Serbia,LM,8500000,28000,85,69,74,78,65,63,Senior,Good Player
P. Max,77,77,28,PSV,Germany,LB,9500000,18000,78,65,77,75,70,74,Adult,Good Player
F. Lejeune,77,77,31,Rayo Vallecano,France,CB,7000000,13000,52,57,62,64,77,72,Senior,Good Player
R. Gikiewicz,77,77,34,FC Augsburg,Poland,GK,1800000,21000,79,72,64,81,28,76,Senior,Good Player
Hugo Mallo,77,77,31,RC Celta de Vigo,Spain,RB,7500000,22000,64,39,68,67,75,73,Senior,Good Player
B. Yılmaz,77,77,36,Fortuna Sittard,Turkey,ST,3600000,14000,74,82,68,70,34,77,Senior,Good Player
M. Casco,77,77,34,River Plate,Argentina,"LB,RB,CM",3900000,17000,83,68,76,80,69,79,Senior,Good Player
S. Widmer,77,77,29,1. FSV Mainz 05,Switzerland,"RWB,RB,CB",9500000,27000,78,62,72,74,72,79,Adult,Good Player
Ander Capa,77,77,30,Athletic Club de Bilbao,Spain,RB,9000000,25000,79,64,74,74,73,85,Senior,Good Player
I. Bebou,77,77,28,TSG Hoffenheim,Togo,"ST,RM,RW",11000000,39000,89,75,68,79,34,63,Adult,Good Player
Danilo,77,77,30,VfL Bochum 1848,Brazil,LB,9000000,24000,68,59,67,77,76,70,Senior,Good Player
J. Beauguel,77,77,30,Al Wehda,France,ST,10500000,30000,68,75,53,71,32,80,Senior,Good Player
M. Simon,77,77,26,FC Nantes,Nigeria,"LM,ST,LW",11500000,27000,90,70,69,81,33,65,Adult,Good Player
A. Blake,77,77,31,Philadelphia Union,Jamaica,GK,5500000,7000,79,70,74,81,45,78,Senior,Good Player
M. Targett,77,78,26,Newcastle United,England,LB,11500000,69000,69,47,72,72,74,69,Adult,Good Player
M. Vecino,77,77,30,Lazio,Uruguay,"CM,CDM",10000000,45000,62,71,74,76,75,76,Senior,Good Player
J. Denayer,77,79,27,Free agent,Belgium,CB,0,0,71,43,66,68,78,77,Adult,Good Player
Y. Mina,77,79,27,Everton,Colombia,CB,11000000,37000,37,54,59,58,78,77,Adult,Good Player
D. Gray,77,78,26,Everton,England,"LM,LW,CAM",12500000,40000,86,76,69,81,37,58,Adult,Good Player
A. Živković,77,78,25,PAOK,Serbia,"RW,LW",12500000,2000,80,73,74,81,55,61,Adult,Good Player
F. Honorat,77,78,25,Stade Brestois 29,France,"LM,RM,ST",12500000,24000,81,75,71,77,47,61,Adult,Good Player
M. Oršić,77,77,29,Dinamo Zagreb,Croatia,"LW,LM,ST",10500000,1000,88,80,71,75,56,61,Adult,Good Player
N. Elvedi,77,81,25,Borussia Mönchengladbach,Switzerland,CB,13000000,25000,70,39,64,68,78,78,Adult,Good Player
L. Boyé,77,80,26,Elche CF,Argentina,ST,14000000,23000,70,78,64,78,49,80,Adult,Good Player
B. Embolo,77,80,25,AS Monaco,Switzerland,"ST,CAM",14000000,49000,84,75,70,74,51,82,Adult,Good Player
M. Friedrich,77,79,26,Borussia Mönchengladbach,Germany,CB,11500000,26000,63,41,57,53,79,76,Adult,Good Player
Dani Ceballos,77,80,25,Real Madrid CF,Spain,"CM,CDM",14000000,110000,58,68,77,82,66,66,Adult,Good Player
R. Aguilar,77,77,29,AS Monaco,France,RB,9500000,45000,73,53,71,75,73,76,Adult,Good Player
S. Lainer,77,77,29,Borussia Mönchengladbach,Austria,RB,9500000,27000,74,63,67,70,73,80,Adult,Good Player
Pedro Chirivella,77,80,25,FC Nantes,Spain,"CDM,CM",12500000,24000,59,54,73,74,70,70,Adult,Good Player
M. Schwäbe,77,80,27,1. FC Köln,Germany,GK,10500000,21000,77,73,78,80,47,75,Adult,Good Player
Dyego Sousa,77,77,32,Unión Deportiva Almería,Portugal,ST,8500000,29000,57,79,62,74,30,84,Senior,Good Player
J. Andersen,77,80,26,Crystal Palace,Denmark,CB,12000000,48000,52,50,68,64,77,80,Adult,Good Player
Pepe Reina,77,77,39,Villarreal CF,Spain,GK,1200000,14000,75,77,79,76,45,79,Senior,Good Player
Nani,77,77,35,Melbourne Victory,Portugal,"LM,RM",4300000,9000,69,75,79,80,37,66,Senior,Good Player
G. Pezzella,77,77,31,Real Betis Balompié,Argentina,CB,7000000,22000,50,49,49,56,79,71,Senior,Good Player
Negredo,77,77,36,Cádiz CF,Spain,ST,3600000,25000,53,80,64,70,36,76,Senior,Good Player
R. Soriano,77,77,31,Bologna,Italy,"CAM,CM,CF",8500000,33000,68,73,78,79,67,71,Senior,Good Player
Aitor,77,77,31,CA Osasuna,Spain,GK,5500000,21000,78,74,66,80,56,76,Senior,Good Player
C. Trimmel,77,77,35,1. FC Union Berlin,Austria,"RWB,RM,RB",3200000,21000,72,65,73,68,74,80,Senior,Good Player
L. Rodríguez,77,77,37,Club Atlético Colón,Argentina,"ST,CF,CAM",3600000,13000,67,79,76,83,43,70,Senior,Good Player
S. El Shaarawy,77,77,29,Roma,Italy,"LW,LM",10500000,63000,86,74,74,78,46,61,Adult,Good Player
P. Groß,77,77,31,Brighton & Hove Albion,Germany,"CM,RM",8500000,60000,50,74,81,75,58,72,Senior,Good Player
Illarramendi,77,77,32,Real Sociedad,Spain,"CM,CDM",8500000,31000,42,69,76,76,75,67,Senior,Good Player
De Marcos,77,77,33,Athletic Club de Bilbao,Spain,RB,5500000,25000,78,64,73,72,72,76,Senior,Good Player
Fidel,77,77,32,Elche CF,Spain,"LM,CM,LWB",8500000,22000,72,72,77,75,54,64,Senior,Good Player
J. Shelvey,77,77,30,Newcastle United,England,"CM,CDM",10000000,76000,40,71,80,72,62,74,Senior,Good Player
G. Bou,77,77,32,New England Revolution,Argentina,"ST,CF",8500000,11000,76,79,69,76,33,71,Senior,Good Player
Rochina,77,77,31,Granada CF,Spain,"RM,CM,LM",8500000,13000,68,77,78,80,54,66,Senior,Good Player
M. Suárez,77,77,34,River Plate,Argentina,"ST,LW",5000000,20000,75,76,75,83,47,69,Senior,Good Player
A. Dzyuba,77,77,33,Adana Demirspor,Russia,ST,6500000,25000,63,77,69,69,29,84,Senior,Good Player
C. Kouyaté,77,77,32,Nottingham Forest,Senegal,"CDM,CB,CM",7000000,53000,60,64,63,69,77,84,Senior,Good Player
Montoro,77,77,34,Real Oviedo,Spain,"CDM,CM,CAM",3600000,11000,38,65,72,70,75,68,Senior,Good Player
M. Balotelli,77,77,31,FC Sion,Italy,ST,9000000,30000,66,81,72,76,25,78,Senior,Good Player
C. Stuani,77,77,35,Girona FC,Uruguay,ST,4500000,22000,67,79,69,70,48,84,Senior,Good Player
M. Sissoko,77,77,32,FC Nantes,France,"CDM,CM",7000000,25000,70,61,72,75,74,86,Senior,Good Player
D. Godín,77,77,36,Vélez Sarsfield,Uruguay,CB,1900000,11000,54,48,62,61,76,77,Senior,Good Player
Sidnei,77,77,32,Unión Deportiva Las Palmas,Brazil,CB,7000000,11000,68,56,63,63,76,82,Senior,Good Player
S. Jovetić,77,77,32,Hertha BSC,Montenegro,"ST,CAM",8500000,34000,62,79,76,79,35,60,Senior,Good Player
Willian,77,77,33,Fulham,Brazil,"RM,RW,LW",6500000,55000,75,76,77,80,49,53,Senior,Good Player
K. Gameiro,77,77,35,RC Strasbourg Alsace,France,ST,4500000,22000,78,77,73,75,41,66,Senior,Good Player
A. Guardado,77,77,35,Real Betis Balompié,Mexico,CDM,3000000,16000,61,68,79,79,71,68,Senior,Good Player
S. Sirigu,77,77,35,Napoli,Italy,GK,1200000,23000,75,73,73,75,46,79,Senior,Good Player
Jorge Molina,77,77,40,Granada CF,Spain,ST,0,10000,33,82,67,67,41,70,Senior,Good Player
U. Sadiq,77,82,25,Real Sociedad,Nigeria,ST,15500000,33000,84,76,60,72,30,76,Adult,Good Player
V. Rosier,77,80,25,Beşiktaş JK,France,"RB,RWB",13000000,42000,84,52,65,77,72,75,Adult,Good Player
T. Awoniyi,77,80,24,Nottingham Forest,Nigeria,ST,14500000,56000,83,76,59,70,32,80,Adult,Good Player
K. Thuram,77,84,21,OGC Nice,France,"CM,CDM",21500000,30000,74,69,74,77,75,77,Young,Good Player
Adrià Pedrosa,77,83,24,RCD Espanyol de Barcelona,Spain,LB,15500000,16000,90,60,69,78,70,73,Adult,Good Player
Arthur Cabral,77,83,24,Fiorentina,Brazil,ST,17000000,47000,73,77,63,73,31,78,Adult,Good Player
A. Hložek,77,87,19,Bayer 04 Leverkusen,Czech Republic,"CAM,LM,ST",23000000,27000,78,75,72,77,31,79,Young,Good Player
Alberto Moreno,77,77,29,Villarreal CF,Spain,"LB,LM",9500000,30000,81,69,72,77,70,69,Adult,Good Player
M. Camara,77,85,22,AS Monaco,Mali,"CDM,CM",22500000,37000,82,58,68,77,72,77,Young,Good Player
Bryan Gil,77,86,21,Tottenham Hotspur,Spain,"LM,RM",23500000,56000,77,69,74,82,31,35,Young,Good Player
D. Hancko,77,85,24,Feyenoord,Slovakia,"CB,LB",22000000,10000,78,61,69,70,77,79,Adult,Good Player
G. Plata,77,86,21,Real Valladolid CF,Ecuador,"RM,RW",23500000,18000,88,69,70,82,43,64,Young,Good Player
Tuta,77,82,22,Eintracht Frankfurt,Brazil,CB,14500000,23000,70,49,65,70,77,76,Young,Good Player
Unai Vencedor,77,84,21,Athletic Club de Bilbao,Spain,"CM,CDM",21500000,20000,62,70,75,76,74,74,Young,Good Player
M. Kilman,77,83,25,Wolverhampton Wanderers,England,CB,14500000,62000,61,42,63,63,78,78,Adult,Good Player
J. Maas,77,77,28,AFC Richmond,Netherlands,CB,9000000,45000,70,43,53,67,77,80,Adult,Good Player
R. Montlaur,77,77,27,AFC Richmond,France,"CDM,CM",10000000,43000,79,69,77,78,73,70,Adult,Good Player
S. Dest,77,85,21,AC Milan,United States,"RB,RM,LB",22500000,71000,86,59,74,81,69,66,Young,Good Player
J. Kuchta,77,80,25,AC Sparta Praha,Czech Republic,ST,14000000,1000,79,75,65,74,35,82,Adult,Good Player
Fábio Vieira,77,87,22,Arsenal,Portugal,"CAM,RM",23500000,62000,75,71,77,77,40,52,Young,Good Player
N. Madueke,77,86,20,PSV,England,RW,23000000,16000,90,71,68,82,36,62,Young,Good Player
M. Ugarte,77,85,21,Sporting CP,Uruguay,"CM,CDM",23500000,11000,72,63,71,77,73,76,Young,Good Player
Z. Feddal,77,77,32,Real Valladolid CF,Morocco,CB,7000000,22000,60,50,61,60,78,77,Senior,Good Player
M. Livaja,77,77,28,Hajduk Split,Croatia,"CF,ST,LW",11000000,1000,78,77,71,79,38,81,Adult,Good Player
G. Reyna,77,86,19,Borussia Dortmund,United States,"CAM,RM,LM",23000000,24000,78,71,74,82,36,71,Young,Good Player
J. Teze,77,84,22,PSV,Netherlands,"CB,RB",20000000,15000,81,48,65,68,77,79,Young,Good Player
Y. Poulsen,77,77,28,RB Leipzig,Denmark,ST,11000000,53000,78,71,67,74,56,82,Adult,Good Player
Galeno,77,81,24,FC Porto,Brazil,LM,15000000,13000,90,72,66,82,32,66,Adult,Good Player
B. Badiashile,77,85,21,AS Monaco,France,CB,22000000,31000,61,47,67,60,78,76,Young,Good Player
M. Barrow,77,83,23,Bologna,Gambia,"CF,ST,LW",17000000,31000,84,75,69,78,31,63,Adult,Good Player
P. Daka,77,83,23,Leicester City,Zambia,ST,17000000,68000,90,78,60,75,24,70,Adult,Good Player
L. Geertruida,77,85,21,Feyenoord,Netherlands,"RB,CB",22500000,8000,80,52,68,73,76,77,Young,Good Player
Gorosabel,77,79,25,Real Sociedad,Spain,RB,12000000,27000,75,46,71,72,75,67,Adult,Good Player
O. Skipp,77,84,21,Tottenham Hotspur,England,"CDM,CM",20000000,49000,65,47,68,71,75,71,Young,Good Player
M. Olivera,77,83,24,Napoli,Uruguay,"LB,LWB",15500000,37000,74,50,66,71,74,76,Adult,Good Player
D. Frattesi,77,86,22,U.S. Sassuolo Calcio,Italy,"CM,CDM",23500000,29000,79,69,76,80,65,69,Young,Good Player
M. Pessina,77,80,25,AC Monza,Italy,"CAM,CM,CF",14000000,43000,72,71,75,77,71,71,Adult,Good Player
Pepê,77,80,25,FC Porto,Brazil,"LM,RM",14000000,14000,85,66,68,80,32,53,Adult,Good Player
Eric García,77,84,21,FC Barcelona,Spain,CB,20000000,71000,62,44,71,68,78,71,Young,Good Player
D. Zagadou,77,82,23,VfB Stuttgart,France,CB,14500000,21000,58,34,61,51,78,80,Adult,Good Player
M. Demiral,77,82,24,Atalanta,Turkey,CB,14500000,35000,73,39,47,60,79,80,Adult,Good Player
V. Castellanos,77,82,23,Girona FC,Argentina,ST,16000000,10000,78,77,68,73,41,76,Adult,Good Player
De Frutos,77,80,25,Levante Unión Deportiva,Spain,"RM,LM",14000000,14000,82,70,74,78,41,61,Adult,Good Player
M. Lacroix,77,86,22,VfL Wolfsburg,France,CB,22000000,34000,87,33,55,67,78,77,Young,Good Player
D. Undav,77,80,25,Brighton & Hove Albion,Germany,ST,14000000,63000,68,80,71,75,32,76,Adult,Good Player
A. Lookman,77,81,24,Atalanta,England,"LM,RM",15000000,39000,85,73,68,82,29,60,Adult,Good Player
M. Shaparenko,77,85,23,Dynamo Kyiv,Ukraine,"CM,CAM",23500000,1000,77,72,76,78,65,68,Adult,Good Player
M. Salisu,77,85,23,Southampton,Ghana,CB,22000000,41000,69,36,51,55,79,80,Adult,Good Player
J. Ferri,77,77,30,Montpellier Hérault SC,France,"CDM,CM",9000000,23000,57,65,76,74,70,74,Senior,Good Player
Willian Arão,77,77,30,Fenerbahçe SK,Brazil,"CDM,CM",9000000,55000,73,63,66,69,76,78,Senior,Good Player
Hugo Duro,77,84,22,Valencia CF,Spain,"ST,LM",21500000,32000,75,76,67,76,44,67,Young,Good Player
Leander Baia,77,77,34,Clube Atlético Mineiro,Brazil,"RB,RM",3900000,32000,76,48,69,75,74,70,Senior,Good Player
M. Marega,77,77,31,Al Hilal,Mali,"ST,RW",9000000,42000,89,76,65,68,39,89,Senior,Good Player
R. Holding,77,79,26,Arsenal,England,CB,11500000,65000,54,34,61,66,78,73,Adult,Good Player
B. Henrichs,77,80,25,RB Leipzig,Germany,"RWB,RM,CM",13000000,41000,71,53,72,76,74,70,Adult,Good Player
K. Dolberg,77,81,24,Sevilla FC,Denmark,ST,15500000,39000,71,80,67,76,30,68,Adult,Good Player
Robert Sánchez,77,83,24,Brighton & Hove Albion,Spain,GK,13500000,37000,78,75,71,80,45,77,Adult,Good Player
R. Krunić,77,77,28,AC Milan,Bosnia and Herzegovina,"CM,CAM",10500000,58000,67,73,76,77,72,72,Adult,Good Player
A. Disasi,77,82,24,AS Monaco,France,CB,14500000,37000,50,28,51,55,77,82,Adult,Good Player
C. Montes,77,82,25,Free agent,Mexico,CB,0,0,62,44,63,65,78,78,Adult,Good Player
S. Serdar,77,81,25,Hertha BSC,Germany,"CM,CDM,CAM",14500000,30000,67,71,71,81,73,79,Adult,Good Player
Enzo Chissano,77,77,30,Palmeiras,Brazil,"LB,RB,CB",9000000,34000,79,62,71,70,74,69,Senior,Good Player
A. Fulgini,77,80,25,1. FSV Mainz 05,France,"CM,CAM,CF",14000000,27000,73,70,76,79,69,73,Adult,Good Player
Claudio Coíntra,77,77,26,Palmeiras,Brazil,"CAM,CF",11500000,38000,79,73,76,78,27,60,Adult,Good Player
Wagner Laranjo,77,77,38,Palmeiras,Brazil,"CDM,CM",2100000,25000,67,72,75,73,74,76,Senior,Good Player
Andeson Trigo,77,77,34,Fluminense,Brazil,"LB,LM,CAM",3900000,23000,82,63,75,77,71,64,Senior,Good Player
Jadsinho Mei,77,77,26,Flamengo,Brazil,"CDM,CM",10000000,34000,58,61,65,58,72,79,Adult,Good Player
Rodrigo Vuarte,77,77,30,Clube Atlético Mineiro,Brazil,CDM,9000000,32000,65,65,70,63,76,77,Senior,Good Player
Victorio Jabim,77,77,26,Palmeiras,Brazil,"RB,RM",10500000,34000,79,54,71,73,75,63,Adult,Good Player
Vieirundinho,77,77,34,Santos,Brazil,CB,3400000,26000,59,39,53,57,80,81,Senior,Good Player
Murildo Kauê,77,77,22,Palmeiras,Brazil,LM,12500000,33000,81,63,72,75,37,69,Young,Good Player
Sidney Pessinho,77,77,30,Internacional,Brazil,"CDM,CM",9000000,26000,69,62,74,69,76,80,Senior,Good Player
Gelson Martins,77,77,27,AS Monaco,Portugal,"RM,LM",11000000,47000,90,70,69,81,51,59,Adult,Good Player
Vitor Hugo,77,77,31,Trabzonspor,Brazil,CB,7000000,33000,66,33,45,50,79,80,Senior,Good Player
P. Mantalos,77,77,30,AEK Athens,Greece,"CAM,LM",10000000,1000,73,69,78,78,55,63,Senior,Good Player
J. Boga,77,80,25,Atalanta,Côte d'Ivoire,"LW,CF,LM",14000000,47000,85,73,72,81,37,63,Adult,Good Player
A. Bakasetas,77,77,29,Trabzonspor,Greece,"CAM,CM",10500000,38000,71,78,77,76,56,74,Adult,Good Player
R. Saïss,77,77,32,Beşiktaş JK,Morocco,"CB,CDM",7000000,44000,61,56,70,66,77,79,Senior,Good Player
A. Thomasson,77,77,28,RC Strasbourg Alsace,France,"CM,CAM",10500000,28000,69,72,77,77,65,70,Adult,Good Player
H. Mukhtar,77,78,27,Nashville SC,Germany,"CF,ST,CAM",12500000,11000,80,74,77,78,45,64,Adult,Good Player
F. Schär,77,77,30,Newcastle United,Switzerland,CB,8500000,69000,51,67,70,67,78,74,Senior,Good Player
S. Al Dawsari,77,77,30,Al Hilal,Saudi Arabia,"LW,RW",10000000,42000,84,73,69,81,52,79,Senior,Good Player
K. Mbabu,77,77,27,Fulham,Switzerland,RB,10000000,50000,83,51,66,71,73,81,Adult,Good Player
Paulo Oliveira,77,77,30,SC Braga,Portugal,CB,8500000,15000,60,35,51,61,79,76,Senior,Good Player
Emerson,77,77,27,West Ham United,Italy,LB,10000000,56000,74,63,75,78,73,63,Adult,Good Player
M. Wolf,77,77,27,Borussia Dortmund,Germany,"RM,RB",11000000,42000,83,71,71,74,66,77,Adult,Good Player
Hwang Hee Chan,77,78,26,Wolverhampton Wanderers,Korea Republic,"LW,ST",12500000,77000,81,75,70,78,28,70,Adult,Good Player
G. Castrovilli,77,81,25,Fiorentina,Italy,CM,14500000,47000,74,65,75,82,66,68,Adult,Good Player
J. Butez,77,80,27,Royal Antwerp FC,France,GK,10500000,17000,76,76,77,79,45,75,Adult,Good Player
H. Diallo,77,78,27,RC Strasbourg Alsace,Senegal,ST,12500000,30000,71,76,59,72,23,73,Adult,Good Player
İ. Kahveci,77,78,26,Fenerbahçe SK,Turkey,"CAM,CM,RM",12500000,60000,74,71,79,80,58,65,Adult,Good Player
A. Diallo,77,79,26,RB Leipzig,Senegal,"CB,LB",11500000,61000,72,39,71,74,77,76,Adult,Good Player
K. Iheanacho,77,79,25,Leicester City,Nigeria,ST,13500000,74000,73,79,70,77,38,70,Adult,Good Player
S. Mavididi,77,81,24,Montpellier Hérault SC,England,"LM,ST",15000000,22000,88,76,69,77,28,68,Adult,Good Player
B. Godfrey,77,85,24,Everton,England,"CB,LB",22000000,31000,82,44,61,65,76,80,Adult,Good Player
O. Boscagli,77,82,24,PSV,France,"CB,LB,CDM",14500000,15000,73,49,74,74,77,75,Adult,Good Player
I. Meslier,77,84,22,Leeds United,France,GK,18500000,25000,79,76,73,81,38,72,Young,Good Player
O. Edouard,76,82,24,Crystal Palace,France,"ST,LW",12000000,46000,79,75,68,79,45,75,Adult,Good Player
Jairzinho Aníbal,76,76,30,RB Bragantino,Brazil,"CDM,CM",6500000,16000,67,62,66,65,74,78,Senior,Good Player
Simão Acunha,76,76,34,Clube Atlético Mineiro,Brazil,"CAM,CF",3500000,33000,77,68,77,77,36,62,Senior,Good Player
T. Hübers,76,79,25,1. FC Köln,Germany,CB,9000000,23000,80,39,56,58,78,73,Adult,Good Player
J. Mæhle,76,79,25,Atalanta,Denmark,"RWB,RM,LM",9000000,37000,85,56,69,72,68,78,Adult,Good Player
Jota,76,83,23,Celtic,Portugal,"LW,RW",15000000,46000,86,71,72,79,37,61,Adult,Good Player
Florentino,76,85,22,SL Benfica,Portugal,"CDM,CM",16000000,11000,56,44,62,68,77,72,Young,Good Player
Evander,76,81,24,FC Midtjylland,Brazil,"CM,CAM",11500000,24000,73,71,76,80,67,69,Adult,Good Player
R. Sallai,76,77,25,Sport-Club Freiburg,Hungary,"RM,CF",9000000,26000,75,70,71,78,37,65,Adult,Good Player
Y. Herrera,76,81,24,Girona FC,Venezuela,"CM,CDM,CAM",11500000,80000,62,70,72,74,77,78,Adult,Good Player
A. Afif,76,78,25,Free agent,Qatar,"LW,CF,CAM",0,0,87,71,72,77,32,54,Adult,Good Player
Sequeira,76,76,31,SC Braga,Portugal,"LB,CB",5500000,14000,67,59,68,71,77,75,Senior,Good Player
R. Orsolini,76,79,25,Bologna,Italy,"CF,RW",10000000,32000,79,72,74,81,39,65,Adult,Good Player
J. Sánchez,76,82,24,Ajax,Mexico,RB,11000000,13000,92,50,64,75,71,81,Adult,Good Player
T. Tissoudali,76,76,29,KAA Gent,Morocco,"CF,ST",7500000,25000,76,73,68,82,27,64,Adult,Good Player
R. Aliendro,76,76,31,River Plate,Argentina,"CM,CDM",6000000,17000,77,72,71,80,72,76,Senior,Good Player
T. Adams,76,80,23,Leeds United,United States,"CDM,CM,RWB",10000000,29000,80,48,69,73,73,76,Adult,Good Player
S. Nakajima,76,76,27,Antalyaspor,Japan,"CAM,LW,RW",8000000,26000,86,71,71,82,37,47,Adult,Good Player
F. Zampedri,76,76,34,Universidad Católica,Argentina,ST,3600000,13000,68,78,56,71,29,78,Senior,Good Player
M. Grujić,76,79,26,FC Porto,Serbia,"CM,CDM",9500000,14000,61,71,71,77,73,80,Adult,Good Player
Y. Yazıcı,76,80,25,Trabzonspor,Turkey,"CF,ST,CAM",10500000,32000,66,75,77,79,47,71,Adult,Good Player
T. Henry,76,76,27,Hellas Verona,France,ST,8000000,29000,65,76,65,66,40,82,Adult,Good Player
J. Justin,76,79,24,Leicester City,England,"LB,RB",9500000,52000,81,50,69,72,73,70,Adult,Good Player
R. Perraud,76,80,24,Southampton,France,LB,10000000,38000,72,72,75,75,72,73,Adult,Good Player
T. Chalobah,76,82,22,Chelsea,England,"CB,CDM,CM",11000000,64000,64,47,65,68,76,76,Young,Good Player
Adilson Edrada,76,76,30,Santos,Brazil,CAM,7000000,26000,77,71,70,80,32,55,Senior,Good Player
A. Silva,76,76,32,Club Olimpia,Uruguay,"RM,RW",6000000,1000,87,68,72,75,63,72,Senior,Good Player
F. Müller,76,80,24,VfB Stuttgart,Germany,GK,8500000,15000,75,73,73,80,43,74,Adult,Good Player
W. Hoedt,76,77,28,RSC Anderlecht,Netherlands,CB,7000000,22000,52,46,67,60,76,78,Adult,Good Player
F. Fabra,76,76,31,Boca Juniors,Colombia,LB,5500000,16000,83,68,74,78,69,77,Senior,Good Player
Diego Llorente,76,77,28,Leeds United,Spain,CB,7000000,36000,67,40,63,68,75,78,Adult,Good Player
S. Palacios,76,76,30,Panathinaikos FC,Argentina,"RW,LW",7000000,1000,91,74,69,77,44,68,Senior,Good Player
D. Amartey,76,77,27,Leicester City,Ghana,"CB,CDM",7500000,60000,63,55,65,69,76,76,Adult,Good Player
F. Acheampong,76,76,28,Shenzhen FC,Ghana,"ST,LW,LM",7500000,15000,93,75,68,81,49,76,Adult,Good Player
D. Origi,76,77,27,AC Milan,Belgium,"ST,LW",9000000,56000,79,75,67,75,27,73,Adult,Good Player
Puertas,76,76,30,Granada CF,Spain,"RM,LM",7000000,12000,76,73,71,76,43,74,Senior,Good Player
R. Loftus-Cheek,76,79,26,Chelsea,England,"CM,RM",9500000,81000,65,68,75,78,66,75,Adult,Good Player
A. Hamdallah,76,76,31,Al Ittihad,Morocco,ST,6500000,40000,72,76,70,76,30,71,Senior,Good Player
F. Di Francesco,76,76,28,Lecce,Italy,"LW,RW",7500000,20000,78,70,73,80,39,60,Adult,Good Player
Thiago Mendes,76,76,30,Olympique Lyonnais,Brazil,"CDM,CB,CM",6500000,48000,68,67,74,75,73,74,Senior,Good Player
Helton Leite,76,76,31,SL Benfica,Brazil,GK,4000000,10000,75,73,70,78,53,75,Senior,Good Player
G. Cuéllar,76,76,29,Al Hilal,Colombia,CDM,6500000,35000,69,50,66,69,74,81,Adult,Good Player
I. Marcone,76,76,32,Club Atlético Independiente,Argentina,"CDM,CM",5000000,14000,44,62,72,69,73,77,Senior,Good Player
L. Dubois,76,76,27,Galatasaray SK,France,RB,7000000,51000,70,58,74,72,74,71,Adult,Good Player
L. Romero,76,76,28,Club Atlético Independiente,Argentina,"CDM,CM",6500000,15000,75,62,73,73,74,76,Adult,Good Player
L. Sigali,76,76,35,Racing Club,Argentina,CB,2000000,13000,66,51,57,61,77,76,Senior,Good Player
F. Angileri,76,76,28,Getafe CF,Argentina,"LB,LWB",7000000,25000,79,71,76,75,70,80,Adult,Good Player
L. Montipò,76,80,26,Hellas Verona,Italy,GK,8000000,20000,76,74,72,80,41,74,Adult,Good Player
S. Guirassy,76,79,26,VfB Stuttgart,France,ST,10000000,44000,68,75,66,75,38,75,Adult,Good Player
Ayoze Pérez,76,76,28,Leicester City,Spain,RW,7500000,75000,76,70,73,80,58,63,Adult,Good Player
Kenedy,76,77,26,Real Valladolid CF,Brazil,"LM,RM",9000000,23000,77,71,74,78,60,62,Adult,Good Player
A. Petagna,76,77,27,AC Monza,Italy,ST,9000000,48000,59,75,68,75,34,81,Adult,Good Player
Y. Sabaly,76,76,29,Real Betis Balompié,Senegal,"RB,RM",6500000,22000,77,46,64,71,73,70,Adult,Good Player
Álvaro García,76,76,29,Rayo Vallecano,Spain,LM,7500000,21000,91,67,71,75,37,45,Adult,Good Player
M. Philipp,76,76,28,VfL Wolfsburg,Germany,"CF,CAM",7500000,45000,76,78,71,78,42,61,Adult,Good Player
A. Sørloth,76,78,26,Real Sociedad,Norway,ST,9500000,48000,81,74,66,72,36,84,Adult,Good Player
Luan Peres,76,76,27,Fenerbahçe SK,Brazil,"LB,CB",7000000,51000,69,38,66,68,76,75,Adult,Good Player
Vanderson,76,85,21,AS Monaco,Brazil,"RM,RB",17000000,32000,78,62,74,75,69,69,Young,Good Player
C. Fassnacht,76,76,28,BSC Young Boys,Switzerland,"RM,LM",7500000,24000,82,70,70,75,37,72,Adult,Good Player
Germán,76,76,35,Racing Santander,Spain,CB,2000000,7000,45,40,58,55,78,78,Senior,Good Player
M. Bizot,76,76,31,Stade Brestois 29,Netherlands,GK,4000000,17000,79,73,69,76,46,75,Senior,Good Player
M. Ozdoev,76,76,29,Fatih Karagümrük S.K.,Russia,"CDM,CM",6500000,24000,75,71,74,76,73,74,Adult,Good Player
E. Sviatchenko,76,76,30,FC Midtjylland,Denmark,CB,6000000,25000,60,51,61,61,76,82,Senior,Good Player
Álex Fernández,76,76,29,Cádiz CF,Spain,"CAM,CM,LM",7500000,30000,53,71,80,73,67,63,Adult,Good Player
D. Vida,76,76,33,AEK Athens,Croatia,CB,3600000,1000,74,40,58,59,78,81,Senior,Good Player
R. Barkley,76,76,28,OGC Nice,England,"CAM,CM",7500000,40000,68,73,76,78,56,70,Adult,Good Player
Dani Rodríguez,76,76,34,RCD Mallorca,Spain,"LM,CAM,CM",3500000,25000,84,75,74,72,63,69,Senior,Good Player
D. Boyata,76,76,31,Club Brugge KV,Belgium,CB,5000000,22000,68,30,53,58,77,77,Senior,Good Player
N. Sliti,76,76,29,Ettifaq FC,Tunisia,LM,7500000,30000,73,72,72,80,34,68,Adult,Good Player
A. Mooy,76,76,31,Celtic,Australia,"CM,CAM",6000000,49000,62,72,78,74,69,75,Senior,Good Player
A. Townsend,76,76,30,Everton,England,RM,7000000,37000,74,73,75,79,38,65,Senior,Good Player
H. Seferović,76,76,30,Galatasaray SK,Switzerland,ST,7500000,15000,71,76,67,71,47,83,Senior,Good Player
X. Shaqiri,76,76,30,Chicago Fire Football Club,Switzerland,"CAM,RM",7000000,9000,69,75,79,79,45,62,Senior,Good Player
M. Braithwaite,76,76,31,RCD Espanyol de Barcelona,Denmark,"ST,LM",6500000,21000,79,76,72,78,35,74,Senior,Good Player
Jaume Costa,76,76,34,RCD Mallorca,Spain,"LB,LWB",2800000,23000,70,61,69,72,74,69,Senior,Good Player
M. Gonalons,76,76,33,Clermont Foot 63,France,"CDM,CM",3700000,18000,44,61,72,68,75,70,Senior,Good Player
M. Uth,76,76,30,1. FC Köln,Germany,"CAM,CF,ST",7000000,27000,72,77,74,76,40,68,Senior,Good Player
Juan Jesus,76,76,31,Napoli,Brazil,CB,5000000,41000,69,33,51,60,78,73,Senior,Good Player
J. Schlupp,76,76,29,Crystal Palace,Ghana,"LM,CM",7500000,51000,84,71,69,76,71,74,Adult,Good Player
D. Sidibé,76,76,29,AEK Athens,France,"RB,CB",6500000,1000,70,62,74,73,72,77,Adult,Good Player
K. Günter,76,78,27,Hellas Verona,Germany,CB,8000000,24000,62,46,64,65,77,71,Adult,Good Player
Luís Neto,76,76,34,Sporting CP,Portugal,CB,2400000,12000,64,37,55,56,78,73,Senior,Good Player
X. Mercier,76,76,32,Ferencvárosi TC,France,"CAM,CF",6000000,1000,66,71,81,73,47,64,Senior,Good Player
H. Van Crombrugge,76,78,29,RSC Anderlecht,Belgium,GK,6000000,18000,77,73,77,79,37,77,Adult,Good Player
Roque Mesa,76,76,33,Real Valladolid CF,Spain,"CM,CDM",4600000,23000,67,67,76,75,67,80,Senior,Good Player
T. Vilhena,76,76,27,US Salernitana 1919,Netherlands,"LM,CM",8000000,19000,73,72,76,77,73,77,Adult,Good Player
M. Elyounoussi,76,76,27,Southampton,Norway,"LM,ST,RM",8000000,49000,77,74,71,78,55,70,Adult,Good Player
R. Knoche,76,76,30,1. FC Union Berlin,Germany,CB,6000000,27000,51,41,52,50,78,72,Senior,Good Player
G. Defrel,76,76,31,U.S. Sassuolo Calcio,France,"CF,ST",6500000,33000,81,75,66,78,34,51,Senior,Good Player
J. Roussillon,76,76,29,VfL Wolfsburg,France,"LB,LM",6500000,38000,86,65,71,78,71,73,Adult,Good Player
S. Armstrong,76,76,30,Southampton,Scotland,"RM,CM",7000000,49000,70,77,73,76,65,71,Senior,Good Player
J. Kurtić,76,76,33,PAOK,Slovenia,CM,4600000,1000,58,76,75,72,73,76,Senior,Good Player
C. Tătărușanu,76,76,36,AC Milan,Romania,GK,825000,25000,74,74,73,77,45,78,Senior,Good Player
R. Falk,76,76,30,F.C. København,Denmark,CM,7000000,23000,77,59,72,80,68,70,Senior,Good Player
R. Saponara,76,76,30,Fiorentina,Italy,LW,7000000,50000,69,70,78,80,41,59,Senior,Good Player
K. Vogt,76,76,30,TSG Hoffenheim,Germany,"CB,CDM",6000000,29000,71,57,72,68,77,75,Senior,Good Player
C. Wood,76,76,30,Newcastle United,New Zealand,ST,7500000,77000,59,77,60,70,40,80,Senior,Good Player
J. Pastore,76,76,33,Elche CF,Argentina,"CAM,CM",4700000,20000,60,73,78,76,52,48,Senior,Good Player
Ó. Romero,76,76,29,Boca Juniors,Paraguay,"CAM,RM,CM",7500000,18000,74,69,76,79,65,66,Adult,Good Player
J. Bednarek,76,80,26,Aston Villa,Poland,CB,9000000,44000,48,22,53,55,77,78,Adult,Good Player
H. Wilson,76,79,25,Fulham,Wales,"RM,RW,CAM",10000000,49000,77,78,76,76,45,58,Adult,Good Player
É. Gutiérrez,76,77,27,PSV,Mexico,"CM,CDM",8500000,18000,68,71,75,75,69,69,Adult,Good Player
David Raya,76,78,26,Brentford,Spain,GK,7000000,33000,76,74,80,77,53,75,Adult,Good Player
S. Ingason,76,76,28,PAOK,Iceland,CB,6500000,1000,61,53,58,58,78,77,Adult,Good Player
L. Acosta,76,76,28,FC Cincinnati,Argentina,CAM,7500000,10000,79,66,71,83,46,56,Adult,Good Player
Lee Jae Sung,76,76,29,1. FSV Mainz 05,Korea Republic,"CM,CAM,CF",7500000,28000,68,64,75,81,57,61,Adult,Good Player
A. Morelos,76,78,26,Rangers FC,Colombia,ST,9500000,53000,77,75,68,72,43,81,Adult,Good Player
J. Staněk,76,79,26,FC Viktoria Plzeň,Czech Republic,GK,7500000,850,77,73,68,79,42,76,Adult,Good Player
H. Winks,76,78,26,U.C. Sampdoria,England,"CM,CDM",9000000,71000,60,59,76,77,71,64,Adult,Good Player
T. Baumgartl,76,79,26,1. FC Union Berlin,Germany,CB,8500000,16000,63,36,56,52,76,77,Adult,Good Player
S. Becker,76,77,27,1. FC Union Berlin,Suriname,"ST,RM",9000000,32000,95,75,67,77,35,68,Adult,Good Player
P. Bernardoni,76,81,25,Angers SCO,France,GK,9000000,16000,76,73,74,80,29,76,Adult,Good Player
H. Martín,76,76,29,Free agent,Mexico,ST,0,0,77,74,64,74,38,82,Adult,Good Player
S. Amrabat,76,79,25,Fiorentina,Morocco,"CDM,CM",9000000,40000,68,71,70,75,73,78,Adult,Good Player
Diego Rico,76,76,29,Real Sociedad,Spain,LB,6500000,28000,72,55,73,70,74,75,Adult,Good Player
D. Brooks,76,79,24,AFC Bournemouth,Wales,"RW,RM",10000000,42000,69,71,75,79,48,62,Adult,Good Player
S. Blanco,76,76,34,Portland Timbers,Argentina,"CAM,LM",3500000,9000,72,76,75,78,35,67,Senior,Good Player
Zaldúa,76,76,30,Cádiz CF,Spain,RB,6500000,26000,66,37,68,65,75,75,Senior,Good Player
Ł. Skorupski,76,76,31,Bologna,Poland,GK,4000000,23000,78,73,59,81,51,74,Senior,Good Player
J. Baumgartlinger,76,76,34,FC Augsburg,Austria,"CDM,CM",2600000,25000,54,49,69,68,76,76,Senior,Good Player
Aridane,76,76,33,CA Osasuna,Spain,CB,3600000,24000,50,36,54,54,75,85,Senior,Good Player
L. Cooper,76,76,30,Leeds United,Scotland,CB,6000000,34000,49,35,56,58,77,77,Senior,Good Player
A. Westwood,76,76,32,Burnley,England,"CDM,CM",5000000,38000,56,63,78,73,72,73,Senior,Good Player
B. Dost,76,76,33,FC Utrecht,Netherlands,ST,4800000,18000,44,78,56,64,46,75,Senior,Good Player
A. Budimir,76,76,30,CA Osasuna,Croatia,ST,7500000,29000,62,76,49,72,35,76,Senior,Good Player
M. Isla,76,76,34,Universidad Católica,Chile,RB,2800000,11000,77,54,73,75,72,73,Senior,Good Player
A. Ramsey,76,76,31,OGC Nice,Wales,"CM,CAM",6000000,38000,51,71,78,79,65,62,Senior,Good Player
G. Kakuta,76,76,31,Racing Club de Lens,Congo DR,CAM,6000000,30000,70,73,76,80,40,59,Senior,Good Player
P. van Aanholt,76,76,31,Galatasaray SK,Netherlands,LB,5500000,51000,83,68,72,75,72,73,Senior,Good Player
G. Escalante,76,76,29,US Cremonese,Argentina,"CDM,CM",6500000,40000,63,67,72,71,73,74,Adult,Good Player
B. Meling,76,77,27,Stade Rennais FC,Norway,LB,8000000,37000,82,55,71,75,70,68,Adult,Good Player
B. Santamaria,76,77,27,Stade Rennais FC,France,"CM,CDM",8500000,41000,49,65,72,74,73,74,Adult,Good Player
M. Borja,76,76,29,River Plate,Colombia,ST,7500000,19000,80,77,57,68,32,84,Adult,Good Player
L. Advíncula,76,76,32,Boca Juniors,Peru,RB,5000000,16000,91,64,69,74,69,82,Senior,Good Player
P. Terracciano,76,76,32,Fiorentina,Italy,GK,3700000,34000,76,73,70,79,41,78,Senior,Good Player
L. Robertone,76,80,25,Unión Deportiva Almería,Argentina,"CAM,CM,CDM",10500000,24000,85,73,74,78,69,74,Adult,Good Player
A. Skov Olsen,76,83,22,Club Brugge KV,Denmark,"RM,CAM,RW",15000000,21000,86,74,69,76,39,68,Young,Good Player
P. Struijk,76,83,22,Leeds United,Netherlands,"CB,CDM",14000000,29000,57,38,61,63,77,76,Young,Good Player
G. Nyamsi,76,80,25,RC Strasbourg Alsace,France,CB,9500000,22000,47,33,51,56,76,82,Adult,Good Player
S. Żurkowski,76,81,24,Fiorentina,Poland,CM,11500000,40000,82,73,73,77,71,80,Adult,Good Player
N. Casale,76,84,24,Lazio,Italy,CB,15500000,33000,74,53,66,68,77,77,Adult,Good Player
B. Soumaré,76,81,23,Leicester City,France,"CDM,CM",10500000,52000,68,56,73,74,70,80,Adult,Good Player
A. Mac Allister,76,82,23,Brighton & Hove Albion,Argentina,"CAM,CM",12000000,49000,69,77,78,75,56,62,Adult,Good Player
A. Boupendza,76,77,25,Al Shabab,Gabon,"LW,ST,RW",9000000,34000,84,77,67,79,27,74,Adult,Good Player
O. Alderete,76,80,25,Getafe CF,Paraguay,CB,9500000,25000,63,56,58,63,77,78,Adult,Good Player
Leo Baptistao,76,76,29,Unión Deportiva Almería,Brazil,"ST,RW,RM",7500000,28000,79,73,71,77,33,69,Adult,Good Player
Ander Guevara,76,81,24,Real Sociedad,Spain,CM,11500000,26000,50,64,74,72,73,69,Adult,Good Player
R. Yaremchuk,76,79,26,Club Brugge KV,Ukraine,ST,10000000,27000,79,75,70,71,45,74,Adult,Good Player
M. Ojeda,76,82,23,Godoy Cruz,Argentina,"RM,LM",12000000,10000,83,76,73,76,34,61,Adult,Good Player
L. Dendoncker,76,77,27,Aston Villa,Belgium,CM,8500000,66000,61,69,76,71,77,81,Adult,Good Player
David Seijalbo,76,76,26,Clube Atlético Mineiro,Brazil,CDM,7000000,30000,65,53,63,63,74,83,Adult,Good Player
Rubem Esteiro,76,76,34,Palmeiras,Brazil,"RM,CM",3500000,35000,76,65,73,76,54,61,Senior,Good Player
Nicolás Filhei,76,76,26,Palmeiras,Brazil,"CM,CAM",8000000,35000,72,69,76,76,57,45,Adult,Good Player
Óscar,76,81,24,RC Celta de Vigo,Spain,"CM,RM,LM",11500000,22000,59,75,76,76,56,55,Adult,Good Player
E. Dennis,76,80,24,Nottingham Forest,Nigeria,"ST,LW,RW",11000000,52000,87,75,62,77,38,71,Adult,Good Player
C. Ejuke,76,81,24,Hertha BSC,Nigeria,"LM,RM",11500000,25000,92,70,67,80,44,65,Adult,Good Player
F. Niță,76,76,34,Free agent,Romania,GK,0,0,76,76,69,78,27,77,Senior,Good Player
C. Rodríguez,76,81,25,Free agent,Mexico,"CAM,CM",0,0,77,67,73,78,66,67,Adult,Good Player
M. Moreno,76,77,27,Atlanta United,Argentina,"CAM,CM,LW",8500000,9000,87,70,72,79,53,62,Adult,Good Player
G. Konan,76,78,26,Al Nassr,Côte d'Ivoire,"LB,LWB",8500000,33000,78,51,68,75,72,71,Adult,Good Player
E. Eze,76,81,24,Crystal Palace,England,"CAM,CM,LM",11500000,42000,75,70,74,81,47,67,Adult,Good Player
Marc Roca,76,79,25,Leeds United,Spain,"CDM,CM",9000000,33000,45,62,76,72,70,67,Adult,Good Player
E. Barco,76,82,23,River Plate,Argentina,"LM,ST",12000000,8000,84,70,73,81,34,52,Adult,Good Player
J. Mateta,76,79,25,Crystal Palace,France,ST,10000000,51000,71,74,57,73,34,78,Adult,Good Player
R. Koch,76,80,25,Leeds United,Germany,"CB,CDM",9500000,33000,62,38,60,64,77,73,Adult,Good Player
F. Medina,76,79,23,Racing Club de Lens,Argentina,CB,9000000,24000,73,33,60,69,76,76,Adult,Good Player
J. Kluivert,76,81,23,Valencia CF,Netherlands,"LW,LM,RM",11500000,50000,88,73,69,79,36,62,Adult,Good Player
K. Bare,76,81,24,RCD Espanyol de Barcelona,Albania,"CDM,CM",10500000,15000,75,60,68,74,73,78,Adult,Good Player
E. Bardhi,76,76,26,Trabzonspor,North Macedonia,"LM,CM,RM",8000000,34000,71,78,77,78,57,51,Adult,Good Player
A. Maier,76,82,23,FC Augsburg,Germany,"CM,CDM",12000000,23000,70,61,73,75,69,72,Adult,Good Player
N. Bajrami,76,85,23,Empoli,Albania,"CAM,CF",16500000,11000,76,68,73,77,59,66,Adult,Good Player
N. Domínguez,76,82,24,Bologna,Argentina,"CM,CDM",12000000,27000,75,66,72,76,72,77,Adult,Good Player
Pierrino Faria,76,76,38,Santos,Brazil,GK,825000,13000,77,71,65,79,47,77,Senior,Good Player
Nelsildo Reis,76,79,22,Ceará Sporting Club,Brazil,GK,8000000,9000,76,77,77,74,53,76,Young,Good Player
Fred Aníbão,76,76,30,Club Athletico Paranaense,Brazil,GK,5000000,12000,71,77,76,77,32,72,Senior,Good Player
Trezeguet,76,76,27,Trabzonspor,Egypt,"LW,RW,RM",8000000,37000,77,74,73,78,36,65,Adult,Good Player
R. Oxford,76,81,23,FC Augsburg,England,"CB,CDM,RB",10000000,21000,68,33,54,62,77,75,Adult,Good Player
E. Bailly,76,77,28,Olympique de Marseille,Côte d'Ivoire,CB,7000000,83000,70,42,56,66,76,74,Adult,Good Player
N. Amiri,76,79,25,Bayer 04 Leverkusen,Germany,"CAM,CM",10000000,42000,67,72,77,81,50,67,Adult,Good Player
J. Bamba,76,77,26,LOSC Lille,France,LM,9000000,30000,84,71,72,78,39,67,Adult,Good Player
I. Provedel,76,77,28,Lazio,Italy,GK,6000000,33000,77,74,71,79,42,74,Adult,Good Player
O. Pineda,76,77,26,AEK Athens,Mexico,"LW,CM,RW",9000000,1000,81,74,72,79,62,66,Adult,Good Player
E. Boateng,76,79,26,Rio Ave FC,Ghana,"ST,LM",10000000,12000,91,74,59,75,40,77,Adult,Good Player
R. Kent,76,79,25,Rangers FC,England,LW,10000000,51000,91,72,71,78,45,63,Adult,Good Player
Z. Çelik,76,79,25,Roma,Turkey,"RWB,RM,RB",9000000,45000,77,59,69,71,73,78,Adult,Good Player
Sergio Rico,76,78,28,Paris Saint-Germain,Spain,GK,6500000,49000,77,73,75,80,47,73,Adult,Good Player
Moi Gómez,76,76,28,CA Osasuna,Spain,"LM,RM",7500000,28000,65,73,77,76,55,61,Adult,Good Player
Y. Abdelhamid,76,76,34,Stade de Reims,Morocco,CB,2400000,21000,32,33,57,62,76,80,Senior,Good Player
M. Stevanović,76,76,31,Servette FC,Bosnia and Herzegovina,"RW,RM",6000000,21000,83,69,74,75,38,69,Senior,Good Player
S. Prcić,76,76,28,RC Strasbourg Alsace,Bosnia and Herzegovina,"CDM,CM",6500000,24000,55,60,74,75,72,72,Adult,Good Player
M. De Sciglio,76,76,29,Juventus,Italy,"RB,LB",6500000,75000,67,46,70,75,76,69,Adult,Good Player
Pere Milla,76,76,29,Elche CF,Spain,"ST,LM,RM",7500000,23000,75,76,69,77,37,62,Adult,Good Player
C. Adams,76,78,25,Southampton,Scotland,ST,9500000,51000,81,77,62,75,40,77,Adult,Good Player
Antonaldinho,76,76,34,Clube Atlético Mineiro,Brazil,CB,2400000,30000,68,36,56,60,79,80,Senior,Good Player
T. Kehrer,76,79,25,West Ham United,Germany,"CB,RB",9000000,50000,75,44,65,66,76,78,Adult,Good Player
Lúcio Corteijo,76,76,34,América Futebol Clube,Brazil,RB,2800000,16000,77,45,66,64,74,73,Senior,Good Player
Silas Almeim,76,76,30,Ceará Sporting Club,Brazil,"LB,LM",6500000,13000,78,56,70,68,73,69,Senior,Good Player
A. Lunev,76,76,30,Bayer 04 Leverkusen,Russia,GK,5000000,32000,76,73,64,79,56,76,Senior,Good Player
Rubén Alcaraz,76,76,31,Cádiz CF,Spain,"CM,CDM",6000000,28000,56,73,77,71,75,81,Senior,Good Player
Fali,76,77,28,Cádiz CF,Spain,"CB,CDM,CM",7000000,27000,52,53,68,59,75,87,Adult,Good Player
V. Pavlidis,76,82,23,AZ Alkmaar,Greece,ST,12000000,11000,77,75,64,74,43,80,Adult,Good Player
L. García,76,80,24,AEK Athens,Trinidad and Tobago,RW,11000000,1000,87,68,70,82,33,72,Adult,Good Player
M. Svanberg,76,81,23,VfL Wolfsburg,Sweden,"CM,CDM",11500000,35000,77,68,75,77,63,69,Adult,Good Player
O. Idrissi,76,77,26,Feyenoord,Morocco,LW,9000000,13000,80,76,70,80,35,67,Adult,Good Player
L. Martínez Quarta,76,79,26,Fiorentina,Argentina,CB,8500000,42000,64,56,69,70,75,78,Adult,Good Player
G. Prömel,76,77,27,TSG Hoffenheim,Germany,"CM,CDM",8500000,32000,65,71,71,73,74,81,Adult,Good Player
Matheus Pereira,76,79,26,Al Hilal,Brazil,"CAM,CM,RW",10000000,36000,72,72,76,79,39,64,Adult,Good Player
J. St. Juste,76,80,25,Sporting CP,Netherlands,"CB,RB",9500000,12000,93,58,65,74,78,73,Adult,Good Player
Rubén Duarte,76,79,26,Deportivo Alavés,Spain,LB,9000000,12000,62,38,65,68,78,67,Adult,Good Player
G. Martínez,76,76,29,Al Nassr,Argentina,"RM,CAM,LM",7500000,38000,82,72,72,82,34,59,Adult,Good Player
W. Zimmerman,76,77,29,Nashville SC,United States,CB,7000000,9000,57,50,55,56,74,84,Adult,Good Player
M. Boselli,76,76,37,Estudiantes de La Plata,Argentina,ST,2600000,12000,54,79,63,67,39,78,Senior,Good Player
Y. Gerhardt,76,76,28,VfL Wolfsburg,Germany,CM,7500000,42000,69,69,74,75,72,76,Adult,Good Player
M. Olise,76,86,20,Crystal Palace,France,"RW,RM,CAM",16500000,40000,80,70,76,80,50,53,Young,Good Player
Sancet,76,85,22,Athletic Club de Bilbao,Spain,"ST,CM,CAM",17000000,24000,73,75,68,77,61,70,Young,Good Player
Trincão,76,83,22,Sporting CP,Portugal,"RW,RM",15000000,95000,78,70,70,80,39,59,Young,Good Player
M. Kudus,76,84,21,Ajax,Ghana,"CAM,CM,CF",17000000,12000,88,71,70,80,59,74,Young,Good Player
L. Suárez,76,83,24,Olympique de Marseille,Colombia,"ST,LM,CAM",15000000,34000,85,77,67,75,40,80,Adult,Good Player
T. Almada,76,87,21,Atlanta United,Argentina,"CAM,LW,RW",17000000,7000,85,72,71,82,52,62,Young,Good Player
Óscar Gil,76,81,24,RCD Espanyol de Barcelona,Spain,RB,10500000,15000,79,48,68,75,72,72,Adult,Good Player
R. Sottil,76,81,23,Fiorentina,Italy,"LW,RW",11500000,44000,87,66,69,78,34,52,Adult,Good Player
M. Solomon,76,85,22,Fulham,Israel,"LM,RM,CAM",17000000,900,80,71,74,79,43,57,Young,Good Player
Carlos Neva,76,79,26,Granada CF,Spain,"LB,LM",9000000,11000,77,52,63,71,73,66,Adult,Good Player
Edgar,76,80,25,Real Betis Balompié,Spain,"CB,CDM",9500000,20000,53,49,64,63,77,78,Adult,Good Player
K. Kvaratskhelia,76,88,21,Napoli,Georgia,"LW,CAM",18500000,37000,82,68,71,81,41,66,Young,Good Player
Tetê,76,86,22,Olympique Lyonnais,Brazil,"RW,RM",17000000,1000,82,72,72,79,41,56,Young,Good Player
Thierry Correia,76,82,23,Valencia CF,Portugal,"RB,RWB,RM",11000000,25000,90,49,68,75,70,70,Adult,Good Player
V. Mykolenko,76,83,23,Everton,Ukraine,"LB,LWB",14500000,29000,76,46,64,61,73,62,Adult,Good Player
Vivian,76,83,22,Athletic Club de Bilbao,Spain,CB,14000000,20000,70,43,55,60,77,77,Young,Good Player
L. Kalvach,76,78,26,FC Viktoria Plzeň,Czech Republic,"CDM,CM",8500000,1000,68,64,74,73,73,77,Adult,Good Player
K. Laba,76,76,30,Al Ain FC,Togo,ST,7500000,1000,78,76,63,69,25,80,Senior,Good Player
S. Weissman,76,79,26,Real Valladolid CF,Israel,ST,10000000,25000,75,79,65,69,38,72,Adult,Good Player
Z. Sanusi,76,80,25,FC Porto,Nigeria,LB,9500000,12000,93,37,56,64,74,72,Adult,Good Player
David Carmo,76,85,22,FC Porto,Portugal,CB,15500000,11000,50,28,53,51,77,79,Young,Good Player
B. Brobbey,76,85,20,Ajax,Netherlands,ST,16500000,13000,82,73,55,70,30,82,Young,Good Player
T. Pobega,76,85,22,AC Milan,Italy,CM,17000000,45000,76,77,72,76,74,79,Young,Good Player
L. Krejčí,76,84,23,AC Sparta Praha,Czech Republic,"CDM,CB,CM",15500000,900,67,66,67,68,74,84,Adult,Good Player
W. Singo,76,85,21,Torino F.C.,Côte d'Ivoire,"RWB,RM",16000000,26000,79,57,67,74,72,74,Young,Good Player
H. Boudaoui,76,82,22,OGC Nice,Algeria,"RM,CM",12000000,33000,74,65,71,79,72,72,Young,Good Player
A. Szalai,76,82,24,Fenerbahçe SK,Hungary,CB,11000000,44000,73,44,62,61,76,83,Adult,Good Player
Vinícius,76,77,27,Fulham,Brazil,ST,9000000,55000,71,76,61,73,41,79,Adult,Good Player
V. Buyalskyi,76,76,29,Dynamo Kyiv,Ukraine,"CM,CAM",7500000,1000,75,69,72,79,69,56,Adult,Good Player
P. Wimmer,76,85,21,VfL Wolfsburg,Austria,"RM,LM",17000000,30000,85,66,69,77,48,73,Young,Good Player
Igor,76,81,24,Fiorentina,Brazil,CB,10000000,36000,73,31,50,55,77,83,Adult,Good Player
Iuri Medeiros,76,76,27,SC Braga,Portugal,"CF,RW,RM",8000000,16000,75,72,75,82,34,56,Adult,Good Player
J. Reynolds,76,76,31,AFC Richmond,Republic of Ireland,CB,5000000,40000,64,31,50,60,77,77,Senior,Good Player
E. Winchester,76,78,26,AFC Richmond,Nigeria,CB,8000000,40000,70,29,60,48,75,77,Adult,Good Player
T. Zoreaux,76,77,28,AFC Richmond,Canada,GK,6000000,35000,76,77,72,80,37,71,Adult,Good Player
Miranda,76,84,22,Real Betis Balompié,Spain,LB,16000000,18000,77,58,68,74,72,65,Young,Good Player
D. Ljubičić,76,80,24,1. FC Köln,Austria,"RM,CDM",11000000,23000,78,67,71,75,72,78,Adult,Good Player
T. Mitchell,76,83,22,Crystal Palace,England,LB,14500000,38000,77,39,60,70,75,68,Young,Good Player
N. Tenaglia,76,79,26,Deportivo Alavés,Argentina,"RB,CB",9000000,15000,71,43,65,72,75,79,Adult,Good Player
Y. Belaïli,76,76,30,Stade Brestois 29,Algeria,"LM,CAM",7000000,23000,79,74,72,79,26,68,Senior,Good Player
M. Damsgaard,76,85,21,Brentford,Denmark,"LM,LW",17000000,33000,84,68,71,81,48,62,Young,Good Player
Mauro Júnior,76,82,23,PSV,Brazil,"RB,LB,CAM",11000000,14000,84,66,75,79,68,57,Adult,Good Player
J. Wind,76,82,23,VfL Wolfsburg,Denmark,"ST,CF",12000000,38000,66,74,70,74,36,80,Adult,Good Player
P. Gueye,76,82,23,Olympique de Marseille,Senegal,"CDM,CM",11000000,27000,63,48,66,70,73,79,Adult,Good Player
J. Burkardt,76,84,21,1. FSV Mainz 05,Germany,"ST,CF,RW",17000000,22000,84,75,67,79,43,75,Young,Good Player
D. Rossi,76,80,24,Fenerbahçe SK,Uruguay,"LM,LW",11000000,49000,84,72,71,77,33,54,Adult,Good Player
H. Morita,76,77,27,Sporting CP,Japan,"CM,CDM",8500000,14000,67,64,74,75,72,73,Adult,Good Player
Stephen Eustáquio,76,82,25,FC Porto,Canada,"CDM,CM",10500000,12000,66,61,75,72,72,72,Adult,Good Player
C. Jones,76,84,21,Liverpool,England,CM,17000000,60000,68,68,72,80,64,71,Young,Good Player
C. Doucouré,76,78,22,Crystal Palace,Mali,"CM,CDM",10000000,42000,68,57,71,76,74,76,Young,Good Player
R. Aït Nouri,76,86,21,Wolverhampton Wanderers,France,"LWB,LB",16000000,43000,77,44,70,76,73,62,Young,Good Player
L. Romo,76,77,27,Free agent,Mexico,"CM,CDM",0,0,68,68,72,69,72,83,Adult,Good Player
E. Mwepu,76,82,24,Brighton & Hove Albion,Zambia,"CM,CAM,CDM",12000000,49000,82,75,72,75,72,78,Adult,Good Player
L. Pellegrini,76,82,23,Eintracht Frankfurt,Italy,"LB,LWB",11000000,61000,84,54,66,75,71,62,Adult,Good Player
D. McNeil,76,81,22,Everton,England,"LM,RM",11500000,33000,70,65,75,79,53,66,Young,Good Player
Catena,76,78,27,Rayo Vallecano,Spain,CB,8000000,18000,66,39,57,50,77,77,Adult,Good Player
Jovane Cabral,76,82,24,Sporting CP,Cape Verde Islands,"LW,RW",12000000,13000,83,75,72,79,38,70,Adult,Good Player
A. Kalimuendo,76,82,20,Stade Rennais FC,France,ST,12000000,34000,81,75,59,77,29,66,Young,Good Player
R. Zentner,76,78,27,1. FSV Mainz 05,Germany,GK,7000000,20000,77,73,59,81,65,71,Adult,Good Player
A. Stach,76,82,23,1. FSV Mainz 05,Germany,"CM,CDM",12000000,23000,74,67,74,69,74,78,Adult,Good Player
C. Nørgaard,76,76,28,Brentford,Denmark,"CDM,CM",6500000,42000,58,60,69,69,76,78,Adult,Good Player
F. Vázquez,76,76,33,Parma,Argentina,"CAM,CM",4700000,6000,46,78,77,77,58,75,Senior,Good Player
A. Webster,76,79,27,Brighton & Hove Albion,England,CB,8500000,51000,68,31,60,69,77,74,Adult,Good Player
Roger,76,76,31,Elche CF,Spain,ST,6500000,22000,74,78,63,74,41,73,Senior,Good Player
R. Fraser,76,76,28,Newcastle United,Scotland,"RM,LM",7500000,74000,83,69,71,80,49,61,Adult,Good Player
B. Traoré,76,76,26,İstanbul Başakşehir FK,Burkina Faso,"RM,RW",8000000,66000,77,72,73,81,45,64,Adult,Good Player
Paulo Otávio,76,76,27,VfL Wolfsburg,Brazil,"LB,LM",7000000,37000,88,55,67,77,70,58,Adult,Good Player
Andreas Pereira,76,79,26,Fulham,Brazil,"CAM,CM,RM",10000000,51000,76,74,77,78,65,68,Adult,Good Player
J. Gastien,76,76,34,Clermont Foot 63,France,CDM,2600000,18000,50,63,67,72,73,77,Senior,Good Player
F. Mollet,76,76,30,FC Schalke 04,France,"RM,CAM",7000000,24000,70,75,76,78,51,64,Senior,Good Player
E. Mena,76,76,33,Racing Club,Chile,"LB,LWB",3900000,17000,80,52,70,73,70,77,Senior,Good Player
André Ramalho,76,76,30,PSV,Brazil,CB,6000000,16000,50,59,67,66,77,77,Senior,Good Player
A. Hegazi,76,76,31,Al Ittihad,Egypt,CB,5000000,33000,46,20,50,55,76,84,Senior,Good Player
C. Nielsen,76,76,28,Club Brugge KV,Denmark,"CM,CDM",7500000,26000,72,71,76,74,72,75,Adult,Good Player
J. Hart,76,76,35,Celtic,England,GK,825000,23000,72,76,68,77,55,75,Senior,Good Player
M. Sanson,76,76,27,Aston Villa,France,CM,8000000,66000,69,73,77,75,70,72,Adult,Good Player
G. Fernández,76,76,30,Boca Juniors,Argentina,"CM,CDM",7000000,17000,71,67,75,76,65,66,Senior,Good Player
D. Rugani,76,77,27,Juventus,Italy,CB,7500000,72000,55,40,55,63,78,71,Adult,Good Player
D. Cataldi,76,77,27,Lazio,Italy,"CDM,CM",7500000,38000,72,71,77,76,73,70,Adult,Good Player
M. Elneny,76,76,29,Arsenal,Egypt,"CDM,CM",6500000,63000,56,63,71,70,73,73,Adult,Good Player
N. Maupay,76,78,25,Everton,France,ST,9500000,39000,74,77,67,73,41,72,Adult,Good Player
P. Frankowski,76,77,27,Racing Club de Lens,Poland,"LWB,RWB",8000000,28000,92,70,72,74,65,72,Adult,Good Player
R. Gagliardini,76,76,28,Inter,Italy,"CDM,CM",6500000,50000,53,63,71,73,76,74,Adult,Good Player
B. Mechele,76,77,29,Club Brugge KV,Belgium,CB,7000000,24000,59,38,50,54,80,76,Adult,Good Player
D. Kohr,76,77,28,1. FSV Mainz 05,Germany,"CDM,CM",7000000,26000,80,62,63,71,77,81,Adult,Good Player
Ricardo Esgaio,76,76,29,Sporting CP,Portugal,"RWB,RB,CB",6500000,13000,69,66,74,76,69,67,Adult,Good Player
H. Ekitike,76,85,20,Paris Saint-Germain,France,ST,16500000,19000,74,75,60,76,25,69,Young,Good Player
A. Pyatov,76,76,38,Shakhtar Donetsk,Ukraine,GK,825000,500,73,69,78,75,44,83,Senior,Good Player
R. Steffen,76,76,30,FC Lugano,Switzerland,"LM,RM",7000000,13000,85,71,71,79,54,66,Senior,Good Player
F. Ribéry,76,76,39,US Salernitana 1919,France,"CF,ST,CAM",2600000,21000,63,71,80,82,30,53,Senior,Good Player
Diego Costa,76,76,33,Wolverhampton Wanderers,Spain,ST,4800000,72000,66,77,63,72,46,82,Senior,Good Player
K. Jakić,76,79,25,Eintracht Frankfurt,Croatia,"CDM,CM",9000000,23000,64,62,65,69,73,82,Adult,Good Player
L. Biglia,76,76,36,İstanbul Başakşehir FK,Argentina,"CDM,CM",1500000,23000,33,64,78,77,74,62,Senior,Good Player
João Victor,76,84,23,SL Benfica,Brazil,CB,15500000,11000,78,50,52,57,77,77,Adult,Good Player
C. Lukeba,76,86,19,Olympique Lyonnais,France,CB,15000000,25000,73,43,67,70,77,74,Young,Good Player
R. Cota,76,76,34,Free agent,Mexico,GK,0,0,75,70,67,79,58,79,Senior,Good Player
Ö. Toprak,76,76,32,Antalyaspor,Turkey,CB,4900000,24000,68,39,60,67,78,72,Senior,Good Player
M. Moralez,76,76,35,New York City FC,Argentina,"CAM,CM",3100000,7000,68,71,75,78,52,49,Senior,Good Player
S. Terodde,76,76,34,FC Schalke 04,Germany,ST,3600000,27000,58,78,55,67,38,79,Senior,Good Player
Víctor Díaz,76,76,34,Granada CF,Spain,"CB,RB",2400000,11000,70,56,68,66,77,75,Senior,Good Player
M. Sakho,76,76,32,Montpellier Hérault SC,France,CB,4900000,21000,40,35,64,55,75,81,Senior,Good Player
M. Gradel,76,76,34,Demir Grup Sivasspor,Côte d'Ivoire,"LW,LM",3500000,20000,78,77,71,79,42,63,Senior,Good Player
S. Coleman,76,76,33,Everton,Republic of Ireland,"RB,RWB",3900000,34000,65,65,72,76,77,70,Senior,Good Player
I. Ilić,76,86,21,Hellas Verona,Serbia,"CM,CF",17000000,20000,76,71,76,78,69,71,Young,Good Player
R. Nainggolan,76,76,34,Royal Antwerp FC,Belgium,"CM,CAM,CDM",3500000,22000,68,79,76,74,71,78,Senior,Good Player
F. Forster,76,76,34,Tottenham Hotspur,England,GK,1300000,52000,76,72,67,81,30,75,Senior,Good Player
R. Vormer,76,76,34,Club Brugge KV,Netherlands,CM,3500000,25000,50,75,79,70,75,75,Senior,Good Player
F. Quagliarella,76,76,39,U.C. Sampdoria,Italy,ST,2600000,16000,61,80,74,78,30,61,Senior,Good Player
Falcao,76,76,36,Rayo Vallecano,Colombia,ST,2600000,17000,51,77,67,74,41,67,Senior,Good Player
L. De Silvestri,76,76,34,Bologna,Italy,"RWB,RM",2800000,28000,72,67,71,73,73,75,Senior,Good Player
T. Krul,76,76,34,Norwich City,Netherlands,GK,1300000,31000,75,73,71,79,38,75,Senior,Good Player
Y. Gómez Andrade,76,76,30,Seattle Sounders FC,Colombia,CB,6000000,9000,63,33,48,57,75,86,Senior,Good Player
H. Moreno,76,76,34,Free agent,Mexico,CB,0,0,55,49,64,61,77,71,Senior,Good Player
Juan Mata,76,76,34,Galatasaray SK,Spain,"CAM,RM",3500000,56000,49,71,80,79,36,42,Senior,Good Player
S. Okaka,76,76,32,İstanbul Başakşehir FK,Italy,ST,6000000,38000,62,75,60,70,30,82,Senior,Good Player
Miguel Veloso,76,76,36,Hellas Verona,Portugal,"CM,CDM",2400000,20000,44,70,82,76,65,67,Senior,Good Player
V. Muriqi,75,75,28,RCD Mallorca,Kosovo,ST,6000000,27000,50,75,58,68,28,82,Adult,Good Player
C. Goodwin,75,75,30,Adelaide United,Australia,"LM,RM",5500000,7000,84,70,69,74,58,75,Senior,Good Player
H. Lindner,75,75,31,FC Sion,Austria,GK,3000000,18000,78,71,67,77,42,75,Senior,Good Player
J. Lascelles,75,76,28,Newcastle United,England,CB,5500000,64000,41,35,49,53,75,75,Adult,Good Player
J. Gouweleeuw,75,75,30,FC Augsburg,Netherlands,CB,4600000,23000,69,58,66,64,77,74,Senior,Good Player
F. Kainz,75,75,29,1. FC Köln,Austria,"LM,RM",5500000,27000,67,74,72,77,40,61,Adult,Good Player
D. Caligiuri,75,75,34,FC Augsburg,Italy,"RM,RWB,CM",2600000,26000,71,71,75,73,70,76,Senior,Good Player
Aihen Muñoz,75,80,24,Real Sociedad,Spain,LB,8000000,22000,76,54,69,73,72,70,Adult,Good Player
J. Graterol,75,81,25,América de Cali,Venezuela,GK,7000000,3000,75,72,70,76,24,76,Adult,Good Player
M. Sadílek,75,80,23,FC Twente,Czech Republic,"CDM,CM,LB",8000000,11000,73,61,70,73,72,78,Adult,Good Player
M. Pjaca,75,76,27,Empoli,Croatia,"CF,ST",6500000,81000,77,69,74,81,41,63,Adult,Good Player
Nacho Vidal,75,76,27,CA Osasuna,Spain,"RB,RWB",6000000,23000,75,56,69,69,72,65,Adult,Good Player
Bruno Costa,75,79,25,FC Porto,Portugal,CM,8000000,12000,67,72,75,75,64,62,Adult,Good Player
J. Fuenzalida,75,75,37,Universidad Católica,Chile,"RW,RM,RB",1800000,9000,80,65,72,78,66,70,Senior,Good Player
P. Olayinka,75,76,26,SK Slavia Praha,Nigeria,"LM,RM",6500000,1000,84,69,69,73,57,78,Adult,Good Player
B. Schmitz,75,75,27,1. FC Köln,Germany,RB,5500000,23000,61,50,72,70,75,73,Adult,Good Player
S. Banza,75,78,25,SC Braga,France,ST,7500000,15000,69,74,54,74,31,76,Adult,Good Player
D. Toköz,75,78,26,Trabzonspor,Turkey,"CM,CDM,RB",7500000,32000,72,68,71,75,74,76,Adult,Good Player
J. Guilavogui,75,75,31,VfL Wolfsburg,France,"CDM,CB",3900000,35000,68,59,64,65,76,80,Senior,Good Player
Edu Expósito,75,78,25,RCD Espanyol de Barcelona,Spain,"CAM,CM,CDM",7500000,17000,64,73,75,75,72,69,Adult,Good Player
T. Livramento,75,85,19,Southampton,England,"RB,RWB",11500000,22000,83,47,65,74,70,67,Young,Good Player
J. Lerma,75,75,27,AFC Bournemouth,Colombia,"CDM,CM",5500000,38000,70,64,69,72,72,81,Adult,Good Player
M. Rodák,75,80,25,Fulham,Slovakia,GK,6500000,34000,76,71,73,76,48,73,Adult,Good Player
S. Bornauw,75,81,23,VfL Wolfsburg,Belgium,CB,8000000,30000,75,45,59,56,76,77,Adult,Good Player
Fernando,75,75,32,Unión Deportiva Almería,Spain,GK,2800000,18000,75,73,70,76,48,74,Senior,Good Player
O. Colley,75,75,29,U.C. Sampdoria,Gambia,CB,4700000,18000,65,31,48,54,74,83,Adult,Good Player
C. Taylor,75,75,28,Burnley,England,LB,5000000,38000,69,52,70,72,74,78,Adult,Good Player
N. Höfler,75,75,32,Sport-Club Freiburg,Germany,"CDM,CM",3700000,23000,62,47,66,68,74,74,Senior,Good Player
S. Ulreich,75,75,33,FC Bayern München,Germany,GK,1800000,34000,75,69,62,79,41,73,Senior,Good Player
D. Cockburn,75,75,27,AFC Richmond,Jamaica,ST,6000000,46000,69,78,64,76,30,66,Adult,Good Player
B. Drągowski,75,78,24,Spezia,Poland,GK,6000000,11000,78,72,70,76,44,73,Adult,Good Player
C. Guanca,75,75,29,Al Shabab,Argentina,"CAM,RW,ST",5500000,33000,76,74,72,75,40,70,Adult,Good Player
Aguado,75,78,26,Real Valladolid CF,Spain,"CM,CAM,CDM",7500000,22000,75,70,73,74,62,61,Adult,Good Player
Pedrinho,75,75,29,MKE Ankaragücü,Portugal,"CM,CAM",5500000,16000,77,71,77,77,59,61,Adult,Good Player
K. Hause,75,77,26,Watford,England,CB,6000000,58000,59,45,60,59,74,78,Adult,Good Player
V. Lazaro,75,76,26,Torino F.C.,Austria,"RWB,RM,RB",6000000,45000,78,69,74,76,69,66,Adult,Good Player
P. Stojanović,75,78,26,Empoli,Slovenia,RB,7000000,11000,79,51,70,71,69,72,Adult,Good Player
S. Birindelli,75,83,22,AC Monza,Italy,"RWB,RM,RB",12000000,33000,84,49,64,72,71,66,Young,Good Player
L. Miranda,75,75,28,Racing Club,Argentina,"CM,CDM",5500000,19000,76,67,75,76,67,69,Adult,Good Player
K. Adeyemi,75,87,20,Borussia Dortmund,Germany,ST,13500000,31000,93,76,66,78,24,70,Young,Good Player
Rubén Pérez,75,75,33,Panathinaikos FC,Spain,"CDM,CM",2800000,850,50,63,69,65,72,74,Senior,Good Player
Rodrigo Ely,75,75,28,Unión Deportiva Almería,Brazil,CB,4800000,23000,48,31,44,53,75,72,Adult,Good Player
T. O'Brien,75,78,27,AFC Richmond,England,GK,5500000,31000,77,74,72,78,40,74,Adult,Good Player
S. Bell,75,75,30,1. FSV Mainz 05,Germany,CB,4600000,23000,45,38,54,49,78,75,Senior,Good Player
A. Cornelius,75,75,29,F.C. København,Denmark,ST,5500000,25000,64,76,61,63,36,80,Adult,Good Player
F. Uduokhai,75,79,24,FC Augsburg,Germany,CB,7000000,20000,67,39,53,59,77,74,Adult,Good Player
M. Camara,75,80,25,Roma,Guinea,"CM,CDM",8000000,47000,76,74,72,74,73,81,Adult,Good Player
Marcano,75,75,35,FC Porto,Spain,CB,1500000,9000,50,46,60,58,78,72,Senior,Good Player
O. Kukoč,75,82,22,AFC Richmond,England,"RM,RB",11500000,37000,80,61,73,75,67,58,Young,Good Player
Jesus Andradaldo,75,75,30,Cuiabá,Brazil,RB,4800000,15000,71,46,67,73,75,72,Senior,Good Player
J. Cabot,75,75,28,Racing Club de Lens,France,"RM,RWB",5500000,30000,88,67,65,78,52,61,Adult,Good Player
Rubens Freitosa,75,75,38,Club Athletico Paranaense,Brazil,CM,1800000,11000,64,64,73,71,68,76,Senior,Good Player
Rony Lopes,75,76,26,ESTAC Troyes,Portugal,"RW,LW,RM",6500000,26000,77,72,74,78,30,59,Adult,Good Player
L. Morgan,75,77,25,New York Red Bulls,Scotland,"RW,CF,LW",7000000,9000,85,73,71,75,63,67,Adult,Good Player
Bernard,75,75,29,Panathinaikos FC,Brazil,LW,5500000,1000,79,67,72,81,39,40,Adult,Good Player
A. Elis,75,78,26,FC Girondins de Bordeaux,Honduras,"ST,RM",7500000,10000,91,72,65,75,31,77,Adult,Good Player
U. Babatunde,75,75,30,AFC Richmond,Nigeria,CB,4600000,38000,65,39,49,56,75,82,Senior,Good Player
A. Hickey,75,85,20,Brentford,Scotland,"RB,LB,LWB",12000000,28000,77,55,69,73,70,58,Young,Good Player
I. Baba,75,80,26,RCD Mallorca,Ghana,"CDM,CM,CB",7500000,22000,63,50,64,64,75,78,Adult,Good Player
T. Lamptey,75,83,21,Brighton & Hove Albion,Ghana,"RWB,RB",12000000,35000,87,44,66,76,70,49,Young,Good Player
N. Okafor,75,83,22,FC Red Bull Salzburg,Switzerland,"ST,CAM,LM",12500000,25000,93,73,68,75,31,75,Young,Good Player
E. Le Fée,75,82,22,FC Lorient,France,"CM,CAM,RM",11500000,16000,59,54,76,78,59,47,Young,Good Player
J. Doku,75,85,20,Stade Rennais FC,Belgium,"RW,RM",12500000,32000,91,65,66,80,25,64,Young,Good Player
Fran García,75,83,22,Rayo Vallecano,Spain,"LB,LM",12000000,15000,89,49,66,76,68,63,Young,Good Player
A. Pieper,75,79,24,SV Werder Bremen,Germany,CB,7000000,18000,65,32,53,55,78,74,Adult,Good Player
O. Kossounou,75,84,21,Bayer 04 Leverkusen,Côte d'Ivoire,"CB,RB",12000000,27000,74,32,60,66,75,78,Young,Good Player
R. Rojas,75,76,26,River Plate,Paraguay,"RB,CB",6000000,15000,80,56,64,66,74,76,Adult,Good Player
J. Ramsey,75,85,21,Aston Villa,England,"CM,CAM",12500000,47000,75,74,71,78,67,74,Young,Good Player
A. Král,75,80,24,FC Schalke 04,Czech Republic,"CDM,CM",8000000,18000,71,70,71,75,72,78,Adult,Good Player
P. Ševčík,75,75,28,SK Slavia Praha,Czech Republic,"CM,RM,CDM",5500000,1000,74,70,76,77,69,73,Adult,Good Player
Fran Navarro,75,80,24,Gil Vicente FC,Spain,ST,8500000,12000,68,75,53,72,41,78,Adult,Good Player
A. Palavecino,75,76,25,River Plate,Argentina,"CM,CAM",6500000,16000,77,72,76,79,63,64,Adult,Good Player
Moncayola,75,81,24,CA Osasuna,Spain,"CM,CDM",9000000,22000,62,65,73,71,73,67,Adult,Good Player
N. Collins,75,82,21,Wolverhampton Wanderers,Republic of Ireland,"CB,RB",10500000,41000,71,30,54,61,76,76,Young,Good Player
Jean Lucas,75,80,24,AS Monaco,Brazil,"CM,CDM,CAM",8500000,36000,74,69,73,75,68,73,Adult,Good Player
B. Johnson,75,85,21,Nottingham Forest,Wales,"RW,ST",12500000,43000,88,72,67,76,41,57,Young,Good Player
Samuel Lino,75,83,22,Valencia CF,Brazil,"LM,ST,RM",12500000,36000,81,71,67,76,30,64,Young,Good Player
Daniel Bragança,75,84,23,Sporting CP,Portugal,CM,12500000,11000,80,66,75,81,64,63,Adult,Good Player
A. Velasco,75,85,19,FC Dallas,Argentina,"LM,LW,CAM",12000000,5000,83,68,70,81,53,61,Young,Good Player
Tiago Djaló,75,82,22,LOSC Lille,Portugal,"CB,RB,LB",10500000,23000,81,42,60,63,76,77,Young,Good Player
L. Ivanušec,75,82,23,Dinamo Zagreb,Croatia,"CAM,CM,RM",11500000,900,82,70,71,81,58,72,Adult,Good Player
M. Viña,75,78,24,Roma,Uruguay,"LWB,LM,LB",7000000,39000,81,62,70,74,68,68,Adult,Good Player
L. Provod,75,80,25,SK Slavia Praha,Czech Republic,"CM,LM",8000000,1000,75,74,77,76,69,78,Adult,Good Player
L. Thomas,75,80,21,Leicester City,England,"LB,LWB",8000000,41000,75,42,66,71,71,71,Young,Good Player
M. Mudryk,75,85,21,Shakhtar Donetsk,Ukraine,"LM,CAM",12500000,750,88,65,67,79,44,58,Young,Good Player
Vítor Tormena,75,78,26,SC Braga,Brazil,CB,6500000,13000,53,36,58,60,77,77,Adult,Good Player
Silas,75,82,23,VfB Stuttgart,Congo DR,"RM,LM,ST",11500000,20000,87,71,61,80,52,65,Adult,Good Player
T. Teuma,75,75,28,Royale Union Saint-Gilloise,Malta,"CM,CDM",5500000,17000,68,73,76,75,70,73,Adult,Good Player
Riqui Puig,75,83,22,LA Galaxy,Spain,CM,12500000,8000,65,64,73,80,58,49,Young,Good Player
L. Balerdi,75,81,23,Olympique de Marseille,Argentina,CB,8000000,26000,68,36,57,64,75,75,Adult,Good Player
A. Gordon,75,84,21,Everton,England,"LM,RM",12500000,26000,80,69,72,75,37,62,Young,Good Player
B. Mbeumo,75,81,22,Brentford,Cameroon,"RW,ST",9000000,40000,81,73,70,76,41,71,Young,Good Player
L. Openda,75,83,22,Racing Club de Lens,Belgium,ST,12500000,28000,93,73,64,74,26,76,Young,Good Player
Y. Adli,75,82,21,AC Milan,France,"CM,CAM",11500000,37000,66,70,76,75,66,69,Young,Good Player
D. Spence,75,84,21,Tottenham Hotspur,England,"RWB,RB",12000000,44000,89,43,58,74,67,63,Young,Good Player
A. Lunin,75,84,23,Real Madrid CF,Ukraine,GK,11000000,63000,74,71,73,76,37,75,Adult,Good Player
D. Kyereh,75,78,26,Sport-Club Freiburg,Ghana,"CAM,ST,RM",7500000,26000,81,72,66,80,24,62,Adult,Good Player
N. Pérez,75,82,22,Udinese Calcio,Argentina,CB,10500000,13000,57,25,47,51,77,74,Young,Good Player
U. Račić,75,80,24,SC Braga,Serbia,"CM,CDM",8500000,26000,62,73,74,72,76,80,Adult,Good Player
G. Bushchan,75,78,28,Dynamo Kyiv,Ukraine,GK,5000000,800,76,65,80,78,27,72,Adult,Good Player
J. Lindstrøm,75,84,22,Eintracht Frankfurt,Denmark,"CAM,CF",12500000,22000,87,70,69,78,48,63,Young,Good Player
L. Tawamba,75,75,32,Al Taawoun,Cameroon,ST,4600000,26000,64,75,56,70,24,83,Senior,Good Player
P. Bucha,75,79,24,FC Viktoria Plzeň,Czech Republic,"CM,CAM,CDM",8000000,950,71,71,75,76,67,66,Adult,Good Player
S. Giménez,75,84,21,Feyenoord,Mexico,ST,12500000,9000,74,76,67,71,52,80,Young,Good Player
T. Bašić,75,80,25,Lazio,Croatia,"CM,CDM",8000000,38000,59,66,75,73,72,78,Adult,Good Player
E. Destanoğlu,75,81,21,Beşiktaş JK,Turkey,GK,7500000,21000,75,74,73,75,38,75,Young,Good Player
M. Kumbulla,75,82,22,Roma,Albania,CB,10500000,39000,49,32,53,56,77,77,Young,Good Player
P. Beruatto,75,81,23,Pisa,Italy,LB,8500000,5000,70,43,59,65,75,69,Adult,Good Player
K. Furuhashi,75,75,27,Celtic,Japan,"ST,LW",6000000,50000,87,75,68,73,47,66,Adult,Good Player
C. Cáceda,75,75,30,FBC Melgar,Peru,GK,3700000,750,75,75,70,78,30,71,Senior,Good Player
G. Rutter,75,85,20,TSG Hoffenheim,France,ST,12500000,25000,77,74,59,77,24,64,Young,Good Player
M. Ngadeu,75,75,31,KAA Gent,Cameroon,CB,3800000,20000,60,44,56,61,74,83,Senior,Good Player
O. Mangala,75,80,24,Nottingham Forest,Belgium,"CM,CDM",8500000,45000,64,54,71,82,70,72,Adult,Good Player
F. Pizzini,75,75,28,Club Atlético Talleres,Argentina,"RM,LM",5500000,16000,80,69,72,78,40,66,Adult,Good Player
J. Martin,75,75,32,LOSC Lille,France,"CM,CDM",4400000,29000,58,67,76,75,71,73,Senior,Good Player
D. Pelkas,75,75,28,Hull City,Greece,"CAM,LM,CM",5500000,56000,77,69,73,77,43,58,Adult,Good Player
L. Waldschmidt,75,78,26,VfL Wolfsburg,Germany,"CF,ST",7500000,42000,68,78,70,76,29,61,Adult,Good Player
A. Brignoli,75,75,30,Panathinaikos FC,Italy,GK,3700000,650,74,73,75,77,32,75,Senior,Good Player
T. Hamed,75,75,33,Al Ittihad,Egypt,"CDM,CM",2800000,32000,62,58,67,69,74,78,Senior,Good Player
Unai López,75,78,26,Rayo Vallecano,Spain,"CM,CDM,CAM",7500000,19000,71,70,77,76,67,69,Adult,Good Player
A. Buksa,75,77,25,Racing Club de Lens,Poland,ST,7000000,30000,67,74,57,70,31,76,Adult,Good Player
Álvaro,75,75,32,Al Nassr,Spain,CB,3600000,32000,59,34,58,55,74,79,Senior,Good Player
A. Lozano,75,75,29,Cádiz CF,Honduras,"ST,LM",5500000,30000,79,75,66,71,37,74,Adult,Good Player
S. Posch,75,79,25,Bologna,Austria,"CB,RB",7000000,27000,75,29,50,45,79,71,Adult,Good Player
D. Mihailovic,75,81,23,Club de Foot Montréal,United States,"CF,CAM,CM",9000000,9000,72,70,76,76,60,68,Adult,Good Player
Samu Castillejo,75,75,27,Valencia CF,Spain,"RM,LM",6000000,30000,79,67,72,80,43,52,Adult,Good Player
J. Leca,75,75,36,Racing Club de Lens,France,GK,625000,14000,75,72,76,77,41,73,Senior,Good Player
A. Ayew,75,75,32,Free agent,Ghana,"ST,RW",0,0,69,76,72,77,57,74,Senior,Good Player
C. Lema,75,75,32,Newell's Old Boys,Argentina,CB,3600000,14000,35,53,56,41,76,82,Senior,Good Player
José Callejón,75,75,35,Granada CF,Spain,"RM,ST",2300000,9000,75,72,75,77,48,58,Senior,Good Player
O. Dorley,75,81,23,SK Slavia Praha,Liberia,"LB,LM,CM",8500000,1000,83,55,74,76,69,69,Adult,Good Player
J. Lotomba,75,79,23,OGC Nice,Switzerland,"RB,LB",7500000,28000,79,48,66,73,71,66,Adult,Good Player
M. Sarr,75,79,23,AS Monaco,France,"CB,LB",7000000,61000,67,52,69,65,75,74,Adult,Good Player
P. Schuurs,75,82,22,Torino F.C.,Netherlands,CB,10500000,29000,66,64,71,66,76,74,Young,Good Player
Cote,75,75,32,Real Sporting de Gijón,Spain,LB,3900000,10000,64,54,75,70,74,67,Senior,Good Player
Salva Sevilla,75,75,38,Deportivo Alavés,Spain,"CDM,CM",1100000,8000,37,72,79,71,70,62,Senior,Good Player
Danisco Fachini,75,75,34,Flamengo,Brazil,CDM,1900000,30000,66,43,67,69,74,70,Senior,Good Player
K. Itakura,75,80,25,Borussia Mönchengladbach,Japan,"CB,CDM",7500000,22000,74,45,59,67,77,76,Adult,Good Player
J. Bellegarde,75,80,24,RC Strasbourg Alsace,France,"CM,CDM",8500000,21000,78,62,72,76,70,71,Adult,Good Player
Borja Bastón,75,75,29,Real Oviedo,Spain,ST,5500000,12000,49,77,63,66,37,79,Adult,Good Player
W. Hughes,75,76,27,Crystal Palace,England,"CM,CDM",6500000,46000,48,64,77,76,68,63,Adult,Good Player
V. Claesson,75,75,30,F.C. København,Sweden,"LM,CAM",5500000,22000,74,72,72,75,50,73,Senior,Good Player
Escudero,75,75,32,Real Valladolid CF,Spain,"LB,LM",3900000,20000,67,63,72,70,76,69,Senior,Good Player
Joshuando Sá,75,75,26,Santos,Brazil,"LB,LWB",5500000,23000,73,44,64,65,75,73,Adult,Good Player
J. De Sart,75,76,27,KAA Gent,Belgium,"CM,CDM",6500000,22000,47,72,76,70,72,71,Adult,Good Player
L. Janson,75,75,27,Vélez Sarsfield,Argentina,"LW,ST",6000000,16000,84,72,66,79,36,63,Adult,Good Player
L. Tousart,75,80,25,Hertha BSC,France,"CDM,CM",7500000,24000,63,53,64,66,76,82,Adult,Good Player
J. Gbamin,75,75,26,Trabzonspor,Côte d'Ivoire,"CDM,CM",5500000,33000,72,56,71,72,76,72,Adult,Good Player
C. Cueva,75,75,30,Al Fateh,Peru,"LW,CAM,CM",5500000,30000,75,69,72,78,41,60,Senior,Good Player
C. Chambers,75,76,27,Aston Villa,England,"CB,RB,CDM",5500000,58000,65,56,69,68,76,73,Adult,Good Player
H. Reed,75,77,27,Fulham,England,"CDM,CM",6000000,44000,69,57,72,70,72,74,Adult,Good Player
Kike García,75,75,32,CA Osasuna,Spain,ST,4600000,27000,57,76,64,73,44,73,Senior,Good Player
M. Ducksch,75,75,28,SV Werder Bremen,Germany,ST,6000000,26000,70,76,67,69,34,69,Adult,Good Player
M. Wittek,75,76,26,Vitesse,Germany,LWB,6000000,15000,78,68,69,73,67,74,Adult,Good Player
D. Foulquier,75,75,29,Valencia CF,France,"RB,CB,RWB",4900000,29000,76,63,68,71,72,77,Adult,Good Player
B. Costil,75,75,34,AJ Auxerre,France,GK,950000,14000,73,74,75,75,49,76,Senior,Good Player
B. Gomis,75,75,36,Galatasaray SK,France,ST,1900000,44000,33,80,68,67,36,67,Senior,Good Player
Júnior Caiçara,75,75,33,İstanbul Başakşehir FK,Brazil,RB,2900000,30000,80,58,72,75,70,67,Senior,Good Player
Gabriel Strefezza,75,78,25,Lecce,Brazil,RW,7500000,18000,82,64,72,77,27,50,Adult,Good Player
U. Antuna,75,77,24,Free agent,Mexico,"RM,LM,RW",0,0,91,72,64,78,31,53,Adult,Good Player
E. Hysaj,75,75,28,Lazio,Albania,"LB,RB",5000000,38000,75,51,65,72,72,72,Adult,Good Player
I. Sissoko,75,79,24,RC Strasbourg Alsace,France,"CM,CDM,CB",8000000,21000,62,60,71,70,72,84,Adult,Good Player
Y. Mvogo,75,78,28,FC Lorient,Switzerland,GK,5000000,15000,75,72,75,76,42,73,Adult,Good Player
Kaíquão Castro,75,75,26,Fluminense,Brazil,GK,4500000,17000,77,76,61,73,36,72,Adult,Good Player
A. Begović,75,75,35,Everton,Bosnia and Herzegovina,GK,625000,17000,75,77,73,71,43,73,Senior,Good Player
M. Valjent,75,80,26,RCD Mallorca,Slovakia,CB,7500000,22000,64,36,58,64,75,83,Adult,Good Player
Moleiro,75,90,18,Unión Deportiva Las Palmas,Spain,"LM,CM,CAM",13000000,4000,77,66,72,78,46,59,Young,Good Player
D. Turnbull,75,82,22,Celtic,Scotland,"CM,CAM",11500000,40000,68,72,77,74,63,65,Young,Good Player
Santi Comesaña,75,81,25,Rayo Vallecano,Spain,"CDM,CM,CAM",8000000,17000,59,68,67,70,73,73,Adult,Good Player
M. Aebischer,75,78,25,Bologna,Switzerland,CM,7500000,28000,71,65,75,75,65,74,Adult,Good Player
A. Caci,75,80,25,1. FSV Mainz 05,France,"LWB,LB,CB",7500000,22000,69,52,68,67,75,72,Adult,Good Player
E. Atuesta,75,82,25,Free agent,Colombia,"CDM,CM",0,0,63,58,75,76,68,70,Adult,Good Player
Aarón,75,78,25,1. FSV Mainz 05,Spain,"LWB,LB,LM",7000000,22000,61,47,70,75,72,67,Adult,Good Player
Alam Lindeiro,75,75,26,Atlético Clube Goianiense,Brazil,LB,5500000,13000,72,42,68,70,73,62,Adult,Good Player
M. Gibbs-White,75,83,22,Nottingham Forest,England,"CAM,ST,RM",12500000,45000,76,70,73,76,57,66,Young,Good Player
R. Sessegnon,75,83,22,Tottenham Hotspur,England,"LWB,LB",12000000,53000,82,65,72,77,68,66,Young,Good Player
Pol Lirola,75,80,24,Elche CF,Spain,"RB,RM",8000000,26000,75,62,71,73,71,70,Adult,Good Player
A. Pinamonti,75,80,23,U.S. Sassuolo Calcio,Italy,ST,8500000,47000,74,77,53,71,27,72,Adult,Good Player
M. Di Gregorio,75,80,24,AC Monza,Italy,GK,7000000,25000,77,74,71,78,30,75,Adult,Good Player
G. Til,75,78,24,PSV,Netherlands,"CAM,CM",7500000,15000,69,75,70,72,61,75,Adult,Good Player
Cucho Hernández,75,80,23,Columbus Crew,Colombia,"ST,RM,LM",8500000,9000,82,75,65,73,42,74,Adult,Good Player
V. Nelsson,75,81,23,Galatasaray SK,Denmark,CB,8000000,42000,71,43,62,64,74,83,Adult,Good Player
D. Geiger,75,80,24,TSG Hoffenheim,Germany,CM,8500000,27000,53,53,74,79,61,58,Adult,Good Player
J. Mosquera,75,75,32,FC Viktoria Plzeň,Colombia,LM,4500000,1000,78,70,70,75,59,76,Senior,Good Player
D. Liénard,75,75,34,RC Strasbourg Alsace,France,"LWB,CM",2100000,22000,53,70,79,73,72,71,Senior,Good Player
Jean,75,78,26,Club Cerro Porteño,Brazil,GK,5500000,750,74,75,68,78,29,76,Adult,Good Player
Toni Martínez,75,80,25,FC Porto,Spain,ST,8500000,14000,69,76,59,72,24,77,Adult,Good Player
Y. Wissa,75,76,25,Brentford,Congo DR,"LW,ST,LM",6500000,44000,86,74,65,76,28,68,Adult,Good Player
Dodô,75,84,23,Fiorentina,Brazil,RB,12000000,34000,88,59,71,77,68,70,Adult,Good Player
J. Willock,75,84,22,Newcastle United,England,"CM,CAM",12500000,58000,76,72,69,77,67,70,Young,Good Player
J. McArthur,75,75,34,Crystal Palace,Scotland,"CDM,CM",1900000,42000,52,67,71,72,74,68,Senior,Good Player
M. Okugawa,75,77,26,DSC Arminia Bielefeld,Japan,"CAM,LM",7000000,18000,80,66,70,80,43,45,Adult,Good Player
R. Olsen,75,75,32,Aston Villa,Sweden,GK,2800000,47000,76,74,78,75,35,75,Senior,Good Player
Cesinha,75,75,32,Daegu FC,Brazil,"LW,ST,CAM",4500000,10000,81,76,72,75,32,72,Senior,Good Player
M. Bayo,75,80,24,LOSC Lille,Guinea,ST,8500000,28000,70,76,60,73,26,62,Adult,Good Player
J. El Yamiq,75,75,30,Real Valladolid CF,Morocco,CB,4600000,20000,86,48,52,62,74,80,Senior,Good Player
D. Martínez,75,78,24,River Plate,Paraguay,"CB,LB",7000000,13000,79,54,70,66,74,79,Adult,Good Player
Junior Firpo,75,78,25,Leeds United,Spain,"LB,LWB",7000000,31000,75,62,70,71,72,75,Adult,Good Player
Y. Atal,75,78,26,OGC Nice,Algeria,"RB,RM",7000000,33000,88,67,71,79,68,68,Adult,Good Player
Carles Pérez,75,78,24,RC Celta de Vigo,Spain,"RM,ST,CAM",7500000,43000,80,73,68,79,36,62,Adult,Good Player
Paulinho,75,81,21,Bayer 04 Leverkusen,Brazil,"LM,CAM",9000000,31000,85,68,71,81,36,63,Young,Good Player
E. Shomurodov,75,76,27,Roma,Uzbekistan,"ST,CF",6500000,54000,82,74,63,75,39,70,Adult,Good Player
M. Boadu,75,83,21,AS Monaco,Netherlands,ST,12500000,34000,88,74,62,76,28,66,Young,Good Player
K. Wagner,75,79,25,Philadelphia Union,Germany,"LB,LWB",7000000,8000,78,48,64,69,73,78,Adult,Good Player
K. Dewsbury-Hall,75,80,23,Leicester City,England,"CM,CDM",8500000,55000,66,64,74,75,66,71,Adult,Good Player
M. Bakker,75,81,22,Bayer 04 Leverkusen,Netherlands,LB,8500000,33000,85,53,66,71,72,75,Young,Good Player
Wilson Manafá,75,75,27,FC Porto,Portugal,"RB,LB",5500000,12000,85,58,67,72,69,68,Adult,Good Player
E. Pinnock,75,75,29,Brentford,Jamaica,CB,4700000,40000,67,37,57,61,76,79,Adult,Good Player
Rodrigo Becão,75,78,26,Udinese Calcio,Brazil,CB,6500000,15000,49,33,56,49,78,71,Adult,Good Player
R. Vargas,75,81,23,FC Augsburg,Switzerland,"LM,RM",9000000,22000,89,69,67,79,54,64,Adult,Good Player
Michael,75,76,26,Al Hilal,Brazil,"LW,RW",6500000,38000,84,70,63,83,28,56,Adult,Good Player
K. Danso,75,80,23,Racing Club de Lens,Austria,CB,7500000,23000,79,32,50,57,73,78,Adult,Good Player
D. Muñoz,75,76,26,KRC Genk,Colombia,"RB,CB,CDM",6000000,15000,78,50,66,70,73,75,Adult,Good Player
A. Sambi Lokonga,75,83,22,Arsenal,Belgium,"CM,CDM",12500000,55000,66,58,75,78,69,69,Young,Good Player
B. Brereton Díaz,75,82,23,Blackburn Rovers,Chile,"ST,LW",11500000,38000,84,73,63,74,41,76,Adult,Good Player
Nico González,75,85,20,Valencia CF,Spain,CM,12500000,72000,66,63,74,72,73,78,Young,Good Player
W. Omari,75,82,22,Stade Rennais FC,France,CB,10500000,30000,65,34,58,61,77,73,Young,Good Player
A. Truffert,75,84,20,Stade Rennais FC,France,LB,12000000,25000,73,55,70,73,72,68,Young,Good Player
J. Šutalo,75,84,22,Dinamo Zagreb,Croatia,CB,12000000,800,78,29,58,67,76,77,Young,Good Player
F. Farías,75,85,19,Club Atlético Colón,Argentina,"ST,CF,LM",12000000,9000,86,72,69,83,39,70,Young,Good Player
A. Broja,75,85,20,Chelsea,Albania,ST,12500000,64000,76,74,54,75,29,76,Young,Good Player
K. Sulemana,75,85,20,Stade Rennais FC,Ghana,"LW,LM,ST",12500000,32000,93,69,66,80,28,62,Young,Good Player
N. Rovella,75,88,20,AC Monza,Italy,"CM,CDM",13500000,55000,72,61,74,76,68,64,Young,Good Player
C. Roldan,75,75,27,Seattle Sounders FC,United States,"RM,CM,CAM",6000000,9000,74,69,72,75,70,81,Adult,Good Player
M. Bard,75,82,21,OGC Nice,France,LB,11000000,24000,76,52,67,74,71,70,Young,Good Player
J. Gallardo,75,75,27,Free agent,Mexico,"LB,LM,LW",0,0,83,67,70,75,69,74,Adult,Good Player
M. Eggestein,75,76,25,Sport-Club Freiburg,Germany,"CDM,CM",6000000,22000,59,63,70,73,71,74,Adult,Good Player
Kaku,75,75,27,Al Taawoun,Paraguay,"CAM,LM",6000000,24000,81,68,73,77,52,64,Adult,Good Player
Gonçalo Ramos,75,85,21,SL Benfica,Portugal,"ST,CF",12500000,11000,77,73,64,74,40,80,Young,Good Player
Tiago Tomás,75,82,20,VfB Stuttgart,Portugal,"ST,RW",11000000,11000,87,70,58,77,38,69,Young,Good Player
A. Theate,75,82,22,Stade Rennais FC,Belgium,CB,10500000,30000,72,40,51,53,75,79,Young,Good Player
João Mário,75,84,22,FC Porto,Portugal,RB,12000000,10000,86,62,68,75,69,63,Young,Good Player
A. Knauff,75,83,20,Eintracht Frankfurt,Germany,"RM,LM",12500000,27000,87,62,68,77,51,58,Young,Good Player
J. Juranović,75,76,26,Celtic,Croatia,"RB,LB",6000000,42000,86,64,73,74,70,68,Adult,Good Player
N. Seiwald,75,84,21,FC Red Bull Salzburg,Austria,"CM,CDM",12500000,19000,73,62,73,72,72,73,Young,Good Player
O. Lingr,75,80,23,SK Slavia Praha,Czech Republic,"CAM,LM,RM",8500000,1000,79,73,71,77,44,78,Adult,Good Player
K. Aktürkoğlu,75,81,23,Galatasaray SK,Turkey,"LM,LW,RM",9000000,46000,84,70,67,77,37,56,Adult,Good Player
M. Gusto,75,85,19,Olympique Lyonnais,France,RB,11500000,24000,86,49,68,70,67,71,Young,Good Player
Gabriel Veron,75,87,19,FC Porto,Brazil,"RM,LM",13500000,7000,84,68,68,79,28,50,Young,Good Player
A. Varela,75,85,20,Boca Juniors,Argentina,"CDM,CM",11500000,11000,70,59,72,72,71,74,Young,Good Player
M. Uzuni,75,75,27,Granada CF,Albania,"LM,LW,ST",6000000,12000,83,72,66,79,27,63,Adult,Good Player
A. Mandous,75,75,30,SK Slavia Praha,Czech Republic,GK,3700000,950,76,75,79,77,19,73,Senior,Good Player
I. Schranz,75,75,28,SK Slavia Praha,Slovakia,"RM,RB,ST",5500000,1000,83,75,67,74,65,76,Adult,Good Player
J. Pešek,75,75,29,AC Sparta Praha,Czech Republic,"RM,LM,CF",5500000,1000,86,69,69,77,28,49,Adult,Good Player
T. Minamino,75,76,27,AS Monaco,Japan,"CF,LW,RW",6500000,45000,78,74,70,81,38,62,Adult,Good Player
F. Sotoca,75,75,31,Racing Club de Lens,France,ST,4800000,31000,74,72,69,71,43,80,Senior,Good Player
Pascoal Muscato,75,75,30,Santos,Brazil,"CDM,CM",4700000,23000,58,68,69,70,73,76,Senior,Good Player
Leo Vimieiro,75,75,26,São Paulo,Brazil,LB,5500000,30000,73,52,66,70,74,71,Adult,Good Player
Simão Donatinho,75,75,26,Sport Club Corinthians Paulista,Brazil,GK,4500000,20000,76,70,77,75,43,75,Adult,Good Player
Enaldo Praz,75,75,38,Sport Club Corinthians Paulista,Brazil,"LB,LWB",1200000,18000,70,49,68,65,74,71,Senior,Good Player
Walexinton,75,75,30,Club Athletico Paranaense,Brazil,GK,3700000,11000,74,71,69,76,37,75,Senior,Good Player
Jailson Caeiro,75,75,30,Ceará Sporting Club,Brazil,"RB,RM",4800000,13000,70,53,63,72,74,69,Senior,Good Player
Kaíqundo Calado,75,75,26,Atlético Clube Goianiense,Brazil,"RB,CDM",5500000,13000,82,51,64,71,72,73,Adult,Good Player
Estevão Candeira,75,75,26,Flamengo,Brazil,"RB,LB",5500000,30000,77,59,70,69,70,68,Adult,Good Player
Jorginhson,75,75,30,Ceará Sporting Club,Brazil,"CDM,CM,CAM",4700000,13000,70,57,68,74,76,64,Senior,Good Player
Cris Laranjeiros,75,75,30,Club Athletico Paranaense,Brazil,CB,4600000,14000,70,54,61,64,75,81,Senior,Good Player
Davi Parrela,75,75,22,Atlético Clube Goianiense,Brazil,"CB,CDM",6000000,11000,64,40,54,52,76,78,Young,Good Player
P. Lees-Melou,75,75,29,Stade Brestois 29,France,"CM,CAM",5500000,23000,65,72,76,75,67,74,Adult,Good Player
T. Davies,75,78,24,Everton,England,"CM,CDM",7500000,31000,65,64,73,75,69,70,Adult,Good Player
F. Centonze,75,78,26,FC Metz,France,"RWB,RB",7000000,8000,81,51,68,70,70,78,Adult,Good Player
A. Barboza,75,78,27,Club Libertad,Argentina,CB,6500000,900,51,57,60,64,73,87,Adult,Good Player
B. Heynen,75,80,25,KRC Genk,Belgium,"CM,CDM",8000000,15000,65,71,74,73,71,72,Adult,Good Player
Toni Villa,75,75,27,Girona FC,Spain,"LM,CAM,RM",6000000,24000,74,63,74,77,53,49,Adult,Good Player
W. Anton,75,78,25,VfB Stuttgart,Germany,"CB,CDM",6500000,20000,64,46,59,65,75,79,Adult,Good Player
T. Ouwejan,75,78,25,FC Schalke 04,Netherlands,"LB,LWB",7000000,20000,73,61,77,72,69,75,Adult,Good Player
T. Lorch,75,75,28,Orlando Pirates,South Africa,"RW,LW,CF",5500000,1000,78,73,71,74,46,55,Adult,Good Player
Kevin,75,75,29,RC Celta de Vigo,Spain,"RB,RWB",4900000,21000,66,53,67,66,73,66,Adult,Good Player
L. Godoy,75,76,27,Estudiantes de La Plata,Argentina,"RB,RWB",6000000,12000,85,57,66,73,69,80,Adult,Good Player
J. Cullen,75,78,26,Burnley,Republic of Ireland,"CDM,CM",6500000,36000,68,56,73,71,72,71,Adult,Good Player
S. Berge,75,81,24,Sheffield United,Norway,"CDM,CM",8000000,22000,64,62,71,72,73,83,Adult,Good Player
L. Haraslín,75,76,26,AC Sparta Praha,Slovakia,"LM,RM",6500000,1000,80,68,70,79,40,60,Adult,Good Player
S. Rahimi,75,76,26,Al Ain FC,Morocco,"LM,ST",6500000,1000,85,73,70,74,38,65,Adult,Good Player
F. Gatti,75,81,24,Juventus,Italy,CB,8000000,59000,68,35,48,54,76,76,Adult,Good Player
P. Jansson,75,75,31,Brentford,Sweden,CB,3800000,38000,53,42,54,62,75,79,Senior,Good Player
V. Aboubakar,75,75,30,Al Nassr,Cameroon,ST,5500000,38000,73,74,71,75,36,81,Senior,Good Player
P. Dawidowicz,75,78,27,Hellas Verona,Poland,CB,6500000,23000,62,48,63,65,76,77,Adult,Good Player
C. Goldson,75,76,29,Rangers FC,England,CB,5000000,44000,69,50,62,65,74,82,Adult,Good Player
T. Pukki,75,75,32,Norwich City,Finland,ST,4600000,43000,77,76,62,73,36,73,Senior,Good Player
A. Luthe,75,75,35,1. FC Kaiserslautern,Germany,GK,625000,7000,76,70,61,76,38,77,Senior,Good Player
D. Criscito,75,75,35,Toronto FC,Italy,"CB,LB,LM",1500000,6000,68,61,74,71,77,71,Senior,Good Player
T. Adarabioyo,75,82,24,Fulham,England,CB,10500000,38000,72,31,57,58,75,77,Adult,Good Player
A. Iwobi,75,76,26,Everton,Nigeria,"RM,RWB,CM",6500000,36000,74,64,72,78,38,65,Adult,Good Player
A. Duncan,75,75,29,Fiorentina,Ghana,CM,5500000,46000,73,64,72,74,74,81,Adult,Good Player
F. Caicedo,75,75,33,Abha Club,Ecuador,ST,3600000,15000,65,74,67,71,43,74,Senior,Good Player
Fábio Cardoso,75,77,28,FC Porto,Portugal,CB,5500000,12000,61,32,52,64,76,80,Adult,Good Player
P. Aguilar,75,75,35,Club Libertad,Paraguay,CB,1500000,650,63,52,54,57,77,74,Senior,Good Player
Cédric,75,75,30,Arsenal,Portugal,RB,4800000,58000,71,61,70,75,73,64,Senior,Good Player
M. Wöber,75,80,24,FC Red Bull Salzburg,Austria,CB,7500000,20000,72,51,66,64,74,80,Adult,Good Player
B. Petković,75,75,27,Dinamo Zagreb,Croatia,"ST,CAM",6000000,1000,74,72,76,79,39,75,Adult,Good Player
R. Mandragora,75,79,25,Fiorentina,Italy,"CM,CDM",8000000,42000,55,65,74,75,74,75,Adult,Good Player
D. Bouanga,75,75,27,Los Angeles FC,Gabon,"LM,ST,RM",6000000,9000,84,73,70,76,38,72,Adult,Good Player
T. Bakayoko,75,76,27,AC Milan,France,"CDM,CM",6000000,71000,61,48,65,71,75,83,Adult,Good Player
A. Harit,75,78,25,Olympique de Marseille,Morocco,"LM,CAM,CM",7500000,22000,74,62,71,79,39,49,Adult,Good Player
G. Kamara,75,78,26,Rangers FC,Finland,CM,7500000,46000,76,60,71,76,72,76,Adult,Good Player
É. Balanta,75,75,29,Club Brugge KV,Colombia,"CDM,CM",4800000,22000,64,43,62,69,76,84,Adult,Good Player
J. Aholou,75,76,28,RC Strasbourg Alsace,Côte d'Ivoire,"CDM,CM",5500000,23000,64,60,68,69,73,77,Adult,Good Player
Luiz Gustavo,75,75,34,Al Nassr,Brazil,"CDM,CM",1900000,32000,55,61,68,69,76,80,Senior,Good Player
E. Valencia,75,75,32,Fenerbahçe SK,Ecuador,"ST,RW,LW",4600000,58000,87,74,67,74,47,78,Senior,Good Player
Vitinho,75,75,28,Ettifaq FC,Brazil,"LM,ST",5500000,29000,79,76,72,77,39,61,Adult,Good Player
L. Olaza,75,75,27,Real Valladolid CF,Uruguay,"LB,LWB,CB",5500000,20000,75,69,71,71,71,68,Adult,Good Player
Kévin Rodrigues,75,75,28,Adana Demirspor,Portugal,"LB,LM",5000000,20000,73,71,76,74,71,58,Adult,Good Player
K. Piątek,75,76,27,US Salernitana 1919,Poland,ST,6500000,30000,72,76,54,72,36,71,Adult,Good Player
Vallejo,75,79,25,Real Madrid CF,Spain,CB,7000000,90000,67,42,57,64,76,66,Adult,Good Player
Zainadine,75,75,34,Clube Sport Marítimo,Mozambique,CB,1800000,10000,74,46,57,63,76,77,Senior,Good Player
A. McCarthy,75,75,32,Southampton,England,GK,2800000,34000,74,72,61,80,57,72,Senior,Good Player
A. Younes,75,75,28,FC Utrecht,Germany,"CAM,LM",5500000,29000,69,68,72,81,38,61,Adult,Good Player
C. Arango,75,76,27,Los Angeles FC,Colombia,"ST,CAM",6500000,10000,75,74,63,75,35,72,Adult,Good Player
L. Burián,75,75,38,Vélez Sarsfield,Uruguay,GK,625000,7000,76,72,71,74,51,78,Senior,Good Player
K. Akpoguma,75,77,27,TSG Hoffenheim,Nigeria,"CB,RWB",6000000,28000,77,48,59,70,76,73,Adult,Good Player
O. Yokuşlu,75,76,28,West Bromwich Albion,Turkey,"CDM,CM,CB",5500000,31000,59,70,70,70,73,81,Adult,Good Player
D. Cheryshev,75,75,31,Venezia FC,Russia,"LM,LW",4700000,6000,73,73,74,74,57,65,Senior,Good Player
R. Quioto,75,75,30,Club de Foot Montréal,Honduras,ST,5500000,10000,85,73,69,71,22,81,Senior,Good Player
J. Wallace,75,75,28,West Bromwich Albion,England,"CAM,RW",5500000,34000,77,72,74,75,45,67,Adult,Good Player
Wendell,75,75,28,FC Porto,Brazil,LB,5000000,12000,79,54,70,76,69,70,Adult,Good Player
Duirval Diniz,75,75,26,Club Athletico Paranaense,Brazil,"CB,RB",5500000,14000,53,47,55,52,77,74,Adult,Good Player
Álex Baena,75,82,20,Villarreal CF,Spain,"RM,CM,ST",11000000,21000,76,74,73,74,59,62,Young,Good Player
Elildo Petri,75,75,26,Palmeiras,Brazil,"RM,CAM",6000000,33000,73,68,75,77,29,67,Adult,Good Player
Dênildo Stein,75,75,38,Ceará Sporting Club,Brazil,"ST,CF",1900000,12000,76,76,61,73,30,64,Senior,Good Player
C. Roberts,75,76,26,Burnley,Wales,"RB,RWB",6000000,36000,78,54,66,69,69,74,Adult,Good Player
J. Ayew,75,75,30,Crystal Palace,Ghana,"RW,ST,RM",5500000,50000,74,73,69,77,55,73,Senior,Good Player
T. Horn,75,77,29,1. FC Köln,Germany,GK,4700000,20000,75,75,58,78,47,69,Adult,Good Player
Formosandrinho,75,75,30,Clube Atlético Mineiro,Brazil,"ST,CF",5500000,34000,77,77,60,73,24,60,Senior,Good Player
T. Foket,75,75,27,Stade de Reims,Belgium,"RB,RWB",5500000,20000,72,57,69,71,71,76,Adult,Good Player
E. Gómez,75,75,28,River Plate,Argentina,"LB,LWB",5000000,16000,81,62,71,74,67,77,Adult,Good Player
B. Martins Indi,75,75,30,AZ Alkmaar,Netherlands,CB,4600000,10000,44,42,58,58,76,80,Senior,Good Player
D. Ward,75,75,29,Leicester City,Wales,GK,3800000,49000,75,73,67,76,45,74,Adult,Good Player
R. Thomas,75,75,34,Stade Malherbe Caen,France,CB,1800000,8000,33,37,54,47,76,72,Senior,Good Player
Rafael Cachoira,75,75,22,RB Bragantino,Brazil,"CB,CDM",6000000,13000,53,40,58,59,77,77,Young,Good Player
R. Alessandrini,75,75,33,Shenzhen FC,France,"ST,RM,LM",3600000,14000,85,78,72,78,45,68,Senior,Good Player
João Paulo,75,75,31,Seattle Sounders FC,Brazil,"CM,CDM",4600000,9000,72,69,77,75,69,70,Senior,Good Player
N. Sansone,75,75,30,Bologna,Italy,"CAM,LW",5500000,29000,78,71,71,80,44,54,Senior,Good Player
Dani García,75,75,32,Athletic Club de Bilbao,Spain,CM,4400000,24000,37,63,70,70,74,81,Senior,Good Player
Pepelu,75,81,23,Levante Unión Deportiva,Spain,"CM,CDM",9000000,11000,64,64,76,71,71,76,Adult,Good Player
T. Cairney,75,75,31,Fulham,Scotland,"CM,CAM",4600000,49000,58,73,77,76,62,64,Senior,Good Player
J. Seri,75,75,30,Hull City,Côte d'Ivoire,"CM,CDM",5500000,18000,65,67,77,76,67,65,Senior,Good Player
J. Aribo,75,78,25,Southampton,Nigeria,CM,7500000,44000,80,68,72,78,68,76,Adult,Good Player
T. Fountas,75,76,26,D.C. United,Greece,"CF,ST,CAM",6500000,10000,88,75,66,76,47,65,Adult,Good Player
F. Cristaldo,75,78,25,Club Atlético Huracán,Argentina,"CAM,CM,LM",7500000,13000,75,69,72,74,63,72,Adult,Good Player
S. Kolašinac,75,75,29,Olympique de Marseille,Bosnia and Herzegovina,"LB,CB",4900000,32000,73,62,68,70,71,85,Adult,Good Player
Iborra,75,75,34,Levante Unión Deportiva,Spain,"CDM,CM",1900000,26000,53,64,72,65,74,79,Senior,Good Player
S. Zuber,75,75,30,AEK Athens,Switzerland,LW,5500000,1000,77,73,73,76,67,73,Senior,Good Player
L. Giannetti,75,77,28,Vélez Sarsfield,Argentina,CB,5500000,15000,71,34,54,55,77,78,Adult,Good Player
Matheus,75,75,39,Zhejiang Professional FC,Brazil,"RM,ST,CF",1800000,8000,85,75,64,79,36,62,Senior,Good Player
A. Christiansen,75,75,32,Malmö FF,Denmark,"CM,CAM",4400000,9000,75,73,73,77,65,73,Senior,Good Player
Iván Alejo,75,75,27,Cádiz CF,Spain,"RM,LM",6000000,27000,81,73,73,76,44,67,Adult,Good Player
A. El Ghazi,75,75,27,PSV,Netherlands,"LW,RW",6000000,18000,70,78,70,75,35,66,Adult,Good Player
Lincoln,75,82,23,Fenerbahçe SK,Brazil,"CAM,CM",11500000,46000,78,70,77,78,45,65,Adult,Good Player
M. Dabbur,75,75,30,TSG Hoffenheim,Israel,ST,5500000,33000,57,74,65,77,32,68,Senior,Good Player
B. Chardonnet,75,78,27,Stade Brestois 29,France,CB,6500000,20000,54,45,54,60,75,76,Adult,Good Player
F. Zuqui,75,75,30,Estudiantes de La Plata,Argentina,"CM,CAM,CDM",5500000,13000,73,63,76,74,69,73,Senior,Good Player
Y. Chará,75,75,31,Portland Timbers,Colombia,"CAM,LM,RM",4700000,9000,91,69,67,78,52,71,Senior,Good Player
A. Maxim,75,75,31,Gazişehir Gaziantep F.K.,Romania,"CAM,CM,LM",4700000,18000,69,73,73,79,32,58,Senior,Good Player
S. Larsson,75,75,29,Antalyaspor,Sweden,"LM,ST",5500000,26000,76,72,73,80,38,59,Adult,Good Player
N. Füllkrug,75,75,29,SV Werder Bremen,Germany,ST,5500000,26000,61,76,62,70,36,74,Adult,Good Player
André Gomes,75,75,28,LOSC Lille,Portugal,"CM,CDM",5500000,37000,51,67,76,75,69,74,Adult,Good Player
L. Abergel,75,75,29,FC Lorient,France,"CDM,CM",4800000,18000,69,49,68,72,71,75,Adult,Good Player
A. Losilla,75,75,36,VfL Bochum 1848,France,"CDM,CM,CB",1100000,15000,52,57,67,71,72,76,Senior,Good Player
J. Larsen,75,75,31,Trabzonspor,Denmark,"RB,RWB,LWB",4099999,29000,77,60,71,73,70,75,Senior,Good Player
Samu Sáiz,75,75,31,Girona FC,Spain,"ST,LM,RM",4800000,26000,79,75,74,77,31,70,Senior,Good Player
Zé Luís,75,75,31,Atakaş Hatayspor,Cape Verde Islands,ST,4800000,16000,70,74,59,71,33,75,Senior,Good Player
R. Henry,75,78,24,Brentford,England,"LWB,LB",7000000,33000,90,40,59,74,70,72,Adult,Good Player
G. Higuaín,75,75,34,Inter Miami CF,Argentina,ST,2700000,10000,48,79,71,72,28,64,Senior,Good Player
N. Stark,75,77,27,SV Werder Bremen,Germany,"CB,CDM",6000000,21000,75,50,63,67,76,75,Adult,Good Player
J. Brownhill,75,78,26,Burnley,England,"CM,RM",7500000,40000,67,65,71,74,75,78,Adult,Good Player
Omar Mascarell,75,75,29,Elche CF,Spain,"CDM,CM",4800000,18000,57,60,69,72,72,71,Adult,Good Player
Lekue,75,75,29,Athletic Club de Bilbao,Spain,"RB,LB",4900000,23000,81,62,70,70,70,72,Adult,Good Player
Ș. Radu,75,75,35,Lazio,Romania,CB,1500000,26000,55,64,65,68,79,69,Senior,Good Player
A. Maitland-Niles,75,77,24,Southampton,England,"RWB,RM,RB",6500000,49000,78,62,70,74,70,71,Adult,Good Player
J. Russell,75,75,32,Sporting Kansas City,Scotland,"RW,RM",4500000,10000,77,75,71,76,50,79,Senior,Good Player
A. Ömür,75,80,23,Trabzonspor,Turkey,"CAM,RW,CM",8500000,28000,83,66,73,81,52,56,Adult,Good Player
G. Pezzella,75,77,24,Lecce,Italy,"LB,LM,LWB",6500000,5000,76,57,68,72,69,75,Adult,Good Player
N. Nández,75,76,26,Cagliari,Uruguay,"RM,CM",6500000,6000,80,66,69,77,71,79,Adult,Good Player
M. Zajc,75,75,28,Fenerbahçe SK,Slovenia,"CM,CDM,CAM",5500000,56000,66,73,75,75,66,65,Adult,Good Player
B. Alemán,75,75,32,Gimnasia y Esgrima La Plata,Uruguay,"CM,CAM,RM",4400000,17000,72,75,76,74,67,72,Senior,Good Player
A. Yarmolenko,75,75,32,Al Ain FC,Ukraine,"RM,ST",4500000,1000,58,79,77,77,42,67,Senior,Good Player
J. Clasie,75,75,31,AZ Alkmaar,Netherlands,"CM,CDM",4600000,11000,56,62,77,75,66,67,Senior,Good Player
Rochinha,75,75,27,Sporting CP,Portugal,LW,6000000,14000,83,67,69,80,40,53,Adult,Good Player
M. Silva,75,75,39,Club Libertad,Uruguay,GK,625000,500,78,73,72,81,31,73,Senior,Good Player
W. Bou,75,75,28,Vélez Sarsfield,Argentina,"ST,CF,CAM",6000000,17000,75,75,68,76,46,75,Adult,Good Player
S. Johnstone,75,77,29,Crystal Palace,England,GK,4700000,36000,77,72,68,77,42,74,Adult,Good Player
C. Ansaldi,75,75,35,Parma,Argentina,"LWB,LB,LM",1700000,4000,69,63,73,73,71,67,Senior,Good Player
B. Hübner,75,75,32,TSG Hoffenheim,Germany,CB,3600000,28000,38,33,55,57,78,67,Senior,Good Player
N. Clyne,74,74,31,Crystal Palace,England,RB,3100000,39000,69,60,70,72,73,64,Senior,Average
A. Rusnák,74,74,27,Seattle Sounders FC,Slovakia,"CAM,CDM,CM",4500000,8000,71,73,73,75,55,65,Adult,Average
A. Adli,74,84,22,Bayer 04 Leverkusen,France,"ST,LM",9500000,37000,86,72,67,80,40,54,Young,Average
G. Hanley,74,74,30,Norwich City,Scotland,CB,3500000,34000,53,32,47,49,76,78,Senior,Average
Ailtio Coelho,74,74,30,São Paulo,Brazil,LM,4099999,31000,82,72,71,74,38,60,Senior,Average
D. Lukébakio,74,77,24,Hertha BSC,Belgium,"RM,ST",6000000,22000,83,72,66,78,31,59,Adult,Average
M. Djenepo,74,78,24,Southampton,Mali,"LM,LWB,LB",6000000,37000,79,66,67,79,36,65,Adult,Average
Diogo Leite,74,82,23,1. FC Union Berlin,Portugal,CB,8500000,9000,60,38,48,57,76,73,Adult,Average
L. Perrin,74,79,23,RC Strasbourg Alsace,France,CB,6000000,18000,51,35,55,59,76,71,Adult,Average
Y. Musah,74,83,19,Valencia CF,United States,"RM,CM,CDM",9000000,16000,85,69,68,74,60,67,Young,Average
M. Carnesecchi,74,82,22,US Cremonese,Italy,GK,8000000,23000,75,72,64,78,30,73,Young,Average
Guilherme,74,74,31,Guangzhou City,Brazil,"RM,CAM",3500000,11000,91,67,69,76,51,67,Senior,Average
J. Ferreira,74,84,21,FC Dallas,United States,"CF,CAM,ST",9500000,7000,81,73,70,74,44,65,Young,Average
Douglas Armeira,74,74,30,Palmeiras,Brazil,RB,3600000,28000,72,57,63,69,72,74,Senior,Average
J. Sand,74,74,41,Club Atlético Lanús,Argentina,ST,0,12000,47,78,62,67,37,67,Senior,Average
M. Aramu,74,75,27,Genoa,Italy,"CAM,RW",4900000,5000,75,63,73,77,52,61,Adult,Average
A. Solari,74,74,30,RC Celta de Vigo,Argentina,"RM,LM",4099999,20000,85,62,72,75,58,73,Senior,Average
O. Kolář,74,75,27,SK Slavia Praha,Czech Republic,GK,3600000,900,75,73,77,74,53,73,Adult,Average
Sergio Álvarez,74,74,30,SD Eibar,Spain,"CDM,CM",3500000,9000,59,66,67,67,70,80,Senior,Average
G. Hamer,74,79,25,Coventry City,Netherlands,"CM,CDM",6000000,20000,69,69,75,72,71,77,Adult,Average
Luis Pérez,74,75,27,Real Valladolid CF,Spain,"RB,RWB",4400000,18000,88,47,63,68,69,77,Adult,Average
J. Cork,74,74,33,Burnley,England,"CDM,CM",2100000,34000,40,60,70,68,73,76,Senior,Average
Kiko Casilla,74,74,35,Getafe CF,Spain,GK,475000,11000,75,72,74,75,47,71,Senior,Average
N. Storm,74,74,27,KV Mechelen,Belgium,"LM,LW",4500000,14000,78,73,70,74,36,57,Adult,Average
Bruno Henrique,74,74,32,Al Ittihad,Brazil,"CDM,CM",2800000,29000,61,67,74,69,71,76,Senior,Average
R. Gudiño,74,77,26,Atlanta United,Mexico,GK,4200000,6000,73,76,62,76,47,70,Adult,Average
Kaimo Lima,74,74,26,Fluminense,Brazil,"CB,CDM,LB",4000000,19000,74,63,69,68,75,70,Adult,Average
A. Castro-Montes,74,77,25,KAA Gent,Belgium,"RM,LM,RB",5500000,19000,73,69,71,73,70,68,Adult,Average
B. Decordova-Reid,74,74,29,Fulham,Jamaica,"RM,CAM",4099999,47000,77,71,69,76,57,63,Adult,Average
G. Ávalos,74,74,31,Argentinos Juniors,Paraguay,ST,3600000,14000,71,73,61,73,46,81,Senior,Average
Jamiro Monteiro,74,74,28,San Jose Earthquakes,Cape Verde Islands,"CM,CAM,LM",4200000,9000,75,63,73,78,64,75,Adult,Average
H. Koffi,74,78,25,Royal Charleroi S.C.,Burkina Faso,GK,4600000,10000,76,71,69,78,56,69,Adult,Average
L. Fer,74,74,32,Aytemiz Alanyaspor,Netherlands,"CDM,CM",2800000,18000,64,66,71,70,70,81,Senior,Average
M. Richter,74,77,24,Hertha BSC,Germany,"RM,CAM,LM",6000000,22000,75,71,67,78,34,61,Adult,Average
Petros,74,74,33,Al Fateh,Brazil,"CM,CDM",2600000,26000,64,67,70,73,72,83,Senior,Average
Marco Pereira,74,74,35,Santa Clara,Portugal,GK,475000,3000,74,69,77,74,57,73,Senior,Average
C. Larin,74,75,27,Club Brugge KV,Canada,"ST,LW,LM",4900000,24000,74,74,65,68,28,78,Adult,Average
I. Pussetto,74,76,26,U.C. Sampdoria,Argentina,"ST,CF",5500000,40000,78,72,63,77,25,60,Adult,Average
P. Gallese,74,74,32,Orlando City Soccer Club,Peru,GK,2100000,6000,75,72,66,77,47,70,Senior,Average
B. Espinosa,74,74,32,Girona FC,Colombia,CB,2700000,20000,39,44,58,51,73,78,Senior,Average
J. Kayembe,74,74,27,Royal Charleroi S.C.,Belgium,"LWB,LB,LM",4099999,13000,84,62,69,75,66,72,Adult,Average
A. Nyom,74,74,34,CD Leganés,Cameroon,"RB,RM,CB",1500000,11000,80,59,70,68,70,86,Senior,Average
A. Plata,74,74,31,Al Adalah,Colombia,"RM,RW,ST",3500000,19000,85,66,65,78,42,71,Senior,Average
B. Merlini,74,74,26,Club Libertad,Argentina,"LM,LW,RM",4600000,950,84,66,68,77,41,57,Adult,Average
Rubén Blanco,74,78,26,Olympique de Marseille,Spain,GK,4500000,15000,79,72,73,74,53,70,Adult,Average
J. Reine-Adélaïde,74,81,24,Olympique Lyonnais,France,"CM,RM",8500000,40000,71,70,72,79,54,64,Adult,Average
W. Foderingham,74,74,31,Sheffield United,England,GK,2200000,19000,74,71,72,76,44,73,Senior,Average
Luis Rioja,74,74,28,Deportivo Alavés,Spain,LM,4200000,12000,77,66,70,77,37,51,Adult,Average
V. Janelt,74,80,24,Brentford,Germany,"CM,CDM",6500000,34000,68,69,71,72,73,78,Adult,Average
R. Ofori,74,77,28,Orlando Pirates,Ghana,GK,3900000,750,74,71,77,73,42,75,Adult,Average
Murilo,74,74,27,Gil Vicente FC,Brazil,"RW,RM",4500000,12000,88,70,65,79,25,65,Adult,Average
A. Soumaoro,74,74,30,Bologna,France,CB,3500000,25000,53,37,54,55,73,78,Senior,Average
J. Murillo,74,74,30,U.C. Sampdoria,Colombia,CB,3500000,16000,71,40,61,63,73,77,Senior,Average
Calero,74,76,26,RCD Espanyol de Barcelona,Spain,"CB,CDM",4600000,15000,64,42,66,68,74,74,Adult,Average
M. D'Arpino,74,76,26,KV Oostende,France,"CDM,CM",4700000,11000,65,61,74,70,69,73,Adult,Average
J. Moder,74,83,23,Brighton & Hove Albion,Poland,"CM,CDM,LM",9500000,43000,68,70,74,72,69,75,Adult,Average
A. Zedadka,74,75,27,LOSC Lille,Algeria,RB,4400000,24000,81,55,65,74,65,65,Adult,Average
Dany Mota,74,80,24,AC Monza,Portugal,ST,6500000,37000,75,73,65,76,30,63,Adult,Average
D. Vanzeir,74,78,24,Royale Union Saint-Gilloise,Belgium,ST,6000000,15000,85,74,67,73,36,72,Adult,Average
R. Skov,74,75,26,TSG Hoffenheim,Denmark,"RW,LWB",5000000,31000,78,77,76,72,64,68,Adult,Average
C. Gamboa,74,74,32,VfL Bochum 1848,Costa Rica,RB,2900000,20000,88,48,66,72,69,71,Senior,Average
M. Pereyra,74,74,32,Orlando City Soccer Club,Uruguay,"CAM,CM",3300000,8000,69,65,75,75,54,66,Senior,Average
A. Hahn,74,74,31,FC Augsburg,Germany,"ST,RM",3600000,26000,69,74,68,70,55,83,Senior,Average
Hugo Guillamón,74,82,22,Valencia CF,Spain,"CDM,CB,CM",9000000,22000,58,51,66,64,74,71,Young,Average
Meirelinson,74,74,30,Sport Club Corinthians Paulista,Brazil,CB,3500000,23000,71,45,66,72,75,70,Senior,Average
X. Chavalerin,74,74,31,ESTAC Troyes,France,"CM,LM,CDM",3500000,17000,59,67,73,71,69,75,Senior,Average
Sergio Gómez,74,83,21,Manchester City,Spain,"LB,RM,LM",9000000,53000,70,70,74,75,69,66,Young,Average
E. Zhegrova,74,81,23,LOSC Lille,Kosovo,RM,8500000,23000,79,67,68,78,25,60,Adult,Average
K. Diatta,74,81,23,AS Monaco,Senegal,"RM,RW,LM",8500000,34000,91,69,66,76,47,67,Adult,Average
P. Zinckernagel,74,74,27,Standard de Liège,Denmark,"CAM,LW,CM",4500000,15000,87,70,70,75,42,68,Adult,Average
Abel Ruiz,74,83,22,SC Braga,Spain,ST,9500000,13000,74,74,66,75,38,67,Young,Average
S. Simón,74,84,20,River Plate,Argentina,"RM,CM",9500000,11000,77,63,72,75,66,72,Young,Average
Y. Karamoh,74,78,23,Torino F.C.,France,"LW,LM",6000000,33000,78,68,69,77,31,60,Adult,Average
A. Armstrong,74,77,25,Southampton,England,"ST,LW",5500000,45000,84,75,66,75,35,69,Adult,Average
Barrenetxea,74,83,20,Real Sociedad,Spain,LW,9500000,21000,78,71,63,80,24,48,Young,Average
O. Aina,74,76,25,Torino F.C.,Nigeria,"LWB,LM,RM",4900000,30000,83,60,66,73,70,74,Adult,Average
Jordi Masip,74,74,33,Real Valladolid CF,Spain,GK,1400000,15000,74,72,68,74,63,72,Senior,Average
Marlon,74,77,26,AC Monza,Brazil,CB,4900000,850,68,44,59,67,75,77,Adult,Average
G. Gallon,74,76,29,ESTAC Troyes,France,GK,3500000,14000,75,71,72,76,40,73,Adult,Average
M. Matvienko,74,79,26,Shakhtar Donetsk,Ukraine,"CB,LB",5500000,850,76,48,67,69,74,74,Adult,Average
Kiko Femenía,74,74,31,Villarreal CF,Spain,"RB,LB",3100000,24000,74,57,70,74,70,67,Senior,Average
A. Smith,74,74,31,AFC Bournemouth,England,"RB,RWB,LB",3100000,36000,66,60,69,70,72,71,Senior,Average
R. Bertrand,74,74,32,Leicester City,England,LB,2900000,53000,68,53,71,72,72,70,Senior,Average
V. Pilař,74,74,33,FC Viktoria Plzeň,Czech Republic,"LM,RM",2600000,1000,80,69,68,78,39,56,Senior,Average
L. Milivojević,74,74,31,Crystal Palace,Serbia,"CDM,CM",3000000,39000,47,70,73,66,73,69,Senior,Average
Ángel,74,74,35,RCD Mallorca,Spain,"ST,CAM",1800000,18000,69,75,62,74,34,65,Senior,Average
N. Zalewski,74,86,20,Roma,Poland,LM,10000000,34000,83,59,70,76,55,55,Young,Average
Michael Dimeira,74,74,30,São Paulo,Brazil,"CAM,RM",4099999,31000,86,64,71,78,39,52,Senior,Average
C. Bassogog,74,74,26,Shanghai Shenhua FC,Cameroon,"ST,RM,RW",4700000,14000,90,71,62,77,38,74,Adult,Average
M. Haïdara,74,74,29,Racing Club de Lens,Mali,"LWB,CB",3700000,26000,76,52,62,71,70,78,Adult,Average
M. Diagne,74,74,30,Fatih Karagümrük S.K.,Senegal,ST,4099999,24000,64,74,56,63,29,72,Senior,Average
A. Robinson,74,77,24,Fulham,United States,"LB,LWB",5500000,35000,87,47,64,73,69,72,Adult,Average
J. Beyer,74,79,22,Burnley,Germany,"CB,RB",6000000,19000,73,34,59,66,75,69,Young,Average
Y. Sugawara,74,78,22,AZ Alkmaar,Japan,"RB,RW",5500000,8000,82,53,72,72,66,71,Young,Average
Pedro Mendes,74,74,31,Montpellier Hérault SC,Portugal,CB,2900000,19000,59,38,51,61,74,76,Senior,Average
J. Siebatcheu,74,77,26,1. FC Union Berlin,United States,ST,5500000,28000,67,73,60,71,29,74,Adult,Average
Brian Oliván,74,74,28,RCD Espanyol de Barcelona,Spain,"LB,CB",3800000,16000,74,56,65,69,69,75,Adult,Average
André Almeida,74,74,31,SL Benfica,Portugal,RB,3100000,11000,61,63,75,71,75,73,Senior,Average
Ewerton,74,76,25,SK Slavia Praha,Brazil,"LM,RM",5500000,1000,82,70,67,78,25,57,Adult,Average
C. Jullien,74,74,29,Montpellier Hérault SC,France,CB,3500000,20000,64,50,62,56,73,74,Adult,Average
B. Cuesta,74,74,33,FBC Melgar,Argentina,ST,2700000,1000,67,79,56,62,27,70,Senior,Average
A. Mierzejewski,74,74,35,Henan Songshan Longmen FC,Poland,"CAM,ST,RM",1700000,9000,74,75,73,76,47,73,Senior,Average
M. Erlić,74,79,24,U.S. Sassuolo Calcio,Croatia,CB,6000000,21000,64,34,49,52,74,73,Adult,Average
M. Trésor,74,82,23,KRC Genk,Belgium,"CAM,LW",9500000,13000,79,68,70,79,29,52,Adult,Average
Diogo Gonçalves,74,77,25,SL Benfica,Portugal,"RW,RM,RWB",5500000,13000,84,72,70,75,67,71,Adult,Average
Borja Sánchez,74,75,26,Real Oviedo,Spain,LM,5000000,10000,76,69,73,74,41,66,Adult,Average
Zeca,74,74,33,F.C. København,Greece,"CDM,CM",2100000,19000,72,59,68,69,72,71,Senior,Average
Manu Sánchez,74,83,21,CA Osasuna,Spain,"LB,LWB,LM",9000000,25000,72,44,62,68,72,60,Young,Average
Pedro Pereira,74,80,24,Aytemiz Alanyaspor,Portugal,"RWB,RM",6000000,30000,76,39,66,71,69,66,Adult,Average
C. Bernardi,74,74,32,Club Atlético Colón,Argentina,"CAM,RM,CM",3300000,13000,78,72,70,78,50,65,Senior,Average
M. Munetsi,74,79,26,Stade de Reims,Zimbabwe,"CDM,CM,CB",5500000,19000,58,59,65,69,71,77,Adult,Average
Gonzalo Villar,74,80,24,U.C. Sampdoria,Spain,"CM,CDM",6500000,40000,54,57,74,77,69,67,Adult,Average
I. Success,74,77,26,Udinese Calcio,Nigeria,ST,5500000,17000,73,71,66,75,38,67,Adult,Average
D. Lainez,74,83,22,SC Braga,Mexico,"RM,CM,CAM",9500000,17000,76,64,70,80,49,50,Young,Average
O. Tannane,74,74,28,N.E.C. Nijmegen,Morocco,"CAM,RW",4200000,12000,82,76,72,78,41,71,Adult,Average
M. Camara,74,78,24,Stade Brestois 29,France,"CDM,CM",5500000,7000,63,57,67,71,73,74,Adult,Average
B. Dieng,74,80,21,Olympique de Marseille,Senegal,ST,7000000,26000,80,75,60,71,33,62,Young,Average
J. Rinne,74,76,29,Al Fateh,Sweden,GK,3500000,20000,73,72,74,75,46,72,Adult,Average
Kike Barja,74,77,25,CA Osasuna,Spain,"RM,LM",5500000,22000,73,66,69,73,35,59,Adult,Average
I. Piris,74,74,33,Club Libertad,Paraguay,"RB,LB",2200000,850,83,48,62,70,70,74,Senior,Average
C. Carter-Vickers,74,83,24,Celtic,United States,CB,8500000,34000,74,26,55,63,74,81,Adult,Average
T. Kędziora,74,74,28,Dynamo Kyiv,Poland,"RB,CB",3800000,900,77,46,66,64,72,74,Adult,Average
G. Magnani,74,78,26,Hellas Verona,Italy,CB,5000000,21000,78,37,45,50,76,72,Adult,Average
Mauro Cildinho,74,74,26,Atlético Clube Goianiense,Brazil,RB,4200000,12000,74,46,68,74,69,58,Adult,Average
Luquinhas,74,77,25,New York Red Bulls,Brazil,"RW,CAM,LW",5500000,9000,82,67,68,79,35,57,Adult,Average
M. Saracchi,74,79,24,Levante Unión Deportiva,Uruguay,"LB,LWB",6000000,9000,80,63,71,76,69,69,Adult,Average
J. Stephens,74,74,28,AFC Bournemouth,England,CB,3600000,41000,50,42,61,67,75,73,Adult,Average
A. Soñora,74,80,23,Club Atlético Independiente,United States,"CAM,CM,CDM",6500000,12000,73,66,77,76,65,66,Adult,Average
R. Cabella,74,74,32,LOSC Lille,France,CAM,3300000,27000,71,70,74,78,39,52,Senior,Average
D. da Costa,74,74,28,1. FSV Mainz 05,Germany,RWB,3800000,23000,73,56,65,68,72,81,Adult,Average
L. Reyes,74,74,31,Deportivo Ñublense,Chile,"CDM,CM",3000000,8000,65,59,66,70,71,77,Senior,Average
Wesley,74,78,25,Levante Unión Deportiva,Brazil,ST,6000000,61000,65,74,67,70,38,83,Adult,Average
D. Brašanac,74,74,30,CA Osasuna,Serbia,"CM,CDM,CAM",4000000,23000,49,70,71,71,71,71,Senior,Average
A. Claude-Maurice,74,77,24,Racing Club de Lens,France,"CM,LM,LW",5500000,29000,80,71,72,79,69,69,Adult,Average
R. Bellanova,74,82,22,Inter,Italy,"RWB,RM",9000000,4000,87,32,61,68,67,72,Young,Average
A. Gravillon,74,78,24,Stade de Reims,France,"CB,RB",5500000,16000,59,42,48,55,74,77,Adult,Average
A. Elanga,74,85,20,Manchester United,Sweden,"RW,LW,RM",9500000,63000,88,66,64,75,38,57,Young,Average
A. Souquet,74,74,30,Montpellier Hérault SC,France,RB,3600000,19000,66,59,70,71,71,69,Senior,Average
J. Osorio,74,74,30,Toronto FC,Canada,"CM,CDM,LM",4000000,8000,61,69,71,76,63,68,Senior,Average
U. Bozok,74,77,25,Trabzonspor,Turkey,ST,5500000,31000,78,73,63,74,33,69,Adult,Average
S. Hefti,74,79,24,Genoa,Switzerland,RB,6000000,4000,77,49,64,66,70,81,Adult,Average
Joaquín,74,79,26,Real Valladolid CF,Spain,"CB,CDM",5500000,18000,64,45,60,55,74,80,Adult,Average
S. Szymański,74,83,23,Feyenoord,Poland,"CAM,LW",9500000,9000,83,66,74,76,38,49,Adult,Average
M. Aarons,74,79,22,Norwich City,England,"RB,RWB",6000000,29000,80,42,64,75,70,73,Young,Average
D. Gazdag,74,77,26,Philadelphia Union,Hungary,"CAM,CM",5500000,8000,76,73,67,76,54,63,Adult,Average
Mariano,74,74,28,Real Madrid CF,Dominican Republic,ST,4300000,110000,74,76,61,71,45,78,Adult,Average
A. Hack,74,75,28,1. FSV Mainz 05,Germany,CB,4000000,23000,66,34,60,53,75,76,Adult,Average
S. Aziz,74,74,31,Fenerbahçe SK,Turkey,CB,2900000,45000,69,32,51,55,74,79,Senior,Average
D. Zima,74,81,21,Torino F.C.,Czech Republic,CB,8000000,23000,74,38,54,63,76,76,Young,Average
R. Cannon,74,80,24,Boavista FC,United States,"RWB,RB,CB",6000000,11000,91,36,60,69,67,75,Adult,Average
H. Akbunar,74,74,28,KVC Westerlo,Turkey,"RM,LM",4200000,13000,84,67,70,76,38,57,Adult,Average
N. Radonjić,74,75,26,Torino F.C.,Serbia,"LW,RW,CF",5000000,34000,88,71,69,74,30,58,Adult,Average
L. Traoré,74,84,21,Shakhtar Donetsk,Burkina Faso,ST,9500000,750,78,72,57,69,30,76,Young,Average
Borja García,74,74,31,Girona FC,Spain,"CM,LM",3500000,22000,73,69,73,74,60,66,Senior,Average
André André,74,74,32,Vitória de Guimarães,Portugal,"CM,CDM",3300000,10000,64,69,75,75,68,70,Senior,Average
K. Tete,74,76,26,Fulham,Netherlands,RB,4800000,41000,75,47,66,68,73,75,Adult,Average
M. Gulde,74,74,31,Sport-Club Freiburg,Germany,CB,2900000,22000,69,40,51,57,76,72,Senior,Average
L. Pratto,74,74,34,Vélez Sarsfield,Argentina,ST,2100000,15000,70,74,69,69,58,80,Senior,Average
G. Giménez,74,74,30,Chicago Fire Football Club,Paraguay,"CDM,CM",3500000,8000,64,61,71,73,67,83,Senior,Average
L. Vietto,74,74,28,Al Hilal,Argentina,"CAM,LW,ST",4200000,34000,76,70,72,78,45,64,Adult,Average
E. Roco,74,74,29,Elche CF,Chile,CB,3500000,17000,32,41,55,58,75,76,Adult,Average
D. Bertaud,74,79,24,Montpellier Hérault SC,France,GK,5000000,13000,74,69,73,77,53,73,Adult,Average
J. Kenny,74,75,25,Hertha BSC,England,"RB,LB",4600000,22000,70,49,65,70,71,70,Adult,Average
G. Holtmann,74,74,27,VfL Bochum 1848,Philippines,"LW,RW",4500000,23000,94,67,67,73,56,60,Adult,Average
C. Führich,74,78,24,VfB Stuttgart,Germany,"RM,ST",6000000,19000,83,68,69,75,54,59,Adult,Average
D. Siovas,74,74,33,Fortuna Sittard,Greece,CB,2000000,13000,33,44,54,60,75,75,Senior,Average
A. Mirante,74,74,38,AC Milan,Italy,GK,475000,22000,71,73,65,74,44,75,Senior,Average
Nico Williams,74,86,19,Athletic Club de Bilbao,Spain,"RM,LM",10000000,13000,91,67,65,77,33,58,Young,Average
F. Sacko,74,75,27,Montpellier Hérault SC,Mali,RB,4400000,9000,92,45,61,72,67,73,Adult,Average
Vesga,74,74,29,Athletic Club de Bilbao,Spain,CM,4099999,23000,41,63,70,66,75,78,Adult,Average
J. Devecchi,74,77,26,Club Atlético Aldosivi,Argentina,GK,4200000,10000,74,71,62,76,47,77,Adult,Average
D. de Wit,74,77,24,AZ Alkmaar,Netherlands,"CAM,CM",6000000,9000,67,74,71,70,73,87,Adult,Average
Dani Cárdenas,74,79,25,Levante Unión Deportiva,Spain,GK,4900000,8000,76,69,71,79,44,70,Adult,Average
Henrique Dourado,74,74,32,Henan Songshan Longmen FC,Brazil,ST,3400000,13000,72,75,63,66,34,84,Senior,Average
S. Schwab,74,74,31,PAOK,Austria,"CM,CDM",3500000,1000,63,71,75,72,70,76,Senior,Average
H. Belkebla,74,75,28,Stade Brestois 29,Algeria,"CDM,CM",4099999,20000,55,49,71,70,69,73,Adult,Average
O. Tufan,74,75,27,Hull City,Turkey,"CM,CAM",4800000,17000,79,73,72,75,71,77,Adult,Average
B. Johnson,74,82,22,West Ham United,England,"RB,LB",9000000,40000,76,38,62,67,73,71,Young,Average
Melero,74,74,28,Unión Deportiva Almería,Spain,"CM,CDM",4200000,23000,53,75,73,70,70,75,Adult,Average
E. Alioski,74,74,30,Fenerbahçe SK,North Macedonia,"LB,LM",3600000,45000,78,72,71,73,67,76,Senior,Average
K. Narey,74,74,27,PAOK,Germany,"RW,RB",4500000,1000,82,67,68,75,62,73,Adult,Average
Lino Essier,74,74,30,São Paulo,Brazil,CB,3500000,28000,67,45,68,66,73,79,Senior,Average
R. Dickie,74,77,26,Queens Park Rangers,England,CB,4900000,28000,61,45,52,59,74,78,Adult,Average
Gérson Damesio,74,74,30,Flamengo,Brazil,CB,3500000,28000,51,42,49,57,76,76,Senior,Average
R. Battaglia,74,74,30,RCD Mallorca,Argentina,"CM,CDM",4000000,22000,60,65,67,70,74,77,Senior,Average
Bebé,74,74,31,Rayo Vallecano,Cape Verde Islands,"RM,LM,ST",3500000,18000,82,77,71,72,41,83,Senior,Average
F. Niederlechner,74,74,31,FC Augsburg,Germany,ST,3600000,26000,68,75,63,73,35,78,Senior,Average
M. Klich,74,74,32,Leeds United,Poland,"CM,CDM",3300000,33000,65,71,74,72,66,72,Senior,Average
Jaume,74,74,31,Valencia CF,Spain,GK,2200000,21000,71,74,74,75,58,71,Senior,Average
Aitor Ruibal,74,75,26,Real Betis Balompié,Spain,"RM,LM,RB",5000000,20000,85,73,67,74,42,60,Adult,Average
N. Mendy,74,74,30,Leicester City,Senegal,"CDM,CM",3500000,53000,60,54,69,75,73,66,Senior,Average
M. Schneiderlin,74,74,32,OGC Nice,France,"CDM,CM",2800000,31000,45,58,70,70,73,74,Senior,Average
N. Kalinić,74,74,34,Hajduk Split,Croatia,ST,2100000,1000,62,74,64,72,42,67,Senior,Average
I. Diallo,74,82,23,Southampton,France,"CDM,CM",9000000,34000,65,48,65,70,71,74,Adult,Average
L. Hoyos,74,74,33,Vélez Sarsfield,Argentina,GK,1400000,10000,79,69,68,80,62,66,Senior,Average
P. Piatti,74,74,33,Estudiantes de La Plata,Argentina,"RM,LM",2600000,13000,77,73,72,75,47,50,Senior,Average
M. Leitsch,74,79,24,1. FSV Mainz 05,Germany,CB,6000000,19000,82,37,57,58,76,71,Adult,Average
M. Jensen,74,77,26,Brentford,Denmark,"CM,CDM",5500000,39000,67,62,76,72,67,71,Adult,Average
I. Traoré,74,74,33,SK Slavia Praha,Côte d'Ivoire,"CDM,CAM,CM",2100000,1000,60,65,71,73,69,80,Senior,Average
C. Kouamé,74,79,24,Fiorentina,Côte d'Ivoire,ST,6500000,39000,83,71,63,74,39,73,Adult,Average
C. Dagba,74,77,23,RC Strasbourg Alsace,France,RB,5500000,43000,77,56,69,74,70,60,Adult,Average
J. Brabec,74,74,29,Free agent,Czech Republic,CB,0,0,68,51,62,63,73,77,Adult,Average
K. Dawson,74,74,30,Club Atlético Peñarol,Uruguay,GK,2800000,700,73,72,71,73,31,76,Senior,Average
T. Weah,74,81,22,LOSC Lille,United States,"RM,LM,ST",8500000,23000,86,71,67,75,45,61,Young,Average
B. Zuculini,74,74,29,River Plate,Argentina,"CDM,CM",3600000,15000,69,65,68,70,72,80,Adult,Average
N. Schulz,74,74,29,Borussia Dortmund,Germany,"LB,LM",3700000,33000,85,46,65,67,70,80,Adult,Average
M. van Ginkel,74,74,29,PSV,Netherlands,"CM,CDM",4099999,16000,58,74,75,73,69,73,Adult,Average
L. Kübler,74,74,29,Sport-Club Freiburg,Germany,"RB,RWB,RM",3700000,23000,75,46,59,64,73,68,Adult,Average
I. Grbić,74,78,26,Atlético de Madrid,Croatia,GK,4500000,29000,75,70,73,75,28,73,Adult,Average
E. Díaz,74,77,26,Club Atlético Talleres,Argentina,"LB,CB",5000000,13000,73,49,68,72,71,81,Adult,Average
Eltildo Correia,74,74,30,Clube Atlético Mineiro,Brazil,"CB,RB,LB",3500000,26000,56,50,61,51,76,75,Senior,Average
Carlos Fernández,74,76,26,Real Sociedad,Spain,"ST,CAM",5500000,28000,67,76,64,74,27,67,Adult,Average
K. Boateng,74,74,35,Hertha BSC,Ghana,"CAM,CM,CDM",1700000,19000,48,74,74,77,65,69,Senior,Average
Otávio Cairinho,74,74,30,Palmeiras,Brazil,"CB,RB",3500000,28000,58,50,58,53,75,74,Senior,Average
J. Riedewald,74,75,25,Crystal Palace,Netherlands,"CDM,CM",4500000,37000,60,56,74,69,73,67,Adult,Average
Moisés,74,74,34,Shandong Taishan,Brazil,"CDM,CM,ST",1400000,18000,70,74,72,71,71,78,Senior,Average
Paulo Victor,74,74,35,Ettifaq FC,Brazil,GK,475000,12000,69,70,70,78,42,75,Senior,Average
Caio Nunson,74,74,22,Fortaleza,Brazil,"CB,LB",4400000,10000,59,50,61,59,73,76,Young,Average
A. Castro,74,74,27,Club Atlético Tigre,Argentina,"CAM,CM,RM",4500000,12000,77,72,71,76,65,69,Adult,Average
B. Samba,74,77,28,Racing Club de Lens,Congo,GK,3900000,21000,75,73,76,74,53,71,Adult,Average
A. Izzo,74,74,30,AC Monza,Italy,CB,3500000,32000,67,33,47,65,75,75,Senior,Average
Robson Denho,74,74,30,Atlético Clube Goianiense,Brazil,"CDM,CM",3500000,12000,64,59,72,63,73,77,Senior,Average
Yoel,74,74,33,SD Eibar,Spain,GK,1400000,8000,74,73,70,71,38,72,Senior,Average
M. Ristić,74,77,26,SL Benfica,Serbia,"LB,LWB",5000000,11000,75,61,66,73,69,68,Adult,Average
T. Zwane,74,74,32,Mamelodi Sundowns FC,South Africa,"CAM,LW,RW",3300000,1000,78,68,70,76,49,63,Senior,Average
K. Onisiwo,74,74,30,1. FSV Mainz 05,Austria,ST,4099999,26000,80,70,66,73,50,82,Senior,Average
K. Linetty,74,75,27,Torino F.C.,Poland,"CM,CF",4800000,35000,64,63,71,75,72,69,Adult,Average
S. Barreto,74,79,23,Club Atlético Independiente,Argentina,CB,6000000,11000,76,30,47,51,73,81,Adult,Average
Germano Cuba,74,74,26,Palmeiras,Brazil,"LB,CAM,LM",4200000,28000,88,68,68,76,67,57,Adult,Average
D. Doekhi,74,80,24,1. FC Union Berlin,Netherlands,CB,6000000,20000,56,42,59,64,74,81,Adult,Average
G. Herrera,74,75,30,Club Atlético Talleres,Argentina,GK,3200000,11000,74,72,72,75,59,74,Senior,Average
P. Mwene,74,74,28,PSV,Austria,"RB,LB",3800000,15000,79,50,66,74,68,70,Adult,Average
L. Gil,74,74,31,Colo-Colo,Argentina,"CM,CDM",3500000,7000,63,65,75,72,66,77,Senior,Average
T. Cantwell,74,77,24,Norwich City,England,"LM,CM,RM",6000000,32000,73,67,71,76,42,51,Adult,Average
H. Hajradinović,74,74,28,Kasimpaşa SK,Bosnia and Herzegovina,"CM,CAM",4200000,14000,75,67,76,76,54,70,Adult,Average
Nicholas Aldair,74,74,30,Fluminense,Brazil,ST,4099999,22000,67,75,68,72,38,77,Senior,Average
M. Hasebe,74,74,38,Eintracht Frankfurt,Japan,"CB,CDM",750000,16000,52,51,72,70,76,60,Senior,Average
I. Louza,74,79,23,Watford,Morocco,"CM,CDM",6500000,32000,61,64,73,76,63,60,Adult,Average
Bruno Varela,74,76,27,Vitória de Guimarães,Portugal,GK,3900000,8000,74,70,63,78,39,72,Adult,Average
S. Longstaff,74,80,24,Newcastle United,England,CM,6500000,54000,61,65,72,72,68,67,Adult,Average
C. Pellerano,74,74,40,Independiente del Valle,Argentina,"CDM,CM",0,650,52,65,68,61,70,78,Senior,Average
A. McGregor,74,74,40,Rangers FC,Scotland,GK,475000,19000,73,73,69,74,36,76,Senior,Average
A. Moris,74,74,32,Royale Union Saint-Gilloise,Luxembourg,GK,2100000,11000,74,71,79,75,47,72,Senior,Average
Óscar Valentín,74,75,27,Rayo Vallecano,Spain,"CDM,CM",4300000,16000,63,45,65,63,72,74,Adult,Average
R. Morioka,74,74,31,Royal Charleroi S.C.,Japan,"CM,CAM",3500000,14000,49,69,76,71,73,73,Senior,Average
Víctor Chust,74,83,22,Cádiz CF,Spain,CB,9000000,20000,69,30,50,51,76,65,Young,Average
Douglas Carvalheira,74,74,34,Flamengo,Brazil,LB,1500000,28000,90,40,61,71,69,69,Senior,Average
Ruiz de Galarreta,74,74,28,RCD Mallorca,Spain,"CDM,CM",3700000,21000,67,59,70,73,69,69,Adult,Average
W. Hennessey,74,74,35,Nottingham Forest,Wales,GK,475000,23000,76,74,77,71,40,74,Senior,Average
T. Pochettino,74,74,26,River Plate,Argentina,"CM,CAM",4600000,8000,71,66,76,76,64,72,Adult,Average
M. Stekelenburg,74,74,39,Ajax,Netherlands,GK,475000,6000,70,75,75,72,31,79,Senior,Average
Roni Gameira,74,74,30,Club Athletico Paranaense,Brazil,"ST,CF",4099999,16000,80,75,58,73,29,62,Senior,Average
Bigas,74,74,31,Elche CF,Spain,"CB,LB",2900000,16000,62,52,64,61,75,72,Senior,Average
A. Diawara,74,77,24,RSC Anderlecht,Guinea,"CDM,CM",5000000,16000,57,54,70,75,72,69,Adult,Average
J. Berthomier,74,74,32,Valenciennes FC,France,CAM,3300000,7000,66,70,77,76,51,59,Senior,Average
Aitor,74,75,26,Panathinaikos FC,Spain,"LW,RW",5000000,900,84,70,71,74,29,56,Adult,Average
J. Schouten,74,77,25,Bologna,Netherlands,"CDM,CM",5000000,24000,62,55,66,72,73,68,Adult,Average
S. Ristovski,74,74,30,Dinamo Zagreb,North Macedonia,"RB,RWB,CB",3600000,850,76,61,68,70,71,78,Senior,Average
B. Engels,74,76,27,Royal Antwerp FC,Belgium,CB,4500000,17000,63,44,61,56,74,75,Adult,Average
Hong Jeong Ho,74,74,32,Jeonbuk Hyundai Motors,Korea Republic,CB,2700000,10000,76,45,54,57,73,81,Senior,Average
S. Mitrović,74,74,32,Getafe CF,Serbia,CB,2700000,21000,31,34,54,53,74,81,Senior,Average
Ilie Sánchez,74,74,31,Los Angeles FC,Spain,"CDM,CB,CM",3000000,8000,50,49,67,69,69,78,Senior,Average
A. Laurienté,74,79,23,U.S. Sassuolo Calcio,France,"RM,RW,ST",6500000,24000,77,73,71,77,35,44,Adult,Average
J. Ramírez,74,74,29,Boca Juniors,Argentina,"CM,LM",4099999,16000,81,67,70,80,64,66,Adult,Average
Mama Baldé,74,75,26,ESTAC Troyes,Guinea Bissau,"RM,ST,LM",5000000,17000,89,72,67,73,50,78,Adult,Average
J. Egan,74,74,29,Sheffield United,Republic of Ireland,CB,3500000,24000,64,46,54,61,73,77,Adult,Average
F. Fazio,74,74,35,US Salernitana 1919,Argentina,CB,1100000,15000,34,40,54,54,75,72,Senior,Average
Ximo Navarro,74,74,32,Fortuna Sittard,Spain,"RB,CB",2900000,13000,71,47,65,68,70,75,Senior,Average
J. Larsson,74,79,25,FC Schalke 04,Sweden,"ST,CF",6500000,22000,82,73,73,77,29,68,Adult,Average
Gonçalo Paciência,74,74,27,RC Celta de Vigo,Portugal,ST,4600000,22000,46,76,59,76,33,77,Adult,Average
E. Bičakčić,74,74,32,TSG Hoffenheim,Bosnia and Herzegovina,CB,2700000,26000,44,37,49,48,75,70,Senior,Average
Sandro,74,75,26,Unión Deportiva Las Palmas,Spain,ST,5000000,11000,78,74,67,75,31,60,Adult,Average
Eric Curbelo,74,75,28,Unión Deportiva Las Palmas,Spain,"CB,RB",4000000,9000,82,34,62,64,74,80,Adult,Average
Dani Rochelinhas,74,74,30,Club Athletico Paranaense,Brazil,"CAM,CM",4099999,14000,76,63,72,76,34,59,Senior,Average
A. Masina,74,74,28,Udinese Calcio,Morocco,"LWB,LM,LB",3800000,15000,72,42,66,68,73,71,Adult,Average
P. Gazzaniga,74,74,30,Girona FC,Argentina,GK,2800000,33000,76,74,78,77,57,73,Senior,Average
Benjamin Meseira,74,74,26,Club Athletico Paranaense,Brazil,RB,4200000,13000,79,45,61,69,69,73,Adult,Average
Morato,74,84,21,SL Benfica,Brazil,CB,9000000,8000,67,35,51,61,73,80,Young,Average
Miguel Crespo,74,77,25,Fenerbahçe SK,Portugal,"CM,CDM",5500000,47000,68,64,72,75,74,81,Adult,Average
Sergi Enrich,74,74,32,Real Oviedo,Spain,ST,3400000,11000,52,73,68,72,42,81,Senior,Average
M. Thorsby,74,76,26,1. FC Union Berlin,Norway,"CM,LM",5000000,26000,67,63,70,72,75,80,Adult,Average
R. Ortiz,74,74,32,Club Olimpia,Paraguay,"CDM,CM",2800000,850,73,68,68,72,71,83,Senior,Average
Allan Bardinho,74,74,30,Ceará Sporting Club,Brazil,"CAM,CM",4099999,13000,65,69,73,77,35,54,Senior,Average
B. Aaronson,74,81,21,Leeds United,United States,"CAM,CM",8500000,24000,81,66,68,78,53,63,Young,Average
André Horta,74,79,25,SC Braga,Portugal,CM,6000000,13000,71,69,72,76,65,69,Adult,Average
S. Rondón,74,74,32,Everton,Venezuela,ST,3400000,36000,54,73,65,69,32,74,Senior,Average
S. Dioudis,74,75,29,Panathinaikos FC,Greece,GK,3200000,650,76,72,68,78,42,73,Adult,Average
K. Amian,74,78,24,Spezia,France,"RWB,RM,RB",5500000,13000,78,48,62,67,71,79,Adult,Average
Y. González,74,74,27,Deportivo Cali,Colombia,"ST,CM",4600000,5000,93,70,67,71,48,79,Adult,Average
A. Ring,74,74,31,Austin FC,Finland,"CDM,CM",3000000,8000,68,66,69,73,70,77,Senior,Average
R. Rodríguez,74,74,29,Torino F.C.,Switzerland,CB,3500000,33000,67,67,74,75,75,73,Adult,Average
Mauri Borgho,74,74,30,São Paulo,Brazil,"RB,CDM",3600000,28000,76,63,71,70,72,66,Senior,Average
P. Diop,74,74,36,UD Ibiza,Senegal,"CDM,CM",825000,5000,35,66,67,67,73,83,Senior,Average
C. Richards,74,82,22,Crystal Palace,United States,CB,9000000,34000,78,27,58,55,74,73,Young,Average
J. Rasmussen,74,78,25,Feyenoord,Denmark,CB,5500000,35000,50,38,58,63,74,80,Adult,Average
L. Hejda,74,74,32,FC Viktoria Plzeň,Czech Republic,CB,2700000,950,61,35,55,61,73,80,Senior,Average
A. Young,74,74,36,Aston Villa,England,"LM,LB",1400000,43000,67,65,76,76,76,70,Senior,Average
Estevão Baldeiro,74,74,26,Flamengo,Brazil,CB,4000000,28000,75,56,60,64,76,75,Adult,Average
D. Da Silva,74,74,34,Olympique Lyonnais,France,CB,1400000,42000,36,37,57,52,75,73,Senior,Average
K. Mitoma,74,77,25,Brighton & Hove Albion,Japan,"LM,LW,LWB",5500000,47000,82,69,68,77,56,62,Adult,Average
S. Kryvtsov,74,74,31,Shakhtar Donetsk,Ukraine,CB,2900000,850,65,44,56,52,74,78,Senior,Average
Jadson,74,74,30,Shandong Taishan,Brazil,CB,3500000,18000,67,36,45,54,75,79,Senior,Average
S. Viera,74,74,39,Junior FC,Uruguay,GK,475000,2000,71,73,71,76,39,75,Senior,Average
T. Šunjić,74,74,33,Henan Songshan Longmen FC,Bosnia and Herzegovina,CB,2000000,11000,53,40,51,35,74,82,Senior,Average
A. Roa,74,74,29,Argentinos Juniors,Colombia,"CAM,RM,LM",4099999,13000,76,67,73,78,54,62,Adult,Average
J. Chotard,74,82,20,Montpellier Hérault SC,France,"CDM,CM",8500000,14000,68,54,72,74,71,68,Young,Average
Edval Anton,74,74,30,Fortaleza,Brazil,"CDM,CM,CAM",3500000,12000,70,56,71,72,72,69,Senior,Average
E. Mammana,74,75,26,River Plate,Argentina,"CB,RB",4400000,14000,77,42,65,71,75,71,Adult,Average
C. Stanković,74,74,29,AEK Athens,Austria,GK,2900000,950,75,73,62,77,42,74,Adult,Average
S. Duffy,74,74,30,Fulham,Republic of Ireland,CB,3500000,45000,34,47,50,48,74,78,Senior,Average
B. Ocampo,74,83,23,Cádiz CF,Uruguay,"RM,LM",9500000,22000,83,67,71,77,47,62,Adult,Average
L. Acosta,74,74,34,Club Atlético Lanús,Argentina,"RM,LM,ST",2000000,16000,82,69,70,76,52,61,Senior,Average
A. Ulmer,74,74,36,FC Red Bull Salzburg,Austria,LB,925000,16000,69,62,69,73,71,71,Senior,Average
D. von Ballmoos,74,76,27,BSC Young Boys,Switzerland,GK,3900000,15000,75,75,74,74,50,73,Adult,Average
J. Castelletto,74,75,27,FC Nantes,Cameroon,CB,4200000,20000,68,30,51,61,75,75,Adult,Average
K. Fujimoto,74,83,23,Gil Vicente FC,Japan,"CM,RW,CAM",9500000,10000,77,70,72,75,52,52,Adult,Average
Medrán,74,74,28,Al Taawoun,Spain,"CM,CDM",4200000,23000,58,67,76,74,63,64,Adult,Average
M. Cauteruccio,74,74,35,Club Atlético Aldosivi,Uruguay,"ST,RM",1800000,10000,66,75,62,70,37,77,Senior,Average
E. Copetti,74,76,26,Racing Club,Argentina,"ST,RW",5500000,18000,81,72,63,68,49,86,Adult,Average
A. Matusiwa,74,78,24,Stade de Reims,Netherlands,"CDM,CM",5500000,16000,56,47,59,69,73,80,Adult,Average
C. Zambrano,74,74,32,Boca Juniors,Peru,CB,2700000,14000,55,48,59,66,73,77,Senior,Average
D. Bulthuis,74,74,32,Suwon Samsung Bluewings,Netherlands,CB,2700000,6000,60,38,55,53,73,85,Senior,Average
M. Vojvoda,74,74,27,Torino F.C.,Kosovo,"LWB,LM,RM",4099999,32000,69,51,69,71,70,71,Adult,Average
J. Schmid,74,74,32,Sport-Club Freiburg,France,"RM,RB",3300000,24000,67,64,75,76,68,76,Senior,Average
Lazo,74,75,26,RCD Espanyol de Barcelona,Spain,LM,5000000,17000,78,73,69,79,34,55,Adult,Average
Manu García,74,74,36,CD Mirandés,Spain,"CM,CDM",1300000,7000,40,68,72,69,74,76,Senior,Average
D. Udogie,74,82,19,Udinese Calcio,Italy,"LWB,LM",8500000,30000,87,63,66,74,67,71,Young,Average
L. Schøne,74,74,36,N.E.C. Nijmegen,Denmark,"CM,CDM",1300000,9000,36,74,80,75,61,62,Senior,Average
Cláudio Ramos,74,75,30,FC Porto,Portugal,GK,3200000,9000,78,72,64,74,55,71,Senior,Average
F. Ugrinic,74,82,23,BSC Young Boys,Switzerland,"CM,CDM,CAM",9500000,18000,73,73,72,74,68,82,Adult,Average
E. Karaca,74,74,32,Aytemiz Alanyaspor,Turkey,"RM,CAM",3300000,19000,78,63,70,76,44,46,Senior,Average
Walace,74,76,27,Udinese Calcio,Brazil,"CDM,CM",4600000,14000,66,65,68,69,70,75,Adult,Average
R. Christie,74,74,27,AFC Bournemouth,Scotland,"RW,RM",4500000,42000,81,71,72,76,65,77,Adult,Average
A. Gomes,74,82,21,LOSC Lille,England,"LM,CF,CDM",9500000,20000,77,70,72,77,61,59,Young,Average
J. Hauge,74,79,22,KAA Gent,Norway,"LM,RM,CAM",6500000,21000,83,69,66,77,42,66,Young,Average
Andrés Fernández,74,74,35,SD Huesca,Spain,GK,475000,5000,72,70,70,76,57,75,Senior,Average
J. Cazares,74,74,30,Club Atlético Independiente,Ecuador,CAM,4099999,14000,73,68,75,76,33,39,Senior,Average
J. Jønsson,74,74,29,AEK Athens,Denmark,"CDM,CM",3600000,1000,68,56,67,66,74,74,Adult,Average
C. Gordon,74,74,39,Heart of Midlothian,Scotland,GK,475000,3000,73,72,66,77,35,73,Senior,Average
A. Dreyer,74,80,24,FC Midtjylland,Denmark,"RW,ST,CM",6500000,23000,78,72,69,77,36,64,Adult,Average
I. Radu,74,77,25,US Cremonese,Romania,GK,4300000,32000,78,68,72,79,40,74,Adult,Average
T. Kubo,74,84,21,Real Sociedad,Japan,"RW,CAM,ST",9500000,21000,79,65,69,80,39,53,Young,Average
J. Toornstra,74,74,33,FC Utrecht,Netherlands,"CM,CAM",2600000,15000,52,74,77,70,70,70,Senior,Average
Guilherme Sityá,74,74,32,İttifak Holding Konyaspor,Brazil,"LB,LM,LWB",2900000,15000,82,61,70,72,67,77,Senior,Average
P. Capelle,74,74,35,Angers SCO,France,"RM,CM,LM",1700000,15000,64,72,74,73,69,69,Senior,Average
C. Kabasele,74,74,31,Watford,Belgium,CB,2900000,34000,63,50,51,59,74,76,Senior,Average
D. González,74,74,28,Club Olimpia,Paraguay,"ST,LM,RM",4300000,1000,81,75,71,77,44,64,Adult,Average
Djaniny,74,74,31,Trabzonspor,Cape Verde Islands,"ST,LW,RW",3600000,32000,79,72,67,75,35,76,Senior,Average
R. Czichos,74,74,32,Chicago Fire Football Club,Germany,"CB,LB",2700000,8000,59,47,59,61,75,77,Senior,Average
J. Nilsson,74,74,28,Free agent,Sweden,CB,0,0,59,32,54,55,75,74,Adult,Average
Éderson,74,80,22,Atalanta,Brazil,CM,6500000,32000,70,63,71,75,65,70,Young,Average
J. Rodriguez,74,74,32,Burnley,England,ST,3400000,40000,65,76,68,73,42,66,Senior,Average
Nuno Tavares,74,81,22,Olympique de Marseille,Portugal,LB,8000000,46000,85,52,65,73,67,77,Young,Average
A. Moreno,74,82,23,Racing Club,Argentina,"CDM,CM",9000000,13000,73,65,71,74,69,65,Adult,Average
Salvi Sánchez,74,74,31,Rayo Vallecano,Spain,"RM,LB",3500000,18000,84,64,73,73,39,46,Senior,Average
Manquillo,74,74,28,Newcastle United,Spain,"RB,RWB",3800000,60000,69,45,63,72,73,65,Adult,Average
M. Friedl,74,78,24,SV Werder Bremen,Austria,CB,5500000,17000,67,42,59,67,75,75,Adult,Average
Borja Mayoral,74,79,25,Getafe CF,Spain,ST,6500000,24000,66,74,67,74,38,66,Adult,Average
Merquelanz,74,74,27,Real Sociedad,Spain,"LW,RW,CAM",4500000,28000,70,77,75,74,45,64,Adult,Average
J. Silva,74,74,28,Granada CF,Argentina,"LB,LWB,CB",3800000,22000,70,60,68,72,71,75,Adult,Average
M. Pedersen,74,82,22,Feyenoord,Norway,"RB,LB",9000000,8000,89,48,68,71,66,70,Young,Average
J. Ward,74,74,32,Crystal Palace,England,RB,2900000,39000,54,52,68,66,77,70,Senior,Average
S. Dursun,74,74,30,Fenerbahçe SK,Turkey,ST,4099999,54000,60,74,61,71,40,79,Senior,Average
Matheus Henrique,74,78,24,U.S. Sassuolo Calcio,Brazil,"CM,CDM",6000000,24000,74,60,75,77,57,64,Adult,Average
L. Balogun,74,74,34,Queens Park Rangers,Nigeria,CB,1400000,28000,76,44,60,60,73,78,Senior,Average
G. Gudmundsson,74,82,23,LOSC Lille,Sweden,"LB,LM",9000000,21000,86,64,67,73,67,70,Adult,Average
Murilo Sancha,74,74,34,América Futebol Clube,Brazil,"RM,CM",2000000,16000,78,67,69,73,66,71,Senior,Average
G. Piovi,74,74,27,Racing Club,Argentina,"LB,LWB,CB",4099999,15000,72,53,68,67,71,79,Adult,Average
C. Lenz,74,74,27,Eintracht Frankfurt,Germany,"LWB,LM",4099999,22000,72,42,67,69,72,69,Adult,Average
Hélder Costa,74,74,28,Al Ittihad,Angola,"RM,LM",4200000,34000,82,68,70,75,31,56,Adult,Average
A. Obispo,74,80,23,PSV,Netherlands,CB,6000000,12000,75,42,57,66,72,79,Adult,Average
P. Berg,74,78,24,FK Bodø/Glimt,Norway,CM,6000000,5000,71,61,72,72,68,77,Adult,Average
A. Bardakcı,74,75,27,Galatasaray SK,Turkey,CB,4200000,45000,50,32,48,57,76,79,Adult,Average
T. Leibold,74,74,28,Hamburger SV,Germany,"LB,LM",3800000,13000,78,57,72,75,67,71,Adult,Average
Vinicius Souza,74,82,23,RCD Espanyol de Barcelona,Brazil,"CDM,CM",9000000,13000,66,47,63,66,73,79,Adult,Average
P. Jaeckel,74,79,23,1. FC Union Berlin,Germany,"CB,CDM",6000000,20000,73,33,52,51,76,73,Adult,Average
K. Mac Allister,74,77,24,Argentinos Juniors,Argentina,"CB,RB",5000000,10000,76,54,62,72,74,78,Adult,Average
P. Hofmann,74,74,29,VfL Bochum 1848,Germany,ST,4200000,24000,51,74,53,63,35,80,Adult,Average
K. Świderski,74,79,25,Charlotte FC,Poland,ST,6500000,9000,68,74,62,71,32,71,Adult,Average
M. Plattenhardt,74,74,30,Hertha BSC,Germany,LB,3600000,24000,66,56,73,71,71,71,Senior,Average
Guridi,74,75,27,Deportivo Alavés,Spain,"CM,CDM,CAM",4800000,12000,63,64,69,77,62,53,Adult,Average
N. Moro,74,81,24,Bologna,Croatia,"CDM,CM",8000000,21000,71,70,73,73,69,76,Adult,Average
L. Kilian,74,80,22,1. FC Köln,Germany,CB,6000000,19000,70,37,56,54,75,75,Young,Average
C. Bassey,74,84,22,Ajax,Nigeria,"LB,CB",9000000,11000,83,44,64,69,70,86,Young,Average
N. Petersen,74,74,33,Sport-Club Freiburg,Germany,ST,2700000,26000,52,77,58,65,40,73,Senior,Average
Nilson Alfarinho,74,74,38,Atlético Clube Goianiense,Brazil,GK,475000,6000,68,71,72,77,34,78,Senior,Average
A. Ademi,74,74,31,Dinamo Zagreb,North Macedonia,"CM,CDM",3500000,950,65,65,66,71,71,81,Senior,Average
B. Osayi-Samuel,74,79,24,Fenerbahçe SK,Nigeria,"RB,RM,RW",6000000,39000,94,59,62,78,65,74,Adult,Average
D. Valoyes,74,75,25,Club Atlético Talleres,Colombia,"RM,LM,ST",5000000,14000,88,69,67,74,49,68,Adult,Average
J. Angulo,74,74,33,Club Deportes Tolima,Colombia,RB,2200000,4000,71,59,69,68,71,75,Senior,Average
E. Ponce,74,79,25,Elche CF,Argentina,ST,6500000,19000,76,73,61,74,37,69,Adult,Average
K. Billiat,74,74,31,Kaizer Chiefs,Zimbabwe,"CF,RW,ST",3600000,1000,85,74,70,78,47,65,Senior,Average
G. Ferrari,74,74,30,U.S. Sassuolo Calcio,Italy,CB,3500000,25000,50,28,41,50,75,78,Senior,Average
M. Mohamed,74,81,24,FC Nantes,Egypt,ST,8500000,47000,70,74,57,69,38,79,Adult,Average
Y. Maleh,74,80,23,Fiorentina,Morocco,CM,6500000,35000,69,67,74,76,66,67,Adult,Average
B. van den Boomen,74,75,26,Toulouse Football Club,Netherlands,"CM,CDM",4900000,17000,62,73,78,70,66,76,Adult,Average
L. Cook,74,78,25,AFC Bournemouth,England,"CM,CDM",6000000,37000,60,63,74,77,66,66,Adult,Average
R. Marin,74,76,26,Empoli,Romania,CM,5000000,5000,68,73,76,74,62,67,Adult,Average
L. Masopust,74,74,29,SK Slavia Praha,Czech Republic,"RM,RB",4099999,1000,84,65,68,75,68,75,Adult,Average
Elias Fontoira,74,74,26,Internacional,Brazil,CDM,4099999,21000,69,69,74,73,73,70,Adult,Average
K. Malcuit,74,74,30,MKE Ankaragücü,France,RB,3600000,13000,75,62,70,74,72,70,Senior,Average
L. Sepe,74,74,31,US Salernitana 1919,Italy,GK,2200000,17000,74,71,70,76,44,72,Senior,Average
R. Jack,74,74,30,Rangers FC,Scotland,"CM,CDM",4000000,43000,62,67,72,72,73,78,Senior,Average
M. Pongračić,74,78,24,Lecce,Croatia,CB,5500000,28000,68,26,52,63,74,76,Adult,Average
E. Krafth,74,74,27,Newcastle United,Sweden,"RB,CB",4099999,57000,65,58,68,70,74,71,Adult,Average
A. Onana,74,84,20,Everton,Belgium,"CDM,CM",8500000,22000,74,59,69,71,71,76,Young,Average
S. Ricci,74,85,20,Torino F.C.,Italy,"CDM,CM",8500000,23000,74,55,70,71,71,70,Young,Average
A. Touré,74,76,26,Eintracht Frankfurt,Mali,"CB,RWB,RM",4600000,22000,80,58,66,72,74,73,Adult,Average
J. Amavi,74,74,28,Getafe CF,France,LB,3800000,30000,73,61,67,70,71,72,Adult,Average
N. Cozza,74,81,23,Montpellier Hérault SC,France,"CB,LB",8000000,16000,75,41,62,69,75,71,Adult,Average
J. Jankto,74,75,26,AC Sparta Praha,Czech Republic,"LM,CM,RM",5000000,1000,73,71,71,74,67,62,Adult,Average
M. Crépeau,74,77,28,Los Angeles FC,Canada,GK,3900000,6000,72,70,70,75,49,74,Adult,Average
R. Khedira,74,75,28,1. FC Union Berlin,Germany,"CDM,CB",4099999,25000,58,43,58,61,76,80,Adult,Average
A. Maher,74,74,28,Damac FC,Netherlands,"CDM,CM",3700000,19000,67,70,74,76,70,66,Adult,Average
Nuno Santos,74,81,23,Charlotte FC,Portugal,CM,8500000,7000,80,69,71,73,67,68,Adult,Average
Y. Eteki,74,80,24,Casa Pia,Cameroon,"CDM,CM",6000000,5000,58,55,66,70,70,75,Adult,Average
M. Uhre,74,75,27,Philadelphia Union,Denmark,ST,4900000,9000,89,73,51,70,33,77,Adult,Average
J. Kopic,74,74,32,FC Viktoria Plzeň,Czech Republic,"RM,LM",3300000,1000,76,71,72,75,36,59,Senior,Average
Diegildo Ramos,74,74,30,Flamengo,Brazil,"ST,RM",4099999,34000,30,79,67,67,28,70,Senior,Average
Arbilla,74,74,35,SD Eibar,Spain,CB,1100000,7000,53,57,70,66,73,79,Senior,Average
T. Nguen,74,74,28,Ferencvárosi TC,Norway,"CAM,LM",4200000,1000,87,71,65,79,45,59,Adult,Average
M. Nastasić,74,74,29,RCD Mallorca,Serbia,CB,3500000,21000,62,36,62,55,74,74,Adult,Average
F. Woodman,74,79,25,Preston North End,England,GK,4900000,21000,75,69,70,75,47,72,Adult,Average
M. Havel,74,74,27,FC Viktoria Plzeň,Czech Republic,"LB,RB",4099999,950,67,51,66,68,72,74,Adult,Average
L. Vangioni,74,74,35,Newell's Old Boys,Argentina,"LB,LWB",1300000,9000,77,63,70,70,71,72,Senior,Average
A. Tuanzebe,74,78,24,Manchester United,England,CB,5500000,60000,81,36,63,68,73,72,Adult,Average
P. Musa,74,81,24,SL Benfica,Croatia,ST,8500000,12000,83,72,61,71,37,82,Adult,Average
Álex Centelles,74,81,22,Unión Deportiva Almería,Spain,LB,8000000,17000,78,52,67,71,68,75,Young,Average
O. Solet,74,83,22,FC Red Bull Salzburg,France,CB,9000000,19000,83,43,57,67,72,81,Young,Average
M. Mittelstädt,74,77,25,Hertha BSC,Germany,"LB,LM",5000000,22000,77,61,68,74,71,67,Adult,Average
J. Worrall,74,80,25,Nottingham Forest,England,CB,6000000,42000,57,25,51,45,75,76,Adult,Average
S. Ascacíbar,74,78,25,US Cremonese,Argentina,"CDM,CM",5500000,22000,69,47,61,69,74,72,Adult,Average
B. Ramselaar,74,75,26,FC Utrecht,Netherlands,CAM,5000000,15000,84,71,69,76,52,67,Adult,Average
Ki Sung Yueng,74,74,33,FC Seoul,Korea Republic,"CDM,CM",2100000,8000,46,67,78,69,66,76,Senior,Average
G. Haraguchi,74,74,31,1. FC Union Berlin,Japan,"CAM,CM",3500000,26000,76,65,70,78,44,53,Senior,Average
P. Hrošovský,74,74,30,KRC Genk,Slovakia,CM,4000000,15000,67,71,74,75,70,66,Senior,Average
M. Rashica,74,75,26,Galatasaray SK,Kosovo,"LM,RM,CF",5000000,37000,81,74,68,77,47,64,Adult,Average
E. Wahi,74,84,19,Montpellier Hérault SC,France,"ST,LM",9000000,14000,82,73,64,76,31,65,Young,Average
J. Tanganga,74,82,23,Tottenham Hotspur,England,"RWB,RB,CB",9000000,49000,75,33,62,71,75,80,Adult,Average
M. Coda,74,74,33,Genoa,Italy,ST,2700000,6000,60,75,58,71,25,64,Senior,Average
F. Selemani,74,74,28,KV Kortrijk,Comoros,"LM,CAM",4200000,15000,83,73,70,75,56,61,Adult,Average
Vinicius Cardenha,74,74,30,Fluminense,Brazil,"RB,CB",3600000,19000,73,49,60,68,71,70,Senior,Average
Ferro,74,78,25,Vitesse,Portugal,CB,5500000,11000,52,43,55,60,75,75,Adult,Average
Enzo Marteiro,74,74,30,Flamengo,Brazil,GK,2800000,23000,82,73,73,69,40,74,Senior,Average
C. Benteke,74,74,31,D.C. United,Belgium,ST,3600000,9000,50,74,62,68,32,74,Senior,Average
I. Radovanović,73,73,33,US Salernitana 1919,Serbia,"CB,CDM",1500000,20000,47,60,68,66,74,71,Senior,Average
N. Vallys,73,74,25,Brøndby IF,Denmark,"LM,CAM",3600000,13000,81,66,69,72,38,75,Adult,Average
T. Delaine,73,73,30,RC Strasbourg Alsace,France,"RWB,LWB",2600000,19000,83,50,69,72,67,72,Senior,Average
Jubal,73,74,28,AJ Auxerre,Brazil,CB,2900000,15000,51,34,45,55,73,73,Adult,Average
Henrique,73,73,28,Olympique Lyonnais,Brazil,LB,2800000,41000,77,45,63,71,70,65,Adult,Average
Jony,73,73,30,Real Sporting de Gijón,Spain,LM,2900000,34000,83,68,72,73,52,65,Senior,Average
I. Zabarnyi,73,83,19,Dynamo Kyiv,Ukraine,CB,6000000,500,66,36,56,58,74,73,Young,Average
L. Garritano,73,73,28,Frosinone,Italy,"CAM,CM,LW",3100000,4000,89,70,68,74,55,62,Adult,Average
Manu Vallejo,73,78,25,Girona FC,Spain,"ST,LM,CAM",4500000,21000,74,74,68,75,43,61,Adult,Average
R. Kouamé,73,77,25,ESTAC Troyes,Mali,"CM,CDM",4200000,15000,69,54,69,74,70,77,Adult,Average
R. Ripart,73,73,29,ESTAC Troyes,France,"RM,LM,ST",3000000,17000,69,74,68,71,64,83,Adult,Average
T. Strobl,73,73,32,FC Augsburg,Germany,"CDM,CB",2000000,20000,34,49,65,57,73,75,Senior,Average
R. Delgado,73,73,32,Club Atlético Colón,Argentina,"CB,LB",2000000,11000,82,65,70,74,72,79,Senior,Average
S. Mustafi,73,73,30,Levante Unión Deportiva,Germany,CB,2500000,10000,53,57,62,59,73,77,Senior,Average
S. Peña,73,76,26,Malmö FF,Peru,"CAM,CM",4000000,8000,66,68,76,75,55,66,Adult,Average
G. Giakoumakis,73,74,27,Celtic,Greece,ST,3600000,43000,70,73,50,66,28,77,Adult,Average
A. Weimann,73,73,30,Bristol City,Austria,"ST,CAM,CM",3000000,30000,82,72,65,71,45,72,Senior,Average
D. Randolph,73,73,35,West Ham United,Republic of Ireland,GK,350000,22000,75,71,66,74,42,71,Senior,Average
S. Davis,73,73,29,Nashville SC,United States,"CDM,CM",2600000,7000,68,58,68,69,70,78,Adult,Average
J. Broun,73,73,36,Rosario Central,Argentina,GK,350000,7000,70,67,69,75,43,76,Senior,Average
M. Dupé,73,75,29,Toulouse Football Club,France,GK,2500000,12000,74,72,69,75,46,70,Adult,Average
S. Caulker,73,73,30,Fatih Karagümrük S.K.,Sierra Leone,CB,2500000,19000,55,30,56,53,74,81,Senior,Average
C. Tosun,73,73,31,Beşiktaş JK,Turkey,ST,2600000,39000,59,75,65,71,36,68,Senior,Average
R. Zerrouki,73,78,24,FC Twente,Algeria,"CM,CDM",4600000,10000,73,64,69,73,66,79,Adult,Average
M. Cáceres,73,73,35,LA Galaxy,Uruguay,"CB,RB,RM",800000,5000,68,51,62,68,73,74,Senior,Average
J. Komar,73,78,25,Rosario Central,Argentina,CB,4000000,11000,66,36,52,54,73,79,Adult,Average
A. Zeneli,73,73,27,Stade de Reims,Kosovo,"LM,LW",3200000,19000,74,70,72,76,35,56,Adult,Average
S. Gürler,73,73,30,İstanbul Başakşehir FK,Turkey,"RM,LM",2900000,28000,81,66,69,75,43,54,Senior,Average
Silvosinho,73,73,26,Santos,Brazil,"RB,RM,RWB",3000000,20000,65,54,64,64,70,69,Adult,Average
Neviano Neves,73,73,22,Sport Club Corinthians Paulista,Brazil,"CM,RM",3600000,20000,63,71,73,72,61,67,Young,Average
R. Haps,73,73,29,Venezia FC,Suriname,LB,2700000,5000,85,63,65,74,66,71,Adult,Average
J. Savarino,73,76,25,Real Salt Lake,Venezuela,"RM,RW,CAM",4000000,7000,82,70,66,77,37,63,Adult,Average
L. Coulibaly,73,76,26,US Salernitana 1919,Mali,"CDM,CM",3600000,20000,72,58,67,72,72,75,Adult,Average
L. Abada,73,81,20,Celtic,Israel,RW,6500000,33000,83,72,67,73,41,59,Young,Average
M. Lowton,73,73,33,Burnley,England,RB,1600000,31000,62,60,70,71,72,73,Senior,Average
J. Piroe,73,80,22,Swansea City,Netherlands,"ST,RW,CAM",6000000,22000,66,75,61,68,29,71,Young,Average
R. Loaiza,73,73,28,Club Atlético Lanús,Colombia,"CDM,CM",2700000,14000,57,46,66,66,70,77,Adult,Average
Jorge Cuenca,73,82,22,Villarreal CF,Spain,CB,6500000,19000,60,37,58,52,74,66,Young,Average
C. Basham,73,73,33,Sheffield United,England,CB,1500000,21000,53,43,61,63,74,76,Senior,Average
R. Hamouma,73,73,35,AC Ajaccio,France,"ST,RM",1300000,13000,68,75,74,77,42,65,Senior,Average
C. Piccini,73,73,29,1. FC Magdeburg,Italy,RB,2700000,11000,71,42,63,70,73,73,Adult,Average
S. Davis,73,73,37,Rangers FC,Northern Ireland,CM,950000,29000,36,63,75,74,72,64,Senior,Average
D. Sallói,73,74,25,Sporting Kansas City,Hungary,"LW,ST",3600000,8000,75,75,68,73,36,70,Adult,Average
Fábio Carvalho,73,86,19,Liverpool,Portugal,"CAM,CM,RM",7000000,37000,78,68,67,75,45,52,Young,Average
P. McNair,73,76,27,Middlesbrough,Northern Ireland,"CB,CDM,CM",3500000,21000,62,62,67,68,73,76,Adult,Average
N. Figal,73,74,28,Boca Juniors,Argentina,"CB,RB",2900000,13000,73,43,63,68,72,78,Adult,Average
J. Laporte,73,74,28,FC Lorient,France,CB,2900000,15000,44,29,45,49,73,81,Adult,Average
Mario González,73,76,26,Oud-Heverlee Leuven,Spain,ST,4000000,13000,71,72,64,73,22,66,Adult,Average
Y. M'Changama,73,73,31,AJ Auxerre,Comoros,"CAM,CM",2500000,16000,86,71,71,74,63,75,Senior,Average
Tramontinaldo,73,73,26,Club Athletico Paranaense,Brazil,"RB,RM",3000000,12000,66,50,70,67,72,59,Adult,Average
D. Lamkel Zé,73,76,25,KV Kortrijk,Cameroon,"ST,LM",4099999,13000,82,75,67,74,49,79,Adult,Average
B. Williams,73,78,21,Manchester United,England,"LB,RB",4400000,46000,79,56,65,72,69,69,Young,Average
Nacho,73,73,33,CD Tenerife,Spain,LB,1600000,9000,76,56,67,68,67,71,Senior,Average
E. Ampadu,73,80,21,Spezia,Wales,"CDM,CM,CB",6000000,43000,65,49,63,69,72,70,Young,Average
L. Sučić,73,84,19,FC Red Bull Salzburg,Croatia,"CAM,CM",6500000,13000,75,70,74,75,49,62,Young,Average
N. Fagioli,73,85,21,Juventus,Italy,"CM,CAM,CDM",7500000,47000,73,62,74,77,61,60,Young,Average
S. Bahoken,73,73,30,Kasimpaşa SK,Cameroon,ST,3000000,14000,73,72,59,71,24,72,Senior,Average
R. Lod,73,73,29,Minnesota United FC,Finland,"RM,ST,CAM",3000000,8000,72,73,71,73,54,69,Adult,Average
Sandelas Júnior,73,73,30,Santos,Brazil,CDM,2500000,20000,61,53,65,64,71,75,Senior,Average
O. Abildgaard,73,76,26,Celtic,Denmark,CDM,3600000,36000,64,62,66,68,70,79,Adult,Average
T. Kacharaba,73,73,27,SK Slavia Praha,Ukraine,CB,2800000,1000,71,34,50,59,72,78,Adult,Average
V. Verre,73,73,28,U.C. Sampdoria,Italy,"CAM,LM",3100000,17000,69,73,73,74,65,65,Adult,Average
D. Appiah,73,73,30,FC Nantes,France,"RB,CB,LB",2600000,19000,71,39,60,65,73,74,Senior,Average
M. Loum,73,78,25,Reading,Senegal,"CDM,CM",4099999,10000,43,53,60,63,72,80,Adult,Average
R. Nelson,73,80,22,Arsenal,England,"RW,LW",6000000,51000,86,64,68,77,36,54,Young,Average
C. Bravo,73,77,25,Portland Timbers,Argentina,LB,3900000,7000,77,48,63,72,70,69,Adult,Average
S. Romagnoli,73,73,32,Parma,Italy,CB,2000000,5000,61,40,47,56,74,78,Senior,Average
Jeffmeirson,73,73,30,RB Bragantino,Brazil,LB,2600000,13000,72,50,69,60,72,74,Senior,Average
David Costas,73,75,27,Real Oviedo,Spain,"CB,RB",3200000,9000,76,45,63,64,73,73,Adult,Average
Paulinho,73,74,27,FC Midtjylland,Brazil,"LWB,LB",3200000,20000,85,65,67,71,65,70,Adult,Average
M. Robinson,73,80,25,Atlanta United,United States,CB,5500000,7000,83,35,54,67,72,78,Adult,Average
Léo Duarte,73,77,25,İstanbul Başakşehir FK,Brazil,CB,3800000,25000,55,36,49,59,73,75,Adult,Average
Rubén Castro,73,73,41,Málaga CF,Spain,ST,0,7000,70,77,63,74,30,60,Senior,Average
J. Hendry,73,76,27,US Cremonese,Scotland,CB,3500000,18000,71,56,54,62,71,82,Adult,Average
M. Yandaş,73,73,27,Fenerbahçe SK,Turkey,"CM,CAM",3200000,45000,68,70,74,73,64,72,Adult,Average
Raíllo,73,73,30,RCD Mallorca,Spain,CB,2500000,19000,49,36,53,54,74,78,Senior,Average
Joo Min Kyu,73,73,32,Jeju United FC,Korea Republic,ST,2500000,8000,66,75,54,69,49,79,Senior,Average
J. Thielmann,73,82,20,1. FC Köln,Germany,"RM,CF,LM",6500000,16000,81,69,66,72,45,66,Young,Average
O. Duda,73,74,27,1. FC Köln,Slovakia,"CAM,CF",3500000,22000,69,71,71,78,53,63,Adult,Average
Hernani,73,73,28,Urbs Reggina 1914,Brazil,"CM,CDM",3000000,5000,65,69,69,72,74,70,Adult,Average
A. Bella Kotchap,73,83,20,Southampton,Germany,CB,6000000,26000,82,25,50,51,74,76,Young,Average
A. Barberis,73,74,28,AC Monza,Italy,"CDM,CM",2900000,34000,74,49,70,68,68,66,Adult,Average
Y. Brecher,73,75,29,FC Zürich,Switzerland,GK,2500000,12000,72,73,69,75,40,73,Adult,Average
I. Traoré,73,73,35,FC Metz,Côte d'Ivoire,CB,800000,5000,35,45,58,49,72,84,Senior,Average
J. Larrivey,73,73,37,Cosenza,Argentina,ST,1000000,3000,50,75,58,61,42,74,Senior,Average
J. Menéndez,73,73,28,Vélez Sarsfield,Argentina,"RM,LM,LW",3100000,8000,87,68,67,74,42,51,Adult,Average
J. Lucumí,73,81,24,Bologna,Colombia,CB,6500000,20000,70,28,59,63,72,78,Adult,Average
Juan Soriano,73,79,24,CD Tenerife,Spain,GK,3900000,6000,76,67,66,77,37,72,Adult,Average
S. Spierings,73,76,26,Toulouse Football Club,Netherlands,"CDM,CM",3600000,15000,49,60,67,71,69,72,Adult,Average
R. Carrera,73,73,28,Atlético Tucumán,Argentina,"CM,LM,RM",3000000,11000,79,69,71,71,63,73,Adult,Average
L. Görtler,73,73,28,FC St. Gallen 1879,Germany,"CM,RM,CAM",3000000,11000,67,63,75,69,56,79,Adult,Average
Léo Jardim,73,77,27,LOSC Lille,Brazil,GK,3200000,18000,74,70,68,75,41,70,Adult,Average
Juankar,73,73,32,Panathinaikos FC,Spain,"LB,LWB",2100000,700,74,62,69,73,67,70,Senior,Average
R. Zieler,73,73,33,Hannover 96,Germany,GK,1000000,17000,70,69,70,74,48,73,Senior,Average
K. Velasco,73,76,25,Deportivo Cali,Colombia,"LM,LB",4000000,4000,82,64,66,76,59,57,Adult,Average
M. Fathi,73,73,28,Al Taawoun,Egypt,"RM,CAM",3100000,21000,81,69,66,78,36,57,Adult,Average
G. Kvilitaia,73,73,28,APOEL Nicosia FC,Georgia,ST,3100000,1000,64,73,59,70,37,74,Adult,Average
Nuno Lisareda,73,73,22,Sport Club Corinthians Paulista,Brazil,ST,3600000,22000,78,74,60,73,29,60,Young,Average
S. Zoller,73,73,31,VfL Bochum 1848,Germany,"ST,RW,LW",2600000,22000,71,74,65,73,39,65,Senior,Average
M. Torrén,73,73,33,Argentinos Juniors,Argentina,CB,1500000,11000,69,49,64,59,73,76,Senior,Average
R. Rey,73,73,31,Gimnasia y Esgrima La Plata,Argentina,GK,1600000,11000,73,71,69,74,50,73,Senior,Average
N. Phillips,73,76,25,Liverpool,England,CB,3600000,57000,52,30,49,51,74,75,Adult,Average
J. Makengo,73,79,24,Udinese Calcio,France,"CM,CDM",4800000,12000,66,66,72,73,73,70,Adult,Average
P. Hatzidiakos,73,75,25,AZ Alkmaar,Greece,"CB,RB",3400000,8000,74,52,65,68,72,74,Adult,Average
T. Cleverley,73,73,32,Watford,England,CM,2400000,34000,56,68,73,73,61,65,Senior,Average
P. De la Vega,73,83,21,Club Atlético Lanús,Argentina,"RM,RW,LW",7000000,11000,82,70,69,75,50,71,Young,Average
M. de los Santos,73,74,29,Vélez Sarsfield,Uruguay,CB,2800000,12000,55,55,59,62,71,82,Adult,Average
M. Ritchie,73,73,32,Newcastle United,Scotland,"RM,LB",2400000,57000,60,72,75,75,66,65,Senior,Average
Luis Couprins,73,73,22,Club Athletico Paranaense,Brazil,"CDM,CM",3200000,10000,71,65,66,62,74,69,Young,Average
Douglas Augusto,73,76,25,PAOK,Brazil,"CAM,CM,CDM",4000000,1000,73,69,69,73,69,77,Adult,Average
A. Ousou,73,78,22,SK Slavia Praha,Sweden,CB,4200000,850,70,31,55,67,72,73,Young,Average
K. Bonifazi,73,75,26,Bologna,Italy,CB,3300000,23000,52,35,51,56,75,66,Adult,Average
Enric Gallego,73,73,35,CD Tenerife,Spain,ST,1300000,8000,54,76,56,67,25,71,Senior,Average
C. Tarragona,73,73,31,Gimnasia y Esgrima La Plata,Argentina,ST,2600000,16000,82,72,54,70,43,79,Senior,Average
B. Davies,73,76,26,Rangers FC,England,CB,3500000,36000,66,39,59,63,74,73,Adult,Average
K. Grabara,73,79,23,F.C. København,Poland,GK,3900000,12000,75,72,69,74,42,74,Adult,Average
Freder Cabral,73,73,30,Clube Atlético Mineiro,Brazil,GK,2000000,20000,73,77,69,66,46,76,Senior,Average
O. Norwood,73,73,31,Sheffield United,Northern Ireland,"CDM,CM",2100000,21000,48,66,77,67,68,64,Senior,Average
C. Hountondji,73,74,28,Angers SCO,Benin,CB,2900000,18000,45,33,53,56,74,70,Adult,Average
Dagoberto Esteiro,73,73,26,São Paulo,Brazil,ST,3400000,31000,64,76,52,67,25,59,Adult,Average
D. Khocholava,73,74,29,F.C. København,Georgia,CB,2800000,18000,55,50,54,61,73,80,Adult,Average
J. Leweling,73,82,21,1. FC Union Berlin,Germany,"ST,RW",7000000,20000,82,71,61,77,33,69,Young,Average
B. Schenkeveld,73,73,30,Panathinaikos FC,Netherlands,CB,2500000,700,73,40,61,66,73,77,Senior,Average
J. Gómez,73,73,32,Racing Club,Argentina,"CAM,CM",2400000,12000,72,68,72,76,51,64,Senior,Average
T. Nianzou,73,85,20,Sevilla FC,France,CB,7000000,13000,62,37,56,64,73,76,Young,Average
K. Taylor,73,85,20,Ajax,Netherlands,"CM,CDM",7500000,10000,76,69,76,74,61,66,Young,Average
J. Butland,73,73,29,Crystal Palace,England,GK,2100000,31000,73,68,66,75,57,74,Adult,Average
K. Olsson,73,74,27,FC Midtjylland,Sweden,"CM,CDM",3500000,18000,68,61,74,74,67,64,Adult,Average
Júlio Tavares,73,73,33,Al Raed,Cape Verde Islands,ST,1900000,18000,58,74,56,68,30,85,Senior,Average
D. Boyko,73,73,34,Dynamo Kyiv,Ukraine,GK,525000,650,75,69,75,70,49,74,Senior,Average
N. Gießelmann,73,73,30,1. FC Union Berlin,Germany,"LWB,LB",2600000,22000,66,60,71,68,70,75,Senior,Average
Josan,73,73,32,Elche CF,Spain,"RM,RWB",2400000,16000,83,68,67,74,54,49,Senior,Average
Jo Hyeon Woo,73,73,30,Ulsan Hyundai FC,Korea Republic,GK,2000000,8000,73,70,62,78,51,70,Senior,Average
A. El Kaabi,73,73,29,Atakaş Hatayspor,Morocco,"ST,LW,RW",3000000,14000,74,73,60,71,35,66,Adult,Average
M. Ingvartsen,73,74,26,1. FSV Mainz 05,Denmark,"ST,CF,CAM",3600000,24000,64,77,66,74,38,72,Adult,Average
N. Domingo,73,73,37,Club Atlético Banfield,Argentina,"CDM,CM,CB",600000,9000,41,59,68,67,71,72,Senior,Average
E. Piovi,73,73,29,LDU Quito,Argentina,"CDM,CM,RM",2600000,900,76,64,69,71,71,72,Adult,Average
G. Medel,73,73,34,Bologna,Chile,CB,1000000,23000,56,50,62,68,72,76,Senior,Average
Aleix Vidal,73,73,32,RCD Espanyol de Barcelona,Spain,"RB,RM",2100000,14000,79,66,72,75,67,71,Senior,Average
F. De Paul,73,73,31,CD Everton de Viña del Mar,Chile,GK,1600000,3000,74,66,63,75,40,73,Senior,Average
M. Nzola,73,76,25,Spezia,Angola,ST,4099999,16000,85,70,59,68,29,75,Adult,Average
Lee Kang In,73,81,21,RCD Mallorca,Korea Republic,"CAM,ST,RM",7000000,15000,70,71,74,76,30,52,Young,Average
S. Sunzu,73,73,33,Shijiazhuang Ever Bright F.C.,Zambia,CB,1500000,8000,39,41,49,50,74,84,Senior,Average
C. Gytkjær,73,73,32,AC Monza,Denmark,ST,2500000,39000,71,74,57,69,33,72,Senior,Average
S. Babić,73,78,26,Unión Deportiva Almería,Serbia,CB,4000000,19000,54,40,47,52,73,76,Adult,Average
Castro,73,73,34,SC Braga,Portugal,"CM,CDM",1400000,12000,67,70,71,73,69,78,Senior,Average
Soldado,73,73,37,Levante Unión Deportiva,Spain,ST,1000000,9000,48,76,69,72,44,66,Senior,Average
Pulido,73,73,31,SD Huesca,Spain,CB,2100000,9000,43,41,51,51,73,79,Senior,Average
Erik,73,73,27,Changchun Yatai FC,Brazil,"LM,LW,ST",3200000,10000,86,71,66,75,23,57,Adult,Average
Osvaldo Lodeiro,73,73,22,RB Bragantino,Brazil,"CB,RB,LB",3100000,11000,73,49,53,54,75,69,Young,Average
G. Larsonneur,73,76,25,Valenciennes FC,France,GK,3100000,13000,72,71,72,74,52,72,Adult,Average
L. Aued,73,73,35,Universidad Católica,Argentina,"CM,CDM",1200000,7000,52,65,73,71,65,73,Senior,Average
E. Mor,73,76,24,Fenerbahçe SK,Turkey,"RW,ST,RM",4200000,43000,87,65,64,83,31,57,Adult,Average
Toni Lato,73,78,24,Valencia CF,Spain,"LB,LWB,LM",4300000,20000,75,56,71,71,68,60,Adult,Average
N. Chalobah,73,75,27,Fulham,England,"CDM,CM",3300000,38000,55,61,67,72,71,72,Adult,Average
J. Duverne,73,77,24,Stade Brestois 29,France,"RB,LB,CB",4099999,15000,63,38,62,70,75,74,Adult,Average
A. Bertolacci,73,73,31,Yukatel Kayserispor,Italy,"CM,CAM,CDM",2500000,15000,63,69,73,75,73,65,Senior,Average
Eguaras,73,73,30,Unión Deportiva Almería,Spain,"CDM,CM",2500000,19000,53,56,75,65,68,73,Senior,Average
F. Bardi,73,73,30,Bologna,Italy,GK,2000000,18000,75,71,65,76,49,70,Senior,Average
V. Manceau,73,73,32,En Avant de Guingamp,France,"CB,RB,RWB",2000000,7000,42,47,69,71,75,70,Senior,Average
Y. Candelo,73,73,30,Atlético Nacional,Colombia,"RM,RB",2900000,5000,82,67,72,76,62,67,Senior,Average
R. Zalazar,73,80,22,FC Schalke 04,Uruguay,"CM,CAM",6000000,17000,75,67,70,77,62,70,Young,Average
L. O'Brien,73,80,23,Nottingham Forest,England,"CM,CDM,LM",6000000,38000,69,62,66,75,69,73,Adult,Average
M. Mancosu,73,73,33,Cagliari,Italy,CAM,1900000,5000,59,69,71,73,41,66,Senior,Average
Felipe Silva,73,73,29,Chengdu Rongcheng F.C.,Brazil,ST,3000000,10000,76,72,58,67,23,84,Adult,Average
M. Castro,73,74,26,Estudiantes de La Plata,Uruguay,"RM,LM",3600000,12000,77,67,71,72,52,61,Adult,Average
T. Kempe,73,73,33,SV Darmstadt 98,Germany,"CM,CAM",1900000,17000,65,73,77,74,52,71,Senior,Average
L. González Pirez,73,73,30,River Plate,Argentina,CB,2500000,7000,70,48,61,67,71,80,Senior,Average
Cantero,73,76,27,SD Eibar,Spain,GK,3000000,7000,72,74,69,73,60,75,Adult,Average
R. Glatzel,73,73,28,Hamburger SV,Germany,ST,3100000,14000,62,73,46,65,30,77,Adult,Average
Javi Sánchez,73,80,25,Real Valladolid CF,Spain,CB,5500000,16000,66,53,54,58,72,77,Adult,Average
Tiago Silva,73,73,29,Vitória de Guimarães,Portugal,"CM,CAM",3000000,10000,70,71,73,73,63,59,Adult,Average
A. Molinas,73,81,21,Boca Juniors,Argentina,"CAM,CM",7000000,10000,72,57,73,76,51,59,Young,Average
M. Müller,73,75,28,FC Luzern,Germany,GK,2600000,11000,72,69,69,74,30,73,Adult,Average
Sergi Guardiola,73,73,31,Real Valladolid CF,Spain,ST,2600000,20000,73,73,62,74,30,77,Senior,Average
A. Karazor,73,74,25,VfB Stuttgart,Germany,"CDM,CB",3200000,17000,51,36,60,63,76,70,Adult,Average
Antunes,73,73,35,FC Paços de Ferreira,Portugal,LB,925000,6000,69,69,74,74,70,68,Senior,Average
M. Cancellieri,73,86,19,Lazio,Italy,"RW,CF",7000000,14000,83,69,69,77,38,62,Young,Average
L. Díaz,73,73,30,Estudiantes de La Plata,Argentina,ST,3000000,12000,69,74,63,68,27,74,Senior,Average
C. Willock,73,78,24,Queens Park Rangers,England,"CAM,ST",4600000,24000,83,68,67,76,29,57,Adult,Average
J. Fleck,73,73,30,Sheffield United,Scotland,"CM,CDM",2900000,23000,65,69,74,74,66,73,Senior,Average
A. Ounas,73,76,25,LOSC Lille,Algeria,"RW,ST",4000000,26000,83,66,69,79,44,63,Adult,Average
Marlon,73,77,25,MKE Ankaragücü,Brazil,LB,3900000,11000,79,60,62,72,66,74,Adult,Average
D. Garmash,73,73,32,Dynamo Kyiv,Ukraine,"CAM,ST",2400000,850,67,74,74,70,67,72,Senior,Average
S. Moyano,73,73,31,Unión de Santa Fe,Argentina,GK,1600000,9000,73,69,68,74,54,72,Senior,Average
Yan Junling,73,73,31,Shanghai Port FC,China PR,GK,1600000,12000,72,70,69,74,49,72,Senior,Average
R. Řezník,73,73,33,FC Viktoria Plzeň,Czech Republic,"RB,CB",1600000,850,73,60,65,67,70,77,Senior,Average
F. Noguera,73,74,29,Estudiantes de La Plata,Argentina,CB,2800000,11000,40,38,46,50,73,84,Adult,Average
Alvildo Sousa,73,73,26,Atlético Clube Goianiense,Brazil,"CAM,CM",3300000,12000,69,69,72,73,30,70,Adult,Average
L. Kelly,73,80,23,AFC Bournemouth,England,CB,5500000,28000,72,40,62,68,74,75,Adult,Average
Carlos Augusto,73,80,23,AC Monza,Brazil,"LWB,LM,CB",6000000,28000,67,50,67,70,71,70,Adult,Average
M. Zárate,73,73,35,Platense,Argentina,"ST,CF,CAM",1300000,10000,72,75,69,79,35,66,Senior,Average
R. Thomas,73,73,27,Free agent,New Zealand,"CM,CAM,CDM",0,0,71,65,71,76,61,66,Adult,Average
J. Campuzano,73,75,26,GZT Giresunspor,Colombia,"CDM,CM",3400000,13000,72,40,60,65,72,72,Adult,Average
M. Travers,73,80,23,AFC Bournemouth,Republic of Ireland,GK,5000000,22000,73,69,70,76,40,73,Adult,Average
S. Bguir,73,73,28,Abha Club,Tunisia,"CAM,RM,ST",3100000,12000,69,70,71,75,33,64,Adult,Average
D. Vavro,73,76,26,F.C. København,Slovakia,CB,3500000,17000,64,56,57,60,72,80,Adult,Average
Fabri Arnoia,73,73,30,Flamengo,Brazil,"RW,CF",2900000,31000,80,65,67,73,27,58,Senior,Average
A. Hadžiahmetović,73,76,25,İttifak Holding Konyaspor,Bosnia and Herzegovina,"CDM,CM,LM",3600000,13000,69,60,70,72,69,74,Adult,Average
S. Iljutcenko,73,73,31,FC Seoul,Russia,ST,2600000,8000,73,75,53,65,37,81,Senior,Average
P. Solari,73,84,21,River Plate,Argentina,"RM,ST,RW",7000000,10000,85,72,62,74,25,66,Young,Average
Vágner Corraldo,73,73,22,Club Athletico Paranaense,Brazil,"LB,LM",3300000,10000,72,59,63,69,71,63,Young,Average
K. Zachariassen,73,73,28,Ferencvárosi TC,Norway,"CDM,CAM",2700000,900,77,69,69,71,67,77,Adult,Average
R. Hatate,73,80,24,Celtic,Japan,CM,6000000,34000,70,65,72,72,64,67,Adult,Average
M. Weiser,73,73,28,SV Werder Bremen,Germany,"RWB,RM",2800000,19000,71,62,71,77,68,67,Adult,Average
E. Cardona,73,73,29,Racing Club,Colombia,"CAM,LM,LW",3000000,16000,47,75,76,73,35,70,Adult,Average
F. Holland,73,73,31,SV Darmstadt 98,Germany,"LB,LWB",2200000,16000,68,47,65,71,71,72,Senior,Average
E. Gyasi,73,73,28,Spezia,Ghana,"RM,LM,ST",3100000,16000,77,62,65,74,44,68,Adult,Average
Cesc Fàbregas,73,73,35,Como,Spain,"CM,CAM,CDM",1200000,3000,35,65,80,74,60,49,Senior,Average
André Simões,73,73,32,Futebol Clube de Famalicão,Portugal,"CDM,CM",2000000,8000,72,67,70,69,73,73,Senior,Average
Clerc,73,73,30,Elche CF,Spain,"LB,LWB",2600000,15000,84,58,68,72,66,71,Senior,Average
A. Ibargüen,73,73,30,Club Deportes Tolima,Colombia,"LM,CAM",2900000,4000,91,65,68,76,37,46,Senior,Average
F. Krovinović,73,74,26,Hajduk Split,Croatia,"CAM,CM,CDM",3600000,950,67,67,74,75,61,63,Adult,Average
C. Højer,73,74,27,AC Sparta Praha,Denmark,LB,3200000,850,76,70,74,70,67,74,Adult,Average
Jorge Praceira,73,73,30,Palmeiras,Brazil,CB,2500000,26000,66,40,56,61,76,73,Senior,Average
D. Kreilach,73,73,33,Real Salt Lake,Croatia,"ST,CAM,CDM",1900000,8000,44,74,70,72,64,82,Senior,Average
T. Fosu-Mensah,73,79,24,Bayer 04 Leverkusen,Netherlands,"RB,CB",4500000,28000,67,60,64,66,74,76,Adult,Average
Pêpê,73,76,25,MKE Ankaragücü,Portugal,"CM,CDM",4000000,12000,59,63,70,72,66,71,Adult,Average
L. Travis,73,80,24,Blackburn Rovers,England,"CDM,CM",5500000,27000,69,59,65,69,71,76,Adult,Average
A. Diamanti,73,73,39,Western United FC,Italy,CAM,1000000,3000,56,68,77,73,33,65,Senior,Average
A. Stiller,73,79,21,TSG Hoffenheim,Germany,"CDM,CM",4500000,17000,66,56,74,72,68,67,Young,Average
F. Fragapane,73,73,29,Minnesota United FC,Argentina,"LM,CAM",3000000,8000,88,66,68,76,36,54,Adult,Average
J. Gorenc Stanković,73,74,26,SK Sturm Graz,Slovenia,"CDM,CB",3200000,16000,45,46,59,65,75,77,Adult,Average
Marcos Antonio,73,81,22,Lazio,Brazil,"CM,CDM",7000000,30000,84,65,71,77,59,48,Young,Average
J. Zirkzee,73,82,21,Bologna,Netherlands,"ST,CAM",7000000,21000,69,74,63,75,20,70,Young,Average
J. Sambia,73,75,25,US Salernitana 1919,France,"RWB,RB,RM",3500000,19000,73,69,71,73,69,70,Adult,Average
B. Bereszyński,73,73,29,U.C. Sampdoria,Poland,RB,2700000,15000,84,56,64,69,67,73,Adult,Average
A. Hassan,73,73,29,Aytemiz Alanyaspor,Egypt,ST,3000000,20000,54,74,57,69,32,78,Adult,Average
Munir,73,73,33,Al Wehda,Morocco,GK,1000000,15000,73,72,68,75,47,73,Senior,Average
Jaime Seoane,73,78,25,Getafe CF,Spain,"CM,CAM,CDM",4400000,21000,71,72,72,74,66,75,Adult,Average
S. Peeters,73,73,30,KAS Eupen,Belgium,"CM,CAM,CDM",2900000,11000,54,71,77,69,63,72,Senior,Average
D. Bentley,73,75,28,Bristol City,England,GK,2600000,22000,77,66,69,73,46,72,Adult,Average
J. Bryan,73,73,28,OGC Nice,England,"LB,LWB",2800000,40000,76,63,70,68,70,74,Adult,Average
S. Michel,73,73,31,1. FC Union Berlin,Germany,"ST,LW",2600000,26000,74,74,66,74,34,73,Senior,Average
B. Verstraete,73,74,28,KV Mechelen,Belgium,"CDM,CM",2900000,17000,65,61,73,71,68,70,Adult,Average
M. Tekdemir,73,73,34,İstanbul Başakşehir FK,Turkey,"CDM,CM,CB",1000000,26000,51,59,66,69,73,69,Senior,Average
Michel Cruceiro,73,73,30,Flamengo,Brazil,"CDM,CM",2500000,26000,60,64,68,64,71,78,Senior,Average
P. Jones,73,73,30,Manchester United,England,CB,2500000,64000,37,50,60,55,74,66,Senior,Average
D. Popov,73,83,23,Dynamo Kyiv,Ukraine,CB,6500000,650,63,38,48,57,74,74,Adult,Average
S. Deli,73,73,30,Adana Demirspor,Côte d'Ivoire,CB,2500000,16000,69,46,51,63,74,80,Senior,Average
Juan Cruz,73,73,29,CA Osasuna,Spain,"CB,LB",2500000,21000,73,40,63,64,73,72,Adult,Average
Artur,73,75,26,Columbus Crew,Brazil,"CDM,CM",3400000,7000,62,51,64,70,69,79,Adult,Average
Guto Costinho,73,73,34,Palmeiras,Brazil,CB,1000000,26000,62,37,56,61,74,74,Senior,Average
H. Magnússon,73,74,29,Panathinaikos FC,Iceland,"CB,LB",2800000,750,69,50,68,61,74,74,Adult,Average
S. Kums,73,73,34,KAA Gent,Belgium,"CM,CDM,CAM",1400000,18000,47,69,75,72,70,66,Senior,Average
Nolito,73,73,35,UD Ibiza,Spain,LM,1200000,6000,58,74,76,73,45,60,Senior,Average
F. Torres,73,81,22,Orlando City Soccer Club,Uruguay,"RM,LM",7000000,7000,81,70,70,73,38,54,Young,Average
G. Charbonnier,73,73,33,AJ Auxerre,France,ST,1900000,17000,31,75,68,72,36,66,Senior,Average
T. Čvančara,73,80,21,AC Sparta Praha,Czech Republic,ST,6000000,800,74,71,56,69,25,75,Young,Average
F. Garcés,73,79,22,Club Atlético Colón,Argentina,CB,4400000,9000,60,37,54,56,74,77,Young,Average
P. Pekarík,73,73,35,Hertha BSC,Slovakia,RB,925000,16000,66,40,63,73,71,65,Senior,Average
J. García,73,73,35,Boca Juniors,Argentina,GK,350000,7000,75,68,75,79,37,72,Senior,Average
W. Saïd,73,73,27,Racing Club de Lens,France,"ST,LW,LM",3300000,27000,74,73,67,76,29,58,Adult,Average
Nicolás Formido,73,73,22,Internacional,Brazil,"CAM,LM,CM",3600000,19000,68,65,75,74,34,67,Young,Average
F. Kadioglu,73,80,22,Fenerbahçe SK,Turkey,"LB,LM,RM",6000000,36000,80,63,72,78,65,65,Young,Average
Marcão,73,73,28,Wuhan Three Towns,Brazil,ST,3100000,18000,73,73,48,63,29,82,Adult,Average
J. Okumu,73,78,25,KAA Gent,Kenya,CB,4000000,16000,78,41,56,63,73,76,Adult,Average
Sergi Gómez,73,73,30,RCD Espanyol de Barcelona,Spain,CB,2500000,14000,58,46,61,61,74,72,Senior,Average
Aleix García,73,77,25,Girona FC,Spain,"CM,CDM",4200000,20000,65,69,72,75,64,63,Adult,Average
B. Verbič,73,73,28,Panathinaikos FC,Slovenia,"LW,ST",3100000,900,81,70,66,76,44,68,Adult,Average
C. Lykogiannis,73,73,28,Bologna,Greece,"LWB,LM,LB",2800000,24000,82,68,67,67,68,73,Adult,Average
M. Autret,73,73,31,AJ Auxerre,France,"LM,CM,CAM",2500000,16000,63,70,75,73,42,59,Senior,Average
Y. Belhanda,73,73,32,Adana Demirspor,Morocco,"CM,CAM",2400000,18000,72,71,76,76,59,67,Senior,Average
P. Pentz,73,78,25,Stade de Reims,Austria,GK,3600000,13000,71,69,74,75,53,73,Adult,Average
Adrián Marín,73,76,25,Gil Vicente FC,Spain,"LB,LWB",3700000,9000,72,48,67,69,70,70,Adult,Average
L. Menossi,73,73,29,Club Atlético Tigre,Argentina,CM,3000000,11000,75,62,71,74,66,70,Adult,Average
L. Villalba,73,73,27,Argentinos Juniors,Argentina,"CB,LB,LWB",2800000,11000,80,58,67,71,73,75,Adult,Average
L. Orellano,73,81,22,Vélez Sarsfield,Argentina,RW,7000000,12000,90,70,63,78,33,59,Young,Average
S. Amallah,73,76,25,Standard de Liège,Morocco,"CAM,CM,LW",4000000,13000,68,75,72,74,63,75,Adult,Average
M. Grimes,73,74,26,Swansea City,England,"CM,CDM",3600000,23000,62,59,75,71,65,67,Adult,Average
V. Eysseric,73,73,30,Kasimpaşa SK,France,"CM,LW,CAM",2900000,13000,65,70,76,75,50,65,Senior,Average
G. Gómez,73,76,26,Racing Club,Argentina,GK,3100000,12000,73,68,73,75,35,73,Adult,Average
C. Starfelt,73,76,27,Celtic,Sweden,CB,3500000,36000,73,31,53,68,73,76,Adult,Average
Vitinha,73,84,22,SC Braga,Portugal,ST,7000000,12000,75,72,61,71,28,80,Young,Average
S. Polter,73,73,31,FC Schalke 04,Germany,ST,2600000,22000,70,72,53,61,35,85,Senior,Average
B. Samudio,73,74,26,Club Cerro Porteño,Paraguay,"LM,RM,ST",3600000,850,81,70,63,74,39,72,Adult,Average
Y. Verschaeren,73,82,20,RSC Anderlecht,Belgium,"RM,CAM,CM",6500000,14000,71,67,72,79,44,47,Young,Average
J. Torunarigha,73,78,24,KAA Gent,Germany,"CB,LB",4200000,14000,85,34,63,65,74,74,Adult,Average
Córdoba,73,75,25,Fortuna Sittard,Spain,"CAM,RM",3800000,13000,81,71,70,76,63,68,Adult,Average
K. Grant,73,76,24,West Bromwich Albion,England,"LW,ST,LM",4200000,27000,86,73,62,72,33,65,Adult,Average
J. Álvarez,73,73,26,Club Atlético Colón,Argentina,"RM,RW",3300000,13000,79,67,68,74,40,67,Adult,Average
J. Barroso,73,73,37,CD Everton de Viña del Mar,Argentina,CB,550000,3000,64,56,57,61,75,76,Senior,Average
L. Bénes,73,77,24,Hamburger SV,Slovakia,"CM,CAM",4300000,11000,60,70,78,74,47,61,Adult,Average
V. Janssen,73,73,28,Royal Antwerp FC,Netherlands,ST,3100000,20000,75,71,60,68,39,82,Adult,Average
G. Clichy,73,73,36,Servette FC,France,LB,675000,10000,72,43,68,73,71,64,Senior,Average
C. O'Hare,73,80,24,Coventry City,England,"CAM,RW",6000000,17000,81,58,69,77,63,66,Adult,Average
I. Ganago,73,75,23,FC Nantes,Cameroon,ST,4000000,20000,81,73,59,73,34,67,Adult,Average
P. Ciss,73,73,28,Rayo Vallecano,Senegal,"CDM,CM",2700000,16000,63,56,61,62,71,82,Adult,Average
P. Goltz,73,73,37,Club Atlético Colón,Argentina,CB,550000,8000,54,55,65,58,72,78,Senior,Average
D. Türüç,73,73,29,İstanbul Başakşehir FK,Turkey,"RM,LM,CAM",3000000,29000,74,71,73,74,57,70,Adult,Average
Samuel Portugal,73,76,28,FC Porto,Brazil,GK,2800000,9000,74,67,77,78,43,71,Adult,Average
H. Choudhury,73,76,24,Watford,England,"CDM,CM",3800000,42000,63,45,62,66,74,73,Adult,Average
Chiquinho,73,73,26,SL Benfica,Portugal,"CAM,RM",3300000,11000,71,70,75,75,54,49,Adult,Average
F. Orellana,73,73,36,Universidad Católica,Chile,"RW,LW,CAM",1000000,8000,72,68,68,79,39,44,Senior,Average
Óscar Plano,73,73,31,Real Valladolid CF,Spain,"RM,LM,CF",2500000,18000,85,69,70,72,56,73,Senior,Average
Rubén Sobrino,73,73,30,Cádiz CF,Spain,"ST,RM,LM",3000000,25000,77,73,63,74,37,64,Senior,Average
S. Uçan,73,73,28,Beşiktaş JK,Turkey,"CM,CDM,CAM",3000000,38000,60,69,75,75,66,64,Adult,Average
A. Frías,73,79,24,Defensa y Justicia,Argentina,CB,4400000,10000,69,37,59,66,73,76,Adult,Average
H. Soudani,73,73,34,Damac FC,Algeria,"RW,LW,ST",1400000,19000,74,72,70,74,43,75,Senior,Average
T. Mangani,73,73,35,AC Ajaccio,France,"CDM,CM",850000,10000,40,69,76,69,68,73,Senior,Average
E. Insua,73,73,33,Racing Club,Argentina,"CB,LWB",1500000,14000,65,59,66,68,72,78,Senior,Average
T. Kaminski,73,74,29,Blackburn Rovers,Belgium,GK,2300000,27000,72,75,69,74,46,67,Adult,Average
S. Kittel,73,73,29,Hamburger SV,Germany,"CAM,LW,CM",3000000,13000,76,70,74,75,32,54,Adult,Average
A. Nordin,73,78,24,Montpellier Hérault SC,France,"RM,ST,LM",4600000,17000,83,69,68,75,37,57,Adult,Average
S. Tronstad,73,74,26,Vitesse,Norway,"CM,CDM",3600000,14000,69,64,70,72,72,76,Adult,Average
L. Diony,73,73,29,Angers SCO,France,"ST,LM",3000000,21000,71,74,63,71,25,73,Adult,Average
M. Lovato,73,82,22,US Salernitana 1919,Italy,CB,6500000,17000,70,30,52,60,75,72,Young,Average
L. Badé,73,81,22,Nottingham Forest,France,CB,6500000,26000,57,33,54,62,73,77,Young,Average
Manu Morlanes,73,80,23,Villarreal CF,Spain,"CDM,CM",5500000,19000,68,64,74,73,69,67,Adult,Average
D. Aleksić,73,73,31,İstanbul Başakşehir FK,Serbia,"CAM,CM,LM",2500000,28000,68,75,73,75,51,74,Senior,Average
W. Faríñez,73,78,24,Racing Club de Lens,Venezuela,GK,3700000,15000,74,70,67,76,52,74,Adult,Average
I. Jones,73,78,23,Middlesbrough,England,RWB,4300000,18000,85,55,65,73,64,58,Adult,Average
Y. Benrahou,73,81,23,Nîmes Olympique,Morocco,"RM,CM,ST",7000000,6000,75,67,72,79,41,57,Adult,Average
M. Rojas,73,73,26,Racing Club,Paraguay,"RW,RM,CM",3300000,17000,73,72,74,75,55,59,Adult,Average
Aderllan Santos,73,73,33,Rio Ave FC,Brazil,CB,1500000,8000,61,52,49,52,74,78,Senior,Average
Lucas João,73,73,28,Reading,Angola,ST,3100000,19000,69,73,61,72,27,65,Adult,Average
Corpas,73,73,30,SD Eibar,Spain,RM,2900000,9000,90,67,69,73,36,60,Senior,Average
C. Burgess,73,73,30,Royale Union Saint-Gilloise,England,CB,2500000,13000,44,34,52,50,75,79,Senior,Average
A. Vranckx,73,82,19,AC Milan,Belgium,"CM,CDM",6500000,18000,63,65,70,77,63,75,Young,Average
D. Zeefuik,73,78,24,Hertha BSC,Netherlands,RB,4300000,19000,82,41,60,69,69,80,Adult,Average
L. Höler,73,73,27,Sport-Club Freiburg,Germany,"ST,CF",3300000,24000,71,73,51,62,51,79,Adult,Average
R. Yates,73,79,24,Nottingham Forest,England,"CDM,CM",4400000,35000,65,59,60,64,71,84,Adult,Average
P. Pervan,73,73,34,VfL Wolfsburg,Austria,GK,525000,24000,72,73,69,75,30,70,Senior,Average
D. Heuer Fernandes,73,73,29,Hamburger SV,Portugal,GK,2100000,10000,74,69,75,75,43,70,Adult,Average
R. Echeverría,73,74,27,CD Everton de Viña del Mar,Chile,"CB,CDM",3100000,4000,75,61,67,70,71,83,Adult,Average
M. Siopis,73,73,28,Trabzonspor,Greece,"CDM,CM",2700000,26000,74,45,63,70,73,75,Adult,Average
R. Matondo,73,82,21,Rangers FC,Wales,"LW,RW,ST",7000000,33000,92,70,65,74,38,53,Young,Average
M. Valoti,73,73,28,AC Monza,Italy,"CM,CF",3000000,37000,62,70,75,75,54,52,Adult,Average
T. Heaton,73,73,36,Manchester United,England,GK,350000,34000,71,73,71,73,49,75,Senior,Average
D. Bradarić,73,79,22,US Salernitana 1919,Croatia,"LWB,LM,LB",4600000,17000,78,55,67,73,69,66,Young,Average
J. García,73,73,29,Newell's Old Boys,Argentina,ST,3000000,15000,78,72,50,67,37,77,Adult,Average
T. Sippel,73,73,34,Borussia Mönchengladbach,Germany,GK,525000,16000,74,69,76,77,47,69,Senior,Average
David Costa,73,81,21,Racing Club de Lens,Portugal,"LW,CAM,CM",7000000,20000,72,65,66,80,33,43,Young,Average
V. Milinković-Savić,73,77,25,Torino F.C.,Serbia,GK,3300000,22000,73,71,78,73,43,74,Adult,Average
J. Toljan,73,73,27,U.S. Sassuolo Calcio,Germany,RB,2900000,23000,86,42,63,69,66,67,Adult,Average
L. Lapoussin,73,74,26,Royale Union Saint-Gilloise,Madagascar,"LM,CM,LWB",3600000,14000,76,63,67,74,67,72,Adult,Average
I. Kebbal,73,79,23,Paris FC,Algeria,"RW,ST,RM",4800000,18000,77,66,71,79,24,53,Adult,Average
E. Green,73,81,21,AS Saint-Étienne,England,GK,6000000,4000,72,71,74,75,26,72,Young,Average
A. Gholizadeh,73,74,26,Royal Charleroi S.C.,Iran,"RM,CAM,LM",3600000,13000,76,68,68,76,48,69,Adult,Average
A. Andrade,73,73,33,Atlético Nacional,Colombia,"LM,CM,CAM",1900000,5000,77,73,69,75,41,63,Senior,Average
C. Cásseres Jr,73,81,22,New York Red Bulls,Venezuela,"CDM,CM,RM",6500000,6000,77,58,67,73,72,75,Young,Average
A. Conti,73,73,28,U.C. Sampdoria,Italy,RB,2800000,15000,74,58,67,72,70,62,Adult,Average
M. Blažič,73,74,29,Angers SCO,Slovenia,CB,2800000,18000,61,34,54,47,75,71,Adult,Average
Rodri,73,84,22,Real Betis Balompié,Spain,"RM,LM,CM",7000000,16000,71,71,69,76,38,48,Young,Average
J. Stacey,73,75,26,AFC Bournemouth,England,"RB,RWB",3500000,33000,73,55,66,70,69,71,Adult,Average
Lúcio Anselmão,73,73,30,São Paulo,Brazil,"CM,LB",2900000,28000,75,65,69,70,66,76,Senior,Average
A. Mehmedi,73,73,31,Antalyaspor,Switzerland,"CAM,CF,LW",2500000,21000,66,74,70,77,43,66,Senior,Average
H. Palacios,73,73,29,Elche CF,Colombia,"RB,RWB",2700000,16000,79,35,61,61,69,80,Adult,Average
A. Arregui,73,73,29,Independiente Medellín,Argentina,"CM,CDM",3000000,3000,72,67,72,71,71,79,Adult,Average
G. Lapadula,73,73,32,Cagliari,Peru,ST,2500000,5000,76,72,59,74,24,67,Senior,Average
M. Schuhen,73,73,29,SV Darmstadt 98,Germany,GK,2100000,13000,74,69,73,76,53,69,Adult,Average
R. Quaison,73,73,28,Ettifaq FC,Sweden,"CF,LM",3100000,27000,71,72,67,75,44,70,Adult,Average
P. Dummett,73,73,30,Newcastle United,Wales,"LB,CB",2600000,52000,62,40,63,67,75,69,Senior,Average
T. Guidara,73,76,26,Vélez Sarsfield,Argentina,"RB,RWB",3700000,12000,81,41,63,67,67,77,Adult,Average
F. Depaoli,73,76,25,Hellas Verona,Italy,"RB,RM",3700000,14000,73,53,70,72,69,57,Adult,Average
Sergio León,73,73,33,Real Valladolid CF,Spain,ST,1900000,20000,76,74,67,74,38,70,Senior,Average
Gustavo Henrique,73,74,29,Fenerbahçe SK,Brazil,CB,2800000,43000,54,34,49,57,73,79,Adult,Average
D. Sinkgraven,73,74,26,Bayer 04 Leverkusen,Netherlands,"LB,CM",3300000,32000,74,60,72,76,69,63,Adult,Average
S. Johnson,73,73,33,New York City FC,United States,GK,1000000,6000,73,67,70,76,42,70,Senior,Average
I. Šehić,73,73,33,İttifak Holding Konyaspor,Bosnia and Herzegovina,GK,1000000,11000,69,72,67,73,32,76,Senior,Average
Ivo Rodrigues,73,73,27,Futebol Clube de Famalicão,Portugal,"RM,LM,RWB",3200000,9000,75,70,69,75,43,64,Adult,Average
T. Kadewere,73,74,26,RCD Mallorca,Zimbabwe,"RW,ST",3600000,46000,75,74,67,74,38,67,Adult,Average
H. Onyekuru,73,76,25,Adana Demirspor,Nigeria,"LW,LM,RW",4000000,19000,91,70,64,75,34,54,Adult,Average
Thio Rolim,73,73,26,Cuiabá,Brazil,"LW,LM",3300000,16000,79,69,69,73,39,52,Adult,Average
Iván Sánchez,73,73,29,Real Valladolid CF,Spain,"RM,CM,CAM",3000000,19000,75,69,71,78,39,45,Adult,Average
A. Maxsø,73,73,28,Brøndby IF,Denmark,CB,2600000,13000,50,45,55,54,72,81,Adult,Average
Jason,73,73,27,Deportivo Alavés,Spain,RM,3200000,11000,70,71,71,72,49,63,Adult,Average
C. Hérelle,73,73,29,Stade Brestois 29,France,CB,2500000,18000,56,48,61,61,73,74,Adult,Average
B. McKay,73,73,27,Heart of Midlothian,Scotland,"LW,RW",3200000,8000,85,62,71,74,38,41,Adult,Average
D. Lenihan,73,75,28,Middlesbrough,Republic of Ireland,CB,3100000,22000,66,46,58,59,73,77,Adult,Average
Hugo Goiteira,73,73,30,Ceará Sporting Club,Brazil,CB,2500000,11000,41,48,55,51,74,80,Senior,Average
E. Rexhbeçaj,73,77,24,FC Augsburg,Kosovo,"CM,CDM,CAM",4300000,19000,66,64,70,74,65,69,Adult,Average
A. Callens,73,73,30,New York City FC,Peru,CB,2500000,7000,70,49,49,57,72,78,Senior,Average
Caio Chissano,73,73,34,São Paulo,Brazil,"LB,LM",1100000,26000,75,39,65,70,71,62,Senior,Average
Francés,73,82,19,Real Zaragoza,Spain,CB,6000000,5000,74,35,64,62,74,74,Young,Average
J. Cuevas,73,73,34,CD Everton de Viña del Mar,Argentina,"RW,LW",1400000,5000,80,65,72,76,48,68,Senior,Average
G. Athanasiadis,73,74,29,AEK Athens,Greece,GK,2300000,850,72,72,68,75,30,72,Adult,Average
F. Daniliuc,73,79,21,US Salernitana 1919,Austria,"CB,RB",4400000,14000,55,42,61,60,74,75,Young,Average
P. Arriola,73,73,27,FC Dallas,United States,"RM,RW",3200000,8000,81,66,68,72,60,76,Adult,Average
S. Mounié,73,74,27,Stade Brestois 29,Benin,ST,3600000,21000,59,72,62,68,45,79,Adult,Average
G. Escobar,73,76,25,UD Ibiza,Argentina,"LB,LWB",3700000,7000,82,49,65,69,68,77,Adult,Average
U. Dávila,73,73,31,Macarthur FC,Mexico,"RW,CAM,ST",2500000,5000,74,73,70,76,50,62,Senior,Average
Pedro Obiang,73,73,30,U.S. Sassuolo Calcio,Equatorial Guinea,"CDM,CM",2500000,23000,56,59,70,70,74,71,Senior,Average
S. Lung,73,73,33,Al Raed,Romania,GK,1000000,12000,72,70,69,74,37,74,Senior,Average
D. Heintz,73,74,28,VfL Bochum 1848,Germany,CB,2900000,23000,54,37,59,58,73,78,Adult,Average
S. Luperto,73,76,25,Empoli,Italy,CB,3600000,31000,58,55,60,59,75,68,Adult,Average
A. Forshaw,73,73,30,Leeds United,England,"CDM,CM",2500000,28000,61,61,73,74,66,70,Senior,Average
Rúben Vezo,73,75,28,Levante Unión Deportiva,Portugal,"CB,RB",3100000,10000,72,54,64,64,72,74,Adult,Average
X. Simons,73,86,19,PSV,Netherlands,"CAM,CM,RW",7000000,8000,77,63,71,77,55,63,Young,Average
M. Zeghba,73,73,31,Damac FC,Algeria,GK,1600000,13000,70,71,63,76,48,73,Senior,Average
Y. Sor,73,81,21,SK Slavia Praha,Nigeria,"RM,ST",7000000,800,89,65,61,75,28,54,Young,Average
C. Mathenia,73,73,30,1. FC Nürnberg,Germany,GK,2000000,9000,75,68,54,77,45,75,Senior,Average
Miguel Silva,73,77,27,Clube Sport Marítimo,Portugal,GK,3200000,7000,77,68,59,76,53,72,Adult,Average
José Pozo,73,76,26,Rayo Vallecano,Spain,"CAM,CM,LM",4000000,16000,74,72,71,75,61,58,Adult,Average
Mardial Cunha,73,73,22,Fortaleza,Brazil,CB,3100000,9000,74,41,60,53,77,66,Young,Average
R. Healey,73,74,27,Toulouse Football Club,England,ST,3600000,17000,76,75,61,71,30,62,Adult,Average
K. Grosicki,73,73,34,Pogoń Szczecin,Poland,LM,1400000,9000,86,68,69,73,37,58,Senior,Average
A. Čolak,73,73,28,Rangers FC,Croatia,ST,3100000,44000,71,74,55,67,34,76,Adult,Average
E. Berisha,73,73,33,Torino F.C.,Albania,GK,1000000,24000,70,72,66,74,28,72,Senior,Average
Eric Botteghin,73,73,34,Ascoli,Brazil,CB,1000000,5000,30,35,47,50,73,81,Senior,Average
J. Bogle,73,81,21,Sheffield United,England,"RWB,RB",6500000,15000,81,55,67,73,68,67,Young,Average
F. Moufi,73,76,26,Portimonense SC,Morocco,RB,3700000,7000,74,39,63,68,69,79,Adult,Average
D. Hotić,73,74,26,KSV Cercle Brugge,Bosnia and Herzegovina,"CAM,CM,RW",3600000,13000,76,70,75,73,48,71,Adult,Average
L. Mejía,73,73,31,Unión Española,Panama,GK,1600000,4000,73,69,63,75,55,74,Senior,Average
Lucas Souza,73,73,32,Al Khaleej,Brazil,"CDM,CM",2000000,11000,56,70,63,67,72,80,Senior,Average
S. Frei,73,73,36,Seattle Sounders FC,United States,GK,350000,4000,72,69,67,73,35,75,Senior,Average
M. Bułka,73,80,22,OGC Nice,Poland,GK,5500000,19000,74,72,69,74,27,73,Young,Average
J. Góralski,73,73,29,VfL Bochum 1848,Poland,CDM,2600000,19000,69,46,65,67,69,79,Adult,Average
S. Prevljak,73,74,27,KAS Eupen,Bosnia and Herzegovina,ST,3600000,12000,62,79,59,68,24,72,Adult,Average
Carlitos,73,73,32,Legia Warszawa,Spain,"ST,CAM",2500000,10000,79,74,68,76,27,70,Senior,Average
F. Carballo,73,78,25,Club Nacional de Football,Uruguay,"CM,CAM",4400000,750,69,67,70,72,66,72,Adult,Average
M. van der Hoorn,73,73,29,FC Utrecht,Netherlands,CB,2500000,13000,47,46,51,49,74,79,Adult,Average
M. Gavranović,73,73,32,Yukatel Kayserispor,Switzerland,ST,2500000,17000,62,74,60,72,38,65,Senior,Average
M. Ilaimaharitra,73,74,26,Royal Charleroi S.C.,Madagascar,"CDM,CM",3200000,12000,68,61,67,68,72,80,Adult,Average
C. Mayada,73,73,31,Club Libertad,Uruguay,"RB,CM",2200000,800,90,65,68,72,66,77,Senior,Average
Paulson Junqueira,73,73,26,Sport Club Corinthians Paulista,Brazil,LB,3000000,21000,77,48,61,69,69,70,Adult,Average
Nildo Reisão,73,73,26,Clube Atlético Mineiro,Brazil,"CDM,CB",2900000,24000,52,41,61,47,73,84,Adult,Average
Mingueza,73,81,23,RC Celta de Vigo,Spain,"CB,RB",6500000,14000,76,35,65,64,74,74,Adult,Average
M. Campaña,73,73,33,Al Batin,Uruguay,GK,1000000,11000,71,73,72,73,44,71,Senior,Average
F. Ortega,73,80,23,Vélez Sarsfield,Argentina,"LB,LWB,LW",6000000,10000,88,58,67,76,63,77,Adult,Average
D. Iversen,73,78,24,Leicester City,Denmark,GK,3700000,33000,73,72,75,75,45,71,Adult,Average
Fran Vélez,73,73,31,Al Fateh,Spain,CB,2100000,22000,54,37,63,64,71,80,Senior,Average
T. Chorý,73,73,27,FC Viktoria Plzeň,Czech Republic,ST,3300000,1000,50,70,57,63,32,84,Adult,Average
I. Moriba,73,82,19,Valencia CF,Guinea,CM,6500000,20000,70,71,64,74,64,64,Young,Average
Rafael Ratão,73,74,26,Toulouse Football Club,Brazil,"LW,ST,RW",3600000,17000,76,73,66,75,43,69,Adult,Average
Carlos Coronel,73,77,25,New York Red Bulls,Brazil,GK,3300000,5000,73,70,76,75,39,71,Adult,Average
J. Larsen,73,82,22,RC Celta de Vigo,Norway,ST,7000000,18000,77,72,56,67,32,82,Young,Average
Rúben Vinagre,73,81,23,Everton,Portugal,"LWB,LB",6500000,9000,86,55,70,77,64,63,Adult,Average
M. Gaćinović,73,74,27,AEK Athens,Serbia,"CAM,CM",3500000,1000,75,60,71,78,63,63,Adult,Average
O. Marmoush,73,81,23,VfL Wolfsburg,Egypt,"ST,RM,LM",7000000,31000,85,70,63,79,29,66,Adult,Average
Martín,73,76,26,Futebol Clube de Famalicão,Spain,"RB,RM,LB",3700000,8000,63,35,63,68,72,64,Adult,Average
Frederico Venâncio,73,73,29,SD Eibar,Portugal,CB,2500000,9000,57,33,50,55,74,69,Adult,Average
T. Asano,73,73,27,VfL Bochum 1848,Japan,"RW,CF,CAM",3200000,22000,88,67,61,77,30,67,Adult,Average
M. Günok,73,73,33,Beşiktaş JK,Turkey,GK,1000000,27000,72,73,72,70,56,78,Senior,Average
O. Hüsing,73,73,29,DSC Arminia Bielefeld,Germany,CB,2500000,15000,52,33,46,50,73,77,Adult,Average
J. Cifuentes,73,80,23,Los Angeles FC,Ecuador,"CDM,CM",5500000,6000,71,61,67,73,71,77,Adult,Average
F. Bonazzoli,73,77,25,US Salernitana 1919,Italy,"ST,CF",4300000,22000,70,74,55,72,28,60,Adult,Average
J. Cooper,73,74,27,Millwall,England,CB,3100000,12000,52,32,48,52,73,78,Adult,Average
N. Viergever,73,73,32,FC Utrecht,Netherlands,CB,2000000,13000,72,54,65,67,74,75,Senior,Average
M. Yoshida,73,73,33,FC Schalke 04,Japan,CB,1500000,18000,52,41,51,63,74,70,Senior,Average
Gumbau,73,74,27,Elche CF,Spain,"CM,CDM",3500000,16000,55,67,73,68,72,66,Adult,Average
V. Berisha,73,73,28,Hammarby IF,Norway,ST,3100000,8000,83,72,66,71,40,85,Adult,Average
M. Leverbe,73,76,25,Benevento,France,CB,3600000,4000,66,42,54,61,74,77,Adult,Average
A. Ndiaye,73,74,25,RCD Mallorca,Senegal,"LM,ST,RM",3600000,20000,91,68,66,75,49,65,Adult,Average
K. Lasagna,73,73,29,Hellas Verona,Italy,"ST,CF",3000000,24000,87,71,65,72,38,65,Adult,Average
Fernando,73,81,23,FC Red Bull Salzburg,Brazil,"ST,CAM",7000000,21000,88,74,65,77,37,62,Adult,Average
Stoichkov,73,73,28,SD Eibar,Spain,"LM,ST,CAM",3100000,10000,73,76,68,74,46,68,Adult,Average
Nico Melamed,73,83,21,RCD Espanyol de Barcelona,Spain,"LM,CAM,RM",7000000,11000,80,66,71,76,42,56,Young,Average
K. Ayhan,73,74,27,U.S. Sassuolo Calcio,Turkey,CB,3100000,23000,56,53,69,67,73,75,Adult,Average
A. Mitriță,73,73,27,Al Raed,Romania,"LW,LM,CM",3200000,18000,84,68,67,77,26,57,Adult,Average
J. Otero,73,73,27,Real Sporting de Gijón,Colombia,"RM,ST,RW",3200000,9000,91,73,66,75,31,72,Adult,Average
N. Boilesen,73,73,30,F.C. København,Denmark,"CB,LB",2500000,17000,66,49,67,69,73,74,Senior,Average
J. Martínez,73,74,27,Philadelphia Union,Venezuela,CDM,3100000,7000,72,43,60,71,72,80,Adult,Average
A. Long,73,73,29,New York Red Bulls,United States,CB,2500000,7000,78,39,54,62,70,82,Adult,Average
Y. Al Shahrani,73,73,30,Al Hilal,Saudi Arabia,"LB,RB",2600000,27000,84,54,66,71,67,64,Senior,Average
E. Gigliotti,73,73,35,Club Nacional de Football,Argentina,ST,1300000,650,49,74,59,68,41,80,Senior,Average
Juan Carlos,73,73,34,Girona FC,Spain,GK,525000,15000,72,73,72,73,59,71,Senior,Average
D. Biseswar,73,73,34,PAOK,Suriname,"LW,CAM",1400000,1000,69,68,75,77,33,58,Senior,Average
D. Dibusz,73,73,31,Ferencvárosi TC,Hungary,GK,1600000,700,75,72,70,78,24,68,Senior,Average
M. Veljković,73,75,26,SV Werder Bremen,Serbia,CB,3300000,18000,48,33,53,59,74,73,Adult,Average
F. Onyeka,73,78,24,Brentford,Nigeria,"CDM,CM",4200000,28000,81,57,64,70,71,80,Adult,Average
D. Giannoulis,73,74,26,Norwich City,Greece,"LB,LWB",3300000,31000,81,42,63,71,68,66,Adult,Average
E. Sobol,73,74,27,Club Brugge KV,Ukraine,"LB,LM",3200000,18000,78,64,67,70,70,73,Adult,Average
J. Gressel,73,73,28,Vancouver Whitecaps FC,Germany,"RM,RWB",3100000,8000,71,63,73,69,61,77,Adult,Average
J. Haberer,73,73,28,1. FC Union Berlin,Germany,"CM,CDM,RM",3000000,25000,63,63,70,73,62,70,Adult,Average
S. Doumbia,73,76,25,Angers SCO,Côte d'Ivoire,"LWB,LM,LB",3700000,17000,85,43,62,71,67,69,Adult,Average
S. Adamyan,73,73,29,1. FC Köln,Armenia,"ST,LM,CAM",3000000,25000,80,73,65,76,34,70,Adult,Average
M. Malsa,73,76,26,Real Valladolid CF,France,"CM,CDM",4000000,18000,71,62,71,72,71,75,Adult,Average
C. Pinsoglio,73,73,32,Juventus,Italy,GK,1500000,47000,74,72,62,76,42,74,Senior,Average
F. Roncaglia,73,73,35,Boca Juniors,Argentina,"RB,CB",925000,9000,64,53,65,63,75,72,Senior,Average
R. Oudin,73,75,25,Lecce,France,"LM,RM",3800000,8000,74,71,72,72,34,67,Adult,Average
D. Fry,73,79,24,Middlesbrough,England,CB,4400000,18000,64,29,56,59,74,72,Adult,Average
K. Moore,73,73,29,AFC Bournemouth,Wales,ST,3000000,40000,70,70,56,67,46,80,Adult,Average
Rodrigo Pinho,73,73,31,SL Benfica,Brazil,ST,2600000,12000,65,77,60,73,25,61,Senior,Average
E. Demirović,73,78,24,FC Augsburg,Bosnia and Herzegovina,ST,4700000,21000,73,73,61,71,33,74,Adult,Average
O. Karavaev,73,73,30,Dynamo Kyiv,Ukraine,"RM,LB,RB",2900000,850,79,55,70,71,59,64,Senior,Average
Marquinhos,73,86,19,Arsenal,Brazil,"RM,LM",7000000,30000,81,62,66,75,33,54,Young,Average
F. Pardo,73,73,31,Independiente Medellín,Colombia,"RM,RW",2500000,3000,75,72,70,75,38,77,Senior,Average
Tete Morente,73,76,25,Elche CF,Spain,"RM,LM,CF",4000000,16000,78,71,71,73,44,66,Adult,Average
Zarraga,73,80,23,Athletic Club de Bilbao,Spain,"CM,RM",6000000,18000,77,65,72,75,61,67,Adult,Average
Osmar,73,73,34,FC Seoul,Spain,"CB,CDM,CM",1000000,7000,37,60,69,58,73,84,Senior,Average
B. Stambouli,73,73,31,Adana Demirspor,France,"CDM,CB",2100000,16000,50,49,64,68,71,76,Senior,Average
M. Danielson,73,73,33,Djurgårdens IF,Sweden,CB,1500000,7000,47,37,49,56,76,72,Senior,Average
Rafa Soares,73,73,27,PAOK,Portugal,LB,2900000,1000,74,62,70,71,67,67,Adult,Average
Claudinho Vair,73,73,34,São Paulo,Brazil,RW,1400000,31000,79,63,71,74,49,62,Senior,Average
C. Kaboré,73,73,34,Chamois Niortais Football Club,Burkina Faso,"CDM,CM",1000000,6000,67,52,67,66,71,75,Senior,Average
Wilson Eduardo,73,73,31,Aytemiz Alanyaspor,Angola,"ST,RM",2600000,19000,77,75,70,74,31,67,Senior,Average
R. Schoofs,73,73,28,KV Mechelen,Belgium,"CM,CDM,CAM",3000000,13000,59,66,73,73,64,63,Adult,Average
L. Schaub,73,74,27,Hannover 96,Austria,"CAM,RM,CM",3500000,23000,59,67,72,77,41,67,Adult,Average
T. Lawrence,73,73,28,Rangers FC,Wales,"LW,ST,CAM",3100000,44000,74,75,71,73,42,70,Adult,Average
T. Ciğerci,73,73,30,MKE Ankaragücü,Turkey,"CDM,CM,LM",2500000,12000,68,65,69,68,70,78,Senior,Average
P. Djilobodji,73,73,33,Gazişehir Gaziantep F.K.,Senegal,CB,1500000,14000,58,47,54,57,72,80,Senior,Average
H. Elliott,73,87,19,Liverpool,England,"CAM,CM,RW",7000000,37000,78,62,71,78,37,42,Young,Average
R. Yılmaz,73,82,21,Rangers FC,Turkey,LB,6500000,26000,85,50,64,73,67,60,Young,Average
J. Barrera,73,74,26,Atlético Nacional,Colombia,"CAM,RM,RW",3600000,5000,73,65,74,75,42,57,Adult,Average
G. Brugman,73,73,29,LA Galaxy,Uruguay,"CM,CDM",3000000,8000,73,65,73,75,66,67,Adult,Average
Emu Teixeira,73,73,38,América Futebol Clube,Brazil,CB,550000,9000,66,36,55,54,72,78,Senior,Average
L. Marković,73,73,28,Gazişehir Gaziantep F.K.,Serbia,"RM,RW",3100000,16000,83,65,70,78,41,49,Adult,Average
E. Room,73,73,33,Columbus Crew,Curacao,GK,1000000,6000,74,69,68,75,45,68,Senior,Average
G. Busio,73,86,20,Venezia FC,United States,"CM,CDM",7500000,4000,67,66,70,75,62,62,Young,Average
R. Lauritsen,73,75,26,Dinamo Zagreb,Denmark,CB,3300000,800,60,41,58,53,74,76,Adult,Average
M. Bader,73,75,25,SV Darmstadt 98,Germany,"RB,RM",3500000,15000,79,34,61,70,68,68,Adult,Average
L. Melgarejo,73,73,31,Club Libertad,Paraguay,"ST,LM",2600000,950,85,72,65,76,56,69,Senior,Average
J. Zelený,73,73,29,AC Sparta Praha,Czech Republic,"LB,CB",2700000,900,74,61,65,70,72,75,Adult,Average
O. Toivonen,73,73,35,Malmö FF,Sweden,"CAM,ST",1200000,6000,37,77,75,71,41,63,Senior,Average
Aleñá,73,79,24,Getafe CF,Spain,"CM,RM,LM",4800000,19000,68,67,74,73,59,59,Adult,Average
Ó. Estupiñán,73,76,25,Hull City,Colombia,ST,4099999,16000,71,72,51,69,30,79,Adult,Average
Enzo Merques,73,73,26,Internacional,Brazil,LB,3000000,20000,72,64,70,73,67,74,Adult,Average
Marlion Simões,73,73,30,Ceará Sporting Club,Brazil,"LB,CM",2600000,11000,85,56,59,70,70,71,Senior,Average
M. Niang,73,74,27,AJ Auxerre,Senegal,"ST,LM",3600000,17000,74,75,66,71,31,68,Adult,Average
Rodolfo Pittaça,73,73,22,Cuiabá,Brazil,"ST,LM",3600000,14000,51,75,68,64,43,81,Young,Average
K. Roofe,73,73,29,Rangers FC,Jamaica,"ST,CF",3000000,44000,79,75,67,72,50,58,Adult,Average
N. Bentaleb,73,74,27,Angers SCO,Algeria,"CDM,CM",3100000,17000,54,71,73,78,67,72,Adult,Average
J. Sýkora,73,73,28,FC Viktoria Plzeň,Czech Republic,"LM,CAM,LB",3100000,1000,81,69,71,74,62,68,Adult,Average
J. Larsson,73,73,32,IF Elfsborg,Sweden,RB,2100000,5000,81,63,70,68,66,75,Senior,Average
B. Leroy,73,73,33,AC Ajaccio,France,GK,1000000,12000,72,72,71,73,46,72,Senior,Average
D. Johnsen,73,77,24,Venezia FC,Norway,"LW,RW",4400000,5000,87,60,69,74,32,61,Adult,Average
D. Batallini,73,74,26,Club Atlético Independiente,Argentina,"RM,LM,RW",3600000,12000,79,70,67,76,54,71,Adult,Average
R. Pierre-Gabriel,73,77,24,RC Strasbourg Alsace,France,RB,4099999,17000,73,48,61,69,71,71,Adult,Average
J. Pohjanpalo,73,73,27,Venezia FC,Finland,ST,3300000,5000,63,75,58,69,26,70,Adult,Average
J. Murphy,73,73,27,Newcastle United,England,"RM,RWB",3200000,57000,81,67,69,74,64,62,Adult,Average
D. Roef,73,74,28,KAA Gent,Belgium,GK,2400000,14000,74,73,72,72,51,72,Adult,Average
F. Bandinelli,73,74,27,Empoli,Italy,CM,3500000,10000,70,71,71,73,71,71,Adult,Average
G. Pereiro,73,74,27,Cagliari,Uruguay,CAM,3500000,5000,73,74,71,76,40,68,Adult,Average
B. Manuel,73,76,25,Burnley,Belgium,"RW,LW",4000000,35000,82,66,69,79,35,62,Adult,Average
F. Fernández,73,73,33,Elche CF,Argentina,CB,1500000,15000,33,30,54,53,75,71,Senior,Average
J. Onana,73,80,22,Racing Club de Lens,Cameroon,"CM,CDM",6000000,21000,59,66,69,71,70,81,Young,Average
J. Sosa,73,73,37,Estudiantes de La Plata,Argentina,"CM,CDM",950000,9000,52,70,80,75,65,60,Senior,Average
M. Murillo,73,75,26,RSC Anderlecht,Panama,"RB,RWB,RM",3500000,17000,83,57,66,69,68,75,Adult,Average
C. Kelleher,73,80,23,Liverpool,Republic of Ireland,GK,5000000,40000,72,71,74,76,43,70,Adult,Average
A. Harroui,73,77,24,U.S. Sassuolo Calcio,Morocco,"CDM,CM,RM",4000000,20000,74,68,70,75,67,75,Adult,Average
O. Richards,73,78,24,Nottingham Forest,England,"LB,LWB",4300000,35000,75,46,60,73,69,63,Adult,Average
O. Kabak,73,80,22,TSG Hoffenheim,Turkey,CB,5500000,20000,67,36,53,65,71,80,Young,Average
J. Hendrix,73,73,27,Fortuna Düsseldorf,Netherlands,"CDM,CM",2900000,18000,65,59,67,69,71,74,Adult,Average
C. Lampe,73,73,35,Atlético Tucumán,Bolivia,GK,350000,5000,73,71,66,74,34,75,Senior,Average
J. Dasilva,73,78,23,Brentford,England,"CM,CAM",4600000,31000,76,71,72,74,65,75,Adult,Average
S. Nsoki,73,79,23,TSG Hoffenheim,France,"CB,LWB",4400000,20000,73,38,62,67,73,77,Adult,Average
L. Barreiro Martins,73,79,22,1. FSV Mainz 05,Luxembourg,"CM,CDM",4900000,19000,75,58,67,77,70,64,Young,Average
Alberto Perea,73,73,31,Granada CF,Spain,"LM,CAM,RM",2500000,10000,73,69,70,77,35,59,Senior,Average
G. Letizia,73,73,32,Benevento,Italy,"RB,LB",2100000,5000,87,56,62,69,66,70,Senior,Average
I. Hagi,73,79,23,Rangers FC,Romania,"RW,CAM",4800000,38000,76,71,74,75,36,64,Adult,Average
J. Andersson,73,76,25,FC Midtjylland,Sweden,"RWB,RB",3700000,19000,83,51,67,71,64,74,Adult,Average
Y. Lodygin,73,73,32,Panathinaikos FC,Russia,GK,1500000,550,75,70,71,79,45,69,Senior,Average
V. Germain,73,73,32,Montpellier Hérault SC,France,ST,2500000,21000,65,73,70,72,39,65,Senior,Average
G. Makaridze,73,73,32,SD Ponferradina,Georgia,GK,1500000,7000,75,72,65,73,44,71,Senior,Average
J. Bijol,73,79,23,Udinese Calcio,Slovenia,"CB,CDM",4400000,11000,65,59,65,61,73,78,Adult,Average
André Franco,73,79,24,FC Porto,Portugal,"CAM,CM",4800000,10000,74,70,71,73,41,63,Adult,Average
L. Netz,73,85,19,Borussia Mönchengladbach,Germany,"LB,LM",7000000,11000,76,44,65,69,70,62,Young,Average
Monchu,73,79,22,Real Valladolid CF,Spain,"CM,CDM",4900000,16000,69,68,73,72,67,65,Young,Average
Z. Flemming,73,77,23,Millwall,Netherlands,"CAM,ST",4400000,11000,71,74,71,72,56,78,Adult,Average
Brenão Duarte,73,73,30,Cuiabá,Brazil,RM,2900000,14000,73,71,70,73,38,64,Senior,Average
D. Rensch,73,83,19,Ajax,Netherlands,"RB,LB",6500000,6000,77,56,65,72,70,69,Young,Average
B. Barišić,73,73,29,Rangers FC,Croatia,LB,2700000,38000,70,61,73,70,70,74,Adult,Average
M. Berisha,73,78,24,FC Augsburg,Germany,"ST,CF",4700000,43000,73,75,72,72,37,72,Adult,Average
M. Benítez,73,73,31,Rosario Central,Argentina,"LB,CM",2200000,12000,73,67,74,71,67,79,Senior,Average
Gustavo,73,73,28,Jeonbuk Hyundai Motors,Brazil,ST,3100000,12000,78,73,49,66,24,78,Adult,Average
Unai García,73,73,29,CA Osasuna,Spain,CB,2500000,21000,52,41,60,54,74,74,Adult,Average
M. Hjulmand,73,81,23,Lecce,Denmark,"CDM,CM",6500000,11000,60,53,70,67,67,76,Adult,Average
M. Okoye,73,82,22,Watford,Nigeria,GK,6000000,21000,73,70,68,77,24,71,Young,Average
Fabrio Farinha,73,73,30,Internacional,Brazil,"CAM,LM",2900000,21000,72,62,75,77,43,58,Senior,Average
Luís Hernández,73,73,33,Cádiz CF,Spain,CB,1500000,21000,64,50,63,64,73,75,Senior,Average
Jonas Damasto,73,73,26,Club Athletico Paranaense,Brazil,LB,3000000,12000,78,45,59,62,70,61,Adult,Average
P. Herrmann,73,73,31,Borussia Mönchengladbach,Germany,RM,2500000,22000,71,72,72,75,34,60,Senior,Average
Y. Vertessen,73,78,21,PSV,Belgium,RW,4700000,12000,93,68,65,73,33,68,Young,Average
J. Bruun Larsen,73,78,23,TSG Hoffenheim,Denmark,"LW,LM,ST",4600000,25000,85,70,69,73,55,66,Adult,Average
T. Mohr,73,73,26,FC Schalke 04,Germany,LM,3300000,20000,85,69,71,71,57,67,Adult,Average
M. Ihattaren,73,83,20,Ajax,Netherlands,"CAM,RW",6500000,47000,66,68,74,79,40,61,Young,Average
I. Niane,73,78,23,FC Metz,Senegal,"ST,LW",4700000,8000,83,74,54,72,20,64,Adult,Average
D. Onyango,73,73,37,Mamelodi Sundowns FC,Uganda,GK,350000,500,74,73,72,75,44,72,Senior,Average
André Almeida,73,81,22,Valencia CF,Portugal,CM,7000000,22000,72,62,69,78,62,63,Young,Average
M. Diakhaby,73,78,25,Valencia CF,Guinea,CB,4000000,22000,55,39,54,58,74,75,Adult,Average
R. Cherki,73,88,18,Olympique Lyonnais,France,"LW,ST,RW",7000000,19000,70,67,68,82,21,59,Young,Average
E. Kara,73,76,26,Orlando City Soccer Club,Austria,ST,4000000,8000,75,74,52,62,28,85,Adult,Average
Son Jun Ho,73,73,30,Shandong Taishan,Korea Republic,"CDM,CM",2500000,16000,70,62,69,70,67,76,Senior,Average
Allano,73,73,27,Santa Clara,Brazil,"LM,RM",3200000,6000,81,65,67,77,47,63,Adult,Average
L. Østigård,73,82,22,Napoli,Norway,CB,6500000,28000,68,37,50,61,71,81,Young,Average
Marcos André,73,76,25,Valencia CF,Brazil,"ST,LW,LM",4099999,27000,73,75,60,71,38,71,Adult,Average
S. Diomande,73,81,21,Olympique Lyonnais,Côte d'Ivoire,CB,6500000,28000,65,46,62,61,72,75,Young,Average
A. Voglsammer,73,73,30,Millwall,Germany,"ST,LM",3000000,14000,79,74,65,69,38,80,Senior,Average
J. Farfán,73,73,37,Club Alianza Lima,Peru,"CAM,ST,RM",1000000,700,76,73,73,73,36,65,Senior,Average
B. Sarr,73,73,30,FC Bayern München,Senegal,"RB,RM",2600000,36000,74,70,72,74,66,69,Senior,Average
J. Forrest,73,73,30,Celtic,Scotland,RW,2900000,43000,78,68,68,75,52,59,Senior,Average
E. Nketiah,73,80,23,Arsenal,England,ST,6000000,51000,81,71,55,75,24,61,Adult,Average
R. Del Castillo,73,74,26,Stade Brestois 29,France,"RM,LM",3600000,19000,74,67,71,77,39,64,Adult,Average
N. Kebano,73,73,30,Fulham,Congo DR,"LM,LW",2900000,41000,79,67,69,76,39,57,Senior,Average
M. Retegui,73,81,23,Club Atlético Tigre,Argentina,ST,7000000,13000,67,73,64,67,35,75,Adult,Average
B. Pearson,73,73,27,AFC Bournemouth,England,CDM,2900000,33000,65,49,64,69,68,81,Adult,Average
K. Strootman,73,73,32,Genoa,Netherlands,"CM,CDM",2400000,28000,46,68,72,70,71,75,Senior,Average
M. Badelj,73,73,33,Genoa,Croatia,"CDM,CM",1500000,5000,50,63,72,70,70,74,Senior,Average
J. Drommel,73,78,25,PSV,Netherlands,GK,3600000,10000,74,72,77,75,51,71,Adult,Average
M. Tisserand,73,73,29,Ettifaq FC,Congo DR,"CB,RB",2500000,23000,72,58,69,69,72,75,Adult,Average
S. McKenna,73,78,25,Nottingham Forest,Scotland,CB,4000000,38000,57,32,46,51,72,82,Adult,Average
I. Amadou,73,73,29,Angers SCO,France,"CDM,CB,CM",2600000,18000,65,55,65,70,71,80,Adult,Average
M. Antenucci,73,73,37,Bari,Italy,"ST,CF",1000000,4000,61,75,67,77,36,58,Senior,Average
J. Masharipov,72,72,28,Al Nassr,Uzbekistan,LM,2400000,27000,79,63,69,76,40,56,Adult,Average
Y. Rodríguez,72,72,29,Club Nacional de Football,Uruguay,"CDM,CM",2000000,650,67,56,68,69,69,74,Adult,Average
Salvador Agra,72,72,30,Boavista FC,Portugal,"RW,LW",2300000,12000,88,69,70,72,34,67,Senior,Average
M. Batna,72,72,32,Al Fateh,Morocco,RW,1900000,23000,75,71,70,74,35,71,Senior,Average
L. Marrone,72,72,32,AC Monza,Italy,CB,1500000,29000,52,61,72,69,71,73,Senior,Average
J. Horn,72,75,25,VfL Bochum 1848,Germany,"LB,CB",2900000,15000,83,34,59,67,68,68,Adult,Average
A. Burcă,72,73,29,CFR Cluj,Romania,CB,2200000,12000,68,24,44,52,71,81,Adult,Average
F. Helander,72,72,29,Free agent,Sweden,CB,0,0,41,32,46,54,75,77,Adult,Average
C. Adjapong,72,79,24,Ascoli,Italy,"RB,RWB",4500000,3000,71,51,66,73,70,60,Adult,Average
Zanka,72,72,32,Brentford,Denmark,CB,1500000,29000,51,39,57,54,72,77,Senior,Average
G. Güvenç,72,72,30,Gazişehir Gaziantep F.K.,Turkey,GK,1600000,10000,70,70,69,75,55,70,Senior,Average
Vítor Costa,72,72,28,Clube Sport Marítimo,Brazil,LB,2100000,8000,76,54,60,67,67,72,Adult,Average
Q. Timber,72,84,21,Feyenoord,Netherlands,"CM,CDM,CAM",5500000,6000,79,57,68,76,64,77,Young,Average
Lucas Lima,72,72,30,İstanbul Başakşehir FK,Brazil,LB,2000000,23000,72,57,71,71,66,72,Senior,Average
Juninho,72,74,27,FC Midtjylland,Brazil,CB,2500000,18000,71,35,51,59,71,79,Adult,Average
Lucas Cunha,72,79,25,Gil Vicente FC,Brazil,CB,4300000,8000,55,37,45,54,73,75,Adult,Average
San Emeterio,72,75,25,Cádiz CF,Spain,"CM,CDM",3100000,19000,57,67,67,67,72,76,Adult,Average
A. Hanche-Olsen,72,76,25,KAA Gent,Norway,CB,2900000,14000,66,37,56,59,72,77,Adult,Average
M. Bülter,72,72,29,FC Schalke 04,Germany,"ST,LM",2300000,20000,79,73,66,73,45,73,Adult,Average
M. Pulkrab,72,75,25,SV Sandhausen,Czech Republic,ST,3100000,7000,67,70,54,63,32,78,Adult,Average
D. Fagundez,72,72,27,Austin FC,Uruguay,"LM,RM",2500000,7000,73,65,70,75,39,61,Adult,Average
K. Stafylidis,72,72,28,VfL Bochum 1848,Greece,"LB,RB,CDM",2100000,17000,69,63,66,70,70,69,Adult,Average
U. Garcia,72,74,26,BSC Young Boys,Switzerland,"LB,LM",2700000,15000,79,42,62,69,66,76,Adult,Average
T. Wiesner,72,75,24,AC Sparta Praha,Czech Republic,"RB,RM",3000000,650,82,63,67,73,66,62,Adult,Average
H. Dalsgaard,72,72,32,FC Midtjylland,Denmark,"CB,RWB,RB",1500000,18000,72,57,63,67,71,77,Senior,Average
D. Kądzior,72,72,30,Piast Gliwice,Poland,"CF,LM,RM",2300000,9000,89,68,69,74,46,66,Senior,Average
C. Akpom,72,75,26,Middlesbrough,England,ST,3100000,23000,83,71,53,71,29,74,Adult,Average
M. Trauco,72,72,29,San Jose Earthquakes,Peru,"LB,LM",2100000,6000,70,57,71,74,67,74,Adult,Average
A. Laïdouni,72,78,25,Ferencvárosi TC,Tunisia,"CDM,CM",3300000,700,61,57,65,73,65,78,Adult,Average
O. Solbakken,72,78,23,FK Bodø/Glimt,Norway,"RW,LW",3700000,5000,86,67,65,72,37,69,Adult,Average
E. Mas,72,72,33,Estudiantes de La Plata,Argentina,"LB,LWB,LM",1200000,9000,78,60,64,69,69,75,Senior,Average
S. Bolat,72,72,33,KVC Westerlo,Turkey,GK,750000,7000,68,76,74,68,44,73,Senior,Average
Loren,72,72,28,Real Betis Balompié,Spain,ST,2400000,18000,67,72,60,70,31,72,Adult,Average
Carlos Mané,72,72,28,Yukatel Kayserispor,Portugal,"RW,LW,LM",2400000,15000,90,67,65,78,41,48,Adult,Average
P. Ortíz,72,72,32,CS Emelec,Ecuador,GK,1200000,550,74,70,69,74,26,71,Senior,Average
N. Maraš,72,77,26,Deportivo Alavés,Serbia,CB,3100000,17000,64,37,51,56,72,75,Adult,Average
A. Aouchiche,72,79,19,FC Lorient,France,"LM,CAM,CM",4600000,8000,68,63,72,74,56,60,Young,Average
S. Kagawa,72,72,33,Sint-Truidense VV,Japan,"CAM,CF,CM",1500000,11000,56,64,73,75,52,39,Senior,Average
Leonardo,72,76,25,Ulsan Hyundai FC,Brazil,ST,3300000,9000,75,74,58,69,31,65,Adult,Average
R. Pérez,72,72,32,Club Atlético Talleres,Colombia,CB,1500000,11000,59,43,51,61,70,84,Senior,Average
M. Thiam,72,72,29,Yukatel Kayserispor,Senegal,"LM,ST,LW",2300000,14000,75,72,66,72,26,73,Adult,Average
S. Klaiber,72,72,27,FC Utrecht,Suriname,RWB,2300000,11000,79,63,68,65,68,77,Adult,Average
M. Tavernier,72,80,23,AFC Bournemouth,England,"CAM,CM",5000000,28000,78,65,69,74,59,61,Adult,Average
G. Kotsiras,72,72,29,Panathinaikos FC,Greece,RB,2100000,650,83,50,68,70,67,69,Adult,Average
D. Machado,72,72,28,Racing Club de Lens,Colombia,"LWB,LB",2100000,21000,84,55,64,71,65,70,Adult,Average
C. Schindler,72,72,32,1. FC Nürnberg,Germany,CB,1500000,9000,60,33,55,56,74,73,Senior,Average
D. Johnson,72,72,29,Preston North End,Jamaica,"CAM,CM",2300000,26000,74,69,71,73,55,66,Adult,Average
R. Botta,72,72,32,Bari,Argentina,"CAM,RM,CF",1900000,4000,80,72,72,76,38,65,Senior,Average
L. Zanimacchia,72,78,23,US Cremonese,Italy,RM,3700000,49000,69,72,70,69,29,55,Adult,Average
L. Júnior,72,72,31,RCD Mallorca,Côte d'Ivoire,LM,1900000,18000,89,69,61,71,34,72,Senior,Average
M. Clarke,72,76,25,Middlesbrough,England,CB,2900000,18000,52,37,53,62,71,79,Adult,Average
I. Thelin,72,72,30,Malmö FF,Sweden,ST,2300000,7000,59,71,61,66,37,83,Senior,Average
B. Tetteh,72,76,24,Hull City,Ghana,"ST,LM",3400000,13000,80,67,58,70,24,78,Adult,Average
José Machín,72,74,25,AC Monza,Equatorial Guinea,CM,2900000,30000,62,63,70,72,58,65,Adult,Average
D. Hovorka,72,72,28,SK Slavia Praha,Czech Republic,CB,2000000,900,65,39,63,66,71,65,Adult,Average
T. Kalas,72,73,29,Bristol City,Czech Republic,CB,2200000,23000,71,47,56,64,71,76,Adult,Average
M. Cuero,72,72,29,Club Atlético Banfield,Colombia,"RM,LM",2300000,12000,90,67,65,73,28,63,Adult,Average
E. Viviano,72,72,36,Fatih Karagümrük S.K.,Italy,GK,250000,9000,70,72,69,72,35,74,Senior,Average
A. Pulido,72,72,31,Sporting Kansas City,Mexico,ST,2000000,7000,73,72,65,73,37,71,Senior,Average
Aitor Sanz,72,72,37,CD Tenerife,Spain,"CM,CDM",750000,6000,53,66,71,69,70,72,Senior,Average
T. Haye,72,73,27,SC Heerenveen,Netherlands,"CM,CDM",2700000,7000,58,63,76,72,57,63,Adult,Average
Carlinhos,72,72,28,Portimonense SC,Brazil,"CM,CAM",2300000,7000,68,68,72,74,55,73,Adult,Average
S. Schonlau,72,73,27,Hamburger SV,Germany,CB,2400000,10000,58,41,53,58,74,75,Adult,Average
P. Ciurria,72,73,27,AC Monza,Italy,"CF,ST,CM",2700000,34000,76,71,67,74,31,58,Adult,Average
C. Gruezo,72,75,27,FC Augsburg,Ecuador,"CDM,CM",2700000,18000,61,46,61,67,68,73,Adult,Average
Joan Sastre,72,77,25,PAOK,Spain,"RB,LB",3200000,900,77,41,59,67,69,64,Adult,Average
D. Olaru,72,77,24,FCSB (Steaua),Romania,"CM,CAM,RW",3500000,11000,82,70,72,73,63,79,Adult,Average
M. Vidangossy,72,72,35,Unión La Calera,Chile,"CAM,LM,RM",950000,3000,76,63,69,76,27,62,Senior,Average
M. Vitík,72,82,19,AC Sparta Praha,Czech Republic,"CB,RB",4700000,500,66,39,54,57,73,71,Young,Average
D. Rubio,72,72,29,Colorado Rapids,Chile,"ST,CAM",2300000,8000,66,73,65,72,47,73,Adult,Average
M. Sáček,72,74,25,AC Sparta Praha,Czech Republic,"CDM,CM",2600000,700,74,63,71,75,67,71,Adult,Average
S. Moore,72,76,25,Nashville SC,United States,"RB,RM",3000000,6000,90,59,62,70,62,76,Adult,Average
A. Traoré,72,72,27,Ferencvárosi TC,Mali,"RW,CAM",2500000,900,86,69,60,74,23,59,Adult,Average
F. Miretti,72,87,18,Juventus,Italy,"CM,CDM",5500000,20000,76,59,74,76,63,71,Young,Average
A. Cordaz,72,72,39,Inter,Italy,GK,250000,16000,67,71,62,74,26,72,Senior,Average
N. Fernández,72,75,26,Defensa y Justicia,Argentina,"ST,LW,RW",3100000,13000,85,69,61,76,38,65,Adult,Average
S. Aydoğdu,72,72,31,Antalyaspor,Turkey,"CM,CDM",1900000,19000,63,68,74,72,64,64,Senior,Average
A. Reca,72,72,27,Spezia,Poland,"LWB,LM,LB",2300000,12000,78,57,66,70,67,66,Adult,Average
J. Stage,72,74,25,SV Werder Bremen,Denmark,"CM,RM",2900000,17000,71,65,69,71,71,81,Adult,Average
Vanderleiton,72,72,22,Santos,Brazil,CB,2400000,15000,62,46,57,57,72,68,Young,Average
F. Zampano,72,72,28,Venezia FC,Italy,"RB,LB",2100000,4000,79,45,66,72,64,71,Adult,Average
J. Stanislas,72,72,32,AFC Bournemouth,England,"LW,LM,RW",1900000,34000,69,71,71,72,36,52,Senior,Average
A. Bamba,72,72,28,FC Nantes,France,"LM,RM,CM",2400000,19000,84,62,68,74,40,59,Adult,Average
P. De Blasis,72,72,34,FC Cartagena,Argentina,"CAM,CM",1100000,7000,71,72,68,77,63,48,Senior,Average
H. Toffolo,72,73,26,Nottingham Forest,England,"LWB,LB",2500000,36000,76,52,62,65,66,72,Adult,Average
M. Thiaw,72,83,20,AC Milan,Germany,CB,4800000,24000,73,47,60,65,71,73,Young,Average
D. Odoi,72,72,34,Club Brugge KV,Ghana,"RB,CDM",850000,16000,73,53,68,73,68,72,Senior,Average
G. Akkan,72,74,27,MKE Ankaragücü,Turkey,GK,2100000,8000,71,68,66,76,48,74,Adult,Average
L. Lerager,72,72,28,F.C. København,Denmark,CM,2300000,18000,55,67,68,68,71,80,Adult,Average
A. Gunn,72,76,26,Norwich City,England,GK,2500000,22000,73,70,68,74,48,70,Adult,Average
O. Tymchyk,72,76,25,Dynamo Kyiv,Ukraine,RB,3000000,650,87,41,64,63,69,53,Adult,Average
D. Okereke,72,77,24,US Cremonese,Nigeria,"ST,RW,LW",3600000,10000,87,68,54,75,26,67,Adult,Average
L. Vázquez,72,82,21,Boca Juniors,Argentina,ST,5500000,10000,69,71,62,69,27,71,Young,Average
E. Kawashima,72,72,39,RC Strasbourg Alsace,Japan,GK,250000,8000,72,71,72,71,43,71,Senior,Average
J. Ryerson,72,76,24,1. FC Union Berlin,Norway,"RWB,CDM",3100000,16000,70,59,64,69,69,76,Adult,Average
S. Kingsley,72,73,27,Heart of Midlothian,Scotland,"CB,LWB,LB",2400000,6000,63,55,70,71,72,73,Adult,Average
J. Torres,72,76,25,Club Atlético Sarmiento,Argentina,ST,3300000,10000,61,71,54,67,23,70,Adult,Average
Kainho Selva,72,72,22,Atlético Clube Goianiense,Brazil,CB,2400000,8000,66,30,49,61,73,73,Young,Average
Mario Suárez,72,72,35,Rayo Vallecano,Spain,"CDM,CM,CB",650000,10000,36,65,70,64,68,73,Senior,Average
C. Álvarez,72,72,36,Real Zaragoza,Argentina,GK,250000,4000,74,68,67,73,46,74,Senior,Average
A. Touré,72,73,28,Genoa,France,"CDM,CM",2300000,4000,39,56,59,58,74,80,Adult,Average
K. Laifis,72,72,29,Standard de Liège,Cyprus,CB,2000000,12000,64,58,64,68,72,74,Adult,Average
E. Pavez,72,72,32,Colo-Colo,Chile,"CDM,CM",1600000,5000,79,65,68,71,67,81,Senior,Average
E. Vignato,72,82,21,Bologna,Italy,CAM,5500000,16000,72,61,72,76,39,47,Young,Average
M. Boyle,72,72,29,Hibernian,Australia,"RM,ST",2300000,7000,92,69,62,72,45,59,Adult,Average
Y. Akgün,72,78,21,Galatasaray SK,Turkey,"RW,CAM,RM",3800000,33000,82,67,65,77,29,53,Young,Average
B. Rovira,72,76,25,Club Deportes Tolima,Colombia,"CDM,CM",3000000,3000,59,57,65,62,74,76,Adult,Average
M. Esser,72,72,34,VfL Bochum 1848,Germany,GK,400000,13000,73,71,66,74,38,70,Senior,Average
J. Pinola,72,72,39,River Plate,Argentina,"CB,LB",425000,8000,65,61,70,70,70,76,Senior,Average
Jesé,72,72,29,MKE Ankaragücü,Spain,"LW,ST,RW",2300000,13000,75,71,69,73,25,69,Adult,Average
Gregore,72,72,28,Inter Miami CF,Brazil,"CDM,CM",2100000,6000,76,55,64,68,71,83,Adult,Average
Quini,72,72,32,Granada CF,Spain,"RB,LB",1600000,8000,71,60,65,69,69,61,Senior,Average
M. Hongla,72,78,24,Hellas Verona,Cameroon,"CM,CDM",3700000,16000,79,69,69,75,66,77,Adult,Average
J. Price,72,72,29,Colorado Rapids,England,"CDM,CM",2000000,6000,47,51,74,65,65,74,Adult,Average
Daniel Figueira,72,79,23,Estoril Praia,Portugal,GK,4000000,4000,72,68,67,74,27,71,Adult,Average
T. Buchanan,72,78,23,Club Brugge KV,Canada,"RM,LM,CM",3700000,15000,92,62,60,74,55,64,Adult,Average
Lyanco,72,79,25,Southampton,Brazil,CB,4300000,30000,64,36,52,58,73,70,Adult,Average
T. Goiginger,72,72,29,LASK Linz,Austria,"RM,LM,CF",2300000,20000,80,69,69,70,35,62,Adult,Average
Igor Madinha,72,72,26,São Paulo,Brazil,"RM,CAM",2600000,25000,94,61,63,73,27,57,Adult,Average
H. Souttar,72,77,23,Stoke City,Australia,CB,3200000,16000,39,28,50,58,73,76,Adult,Average
Sergi Canós,72,74,25,Brentford,Spain,"LW,RWB,LWB",2900000,33000,71,69,69,75,55,69,Adult,Average
M. Miazga,72,74,26,FC Cincinnati,United States,CB,2600000,6000,48,26,47,57,73,77,Adult,Average
A. Zorgane,72,79,22,Royal Charleroi S.C.,Algeria,"CM,CDM",4700000,10000,60,69,70,70,66,80,Young,Average
M. Mohammadi,72,72,28,AEK Athens,Iran,"LB,LM",2100000,900,84,59,67,72,66,71,Adult,Average
H. Magnetti,72,76,24,Stade Brestois 29,France,"CDM,CM",3100000,13000,52,49,66,71,66,75,Adult,Average
J. Scally,72,82,19,Borussia Mönchengladbach,United States,"RB,LB",4800000,9000,76,43,62,70,69,69,Young,Average
Pablo Santos,72,72,30,Al Raed,Brazil,CB,1900000,13000,62,39,45,53,73,74,Senior,Average
Pol Lozano,72,81,22,RCD Espanyol de Barcelona,Spain,"CDM,CM",5000000,11000,73,60,68,69,65,74,Young,Average
F. Ferreyra,72,72,31,Club Atlético Independiente,Argentina,ST,2000000,12000,59,73,59,73,30,66,Senior,Average
M. van Bergen,72,78,22,Stade de Reims,Netherlands,"RW,ST,LW",3800000,16000,86,66,65,73,27,56,Young,Average
André Milazisco,72,72,26,São Paulo,Brazil,GK,1900000,19000,77,64,62,77,34,66,Adult,Average
J. Glesnes,72,74,28,Philadelphia Union,Norway,CB,2400000,6000,56,55,56,60,72,81,Adult,Average
J. Elliott,72,75,26,Philadelphia Union,England,"CB,CDM",2700000,6000,52,24,48,50,73,79,Adult,Average
M. Balikwisha,72,80,21,Royal Antwerp FC,Belgium,"LW,CAM,ST",5500000,13000,85,66,69,75,33,60,Young,Average
Alminho Boas,72,72,26,Clube Atlético Mineiro,Brazil,"CDM,CM,CB",2300000,22000,60,39,62,66,69,76,Adult,Average
J. de Wijs,72,74,27,Fortuna Düsseldorf,Netherlands,CB,2500000,16000,52,51,50,48,72,82,Adult,Average
Francisco Conceição,72,86,19,Ajax,Portugal,RW,5500000,8000,79,61,66,80,32,44,Young,Average
Joãozinho,72,72,32,Estoril Praia,Portugal,LB,1600000,6000,68,56,65,68,68,72,Senior,Average
Jordi Quintillà,72,72,28,FC St. Gallen 1879,Spain,"CDM,CM",2100000,9000,68,68,73,74,65,68,Adult,Average
B. Perlaza,72,72,30,Club Atlético Colón,Colombia,"CDM,CM",2000000,10000,57,51,59,61,73,85,Senior,Average
I. Díaz,72,76,25,C.D. Universidad Católica del Ecuador,Panama,"ST,LW",3300000,800,87,69,58,73,34,75,Adult,Average
A. Sabiri,72,77,25,U.C. Sampdoria,Morocco,"CAM,CM,LM",3400000,14000,60,69,69,77,56,65,Adult,Average
Elady,72,72,31,CD Tenerife,Spain,"ST,LM,RM",2000000,9000,75,72,65,74,39,70,Senior,Average
F. Gulbrandsen,72,72,29,Adana Demirspor,Norway,"ST,LW",2300000,18000,85,71,61,74,36,77,Adult,Average
S. Denswil,72,72,29,Trabzonspor,Netherlands,"CB,LB",2000000,23000,57,56,67,65,74,74,Adult,Average
Iza Carcelén,72,72,29,Cádiz CF,Spain,"RB,RM",2100000,19000,77,58,68,69,67,69,Adult,Average
V. Fischer,72,72,28,Royal Antwerp FC,Denmark,"LW,CAM",2400000,17000,72,66,71,75,35,64,Adult,Average
J. Rothwell,72,73,27,AFC Bournemouth,England,CM,2700000,32000,77,62,70,75,60,67,Adult,Average
L. Villafañez,72,72,30,APOEL Nicosia FC,Argentina,"CAM,CM,LW",2300000,950,73,67,72,75,42,56,Senior,Average
P. Seguin,72,73,27,1. FC Union Berlin,Germany,CM,2700000,21000,61,59,68,71,68,76,Adult,Average
Son,72,72,28,Levante Unión Deportiva,Spain,"RB,RWB,LWB",2100000,9000,87,56,65,69,64,76,Adult,Average
J. Risdon,72,72,29,Western United FC,Australia,RB,2100000,3000,75,49,61,66,69,82,Adult,Average
J. Dilrosun,72,77,24,Feyenoord,Netherlands,"RW,LW,CAM",3500000,8000,86,63,64,78,43,53,Adult,Average
M. Vušković,72,83,20,Hamburger SV,Croatia,CB,4800000,7000,65,33,46,47,72,74,Young,Average
Vako,72,72,29,Ulsan Hyundai FC,Georgia,"LW,LM,CAM",2300000,10000,74,69,68,77,36,65,Adult,Average
L. Tonelli,72,72,32,Empoli,Italy,CB,1500000,8000,54,31,43,58,75,66,Senior,Average
B. Hamid,72,72,31,D.C. United,United States,GK,1200000,5000,74,66,67,74,40,72,Senior,Average
A. Hutchinson,72,72,39,Beşiktaş JK,Canada,"CM,CDM",750000,22000,52,65,73,70,73,69,Senior,Average
T. Sainsbury,72,72,30,Free agent,Australia,CB,0,0,64,58,56,54,74,75,Senior,Average
V. Pálsson,72,72,31,D.C. United,Iceland,"CDM,CM",1600000,6000,73,56,59,60,74,82,Senior,Average
J. Lukaku,72,72,27,SD Ponferradina,Belgium,"LM,LB,LWB",2500000,8000,85,61,67,73,67,78,Adult,Average
Aketxe,72,72,28,SD Eibar,Spain,"CAM,RM",2400000,9000,60,77,78,72,44,59,Adult,Average
L. Fomba,72,79,24,Nîmes Olympique,France,"CDM,CM",4400000,5000,68,52,63,73,72,79,Adult,Average
M. Wakaso,72,72,31,KAS Eupen,Ghana,"CM,LM",1900000,10000,83,69,69,72,69,84,Senior,Average
D. Biraschi,72,74,27,Fatih Karagümrük S.K.,Italy,"CB,RB",2500000,4000,61,36,61,69,75,69,Adult,Average
N. Haikin,72,75,26,FK Bodø/Glimt,Russia,GK,2400000,3000,73,68,71,73,51,71,Adult,Average
Teixe Gaúcho,72,72,22,Cuiabá,Brazil,CB,2400000,10000,73,50,63,67,71,75,Young,Average
Pedro Rebocho,72,73,27,Lech Poznań,Portugal,LB,2500000,8000,77,57,68,72,67,73,Adult,Average
G. Courtet,72,72,33,En Avant de Guingamp,France,ST,1500000,8000,65,75,64,70,27,69,Senior,Average
F. Ballo-Touré,72,76,25,AC Milan,Senegal,LB,3000000,32000,85,51,67,71,67,72,Adult,Average
C. Ekuban,72,72,28,Genoa,Ghana,"ST,RM",2400000,5000,87,68,65,71,28,84,Adult,Average
A. Valera,72,75,26,Al Fateh,Peru,ST,3100000,23000,69,75,52,69,28,69,Adult,Average
A. Yiadom,72,72,30,Reading,Ghana,"RWB,RB,CB",2000000,14000,80,53,61,70,68,77,Senior,Average
Raúl Guti,72,77,25,Elche CF,Spain,"CM,CDM",3400000,14000,66,67,70,69,67,78,Adult,Average
A. Guðmundsson,72,75,25,Genoa,Iceland,"RM,RW,CAM",3100000,4000,83,65,66,77,34,68,Adult,Average
C. Tzolis,72,80,20,FC Twente,Greece,"LW,RW",5000000,25000,86,69,63,73,35,63,Young,Average
C. Gonzáles,72,72,29,Al Adalah,Peru,"CAM,LW,CM",2300000,16000,68,72,69,76,56,54,Adult,Average
W. Gargano,72,72,37,Club Atlético Peñarol,Uruguay,"CDM,CM",450000,500,64,55,72,61,71,71,Senior,Average
J. Tagueu,72,72,28,Clube Sport Marítimo,Cameroon,"ST,LW",2400000,10000,70,70,58,70,29,70,Adult,Average
Álvaro Tejero,72,75,25,SD Eibar,Spain,"RB,LB",2900000,7000,80,64,67,71,65,69,Adult,Average
E. Matazo,72,83,20,AS Monaco,Belgium,"CM,CDM",5000000,23000,73,58,70,75,65,69,Young,Average
J. Karlström,72,74,27,Lech Poznań,Sweden,CDM,2500000,8000,67,54,65,67,69,81,Adult,Average
Hugo Rubiães,72,72,26,Fluminense,Brazil,"CDM,RB",2300000,15000,67,61,61,69,75,66,Adult,Average
G. Zahid,72,72,27,MKE Ankaragücü,Norway,"CAM,CM",2500000,11000,74,63,71,74,35,64,Adult,Average
V. Nsimba,72,72,28,FC Girondins de Bordeaux,Congo DR,LB,2100000,7000,83,58,64,71,65,59,Adult,Average
Y. Ndayishimiye,72,80,23,İstanbul Başakşehir FK,Burundi,"CB,CDM,CM",4900000,20000,73,48,64,71,71,76,Adult,Average
M. Cafaro,72,75,25,AS Saint-Étienne,France,"LM,RM,CM",3100000,12000,75,68,70,75,47,62,Adult,Average
N. Petrović,72,81,22,Granada CF,Serbia,"CDM,CM",5000000,7000,58,51,68,63,68,76,Young,Average
H. Villalba,72,72,27,Club Libertad,Paraguay,"RM,LM,RW",2500000,750,88,71,65,75,45,61,Adult,Average
O. Kiteishvili,72,74,26,SK Sturm Graz,Georgia,"CAM,CM,LM",2900000,16000,73,67,69,75,67,61,Adult,Average
Fábio Melitinho,72,72,26,Fluminense,Brazil,"CAM,LM",2600000,17000,46,73,75,75,24,56,Adult,Average
O. Nwobodo,72,76,25,FC Cincinnati,Nigeria,"CDM,CM",3000000,6000,82,62,62,70,73,74,Adult,Average
L. Dimata,72,74,24,N.E.C. Nijmegen,Belgium,ST,3100000,13000,76,70,63,69,39,78,Adult,Average
L. Castro,72,72,33,Club Atlético Sarmiento,Argentina,"CM,CAM",1400000,10000,66,68,73,74,64,66,Senior,Average
M. Estigarribia,72,72,34,Club Sol de América,Paraguay,"LM,CM,RM",1100000,700,75,65,71,70,63,70,Senior,Average
Alam Basteirinho,72,72,30,Santos,Brazil,CAM,2300000,19000,62,65,72,73,36,53,Senior,Average
C. Zapata,72,72,35,San Lorenzo de Almagro,Colombia,CB,625000,7000,37,33,47,59,73,73,Senior,Average
K. Davis,72,77,24,Watford,England,ST,3600000,45000,69,69,54,72,43,82,Adult,Average
A. Jahanbakhsh,72,72,28,Feyenoord,Iran,RW,2400000,10000,77,72,68,74,43,69,Adult,Average
K. Nordfeldt,72,72,33,AIK,Sweden,GK,750000,5000,70,70,72,72,50,71,Senior,Average
A. Trubin,72,80,20,Shakhtar Donetsk,Ukraine,GK,4400000,500,66,72,67,77,36,71,Young,Average
M. Sarkaria,72,74,25,SK Sturm Graz,Austria,"CAM,RM,ST",2900000,15000,82,70,70,73,34,66,Adult,Average
O. Popescu,72,85,19,FCSB (Steaua),Romania,"LW,CAM",5500000,8000,82,68,69,76,31,59,Young,Average
D. Bachmann,72,72,27,Watford,Austria,GK,1800000,22000,71,67,71,73,45,70,Adult,Average
H. Moukoudi,72,77,24,AEK Athens,Cameroon,CB,3200000,750,43,32,52,49,72,78,Adult,Average
J. Lewis,72,77,24,Newcastle United,Northern Ireland,"LB,LWB",3300000,40000,74,53,65,73,69,66,Adult,Average
H. Menosse,72,72,35,Club Atlético Peñarol,Uruguay,CB,625000,500,50,44,43,41,75,78,Senior,Average
João Bruinheira,72,72,34,América Futebol Clube,Brazil,GK,400000,9000,71,63,77,75,33,74,Senior,Average
J. Vásquez,72,81,23,US Cremonese,Mexico,"CB,LB",4900000,3000,65,32,57,56,74,75,Adult,Average
S. Hakšabanović,72,81,23,Celtic,Montenegro,LW,5000000,33000,76,67,69,75,29,59,Adult,Average
S. Rojas,72,76,26,Club Nacional,Paraguay,GK,2500000,500,72,67,70,74,25,73,Adult,Average
L. Andersen,72,72,27,Aalborg BK,Denmark,"LW,ST",2500000,13000,73,68,71,74,36,56,Adult,Average
M. Cuisance,72,81,22,Venezia FC,France,"CM,CAM",5000000,4000,71,66,76,76,53,62,Young,Average
J. Dudziak,72,73,26,SpVgg Greuther Fürth,Tunisia,"CAM,CM",2800000,9000,73,62,72,77,65,66,Adult,Average
M. Chanot,72,72,32,New York City FC,Luxembourg,CB,1500000,6000,51,49,48,50,71,79,Senior,Average
A. Traoré,72,73,27,Hull City,Mali,"CAM,CM,RW",2700000,14000,78,62,73,75,61,67,Adult,Average
M. Moreno Martins,72,72,35,Club Cerro Porteño,Bolivia,ST,1000000,650,54,78,63,67,35,75,Senior,Average
Paulinho,72,76,25,Al Fayha,Brazil,CM,3200000,23000,77,64,66,77,66,71,Adult,Average
A. Pérez,72,74,28,GZT Giresunspor,Colombia,"CB,LB",2400000,11000,68,33,52,58,72,76,Adult,Average
Kauã Abranches,72,72,26,Fortaleza,Brazil,"CAM,RM,RB",2600000,11000,84,64,67,73,51,61,Adult,Average
H. Delcroix,72,78,23,RSC Anderlecht,Belgium,CB,3400000,13000,71,33,61,62,72,70,Adult,Average
Eduardo Santos,72,76,24,SK Slavia Praha,Brazil,"CB,RB",3000000,750,68,45,59,66,72,74,Adult,Average
Kim Tae Hwan,72,72,32,Ulsan Hyundai FC,Korea Republic,"RB,RWB",1600000,8000,87,53,62,67,64,80,Senior,Average
D. Alemdar,72,80,19,Stade Rennais FC,Turkey,GK,4400000,9000,71,70,69,71,38,73,Young,Average
F. Stojković,72,72,29,LASK Linz,Montenegro,"RB,CB,RWB",2100000,19000,70,42,69,66,69,77,Adult,Average
M. Eriksson,72,72,32,Djurgårdens IF,Sweden,CM,1800000,7000,51,69,75,68,53,81,Senior,Average
Portillo,72,72,32,Unión Deportiva Almería,Spain,"RM,LM",1900000,18000,64,69,74,73,55,62,Senior,Average
André Ferreira,72,77,26,Granada CF,Portugal,GK,2700000,7000,72,69,65,75,38,72,Adult,Average
Kelivelson,72,72,26,Ceará Sporting Club,Brazil,"CDM,RB,RM",2300000,10000,70,47,66,62,72,74,Adult,Average
M. Fares,72,73,26,Lazio,Algeria,"LW,LM",2800000,33000,75,63,67,75,67,68,Adult,Average
P. Ceccaroni,72,75,26,Venezia FC,Italy,CB,2700000,4000,69,30,52,54,74,72,Adult,Average
B. Cortés,72,74,27,Colo-Colo,Chile,GK,2100000,4000,73,69,71,75,48,68,Adult,Average
R. Thelander,72,72,30,Ferencvárosi TC,Denmark,CB,1900000,750,45,30,46,43,71,81,Senior,Average
E. Durm,72,72,30,1. FC Kaiserslautern,Germany,"RB,LB",2000000,9000,71,55,65,68,68,67,Senior,Average
A. Čermák,72,73,27,FC Viktoria Plzeň,Czech Republic,"CAM,CM",2700000,850,66,67,73,72,43,62,Adult,Average
L. Baker,72,73,27,Stoke City,England,"CM,CDM",2700000,21000,66,69,72,72,66,71,Adult,Average
L. Henderson,72,75,26,Empoli,Scotland,"CM,CAM,CF",3000000,9000,73,64,69,72,65,76,Adult,Average
T. Alarcón,72,81,23,Cádiz CF,Chile,"CDM,CB,CM",4900000,16000,62,52,62,61,70,73,Adult,Average
G. Burgstaller,72,72,33,SK Rapid Wien,Austria,ST,1500000,23000,59,73,66,67,39,80,Senior,Average
C. Njie,72,72,28,Demir Grup Sivasspor,Cameroon,"LW,RW,ST",2400000,15000,84,68,63,76,32,63,Adult,Average
D. Maeda,72,77,24,Celtic,Japan,"LW,ST",3500000,33000,91,73,61,70,45,69,Adult,Average
F. Mattiello,72,72,26,Go Ahead Eagles,Italy,"RB,RM,LM",2300000,7000,72,64,70,73,69,60,Adult,Average
M. Bianchetti,72,73,29,US Cremonese,Italy,CB,2200000,10000,61,35,56,59,73,74,Adult,Average
Curro Sánchez,72,73,26,Burgos CF,Spain,"RM,CAM,CM",2800000,7000,76,72,70,73,41,48,Adult,Average
S. Pedroza,72,80,23,Al Batin,Colombia,"CDM,CM",4900000,10000,71,63,70,67,69,71,Adult,Average
N. Moisander,72,72,36,Malmö FF,Finland,CB,425000,5000,45,50,68,67,74,68,Senior,Average
S. Adegbenro,72,72,26,Beijing Guoan FC,Nigeria,"ST,LW,RW",2600000,15000,90,69,62,76,39,74,Adult,Average
Leordinho Paes,72,72,22,Santos,Brazil,"CAM,LM",2800000,16000,69,64,73,73,43,54,Young,Average
J. Cabrera,72,72,30,Argentinos Juniors,Uruguay,"RM,LM,RWB",2300000,10000,73,62,67,75,51,70,Senior,Average
Kiko Olivas,72,72,33,FC Cartagena,Spain,CB,1100000,7000,46,49,60,59,73,73,Senior,Average
M. Melluso,72,78,24,Gimnasia y Esgrima La Plata,Argentina,"LB,LWB",3500000,10000,78,44,61,71,68,65,Adult,Average
J. Blaswich,72,72,31,RB Leipzig,Germany,GK,1200000,23000,71,70,67,76,43,72,Senior,Average
Talles Magno,72,84,20,New York City FC,Brazil,"LM,CF",5500000,5000,82,61,60,80,37,62,Young,Average
A. Grassi,72,73,27,Empoli,Italy,"CM,CDM",2700000,4000,64,63,70,73,67,63,Adult,Average
Josué,72,72,31,Legia Warszawa,Portugal,"CAM,CM,CF",1900000,8000,37,69,76,75,51,59,Senior,Average
J. Mensah,72,72,31,Columbus Crew,Ghana,CB,1600000,6000,61,46,56,54,70,80,Senior,Average
S. Kapino,72,74,28,DSC Arminia Bielefeld,Greece,GK,2000000,11000,73,67,66,77,41,71,Adult,Average
C. Hourihane,72,72,31,Derby County,Republic of Ireland,"CM,CDM",1900000,7000,55,68,73,69,65,72,Senior,Average
A. Cicâldău,72,75,24,Free agent,Romania,"CM,CAM",0,0,66,69,74,72,62,69,Adult,Average
Lázaro,72,85,20,Unión Deportiva Almería,Brazil,"LM,CM,RM",5500000,13000,69,58,68,73,38,59,Young,Average
T. Jantschke,72,72,32,Borussia Mönchengladbach,Germany,"CB,RB",1500000,18000,64,41,62,66,73,70,Senior,Average
Dani Raba,72,73,26,CD Leganés,Spain,"RM,RW",2800000,10000,62,71,71,73,38,56,Adult,Average
Akieme,72,79,24,Unión Deportiva Almería,Spain,"LB,LWB,LM",4500000,14000,79,44,57,69,68,70,Adult,Average
Iván Jaime,72,82,21,Futebol Clube de Famalicão,Spain,"CAM,ST,LW",5500000,6000,72,70,67,73,50,61,Young,Average
A. Linde,72,74,28,SpVgg Greuther Fürth,Sweden,GK,2000000,7000,75,68,66,75,48,73,Adult,Average
Iñaki Peña,72,81,23,FC Barcelona,Spain,GK,4500000,44000,71,67,76,72,35,71,Adult,Average
F. Lustenberger,72,72,34,BSC Young Boys,Switzerland,CB,750000,15000,39,37,58,61,73,71,Senior,Average
Sebas Couteira,72,72,22,Club Athletico Paranaense,Brazil,"CAM,RM",2800000,10000,74,62,72,74,42,52,Young,Average
Dersan Dinis,72,72,30,Palmeiras,Brazil,RW,2300000,27000,78,66,69,67,52,68,Senior,Average
B. Cufré,72,77,25,RCD Mallorca,Argentina,"LB,LM",3200000,16000,78,64,69,69,68,75,Adult,Average
Y. Bodiger,72,74,27,Granada CF,France,"CDM,CM,CAM",2500000,8000,52,58,69,66,70,74,Adult,Average
Samú Costa,72,81,21,Unión Deportiva Almería,Portugal,"CDM,CM",5000000,12000,64,63,66,67,69,73,Young,Average
Ailton Valpaços,72,72,30,São Paulo,Brazil,"CB,CDM",1900000,23000,64,58,60,63,71,76,Senior,Average
M. Rangel,72,72,31,Club Deportes Tolima,Colombia,ST,2000000,4000,54,76,59,66,36,73,Senior,Average
R. Pröpper,72,73,28,FC Twente,Netherlands,CB,2200000,10000,48,53,61,56,72,77,Adult,Average
T. Rincón,72,72,34,U.C. Sampdoria,Venezuela,"CM,CDM",1100000,14000,60,59,70,71,72,75,Senior,Average
Aurélio Buta,72,75,25,Eintracht Frankfurt,Portugal,"RM,RWB",3100000,18000,93,59,66,74,64,68,Adult,Average
Gil Dias,72,73,25,SL Benfica,Portugal,"LW,RW,LB",2800000,10000,76,66,69,75,63,66,Adult,Average
R. Donk,72,72,36,Kasimpaşa SK,Suriname,"CB,CDM",425000,7000,37,65,67,63,72,76,Senior,Average
G. Weissbeck,72,77,25,FC Sochaux-Montbéliard,France,"CAM,RM",3400000,6000,66,70,72,75,46,67,Adult,Average
J. O'Connell,72,74,28,Sheffield United,England,CB,2400000,20000,55,37,63,60,72,73,Adult,Average
T. Chandler,72,72,32,Eintracht Frankfurt,United States,"RM,RWB",1900000,19000,59,69,72,71,73,78,Senior,Average
P. Lavandeira,72,72,32,Club Alianza Lima,Uruguay,"CAM,RM,LM",1900000,850,70,73,69,71,35,59,Senior,Average
J. Stanišić,72,81,22,FC Bayern München,Croatia,"RB,CB",5000000,27000,71,39,58,64,71,69,Young,Average
Z. Ferhat,72,72,29,Aytemiz Alanyaspor,Algeria,"LM,RM",2300000,16000,80,63,70,71,31,70,Adult,Average
Fabiano Sonta,72,72,30,Fluminense,Brazil,"CB,CDM",1900000,15000,46,41,56,53,74,71,Senior,Average
R. Ábila,72,72,32,Club Atlético Colón,Argentina,ST,1900000,11000,66,71,61,70,32,78,Senior,Average
A. Hrustić,72,75,25,Hellas Verona,Australia,"CM,CDM,RM",3100000,18000,74,68,73,73,60,70,Adult,Average
D. Saba,72,72,29,Demir Grup Sivasspor,Israel,"CAM,ST",2300000,14000,78,71,70,74,29,63,Adult,Average
F. Sierralta,72,77,25,Watford,Chile,CB,3100000,26000,52,30,51,53,70,76,Adult,Average
A. Aguerre,72,72,31,Club Atlético Talleres,Argentina,GK,1200000,9000,73,71,63,74,47,72,Senior,Average
M. Bouldini,72,75,26,Levante Unión Deportiva,Morocco,ST,3100000,10000,80,71,54,69,25,76,Adult,Average
J. Le Douaron,72,76,24,Stade Brestois 29,France,"ST,LM",3400000,16000,70,70,65,71,49,73,Adult,Average
Àlex Corredera,72,75,26,CD Tenerife,Spain,"CM,CAM,RM",3000000,8000,64,65,72,71,55,67,Adult,Average
J. Duque,72,72,35,Atlético Nacional,Colombia,ST,1000000,4000,62,76,57,67,27,68,Senior,Average
R. Schmid,72,79,22,SV Werder Bremen,Austria,CAM,4800000,15000,79,64,68,78,48,55,Young,Average
I. Ugbo,72,78,23,ESTAC Troyes,Canada,ST,3700000,13000,76,70,57,69,29,69,Adult,Average
P. Drewes,72,72,29,SV Sandhausen,Germany,GK,1600000,6000,73,69,65,75,30,71,Adult,Average
Rúben Lameiras,72,72,27,Vitória de Guimarães,Portugal,RW,2500000,9000,76,69,69,76,42,62,Adult,Average
J. Ballón,72,72,34,Club Alianza Lima,Peru,"CDM,CM",800000,750,70,63,69,67,66,77,Senior,Average
A. Ciciretti,72,72,28,Ascoli,Italy,"RW,CAM",2400000,5000,81,68,71,72,40,50,Adult,Average
Juan Iglesias,72,79,23,Getafe CF,Spain,"RB,RM,RWB",4500000,15000,71,37,60,64,70,67,Adult,Average
Guerrero,72,79,24,FC Zürich,Spain,"LWB,LB,LM",4500000,11000,74,67,68,69,69,72,Adult,Average
H. Al Haydos,72,72,31,Free agent,Qatar,"RW,CAM,LW",0,0,79,65,68,75,34,46,Senior,Average
C. Borja,72,72,29,SC Braga,Colombia,LB,2100000,10000,85,50,64,69,67,73,Adult,Average
C. Espinoza,72,72,27,San Jose Earthquakes,Argentina,RM,2500000,7000,81,64,69,73,42,63,Adult,Average
N. Gaitán,72,72,34,FC Paços de Ferreira,Argentina,"CAM,CM",1100000,8000,57,70,74,74,41,46,Senior,Average
A. Barkok,72,78,24,1. FSV Mainz 05,Morocco,"CAM,CF,CM",3700000,17000,76,65,68,78,55,65,Adult,Average
L. Dickmann,72,75,25,SPAL,Italy,RB,2900000,3000,71,53,63,68,69,64,Adult,Average
A. Cadavid,72,72,36,Independiente Medellín,Colombia,CB,425000,2000,31,63,53,49,71,73,Senior,Average
K. Diks,72,75,25,F.C. København,Netherlands,"RB,LB",2900000,15000,75,57,62,70,69,76,Adult,Average
E. Amor,72,74,27,Colo-Colo,Argentina,CB,2500000,5000,51,36,47,52,70,80,Adult,Average
V. Chiricheș,72,72,32,US Cremonese,Romania,CB,1500000,9000,54,61,57,62,74,66,Senior,Average
R. Ledson,72,75,24,Preston North End,England,"CDM,CM",2900000,19000,63,56,69,66,67,74,Adult,Average
M. Rog,72,73,26,Cagliari,Croatia,"CM,CDM",2700000,4000,67,66,72,74,63,68,Adult,Average
Guto Milazar,72,72,30,Flamengo,Brazil,LB,2000000,23000,73,40,61,64,70,58,Senior,Average
F. Mura,72,77,23,Racing Club,Argentina,"RB,LB",3300000,11000,78,54,66,70,67,70,Adult,Average
V. Jemelka,72,74,27,FC Viktoria Plzeň,Czech Republic,"CB,LB",2500000,750,65,43,60,65,72,73,Adult,Average
Wallace,72,74,27,Wuhan Three Towns,Brazil,CB,2500000,13000,68,28,44,49,71,77,Adult,Average
K. Sowah,72,79,22,Club Brugge KV,Ghana,"CF,CAM,LM",4800000,17000,84,69,65,73,44,64,Young,Average
Paulinho,72,72,27,Shanghai Port FC,Brazil,"ST,CM",2500000,15000,81,71,73,76,44,67,Adult,Average
Leandro Vivenço,72,72,22,RB Bragantino,Brazil,ST,2800000,12000,75,76,59,75,30,62,Young,Average
F. Mora,72,72,28,Portland Timbers,Chile,ST,2400000,8000,78,71,55,71,27,65,Adult,Average
B. Al Ahbabi,72,72,31,Al Ain FC,United Arab Emirates,"RB,RM",1700000,900,84,51,70,71,64,53,Senior,Average
Nélson Oliveira,72,72,30,PAOK,Portugal,ST,2300000,1000,68,73,64,71,37,74,Senior,Average
T. Monconduit,72,72,31,AS Saint-Étienne,France,"CDM,CM",1600000,7000,50,57,68,66,71,74,Senior,Average
D. Banguero,72,72,32,Atlético Nacional,Colombia,LB,1600000,4000,78,58,63,62,67,80,Senior,Average
Leo Coelho,72,73,29,Club Nacional de Football,Brazil,CB,2200000,650,69,43,57,57,73,73,Adult,Average
L. Négo,72,72,31,Free agent,Hungary,"RM,RB,CM",0,0,80,67,68,71,63,67,Senior,Average
M. Barrios,72,72,31,Colorado Rapids,Colombia,"RM,ST",1900000,7000,85,66,66,75,41,54,Senior,Average
S. Lovrič,72,79,24,Udinese Calcio,Slovenia,"CM,CDM",4700000,11000,53,64,72,70,62,68,Adult,Average
S. Torrico,72,72,42,San Lorenzo de Almagro,Argentina,GK,250000,5000,66,71,72,73,39,76,Senior,Average
S. Schrijvers,72,75,25,Oud-Heverlee Leuven,Belgium,"CM,CF,ST",3100000,11000,67,72,72,73,62,63,Adult,Average
Xavi Torres,72,72,35,CD Lugo,Spain,"CDM,CB",650000,5000,59,60,69,64,69,79,Senior,Average
Luiz Júnior,72,82,21,Futebol Clube de Famalicão,Brazil,GK,4600000,4000,72,71,67,73,30,72,Young,Average
F. Bjørkan,72,77,23,Feyenoord,Norway,LB,3300000,16000,78,52,62,72,66,71,Adult,Average
B. Ndiaye,72,72,31,Adana Demirspor,Senegal,"CM,CDM",1900000,16000,82,69,68,75,70,78,Senior,Average
Jutglà,72,80,23,Club Brugge KV,Spain,"ST,LW",5000000,17000,76,72,58,76,29,74,Adult,Average
M. Lis,72,77,25,ESTAC Troyes,Poland,GK,2700000,24000,74,71,66,75,27,74,Adult,Average
Samu,72,75,26,FC Vizela,Portugal,CM,3000000,5000,73,69,69,77,58,63,Adult,Average
L. Di Plácido,72,72,28,Club Atlético Lanús,Argentina,"RB,RWB,RM",2100000,12000,86,60,63,73,65,71,Adult,Average
M. Hedges,72,72,32,FC Dallas,United States,CB,1500000,6000,41,28,51,53,71,84,Senior,Average
O. Özyakup,72,72,29,Fortuna Sittard,Turkey,"CM,CAM",2300000,12000,57,68,77,77,57,60,Adult,Average
Diego Mariño,72,72,32,Real Sporting de Gijón,Spain,GK,1200000,6000,73,71,66,75,50,68,Senior,Average
L. Da Cunha,72,78,21,OGC Nice,France,"RM,CAM,RW",3800000,20000,76,68,68,74,37,55,Young,Average
H. Barcos,72,72,38,Club Alianza Lima,Argentina,ST,800000,700,53,74,66,66,46,71,Senior,Average
N. Dussenne,72,72,30,Standard de Liège,Belgium,CB,1900000,11000,35,34,52,52,74,74,Senior,Average
R. Coetzee,72,79,25,Mamelodi Sundowns FC,South Africa,"CDM,CB",4300000,850,76,29,63,64,74,64,Adult,Average
M. Villanueva,72,72,29,Vitória de Guimarães,Venezuela,CB,2000000,8000,64,40,59,62,71,82,Adult,Average
C. Cuesta,72,79,23,KRC Genk,Colombia,CB,4400000,10000,74,28,52,64,72,75,Adult,Average
E. Bologna,72,72,40,Club Atlético Banfield,Argentina,GK,250000,5000,74,67,72,74,42,71,Senior,Average
J. Robinson,72,72,28,Sheffield United,England,"CB,LB",2000000,20000,69,41,60,61,72,74,Adult,Average
L. López,72,72,39,Club Atlético Sarmiento,Argentina,"ST,CAM",800000,8000,63,72,70,72,53,60,Senior,Average
B. Özdemir,72,76,24,Ettifaq FC,Turkey,"CDM,CM",3100000,16000,68,60,67,68,71,74,Adult,Average
C. Clark,72,72,32,Sheffield United,Republic of Ireland,CB,1500000,46000,35,51,51,54,73,71,Senior,Average
A. Ali,72,75,25,Free agent,Qatar,ST,0,0,76,74,52,64,23,69,Adult,Average
L. Cacace,72,82,21,Empoli,New Zealand,"LB,LWB",5000000,6000,80,62,65,69,66,77,Young,Average
O. Zubkov,72,73,25,Shakhtar Donetsk,Ukraine,"RW,CAM,LW",2800000,800,83,71,63,72,20,55,Adult,Average
E. Adebayo,72,76,24,Luton Town,England,ST,3400000,23000,73,71,50,68,44,79,Adult,Average
F. Tănase,72,72,27,Free agent,Romania,"CF,ST,CM",0,0,74,72,72,69,42,57,Adult,Average
L. Karius,72,72,29,Newcastle United,Germany,GK,1600000,40000,75,66,72,75,55,70,Adult,Average
A. Alvarado,72,80,23,LDU Quito,Ecuador,"LM,LW,CF",5000000,700,82,68,67,72,53,69,Adult,Average
T. Reijnders,72,77,23,AZ Alkmaar,Netherlands,CM,3500000,7000,79,68,73,75,63,68,Adult,Average
S. Dieng,72,75,27,Queens Park Rangers,Senegal,GK,2300000,18000,70,68,71,75,40,69,Adult,Average
Y. Yotún,72,72,32,Club Sporting Cristal,Peru,"CM,CDM,LM",1800000,750,62,68,74,71,65,76,Senior,Average
H. Calcaterra,72,72,33,Club Sporting Cristal,Peru,"CM,CAM",1400000,750,66,66,76,70,60,63,Senior,Average
G. Suso,72,72,31,Platense,Argentina,CB,1600000,10000,52,41,52,51,73,75,Senior,Average
D. Dąbrowski,72,72,29,Pogoń Szczecin,Poland,CDM,2000000,8000,70,56,68,66,66,81,Adult,Average
S. Byram,72,72,28,Norwich City,England,"LB,RB",2100000,29000,74,57,64,69,70,67,Adult,Average
A. Hansen,72,72,32,Rosenborg BK,Norway,GK,1200000,5000,73,70,72,74,33,72,Senior,Average
T. Walcott,72,72,33,Southampton,England,RM,1500000,35000,74,68,70,74,39,52,Senior,Average
Y. Court,72,72,32,Stade Malherbe Caen,France,"RM,LM,CAM",1900000,7000,68,65,72,72,40,70,Senior,Average
K. Asllani,72,84,20,Inter,Albania,"CDM,CM",5500000,6000,66,61,70,70,69,62,Young,Average
G. González,72,72,27,RCD Mallorca,Uruguay,"RB,RWB,RM",2300000,17000,73,43,61,65,68,71,Adult,Average
S. Beukema,72,80,23,AZ Alkmaar,Netherlands,CB,4900000,7000,66,55,55,60,72,73,Adult,Average
E. Zeballos,72,85,20,Boca Juniors,Argentina,"RW,LW",5500000,10000,85,63,66,77,31,46,Young,Average
J. Paterson,72,72,30,Swansea City,England,"LW,CM,CAM",2300000,23000,75,67,70,73,39,51,Senior,Average
H. Cuypers,72,76,25,KAA Gent,Belgium,ST,3300000,17000,75,72,64,68,26,69,Adult,Average
R. Schunke,72,72,30,Independiente del Valle,Argentina,CB,1900000,800,59,34,52,54,70,80,Senior,Average
B. Šutalo,72,79,22,Dinamo Zagreb,Croatia,CB,4400000,600,61,44,56,63,74,67,Young,Average
G. Donati,72,72,32,AC Monza,Italy,"CB,RWB",1500000,29000,66,42,63,62,72,74,Senior,Average
M. Dæhli,72,73,27,1. FC Nürnberg,Norway,CAM,2700000,10000,77,55,69,80,36,62,Adult,Average
F. Hinestroza,72,72,32,Junior FC,Colombia,"LM,RM",1900000,4000,88,63,67,73,43,66,Senior,Average
M. Wanitzek,72,72,29,Karlsruher SC,Germany,CM,2300000,12000,70,65,74,73,56,67,Adult,Average
W. Cyprien,72,73,27,FC Sion,France,"CDM,CM",2400000,4000,64,69,71,72,70,73,Adult,Average
A. Cambiaso,72,82,22,Bologna,Italy,"LWB,LM,RWB",5000000,44000,74,54,67,71,68,57,Young,Average
S. Kalu,72,75,24,Watford,Nigeria,"LM,RW",3200000,26000,85,64,67,75,34,56,Adult,Average
A. Chatzigiovanis,72,75,25,MKE Ankaragücü,Greece,RW,3100000,12000,81,65,68,74,36,61,Adult,Average
V. Shepelev,72,76,25,Dynamo Kyiv,Ukraine,"CM,CDM",3200000,750,64,63,64,69,65,62,Adult,Average
Um Won Sang,72,80,23,Ulsan Hyundai FC,Korea Republic,"RW,ST,RM",5000000,9000,93,66,58,74,38,67,Adult,Average
B. Dack,72,72,28,Blackburn Rovers,England,"CAM,CM",2400000,31000,70,70,71,75,53,71,Adult,Average
W. Reid,72,72,33,Free agent,New Zealand,CB,0,0,53,51,45,47,74,69,Senior,Average
M. Benassi,72,72,27,Fiorentina,Italy,CM,2500000,33000,54,70,71,75,70,66,Adult,Average
A. Matějů,72,72,26,Palermo,Czech Republic,RB,2300000,4000,73,49,64,68,71,78,Adult,Average
M. Estève,72,82,20,Montpellier Hérault SC,France,CB,4800000,11000,67,33,51,54,72,75,Young,Average
F. Maouassa,72,75,23,Montpellier Hérault SC,France,LB,3000000,14000,78,64,70,74,67,74,Adult,Average
I. Sosa,72,72,35,CD Everton de Viña del Mar,Argentina,"ST,CAM,LW",1000000,3000,75,72,69,72,45,71,Senior,Average
M. Castagnetti,72,72,32,US Cremonese,Italy,"CDM,CM",1600000,9000,57,70,68,68,69,76,Senior,Average
R. Insigne,72,72,28,Frosinone,Italy,"RW,RM",2400000,4000,82,65,71,74,27,40,Adult,Average
P. Rubio,72,72,33,Deportivo Ñublense,Chile,"ST,LW",1500000,7000,72,71,62,70,27,75,Senior,Average
E. Cömert,72,78,24,Valencia CF,Switzerland,CB,3400000,18000,74,49,59,56,70,76,Adult,Average
L. Cháves,72,73,26,Club Atlético Huracán,Argentina,GK,2100000,8000,75,68,67,72,49,72,Adult,Average
Á. Nagy,72,74,27,Pisa,Hungary,"CDM,CM",2500000,4000,68,54,70,73,69,61,Adult,Average
S. Memišević,72,72,28,Beijing Guoan FC,Bosnia and Herzegovina,"CB,CM,CDM",2000000,14000,59,50,55,62,69,86,Adult,Average
K. Thorstvedt,72,79,23,U.S. Sassuolo Calcio,Norway,"CAM,CM",4700000,19000,63,72,69,72,66,80,Adult,Average
M. Ishak,72,72,29,Lech Poznań,Sweden,ST,2300000,9000,72,73,57,65,38,79,Adult,Average
Dani Ojeda,72,72,27,SD Ponferradina,Spain,"RM,LM,CAM",2500000,8000,74,67,67,73,41,63,Adult,Average
Jeong Woo Yeong,72,77,22,Sport-Club Freiburg,Korea Republic,"CF,CAM",3600000,18000,82,63,66,77,36,63,Young,Average
S. Moharrami,72,74,26,Dinamo Zagreb,Iran,"RB,RM",2700000,700,80,30,59,68,70,60,Adult,Average
Y. Maçon,72,78,23,AS Saint-Étienne,France,"RB,RWB,LB",3500000,6000,88,50,61,72,65,72,Adult,Average
J. Souttar,72,76,25,Rangers FC,Scotland,CB,2900000,30000,66,44,58,64,71,74,Adult,Average
A. Franco,72,78,25,Atlanta United,Argentina,CB,3300000,6000,59,34,56,66,71,78,Adult,Average
M. Grüll,72,77,23,SK Rapid Wien,Austria,"LM,ST",3500000,18000,86,70,65,74,32,67,Adult,Average
Heitor Gesse,72,72,26,Clube Atlético Mineiro,Brazil,LB,2300000,22000,78,55,66,64,69,61,Adult,Average
J. Gelhardt,72,87,20,Leeds United,England,"ST,CAM",5500000,22000,75,72,61,77,28,70,Young,Average
T. Moffi,72,78,23,FC Lorient,Nigeria,ST,3700000,13000,72,72,53,68,24,74,Adult,Average
L. Crisetig,72,72,29,Urbs Reggina 1914,Italy,"CDM,CM",2000000,3000,49,58,68,70,69,74,Adult,Average
A. Mowatt,72,72,27,Middlesbrough,England,"CM,CDM",2500000,24000,56,69,72,70,64,73,Adult,Average
P. Pérez,72,72,36,Newell's Old Boys,Argentina,"CM,CDM",750000,9000,54,66,73,71,70,75,Senior,Average
João Bardinho,72,72,26,América Futebol Clube,Brazil,"LB,RB",2300000,12000,71,58,71,73,68,62,Adult,Average
V. Berisha,72,72,29,Melbourne City FC,Kosovo,"CM,CDM",2300000,18000,68,67,70,75,58,76,Adult,Average
Igor Paixão,72,82,22,Feyenoord,Brazil,"LW,RW",5500000,8000,80,60,67,78,30,61,Young,Average
Y. Cabrera,72,72,31,Junior FC,Colombia,"CAM,CM",1900000,4000,75,65,69,77,50,49,Senior,Average
B. Osborn,72,72,27,Sheffield United,England,"LWB,LM,CM",2300000,19000,71,65,71,72,65,60,Adult,Average
N. Eliasson,72,73,26,AEK Athens,Sweden,"LM,LWB",2800000,950,88,60,68,75,38,56,Adult,Average
Y. Salmier,72,73,29,ESTAC Troyes,France,CB,2200000,13000,37,28,45,52,72,80,Adult,Average
Calegarcinho,72,72,38,Fortaleza,Brazil,"ST,CAM",800000,9000,66,70,62,65,25,70,Senior,Average
Sacramentinho,72,72,38,Clube Atlético Mineiro,Brazil,GK,250000,11000,74,68,72,71,45,74,Senior,Average
Caio Milaçar,72,72,26,Ceará Sporting Club,Brazil,CAM,2600000,11000,66,68,69,76,31,52,Adult,Average
A. Jung,72,72,30,SV Werder Bremen,Germany,"LWB,CB",2000000,16000,66,60,66,65,72,77,Senior,Average
Iago,72,72,30,Al Shabab,Brazil,CB,1900000,22000,47,30,48,53,72,81,Senior,Average
A. Barnes,72,72,32,Burnley,England,ST,1900000,32000,51,73,68,70,47,79,Senior,Average
I. Pandur,72,79,22,Fortuna Sittard,Croatia,GK,4099999,12000,71,69,62,77,39,69,Young,Average
Anselmo,72,72,33,Al Wehda,Brazil,"CM,CDM,CAM",1400000,18000,66,68,67,71,71,80,Senior,Average
Dener,72,72,30,Al Tai,Brazil,"CM,CDM,CAM",2200000,16000,65,67,68,70,71,80,Senior,Average
Lee Chang Min,72,72,28,Jeju United FC,Korea Republic,CM,2300000,7000,67,67,69,69,61,77,Adult,Average
F. Amuzu,72,78,22,RSC Anderlecht,Belgium,"RM,LM",3800000,14000,89,64,65,74,36,59,Young,Average
A. Vlkanova,72,72,27,FC Viktoria Plzeň,Czech Republic,"CAM,LM,RM",2500000,850,73,64,71,75,33,51,Adult,Average
Matheus Costa,72,75,27,Clube Sport Marítimo,Brazil,CB,2700000,8000,82,33,42,53,72,77,Adult,Average
Timo Triano,72,72,26,Sport Club Corinthians Paulista,Brazil,"CDM,CM",2300000,18000,48,46,67,64,74,68,Adult,Average
E. Akbaba,72,72,29,Adana Demirspor,Turkey,"CAM,CM,LM",2300000,16000,61,73,74,70,57,59,Adult,Average
S. Al Ghannam,72,72,28,Al Nassr,Saudi Arabia,RB,2100000,25000,81,59,69,71,66,70,Adult,Average
G. Kyriakopoulos,72,74,26,U.S. Sassuolo Calcio,Greece,"LB,LM,LW",2700000,20000,67,48,64,71,69,69,Adult,Average
A. Ndao,72,75,25,Antalyaspor,Senegal,"RM,RW",3100000,18000,82,63,66,73,31,54,Adult,Average
Kiko Bondoso,72,73,26,FC Vizela,Portugal,"RW,LW",2800000,6000,75,69,67,75,33,52,Adult,Average
Z. Youssouf,72,78,22,Futebol Clube de Famalicão,France,"CM,CDM,RM",3700000,7000,64,58,70,76,64,73,Young,Average
A. Álvarez Martínez,72,80,21,U.S. Sassuolo Calcio,Uruguay,ST,5500000,18000,70,72,61,68,36,68,Young,Average
D. Antolić,72,72,31,Damac FC,Croatia,"CM,CDM,CAM",1900000,16000,55,69,74,69,68,70,Senior,Average
O. Omoijuanfo,72,72,28,Brøndby IF,Norway,ST,2400000,13000,75,72,62,68,44,74,Adult,Average
P. Cutrone,72,77,24,Como,Italy,ST,3600000,3000,72,70,54,71,29,68,Adult,Average
Vieiraldo Junior,72,72,30,Atlético Clube Goianiense,Brazil,"CDM,LB",2000000,10000,68,45,62,67,73,78,Senior,Average
J. Anthony,72,79,22,AFC Bournemouth,England,"LW,ST",4800000,30000,79,64,70,73,25,65,Young,Average
Z. Vanheusden,72,79,22,AZ Alkmaar,Belgium,CB,4400000,29000,55,45,61,65,73,75,Young,Average
P. Bauer,72,72,29,Preston North End,Germany,CB,2000000,23000,32,45,53,46,73,76,Adult,Average
K. Stöger,72,72,28,VfL Bochum 1848,Austria,"CM,CAM",2300000,18000,56,68,76,76,41,61,Adult,Average
M. Degenek,72,73,28,Columbus Crew,Australia,CB,2200000,6000,76,61,66,60,70,83,Adult,Average
N. Lavanchy,72,72,28,FC Sion,Switzerland,"RB,RWB,RM",2100000,17000,80,62,66,70,64,71,Adult,Average
F. Tardieu,72,72,30,ESTAC Troyes,France,"CDM,CM",2000000,13000,48,63,70,67,68,75,Senior,Average
M. Samatta,72,72,29,KRC Genk,Tanzania,ST,2300000,45000,84,70,63,69,31,71,Adult,Average
L. Pernica,72,72,32,FC Viktoria Plzeň,Czech Republic,CB,1500000,750,68,50,56,59,72,76,Senior,Average
A. Cistana,72,75,25,Brescia,Italy,CB,2800000,4000,68,52,57,64,74,71,Adult,Average
K. Sandoval,72,75,25,Cienciano,Peru,"LW,LM,CM",3100000,800,77,70,68,73,32,56,Adult,Average
B. Oczipka,72,72,33,DSC Arminia Bielefeld,Germany,"LWB,CB",1200000,13000,66,59,69,63,72,73,Senior,Average
M. Le Marchand,72,72,32,RC Strasbourg Alsace,France,CB,1500000,17000,60,39,68,65,73,68,Senior,Average
J. Rodríguez,72,73,28,Rosario Central,Argentina,CB,2200000,11000,69,39,58,64,70,75,Adult,Average
M. Eikrem,72,72,31,Molde FK,Norway,"CF,CAM",2000000,6000,64,69,76,74,33,44,Senior,Average
H. Toledo,72,73,26,Estudiantes de La Plata,Argentina,"LM,RM,LW",2800000,10000,80,66,69,73,46,62,Adult,Average
D. Holec,72,74,27,AC Sparta Praha,Slovakia,GK,2100000,600,72,68,76,75,34,71,Adult,Average
K. Acosta,72,73,26,Los Angeles FC,United States,"CM,CDM",2700000,7000,76,67,72,72,66,77,Adult,Average
O. Etebo,72,74,26,Stoke City,Nigeria,"CDM,CM",2600000,19000,71,65,67,73,70,77,Adult,Average
M. Pigliacelli,72,72,29,Palermo,Italy,GK,1600000,3000,69,71,83,71,48,70,Adult,Average
A. Tinnerholm,72,72,31,New York City FC,Sweden,"RB,RWB",1700000,6000,71,52,66,69,68,75,Senior,Average
Álex Pozo,72,79,23,Unión Deportiva Almería,Spain,"RB,RM,RWB",4500000,14000,75,68,67,74,67,46,Adult,Average
Flávio Rebeilo,72,72,30,Santos,Brazil,LB,2000000,17000,79,44,61,71,68,62,Senior,Average
J. Rodon,72,80,24,Stade Rennais FC,Wales,CB,4900000,40000,58,29,49,57,74,72,Adult,Average
C. Musonda,72,75,25,Levante Unión Deportiva,Belgium,"RM,LM",3100000,9000,77,63,68,79,24,38,Adult,Average
L. Depoitre,72,72,33,KAA Gent,Belgium,ST,1500000,18000,51,71,62,61,45,82,Senior,Average
João Amaral,72,72,30,Lech Poznań,Portugal,CAM,2300000,8000,81,68,70,73,35,55,Senior,Average
R. Jarstein,72,72,37,Hertha BSC,Norway,GK,250000,10000,72,70,67,71,37,75,Senior,Average
E. Kılınç,72,72,27,MKE Ankaragücü,Turkey,"RM,CM,LM",2500000,40000,75,69,67,74,51,58,Adult,Average
A. Urzi,72,83,22,Club Atlético Banfield,Argentina,"LM,LW",5500000,10000,85,63,64,74,36,59,Young,Average
A. Bedoya,72,72,35,Philadelphia Union,United States,"CM,CDM",950000,5000,60,65,71,72,65,73,Senior,Average
V. Jurečka,72,72,28,SK Slavia Praha,Czech Republic,"ST,RM",2400000,1000,75,71,60,69,28,70,Adult,Average
J. Soñora,72,75,25,Clube Sport Marítimo,United States,"CAM,CM",3100000,8000,82,68,71,75,55,58,Adult,Average
T. Belmonte,72,78,24,Club Atlético Lanús,Argentina,"CM,CDM",3700000,11000,68,65,66,73,70,77,Adult,Average
C. Buonaiuto,72,72,29,US Cremonese,Italy,"LM,CAM",2300000,10000,77,72,68,70,44,57,Adult,Average
Jeong Seung Hyun,72,74,28,Ulsan Hyundai FC,Korea Republic,CB,2400000,9000,43,29,52,43,71,81,Adult,Average
M. Frendrup,72,81,21,Genoa,Denmark,"CDM,CM",5000000,3000,79,52,64,71,67,75,Young,Average
J. Garner,72,82,21,Everton,England,"CDM,CM",5000000,18000,67,63,72,68,68,70,Young,Average
J. Mellot,72,72,28,CD Tenerife,France,RB,2100000,8000,81,42,58,67,67,77,Adult,Average
J. Dompé,72,72,26,Hamburger SV,France,"LW,LWB",2600000,12000,73,69,71,75,38,53,Adult,Average
A. Ferrari,72,73,28,U.C. Sampdoria,Italy,"CB,RB",2200000,14000,63,35,51,63,74,71,Adult,Average
G. Taylor,72,77,24,Celtic,Scotland,LB,3300000,27000,72,49,70,71,68,70,Adult,Average
A. Murić,72,80,23,Burnley,Kosovo,GK,4500000,18000,72,71,73,74,45,73,Adult,Average
M. Diouf,72,72,34,İttifak Holding Konyaspor,Senegal,ST,1100000,15000,66,71,61,67,55,78,Senior,Average
M. Catalán,72,72,29,Club Atlético Talleres,Argentina,"CB,RB",2000000,11000,84,58,63,64,72,76,Adult,Average
A. Paleari,72,72,29,Benevento,Italy,GK,1600000,3000,73,70,69,72,32,73,Adult,Average
V. Korniienko,72,81,23,Shakhtar Donetsk,Ukraine,LB,5000000,600,77,52,70,72,66,73,Adult,Average
A. Cubas,72,75,26,Vancouver Whitecaps FC,Paraguay,"CM,CDM",3000000,7000,69,54,67,73,73,58,Adult,Average
V. Pule,72,72,30,Orlando Pirates,South Africa,"RW,LW,CAM",2300000,850,82,77,62,73,41,51,Senior,Average
P. Mainka,72,73,27,1. FC Heidenheim 1846,Germany,CB,2400000,16000,55,40,51,53,74,79,Adult,Average
H. Wolf,72,79,23,Borussia Mönchengladbach,Austria,"CAM,LM",4700000,17000,76,68,67,76,36,65,Adult,Average
R. van Wolfswinkel,72,72,33,FC Twente,Netherlands,"ST,CAM",1500000,11000,65,73,67,69,44,70,Senior,Average
P. Nardi,72,74,28,KAA Gent,France,GK,2000000,13000,74,66,67,76,50,71,Adult,Average
F. Díaz,72,83,19,Liverpool Fútbol Club,Uruguay,"CDM,CM",4800000,500,70,64,67,72,70,63,Young,Average
Yuri,72,72,39,SD Ponferradina,Brazil,ST,800000,6000,64,74,61,70,37,71,Senior,Average
J. Onguéné,72,78,24,Eintracht Frankfurt,Cameroon,CB,3400000,15000,72,38,49,59,71,73,Adult,Average
Evandro Rochedo,72,72,26,Clube Atlético Mineiro,Brazil,ST,2600000,26000,55,75,60,70,36,64,Adult,Average
S. Lobjanidze,72,72,27,Atakaş Hatayspor,Georgia,"RW,RM,LM",2500000,12000,88,66,67,76,25,55,Adult,Average
M. Seuntjens,72,72,30,Fortuna Sittard,Netherlands,"LM,ST",2300000,12000,77,73,69,71,61,78,Senior,Average
H. Ito,72,77,23,VfB Stuttgart,Japan,"CB,CDM",3200000,14000,84,54,65,65,73,71,Adult,Average
M. Elia,72,77,24,BSC Young Boys,Congo DR,"ST,RM",3600000,16000,91,70,65,76,26,69,Adult,Average
L. Nicholls,72,74,29,Huddersfield Town,England,GK,1900000,12000,73,71,69,74,41,73,Adult,Average
E. Bohinen,72,79,23,US Salernitana 1919,Norway,"CM,CDM",4700000,16000,67,62,71,73,68,69,Adult,Average
D. Quintero,72,72,34,Houston Dynamo,Colombia,"CAM,LW,LM",1100000,7000,73,69,69,76,28,54,Senior,Average
A. Browne,72,72,27,Preston North End,Republic of Ireland,"CM,CAM,CDM",2500000,24000,75,69,69,71,69,82,Adult,Average
R. Manaj,72,76,25,Watford,Albania,ST,3300000,31000,67,72,54,71,28,70,Adult,Average
L. Paqarada,72,72,27,FC St. Pauli,Kosovo,"LB,LWB",2300000,13000,76,47,69,70,65,70,Adult,Average
R. Laryea,72,72,27,Toronto FC,Canada,"RWB,RB,LB",2300000,36000,83,60,64,71,64,70,Adult,Average
Gerson Rodrigues,72,72,27,Al Wehda,Luxembourg,"LM,ST",2500000,750,86,68,66,69,44,80,Adult,Average
Gustavo Lobateiro,72,72,22,Internacional,Brazil,"CAM,ST,CF",2800000,16000,77,65,68,72,33,60,Young,Average
K. Ehizibue,72,73,27,Udinese Calcio,Nigeria,RB,2500000,12000,88,57,63,69,66,76,Adult,Average
D. Furlong,72,75,26,West Bromwich Albion,England,"RWB,RB",2800000,22000,74,36,60,69,69,72,Adult,Average
N. Powell,72,72,28,Stoke City,England,"CAM,CM,ST",2400000,22000,67,72,70,72,54,67,Adult,Average
Rogério,72,76,24,U.S. Sassuolo Calcio,Brazil,LB,3100000,17000,74,53,67,74,69,58,Adult,Average
L. Sadílek,72,75,26,AC Sparta Praha,Czech Republic,"CM,CDM",3000000,850,71,62,72,73,64,60,Adult,Average
D. Viera,72,72,31,Club Libertad,Paraguay,CB,1600000,700,31,27,44,49,73,79,Senior,Average
Tony Muttinho,72,72,26,Fortaleza,Brazil,"RB,RWB,RM",2300000,10000,69,48,64,64,70,71,Adult,Average
S. Moutoussamy,72,75,25,FC Nantes,Congo DR,"CM,CDM,LW",3100000,17000,68,58,68,75,72,69,Adult,Average
J. Joronen,72,73,29,Venezia FC,Finland,GK,1800000,3000,70,70,68,72,47,71,Adult,Average
Durval Dutría,72,72,30,Cuiabá,Brazil,CM,2200000,13000,68,69,70,71,69,76,Senior,Average
A. Schlager,72,75,26,LASK Linz,Austria,GK,2400000,14000,72,68,66,74,46,72,Adult,Average
C. Cathcart,72,72,33,Watford,Northern Ireland,CB,1100000,27000,35,37,55,53,74,71,Senior,Average
D. Latza,72,72,32,FC Schalke 04,Germany,"CM,CDM",1800000,18000,57,61,71,73,62,75,Senior,Average
D. Greif,72,78,25,RCD Mallorca,Slovakia,GK,2900000,13000,70,73,77,70,18,71,Adult,Average
J. Hansen,72,72,37,Aarhus GF,Denmark,GK,250000,6000,70,70,74,72,41,73,Senior,Average
D. Kourbelis,72,72,28,Panathinaikos FC,Greece,"CDM,CB",2100000,650,75,52,64,67,70,74,Adult,Average
N. Gavory,72,72,27,Fortuna Düsseldorf,France,"LB,LWB,CB",2300000,16000,66,62,70,70,68,72,Adult,Average
M. Lowe,72,77,25,Sheffield United,England,"LWB,LB",3200000,18000,80,46,63,73,69,66,Adult,Average
J. Dahlin,72,72,35,Malmö FF,Sweden,GK,250000,3000,67,71,67,68,38,79,Senior,Average
A. Oukidja,72,72,33,FC Metz,Algeria,GK,750000,5000,69,71,69,72,47,73,Senior,Average
P. Tachtsidis,72,72,31,Al Fayha,Greece,"CM,CAM,CDM",1900000,18000,46,62,74,65,65,80,Senior,Average
M. Satriano,72,81,21,Empoli,Uruguay,ST,5500000,31000,65,72,56,71,32,69,Young,Average
Túlio Changas,72,72,26,Palmeiras,Brazil,GK,1900000,19000,72,71,75,73,43,68,Adult,Average
L. Pavoletti,72,72,33,Cagliari,Italy,ST,1500000,5000,63,69,52,64,35,73,Senior,Average
K. Mier,72,84,22,Atlético Nacional,Colombia,GK,5000000,3000,72,70,67,74,43,68,Young,Average
Sin Jin Ho,72,72,33,Pohang Steelers,Korea Republic,"CDM,CAM",1200000,6000,64,65,74,71,64,75,Senior,Average
A. Ahmedhodžić,72,82,23,Sheffield United,Bosnia and Herzegovina,CB,4900000,16000,78,34,60,63,70,77,Adult,Average
R. Nicolaisen,72,77,25,Toulouse Football Club,Denmark,CB,3100000,12000,57,41,56,60,72,74,Adult,Average
B. Kouyaté,72,77,25,FC Metz,Mali,CB,3100000,6000,65,37,50,58,73,76,Adult,Average
A. Ramos,72,72,36,América de Cali,Colombia,ST,800000,2000,66,72,65,67,42,70,Senior,Average
G. Blanco Leschuk,72,72,30,SD Eibar,Argentina,ST,2300000,9000,64,70,56,66,36,80,Senior,Average
Jair Amador,72,72,32,Real Zaragoza,Portugal,CB,1500000,8000,66,29,48,46,71,83,Senior,Average
Y. Namli,72,72,28,Sparta Rotterdam,Denmark,"CAM,RM,LM",2400000,9000,76,60,71,78,45,61,Adult,Average
S. Corchia,72,72,31,FC Nantes,France,"RB,RWB",1700000,17000,68,62,71,70,71,59,Senior,Average
M. van Ewijk,72,80,21,SC Heerenveen,Netherlands,RWB,5000000,5000,91,48,58,67,66,70,Young,Average
S. Koita,72,82,22,FC Red Bull Salzburg,Mali,ST,5500000,19000,92,72,62,76,35,71,Young,Average
J. Tomkins,72,72,33,Crystal Palace,England,CB,1100000,32000,33,32,56,49,74,67,Senior,Average
B. Sharp,72,72,36,Sheffield United,England,ST,800000,17000,55,74,62,65,39,67,Senior,Average
M. Kolke,72,72,31,F.C. Hansa Rostock,Germany,GK,1200000,8000,74,69,62,75,45,71,Senior,Average
K. Boudiaf,72,72,31,Free agent,Qatar,"CM,CDM",0,0,52,62,71,69,67,75,Senior,Average
R. Nouri,72,72,37,AC Ajaccio,France,"RM,LM",750000,10000,66,72,72,75,31,57,Senior,Average
N. Mushekwi,72,72,34,Zhejiang Professional FC,Zimbabwe,ST,1100000,9000,78,71,53,60,31,76,Senior,Average
J. Uronen,72,72,27,Stade Brestois 29,Finland,LB,2300000,15000,68,57,69,67,69,74,Adult,Average
A. Sima,72,84,21,Angers SCO,Senegal,"RM,ST",6000000,30000,88,73,62,69,41,72,Young,Average
M. Heča,72,72,31,AC Sparta Praha,Czech Republic,GK,1200000,600,73,71,65,72,45,72,Senior,Average
B. Gilmour,72,82,21,Brighton & Hove Albion,Scotland,"CM,CDM",5000000,30000,61,55,70,73,67,55,Young,Average
B. Bianchi,72,72,33,Atlético Tucumán,Argentina,CB,1100000,9000,59,35,56,56,72,77,Senior,Average
Deiverson Kaio,72,72,38,Flamengo,Brazil,CAM,750000,19000,81,71,71,75,44,59,Senior,Average
M. Kelly,72,72,32,West Bromwich Albion,England,"CB,RB",1500000,22000,37,44,59,61,74,64,Senior,Average
T. Augello,72,72,27,U.C. Sampdoria,Italy,LB,2300000,13000,76,39,64,69,67,61,Adult,Average
P. Förster,72,72,27,VfL Bochum 1848,Germany,"CAM,CF,CM",2500000,18000,64,68,71,71,61,78,Adult,Average
J. Duque,72,72,30,Atlético Nacional,Colombia,CDM,2000000,4000,64,44,61,65,72,74,Senior,Average
J. Insaurralde,72,72,37,Club Atlético Independiente,Argentina,CB,425000,7000,55,53,57,58,71,80,Senior,Average
A. Musa,72,72,29,Demir Grup Sivasspor,Nigeria,"RW,ST,LW",2300000,15000,89,67,63,74,30,53,Adult,Average
A. Herrera,72,77,23,River Plate,Argentina,"RB,RWB",3300000,10000,80,62,61,73,67,70,Adult,Average
F. Quignon,72,72,29,FC Dallas,Argentina,"CDM,CM",2000000,6000,62,53,66,74,70,74,Adult,Average
B. Raman,72,72,27,RSC Anderlecht,Belgium,"ST,RM,LM",2500000,18000,90,73,66,75,33,60,Adult,Average
Antonio Sánchez,72,75,25,RCD Mallorca,Spain,"RM,CM,LM",3100000,17000,75,66,72,71,63,72,Adult,Average
S. Cáseres,72,78,25,Vélez Sarsfield,Argentina,"CDM,CM,CB",3300000,10000,65,55,66,70,67,78,Adult,Average
Fábio,72,72,31,FC Nantes,Brazil,"LB,RB,RWB",1700000,17000,74,52,69,73,69,65,Senior,Average
Pavelinho Serra,72,72,30,América Futebol Clube,Brazil,CB,1900000,12000,35,47,49,51,74,68,Senior,Average
P. Shalulile,72,72,28,Mamelodi Sundowns FC,Namibia,ST,2400000,1000,78,71,52,70,21,62,Adult,Average
D. Padelli,72,72,36,Udinese Calcio,Italy,GK,250000,6000,73,72,60,68,45,77,Senior,Average
B. Mensah,72,73,27,Yukatel Kayserispor,Ghana,"CAM,CM",2700000,13000,77,70,71,74,62,65,Adult,Average
G. Wüthrich,72,74,27,SK Sturm Graz,Switzerland,CB,2500000,14000,53,35,51,53,71,82,Adult,Average
J. Cajuste,72,79,22,Stade de Reims,Sweden,"CM,CDM",4700000,15000,75,58,68,74,68,77,Young,Average
P. Michorl,72,72,27,LASK Linz,Austria,"CM,CDM,CAM",2500000,19000,67,66,75,71,64,67,Adult,Average
L. Gourna,72,83,18,FC Red Bull Salzburg,France,"CDM,CM",4600000,5000,76,52,65,71,70,73,Young,Average
Óscar Sielva,72,72,30,SD Huesca,Spain,"CDM,CM",2000000,8000,63,71,72,70,66,73,Senior,Average
D. Ndong,72,73,28,Dijon FCO,Gabon,"CDM,CM",2300000,6000,70,59,66,69,68,80,Adult,Average
K. Sema,72,72,28,Watford,Sweden,"LW,LM,LWB",2400000,34000,78,66,70,73,60,67,Adult,Average
F. Ricca,72,73,27,Oud-Heverlee Leuven,Uruguay,"LB,CB",2500000,10000,67,50,60,66,72,70,Adult,Average
Édundo Oliveira,72,72,30,RB Bragantino,Brazil,CB,1900000,12000,56,46,59,51,73,75,Senior,Average
A. Hjulsager,72,73,27,KAA Gent,Denmark,"CAM,CM,CF",2700000,16000,71,68,71,73,62,72,Adult,Average
L. Brassier,72,79,22,Stade Brestois 29,France,"CB,LB",4400000,13000,69,36,61,67,72,73,Young,Average
B. Bannan,72,72,32,Sheffield Wednesday,Scotland,"CM,CAM",1800000,11000,63,64,74,75,57,56,Senior,Average
Mateu Morey,72,79,22,Borussia Dortmund,Spain,"RB,RM",4500000,22000,74,46,67,76,68,60,Young,Average
C. Luyindama,72,72,28,Antalyaspor,Congo DR,CB,2000000,38000,67,35,47,49,71,84,Adult,Average
G. Acosta,72,72,33,Atlético Tucumán,Argentina,"CM,RM",1400000,10000,67,68,69,72,63,71,Senior,Average
N. Orsini,72,72,27,Boca Juniors,Argentina,ST,2500000,13000,79,71,57,67,31,74,Adult,Average
L. Podolski,72,72,37,Górnik Zabrze,Germany,"CF,ST,CAM",800000,6000,49,78,73,71,36,69,Senior,Average
M. Usor,72,79,20,SK Slavia Praha,Nigeria,"RM,LM,ST",4600000,700,86,68,64,74,38,60,Young,Average
Cadu,72,75,24,FC Viktoria Plzeň,Brazil,"RM,RB,CDM",3200000,700,75,61,70,74,68,62,Adult,Average
S. Cook,72,72,31,Nottingham Forest,England,CB,1600000,36000,45,34,54,58,73,72,Senior,Average
V. Gyökeres,72,78,24,Coventry City,Sweden,ST,3700000,16000,75,71,63,73,29,76,Adult,Average
P. Lasne,72,72,33,Paris FC,France,"CDM,CM",1200000,7000,44,62,71,69,69,70,Senior,Average
H. Evjen,72,79,22,AZ Alkmaar,Norway,"RW,CAM",4800000,8000,87,62,67,74,53,62,Young,Average
J. Maidana,72,72,36,River Plate,Argentina,CB,425000,8000,35,39,62,51,72,75,Senior,Average
B. Šeško,72,85,19,FC Red Bull Salzburg,Slovenia,ST,5500000,13000,81,70,60,70,42,74,Young,Average
F. Panák,72,74,26,AC Sparta Praha,Czech Republic,"CB,CDM",2600000,750,67,53,66,68,72,76,Adult,Average
V. Malcorra,72,72,34,Rosario Central,Argentina,"LM,CM",1100000,13000,74,66,73,75,59,69,Senior,Average
J. Bořil,72,72,31,SK Slavia Praha,Czech Republic,"LB,RB",1700000,900,67,60,69,69,71,77,Senior,Average
Vicemte Tófoli,72,72,26,RB Bragantino,Brazil,LW,2600000,14000,79,71,63,75,36,48,Adult,Average
O. Vranješ,72,72,32,Atakaş Hatayspor,Bosnia and Herzegovina,CB,1500000,10000,53,50,53,55,71,85,Senior,Average
D. Martínez,72,72,32,Rosario Central,Argentina,RB,1600000,12000,74,65,65,72,67,74,Senior,Average
Rúben Ribeiro,72,72,34,Atakaş Hatayspor,Portugal,"CM,CDM,CAM",1100000,11000,63,69,74,77,64,62,Senior,Average
K. Mrabti,72,72,28,KV Mechelen,Sweden,"CAM,RM,ST",2400000,12000,80,72,69,71,51,74,Adult,Average
G. Corujo,72,75,25,Charlotte FC,Uruguay,CB,2800000,6000,70,35,46,47,74,74,Adult,Average
S. Ilsanker,72,72,33,Genoa,Austria,"CB,CDM",1100000,4000,56,53,50,50,72,81,Senior,Average
A. Pellegrino,72,72,32,FK Bodø/Glimt,Norway,LW,1900000,5000,85,72,66,71,38,57,Senior,Average
A. Šporar,72,72,28,Panathinaikos FC,Slovenia,ST,2400000,750,75,72,66,70,19,67,Adult,Average
J. Jantscher,72,72,33,SK Sturm Graz,Austria,ST,1500000,17000,67,73,73,72,38,65,Senior,Average
A. Abedzadeh,72,73,29,SD Ponferradina,Iran,GK,1800000,6000,71,69,66,73,28,72,Adult,Average
M. Bíttolo,72,72,32,Argentinos Juniors,Argentina,"LB,LWB,LM",1600000,10000,76,46,70,70,67,64,Senior,Average
M. Dauda,72,77,24,CD Tenerife,Ghana,"LM,ST",3500000,14000,88,69,63,75,27,61,Adult,Average
R. Nteka,72,79,24,Rayo Vallecano,France,"ST,CAM,CM",4700000,14000,73,71,64,72,54,82,Adult,Average
N. Murru,72,73,27,U.C. Sampdoria,Italy,LB,2500000,13000,70,40,61,69,70,66,Adult,Average
Marcelo,72,72,35,Western Sydney Wanderers,Brazil,CB,625000,5000,36,44,57,56,71,79,Senior,Average
Fran Villalba,72,79,24,Málaga CF,Spain,"CAM,LM,RM",4700000,7000,73,64,72,73,48,42,Adult,Average
R. Williams,72,72,30,Mamelodi Sundowns FC,South Africa,GK,1600000,700,73,68,68,73,55,70,Senior,Average
Postigo,72,72,33,Levante Unión Deportiva,Spain,CB,1100000,9000,66,46,53,55,73,72,Senior,Average
F. Aguilar,72,72,29,Club Atlético Lanús,Colombia,CB,2000000,12000,48,40,48,49,75,80,Adult,Average
I. Cardona,72,76,24,Stade Brestois 29,France,ST,3400000,16000,71,73,66,72,26,62,Adult,Average
I. Ivušić,72,76,27,Free agent,Croatia,GK,0,0,71,70,69,71,41,70,Adult,Average
G. Arteaga,72,79,23,KRC Genk,Mexico,LB,4500000,10000,80,53,67,70,67,66,Adult,Average
M. Sagnan,72,81,23,FC Utrecht,France,CB,4900000,17000,64,32,56,56,73,73,Adult,Average
F. Andrijašević,72,72,31,Zhejiang Professional FC,Croatia,"ST,CM,CAM",2000000,9000,69,71,66,68,52,76,Senior,Average
Dani Calvo,72,74,28,Real Oviedo,Spain,CB,2400000,8000,52,46,56,56,72,79,Adult,Average
G. Castro,72,72,37,Club Atlético River Plate,Uruguay,"LM,LW,CAM",750000,500,58,73,78,75,47,58,Senior,Average
E. Cabaco,72,75,27,Granada CF,Uruguay,CB,2700000,17000,49,41,48,54,73,74,Adult,Average
De La Hoz,72,72,30,Unión Deportiva Almería,Spain,"CDM,CB",2000000,17000,52,58,62,65,70,77,Senior,Average
Ivan Cavaleiro,72,72,28,Aytemiz Alanyaspor,Portugal,"LM,LW,ST",2400000,38000,82,70,66,73,37,68,Adult,Average
M. Prietl,72,72,30,DSC Arminia Bielefeld,Austria,"CDM,CM,CB",2000000,13000,64,51,61,65,70,78,Senior,Average
J. Drmić,72,72,29,Dinamo Zagreb,Switzerland,ST,2300000,850,74,74,65,70,38,70,Adult,Average
N. Mbuku,72,82,20,Stade de Reims,France,"CF,RM,CAM",5000000,14000,77,66,70,78,35,53,Young,Average
A. Rouault,72,84,21,Toulouse Football Club,France,CB,5500000,9000,62,30,60,55,72,71,Young,Average
C. Erkin,72,72,33,Fatih Karagümrük S.K.,Turkey,"LB,LM",1200000,16000,66,72,77,74,66,67,Senior,Average
T. Valls,72,74,26,Servette FC,France,"CM,CDM,LM",2900000,14000,66,66,73,71,64,70,Adult,Average
S. Otálvaro,72,72,35,Club Olimpia,Colombia,RB,725000,500,74,54,71,67,68,71,Senior,Average
F. Mateos,72,72,29,Deportivo Ñublense,Argentina,"CM,CAM",2300000,7000,66,68,70,71,53,66,Adult,Average
Hélton Celanova,72,72,30,Internacional,Brazil,ST,2300000,21000,53,76,60,67,22,73,Senior,Average
J. Mišić,72,72,28,Dinamo Zagreb,Croatia,"CM,CDM",2300000,800,58,69,76,66,65,72,Adult,Average
Adrián,72,72,35,Liverpool,Spain,GK,250000,28000,73,70,67,74,43,69,Senior,Average
L. Caldirola,72,72,31,AC Monza,Italy,CB,1600000,29000,47,42,64,60,72,68,Senior,Average
B. Hrgota,72,72,29,SpVgg Greuther Fürth,Sweden,"ST,RW",2300000,10000,75,74,65,75,25,63,Adult,Average
J. Báez,72,72,31,Rosario Central,Paraguay,"CB,RB",1600000,12000,70,55,65,66,72,72,Senior,Average
C. Ciano,72,72,32,Benevento,Italy,"ST,CAM",1900000,5000,82,73,72,75,28,62,Senior,Average
J. Meffert,72,73,27,Hamburger SV,Germany,"CDM,CM",2400000,10000,54,48,64,66,71,77,Adult,Average
F. Ricci,72,72,28,Urbs Reggina 1914,Italy,"RW,CAM",2400000,3000,81,62,66,76,47,46,Adult,Average
J. Kouassi,72,72,27,Fatih Karagümrük S.K.,Côte d'Ivoire,"LW,ST,RW",2500000,26000,87,69,59,77,31,67,Adult,Average
D. Zabala,72,72,30,Club Nacional de Football,Uruguay,"RW,RM,CAM",2300000,750,70,73,72,71,39,61,Senior,Average
Choi Young Joon,72,72,30,Jeju United FC,Korea Republic,"CDM,CM",2000000,6000,68,60,66,66,69,81,Senior,Average
E. Thommy,72,72,27,Sporting Kansas City,Germany,"LM,RM,CF",2500000,7000,77,69,70,74,33,50,Adult,Average
F. Tudor,72,73,26,Raków Częstochowa,Croatia,"RM,CB,RWB",2800000,10000,88,60,65,72,67,74,Adult,Average
D. Gayle,72,72,31,Stoke City,England,"ST,LW",2000000,23000,75,73,58,73,28,57,Senior,Average
N. Capaldo,72,79,23,FC Red Bull Salzburg,Argentina,CM,4700000,17000,76,65,71,72,69,77,Adult,Average
A. Zerbin,72,80,23,Napoli,Italy,LW,5000000,31000,76,67,67,74,36,65,Adult,Average
Gérson Noalha,72,72,30,Palmeiras,Brazil,"ST,CAM,LM",2300000,27000,76,76,58,75,31,68,Senior,Average
M. Pereira Lage,72,75,25,Stade Brestois 29,Portugal,"LM,RWB,RM",3100000,16000,72,71,70,71,61,65,Adult,Average
F. Barba,72,73,28,Pisa,Italy,"CB,LB",2200000,4000,69,30,57,61,73,72,Adult,Average
M. Jajalo,72,72,34,Udinese Calcio,Bosnia and Herzegovina,"CDM,CM",800000,12000,58,64,70,71,70,73,Senior,Average
J. Guðmundsson,72,72,31,Burnley,Iceland,"RM,LM",1900000,30000,65,70,74,73,61,66,Senior,Average
K. Schlotterbeck,72,76,25,Sport-Club Freiburg,Germany,CB,2900000,17000,60,27,51,54,74,74,Adult,Average
L. Venuti,72,73,27,Fiorentina,Italy,RB,2500000,30000,72,26,61,67,68,62,Adult,Average
L. Chichizola,71,71,32,Parma,Argentina,GK,925000,3000,70,70,67,72,51,69,Senior,Average
J. Allen,71,71,32,Swansea City,Wales,"CDM,CM",1200000,17000,64,61,68,72,69,63,Senior,Average
M. Ullmann,71,74,26,Venezia FC,Austria,LB,2300000,3000,86,60,63,68,63,73,Adult,Average
D. O'Shea,71,78,23,West Bromwich Albion,Republic of Ireland,"CB,RB",3500000,17000,61,33,54,55,72,74,Adult,Average
A. Onaiwu,71,74,26,Toulouse Football Club,Japan,ST,2500000,14000,84,70,62,67,38,70,Adult,Average
Jesús Jiménez,71,71,28,Toronto FC,Spain,ST,1900000,7000,80,71,65,73,37,69,Adult,Average
L. Öztunalı,71,72,26,1. FC Union Berlin,Germany,"RM,CM,RWB",2200000,19000,75,67,67,73,48,68,Adult,Average
I. Jakobs,71,79,22,AS Monaco,Germany,"LM,LB",4200000,24000,85,59,60,73,65,68,Young,Average
M. Hermansen,71,80,21,Brøndby IF,Denmark,GK,3600000,5000,71,69,69,74,49,69,Young,Average
H. Sakhi,71,74,26,AJ Auxerre,Morocco,"CM,LM,RM",2400000,12000,69,66,73,72,57,59,Adult,Average
E. Sahiti,71,75,23,Hajduk Split,Kosovo,"RW,LW,LM",2700000,700,84,69,64,74,40,58,Adult,Average
S. Scuffet,71,72,26,CFR Cluj,Italy,GK,1600000,8000,70,67,60,75,50,70,Adult,Average
K. Boateng,71,77,25,Santa Clara,Togo,CB,2600000,4000,69,41,43,48,71,77,Adult,Average
F. Uribe,71,71,34,Junior FC,Colombia,ST,900000,3000,71,72,56,66,28,69,Senior,Average
Abdón Prats,71,71,29,RCD Mallorca,Spain,"ST,LM",1900000,18000,64,73,60,71,29,66,Adult,Average
Bracali,71,71,41,Boavista FC,Brazil,GK,210000,5000,71,71,60,69,39,71,Senior,Average
O. Čelůstka,71,71,33,AC Sparta Praha,Czech Republic,CB,900000,650,61,52,62,57,69,76,Senior,Average
João Pedro,71,84,20,Watford,Brazil,"ST,LM",4500000,22000,77,69,61,74,25,58,Young,Average
G. Olveira,71,72,29,Club Olimpia,Uruguay,GK,1400000,500,72,74,53,70,19,68,Adult,Average
L. Juliš,71,71,27,AC Sparta Praha,Czech Republic,ST,2000000,800,82,69,60,67,29,68,Adult,Average
E. Mašović,71,76,23,VfL Bochum 1848,Serbia,"CB,CDM",2600000,12000,55,30,48,54,74,68,Adult,Average
Mauro Riboas,71,71,30,RB Bragantino,Brazil,CAM,1800000,11000,66,61,70,73,39,55,Senior,Average
F. Vicari,71,73,27,Bari,Italy,CB,2000000,3000,34,27,52,46,73,68,Adult,Average
Ramalho,71,71,29,Málaga CF,Angola,"CB,RB",1600000,7000,67,35,57,57,71,72,Adult,Average
Édson,71,71,31,Al Adalah,Brazil,"CDM,CB",1300000,13000,67,64,63,64,71,76,Senior,Average
E. Pieters,71,71,33,West Bromwich Albion,Netherlands,"LB,LM",975000,20000,53,40,69,69,74,72,Senior,Average
A. Aguilar,71,71,33,Club Olimpia,Paraguay,GK,600000,500,75,68,69,73,46,68,Senior,Average
H. Kessler,71,76,24,New England Revolution,United States,CB,2600000,5000,57,27,49,60,71,76,Adult,Average
Carleto Costinha,71,71,30,Fluminense,Brazil,"CAM,ST,RM",1800000,15000,82,63,71,73,38,54,Senior,Average
R. Lenis,71,71,29,Al Adalah,Colombia,"RM,LM,ST",1800000,15000,80,64,66,71,36,62,Adult,Average
R. Manning,71,73,26,Swansea City,Republic of Ireland,"LWB,CB,LB",2100000,17000,67,60,67,71,67,69,Adult,Average
E. Cerutti,71,71,30,San Lorenzo de Almagro,Argentina,"RW,RM,ST",1800000,11000,83,63,66,73,34,63,Senior,Average
A. Al Mayoof,71,71,35,Al Hilal,Saudi Arabia,GK,210000,11000,61,72,80,73,32,72,Senior,Average
Camarasa,71,71,28,Real Betis Balompié,Spain,"CM,CAM,RM",1900000,15000,52,72,71,71,68,70,Adult,Average
A. Tanaka,71,76,23,Fortuna Düsseldorf,Japan,"CDM,CM",2600000,12000,67,66,68,70,68,69,Adult,Average
C. Falletti,71,71,29,Ternana,Uruguay,"CAM,RM,CF",1800000,4000,79,64,69,77,33,62,Adult,Average
M. Meyer,71,72,26,FC Luzern,Germany,"CM,CAM,LM",2200000,11000,63,61,75,76,63,59,Adult,Average
L. Fernández,71,71,31,Club Atlético Independiente,Argentina,"ST,RW,LW",1600000,11000,77,71,69,74,41,68,Senior,Average
C. Robinson,71,71,27,Cardiff City,Republic of Ireland,"ST,LW,RW",2000000,24000,79,70,65,74,32,62,Adult,Average
Fredy,71,71,32,Antalyaspor,Angola,"CM,CAM,CDM",1500000,17000,86,67,68,75,63,60,Senior,Average
D. Diaw,71,71,30,Modena,Italy,ST,1800000,30000,82,69,55,68,27,71,Senior,Average
Toni Moya,71,78,24,Deportivo Alavés,Spain,"CM,CDM",3700000,7000,55,64,64,72,64,55,Adult,Average
D. Bocanegra,71,71,35,Club Libertad,Colombia,"CB,RB,CDM",500000,500,64,55,68,64,70,79,Senior,Average
P. Pfeiffer,71,77,22,SV Darmstadt 98,Germany,CB,2700000,11000,76,33,44,52,71,78,Young,Average
R. Guitane,71,79,23,Stade de Reims,France,"RM,CAM,CM",4200000,13000,76,58,66,77,31,45,Adult,Average
Luíz Carlos,71,71,36,FC Paços de Ferreira,Brazil,"CM,CDM",600000,6000,53,67,68,68,69,72,Senior,Average
C. Michelin,71,73,25,FC Girondins de Bordeaux,France,"RB,RWB",2200000,750,70,50,66,69,66,68,Adult,Average
J. Guidetti,71,71,30,AIK,Sweden,ST,1800000,7000,46,72,66,70,38,68,Senior,Average
H. ter Avest,71,75,25,FC Utrecht,Netherlands,RWB,2400000,9000,72,53,65,70,66,71,Adult,Average
L. Gueye,71,75,24,FC Metz,Senegal,"RM,RW,LM",2700000,5000,77,70,68,70,25,61,Adult,Average
Jordi,71,72,28,FC Paços de Ferreira,Brazil,GK,1500000,6000,71,70,70,72,45,68,Adult,Average
S. Van der Heyden,71,76,24,Royale Union Saint-Gilloise,Belgium,CB,2600000,9000,61,34,57,53,72,73,Adult,Average
J. Kiwior,71,78,22,Spezia,Poland,"CB,CDM",3500000,9000,65,37,58,60,71,75,Young,Average
João Basso,71,76,25,FC Arouca,Brazil,"CB,CDM",2500000,5000,54,51,55,57,72,71,Adult,Average
A. Dijksteel,71,75,25,Middlesbrough,Netherlands,"CB,RWB,RB",2300000,16000,77,34,57,66,71,75,Adult,Average
S. Pérez,71,71,31,Universidad Católica,Chile,GK,1000000,6000,73,69,70,74,42,71,Senior,Average
E. Bullaude,71,80,21,Feyenoord,Argentina,"CAM,CM,RM",4200000,6000,79,69,64,74,32,65,Young,Average
D. Barlaser,71,75,25,Rotherham United,England,CDM,2400000,10000,51,61,71,67,66,70,Adult,Average
A. Ismajli,71,74,25,Empoli,Albania,CB,2200000,7000,72,28,48,61,74,65,Adult,Average
B. Białkowski,71,71,34,Millwall,Poland,GK,325000,8000,66,71,68,70,41,75,Senior,Average
L. Štulac,71,73,27,Palermo,Slovenia,"CDM,CM",2000000,7000,68,61,68,67,69,68,Adult,Average
Jorge Fernandes,71,75,25,Vitória de Guimarães,Portugal,CB,2300000,6000,37,34,47,57,70,78,Adult,Average
Ricardo Ryller,71,71,28,Al Fayha,Brazil,"CDM,CM",1600000,16000,62,63,66,67,66,77,Adult,Average
J. Börner,71,71,31,Hannover 96,Germany,CB,1300000,16000,59,58,57,58,70,79,Senior,Average
Zhang Linpeng,71,71,33,Shanghai Port FC,China PR,"CB,RB",900000,11000,72,56,64,68,68,84,Senior,Average
Bernardo Motinho,71,71,30,Fortaleza,Brazil,"RB,RM",1600000,9000,72,52,66,66,69,63,Senior,Average
A. Ricaurte,71,71,30,Independiente Medellín,Colombia,"CAM,CDM,CM",1800000,2000,64,58,74,70,56,70,Senior,Average
D. Joveljić,71,78,22,LA Galaxy,Serbia,ST,3800000,6000,72,71,63,72,31,72,Young,Average
N. Colombo,71,81,23,Defensa y Justicia,Argentina,CB,3900000,8000,66,39,51,54,71,78,Adult,Average
A. Vallci,71,72,26,FC St. Gallen 1879,Austria,"RB,CB,LB",2000000,7000,73,57,60,56,71,79,Adult,Average
J. Livermore,71,71,32,West Bromwich Albion,England,"CDM,CM",1200000,20000,55,61,66,67,69,76,Senior,Average
Guilherme Ramos,71,76,24,DSC Arminia Bielefeld,Portugal,CB,2600000,10000,61,33,47,51,71,74,Adult,Average
B. Rollheiser,71,77,22,Estudiantes de La Plata,Argentina,"LM,CAM,ST",3000000,8000,80,67,66,75,36,58,Young,Average
A. Jali,71,71,32,Mamelodi Sundowns FC,South Africa,"CDM,CM",1200000,800,73,58,69,73,64,67,Senior,Average
S. Clark,71,71,36,Houston Dynamo,United States,GK,210000,3000,70,68,64,72,47,73,Senior,Average
L. Pons,71,71,32,Independiente Medellín,Argentina,ST,1500000,3000,55,73,55,65,23,70,Senior,Average
M. Busch,71,71,27,1. FC Heidenheim 1846,Germany,RB,1800000,14000,89,50,61,67,64,74,Adult,Average
J. Laso,71,71,31,Club Atlético Independiente,Argentina,"CB,RB",1300000,9000,62,41,52,57,68,79,Senior,Average
A. Sâyoud,71,71,31,Al Tai,Algeria,"CAM,CF,RM",1600000,14000,72,69,73,71,32,61,Senior,Average
J. Verhoek,71,71,33,F.C. Hansa Rostock,Netherlands,ST,1200000,10000,62,71,59,67,25,83,Senior,Average
A. Bodart,71,76,24,Standard de Liège,Belgium,GK,2300000,7000,71,70,69,72,51,70,Adult,Average
O. Ejaria,71,76,24,Reading,England,"LM,CM,CAM",2800000,12000,60,63,67,80,64,63,Adult,Average
T. Klose,71,71,34,Bristol City,Switzerland,CB,600000,20000,32,38,54,38,74,67,Senior,Average
L. Lacroix,71,71,30,Western United FC,Switzerland,CB,1500000,3000,46,43,58,58,71,80,Senior,Average
A. Godoy,71,71,32,Nashville SC,Panama,"CDM,CM",1200000,5000,32,55,64,65,64,75,Senior,Average
Germano Monico,71,71,34,Sport Club Corinthians Paulista,Brazil,CM,875000,18000,57,69,73,70,64,65,Senior,Average
S. Lammers,71,76,25,Empoli,Netherlands,ST,2800000,28000,70,73,59,71,34,66,Adult,Average
C. Tiéhi,71,75,24,SK Slavia Praha,Côte d'Ivoire,CDM,2400000,650,65,47,64,66,70,75,Adult,Average
B. Franjic,71,78,22,VfL Wolfsburg,Croatia,"CDM,CB,LB",3600000,20000,78,50,62,65,69,77,Young,Average
G. Michailidis,71,79,22,PAOK,Greece,CB,3900000,700,68,51,63,61,72,71,Young,Average
Wang Dalei,71,71,33,Shandong Taishan,China PR,GK,600000,10000,70,69,70,72,60,68,Senior,Average
M. Delgado,71,71,27,LA Galaxy,United States,"CDM,CM",1800000,5000,67,52,64,66,66,70,Adult,Average
Arnau Martínez,71,83,19,Girona FC,Spain,"RWB,RB,CB",4300000,8000,74,43,60,66,68,67,Young,Average
Alexandre Pato,71,71,32,Orlando City Soccer Club,Brazil,"ST,RM,LM",1500000,6000,71,70,67,72,32,64,Senior,Average
S. Juklerød,71,71,28,Vålerenga Fotball,Norway,LB,1700000,4000,83,68,68,70,62,72,Adult,Average
T. Antalyalı,71,72,27,MKE Ankaragücü,Turkey,"CDM,CM",1900000,32000,64,63,68,66,67,73,Adult,Average
G. Honeyman,71,71,27,Millwall,England,"CM,RW,CAM",2000000,10000,72,65,71,70,65,74,Adult,Average
O. Jansson,71,71,31,IFK Norrköping,Sweden,GK,1000000,4000,72,67,67,72,33,70,Senior,Average
R. Holzhauser,71,71,29,Oud-Heverlee Leuven,Austria,"CAM,CM,CF",1800000,11000,47,75,78,70,57,71,Adult,Average
G. Burdisso,71,71,33,Deportivo Cali,Argentina,CB,900000,3000,42,43,54,53,70,78,Senior,Average
J. Bree,71,75,24,Luton Town,England,"RWB,RB",2500000,17000,73,44,64,66,67,67,Adult,Average
S. Rodríguez,71,81,22,New York City FC,Uruguay,"CAM,LM,RM",4200000,5000,77,63,67,74,38,48,Young,Average
M. Koné,71,75,25,Nîmes Olympique,Senegal,ST,2600000,6000,92,68,58,74,32,68,Adult,Average
Ronaldo Vieira,71,76,23,U.C. Sampdoria,England,"CDM,CM",2600000,10000,73,58,65,72,67,74,Adult,Average
Q. Bernard,71,71,32,AJ Auxerre,France,"LB,CB",1300000,11000,59,57,69,64,66,79,Senior,Average
P. Testroet,71,71,31,FC Ingolstadt 04,Germany,ST,1600000,7000,66,74,57,64,39,78,Senior,Average
M. Christiansen,71,74,25,SpVgg Greuther Fürth,Germany,"CDM,CM",2200000,7000,63,50,65,65,70,77,Adult,Average
Vítor Gomes,71,71,34,Rio Ave FC,Portugal,"CM,CDM",875000,7000,55,65,73,70,64,73,Senior,Average
I. Kaboré,71,82,21,Olympique de Marseille,Burkina Faso,"RWB,RB",4000000,38000,89,29,63,71,63,70,Young,Average
V. Le Goff,71,71,32,FC Lorient,France,"LB,LWB",1300000,11000,67,60,66,69,67,67,Senior,Average
M. Ashimeru,71,76,24,RSC Anderlecht,Ghana,"CM,CAM,CDM",2800000,12000,73,65,69,75,62,64,Adult,Average
J. Muleka,71,80,22,Beşiktaş JK,Congo DR,"ST,RW,LW",4200000,27000,81,69,58,73,35,70,Young,Average
N. Jackson,71,81,21,Villarreal CF,Senegal,"ST,CAM,LM",4200000,15000,76,72,56,72,40,68,Young,Average
D. Sundgren,71,71,31,Free agent,Sweden,"RWB,CB",0,0,72,50,59,62,67,75,Senior,Average
A. Grgić,71,75,25,FC Sion,Switzerland,"CM,CDM,CAM",2600000,15000,62,68,75,66,64,72,Adult,Average
O. Moruțan,71,77,23,Pisa,Romania,"RM,RW,CM",3000000,3000,73,70,69,76,46,55,Adult,Average
J. Howson,71,71,34,Middlesbrough,England,"CDM,CM",650000,17000,54,68,67,68,68,71,Senior,Average
S. Thomas,71,76,23,Huddersfield Town,Wales,"RW,LW,RWB",2800000,13000,87,66,70,71,52,69,Adult,Average
B. Dibassy,71,71,32,Minnesota United FC,Mali,"CB,LB",1200000,5000,71,54,61,65,71,78,Senior,Average
Chema,71,71,30,SD Eibar,Spain,CB,1500000,7000,56,59,58,60,71,72,Senior,Average
F. Dahmen,71,79,24,1. FSV Mainz 05,Germany,GK,3600000,10000,73,67,78,74,45,68,Adult,Average
K. Musona,71,71,32,Al Tai,Zimbabwe,"CAM,LM,ST",1500000,14000,74,70,69,73,39,72,Senior,Average
R. Pucino,71,71,31,Bari,Italy,"RB,CB,RM",1400000,3000,73,45,59,68,67,72,Senior,Average
A. Morales,71,71,32,New York City FC,United States,"CDM,CM",1200000,5000,59,58,67,67,66,80,Senior,Average
B. Bye,71,74,26,New England Revolution,United States,RB,2300000,5000,77,58,61,65,68,73,Adult,Average
Manolo Reina,71,71,37,Málaga CF,Spain,GK,210000,3000,69,67,65,72,56,71,Senior,Average
J. Hromada,71,72,26,SK Slavia Praha,Slovakia,"CDM,CM",2000000,800,77,55,64,69,67,74,Adult,Average
Rafanilton Vilela,71,71,34,São Paulo,Brazil,"ST,CF,CAM",900000,24000,82,63,60,73,25,62,Senior,Average
O. Ntcham,71,72,26,Swansea City,France,"CM,CAM,RW",2200000,18000,67,68,72,75,63,73,Adult,Average
K. Müller,71,71,31,1. FC Heidenheim 1846,Germany,GK,1000000,12000,71,67,64,73,48,71,Senior,Average
S. Pavlović,71,82,21,FC Red Bull Salzburg,Serbia,CB,3900000,11000,65,43,50,62,70,77,Young,Average
D. Lopy,71,79,20,Stade de Reims,Senegal,"CM,CDM",4099999,11000,67,59,68,71,68,73,Young,Average
J. Estrada,71,74,25,Cienciano,Peru,"RB,LB,RM",2300000,550,80,60,63,65,63,61,Adult,Average
C. Quintana,71,71,34,Patronato,Argentina,CB,600000,9000,48,37,45,49,71,77,Senior,Average
Daguinho Parrela,71,71,26,Internacional,Brazil,"RB,RWB",1900000,15000,75,44,68,59,68,75,Adult,Average
M. Leckie,71,71,31,Melbourne City FC,Australia,"LM,RM",1600000,9000,82,65,64,72,53,75,Senior,Average
B. Hussein,71,78,22,AIK,Sweden,CM,3800000,5000,68,58,70,73,64,71,Young,Average
Ontiveros,71,74,24,Villarreal Club de Fútbol B,Spain,"LM,LW",2600000,5000,71,72,71,73,35,50,Adult,Average
M. Camara,71,75,24,BSC Young Boys,Guinea,CB,2400000,11000,73,35,51,46,71,80,Adult,Average
O. El Kaddouri,71,71,31,PAOK,Morocco,"CM,CAM,LW",1500000,900,70,68,74,71,58,68,Senior,Average
M. Colin,71,71,30,Birmingham City,France,"RWB,RB,CB",1600000,20000,72,34,63,67,69,73,Senior,Average
M. Demir,71,71,30,İttifak Holding Konyaspor,Turkey,ST,1800000,13000,72,73,68,71,37,67,Senior,Average
M. Besuschkow,71,75,25,Hannover 96,Germany,"CM,CDM",2600000,17000,43,60,70,68,67,73,Adult,Average
B. Zech,71,71,31,Pogoń Szczecin,Austria,CB,1300000,7000,82,29,55,57,73,73,Senior,Average
G. Cimirot,71,71,29,Standard de Liège,Bosnia and Herzegovina,"CDM,CM",1600000,10000,63,61,68,68,67,72,Adult,Average
Z. Gano,71,71,28,SV Zulte Waregem,Guinea Bissau,ST,1900000,11000,55,71,53,63,34,78,Adult,Average
J. Gondorf,71,71,34,Karlsruher SC,Germany,"CM,CDM",875000,10000,56,63,70,70,67,76,Senior,Average
Rúben Fernandes,71,71,36,Gil Vicente FC,Portugal,CB,325000,5000,57,51,57,57,73,75,Senior,Average
Luisinho Conradi,71,71,22,Fortaleza,Brazil,LB,2000000,7000,69,56,66,74,68,71,Young,Average
A. Hohberg,71,71,30,Club Sporting Cristal,Peru,"LW,CAM",1800000,750,75,69,70,75,32,64,Senior,Average
L. Amani,71,75,24,Royale Union Saint-Gilloise,Côte d'Ivoire,CM,2700000,10000,77,65,67,78,63,69,Adult,Average
P. Wålemark,71,82,20,Feyenoord,Sweden,"RW,LW",4099999,6000,77,67,66,73,31,61,Young,Average
M. Crooks,71,71,28,Middlesbrough,England,"CM,CAM",1900000,19000,67,67,64,68,68,80,Adult,Average
D. Douděra,71,76,24,SK Slavia Praha,Czech Republic,"RB,RM",2600000,650,85,63,64,70,65,60,Adult,Average
A. Alcáraz,71,71,39,Club Olimpia,Paraguay,CB,325000,500,31,43,52,60,70,72,Senior,Average
B. Özcan,71,78,24,İstanbul Başakşehir FK,Turkey,"CM,CAM,LM",3700000,19000,70,64,72,75,55,66,Adult,Average
R. Santa Cruz,71,71,40,Club Libertad,Paraguay,ST,0,500,33,74,59,62,36,62,Senior,Average
Edsinho Torres,71,71,26,Atlético Clube Goianiense,Brazil,LB,1900000,9000,70,54,60,60,67,70,Adult,Average
M. Linnes,71,71,30,Molde FK,Norway,"RWB,LB",1600000,5000,86,56,63,69,64,63,Senior,Average
J. Dossou,71,71,30,Clermont Foot 63,Benin,RM,1800000,12000,83,64,65,70,35,62,Senior,Average
M. Sylla,71,71,28,Deportivo Alavés,Senegal,"ST,RM,LM",1900000,10000,75,70,63,70,37,71,Adult,Average
J. Rassoul,71,74,26,Aytemiz Alanyaspor,Senegal,"LB,CB,RB",2300000,13000,78,46,60,66,68,79,Adult,Average
J. Ebobisse,71,75,25,San Jose Earthquakes,Cameroon,"ST,RM",2600000,6000,77,68,62,67,33,79,Adult,Average
J. Mejdr,71,72,27,AC Sparta Praha,Czech Republic,RB,2000000,650,74,46,57,64,69,77,Adult,Average
Amilton,71,71,32,İttifak Holding Konyaspor,Brazil,"LM,RW,RM",1500000,12000,86,68,64,71,33,66,Senior,Average
Cryzan,71,71,25,Shandong Taishan,Brazil,"RW,ST",2100000,14000,76,69,69,70,22,79,Adult,Average
André Vidigal,71,77,23,Clube Sport Marítimo,Portugal,"LM,RM",3000000,7000,83,64,62,74,27,58,Adult,Average
Li Xuepeng,71,71,33,Guangzhou FC,China PR,"LB,LM",975000,6000,81,55,68,68,66,71,Senior,Average
S. Andersson,71,71,30,1. FC Köln,Sweden,ST,1800000,18000,48,72,53,67,31,72,Senior,Average
M. Desler,71,72,27,Toulouse Football Club,Denmark,"RB,RWB",2000000,11000,76,60,66,68,65,70,Adult,Average
B. Moe,71,71,30,FK Bodø/Glimt,Norway,CB,1500000,4000,68,43,52,58,70,79,Senior,Average
R. Gumny,71,76,24,FC Augsburg,Poland,"RWB,CB,RM",2600000,13000,74,41,60,68,67,69,Adult,Average
F. Boli,71,71,28,Ferencvárosi TC,Côte d'Ivoire,ST,1900000,850,72,72,47,70,26,66,Adult,Average
F. Chafaï,71,71,32,Damac FC,Algeria,CB,1200000,13000,41,44,46,46,72,82,Senior,Average
E. Riis,71,75,24,Preston North End,Denmark,ST,2700000,21000,76,70,53,67,28,73,Adult,Average
Sergi Cardona,71,80,22,Unión Deportiva Las Palmas,Spain,"LB,LM",4000000,5000,76,42,59,62,69,65,Young,Average
T. Suslov,71,80,20,FC Groningen,Slovakia,"CAM,LM",4099999,5000,74,65,70,74,48,65,Young,Average
Sergio Ruiz,71,73,27,Granada CF,Spain,"CDM,CM,CAM",2000000,7000,62,62,65,68,66,73,Adult,Average
M. Heyer,71,72,27,Hamburger SV,Germany,"RB,CDM,CB",2000000,9000,67,55,62,66,70,75,Adult,Average
T. Krauß,71,79,21,FC Schalke 04,Germany,"CM,CDM",4200000,21000,71,66,64,70,67,72,Young,Average
L. Morales,71,71,31,Gimnasia y Esgrima La Plata,Argentina,"CB,RB",1300000,10000,66,33,52,61,72,75,Senior,Average
S. Long,71,71,35,Reading,Republic of Ireland,ST,800000,11000,78,68,61,71,36,61,Senior,Average
P. Tietz,71,75,24,SV Darmstadt 98,Germany,ST,2700000,13000,66,71,54,66,33,74,Adult,Average
Sivera,71,75,25,Deportivo Alavés,Spain,GK,2000000,6000,72,65,70,75,57,68,Adult,Average
C. Sierra,71,71,31,América de Cali,Colombia,"CM,CDM",1500000,2000,61,74,71,70,63,78,Senior,Average
H. Dervişoğlu,71,78,22,Burnley,Turkey,"ST,CF",3800000,27000,75,70,64,73,36,65,Young,Average
J. Lowe,71,71,27,AFC Bournemouth,Jamaica,"ST,LW,RW",2000000,30000,86,69,60,73,40,72,Adult,Average
R. Neustädter,71,71,34,KVC Westerlo,Russia,"CB,CDM",600000,8000,36,52,65,64,71,73,Senior,Average
L. Lucca,71,82,21,Ajax,Italy,ST,4200000,3000,66,72,59,63,32,78,Young,Average
M. Pantović,71,73,25,1. FC Union Berlin,Serbia,"CAM,CM",2400000,18000,76,69,68,73,40,61,Adult,Average
M. Ekpiteta,71,74,26,Blackpool,England,CB,2200000,9000,69,29,48,52,71,76,Adult,Average
E. Méndez,71,71,33,Club Atlético Sarmiento,Argentina,"CDM,CM",925000,8000,47,49,61,63,70,83,Senior,Average
Wiliam Santinho,71,74,26,Fluminense,Brazil,GK,1900000,11000,61,77,76,73,36,70,Adult,Average
D. St. Clair,71,77,25,Minnesota United FC,Canada,GK,2300000,4000,71,66,56,76,27,70,Adult,Average
Y. Barbet,71,71,29,FC Girondins de Bordeaux,France,CB,1600000,6000,68,51,67,64,71,75,Adult,Average
M. Meyerhöfer,71,72,26,SpVgg Greuther Fürth,Germany,"RB,RM",2000000,7000,66,40,61,70,67,71,Adult,Average
D. Ginczek,71,71,31,Fortuna Düsseldorf,Germany,"ST,RW",1600000,17000,67,72,51,65,38,75,Senior,Average
F. Reese,71,74,24,Holstein Kiel,Germany,"LM,LW,RW",2600000,11000,86,64,66,68,44,76,Adult,Average
L. Ramazani,71,81,21,Unión Deportiva Almería,Belgium,"RM,LM,ST",4200000,12000,87,65,63,75,33,56,Young,Average
O. Kragl,71,71,32,SV Ried,Germany,"LM,LB,CM",1500000,8000,75,72,70,70,59,73,Senior,Average
Wagner Orsinho,71,71,22,Fluminense,Brazil,LB,2000000,12000,77,57,68,64,68,59,Young,Average
K. Miyoshi,71,74,25,Royal Antwerp FC,Japan,"RW,CAM,LW",2500000,14000,76,67,69,76,46,53,Adult,Average
Riccieli,71,80,23,Futebol Clube de Famalicão,Brazil,CB,3900000,5000,53,33,49,56,71,77,Adult,Average
T. Salquist,71,73,27,Silkeborg IF,Denmark,CB,2000000,8000,64,43,51,53,70,80,Adult,Average
S. Boey,71,76,21,Galatasaray SK,Cameroon,"RB,RWB",2700000,23000,85,43,59,70,67,65,Young,Average
A. Karabec,71,84,18,AC Sparta Praha,Czech Republic,"CAM,RM,LM",4400000,500,73,65,69,73,35,54,Young,Average
B. Džemaili,71,71,36,FC Zürich,Switzerland,"CM,CDM",600000,9000,43,69,72,69,70,66,Senior,Average
V. Salazar,71,71,29,Club Olimpia,Argentina,"RB,RWB",1600000,650,88,48,57,69,64,70,Adult,Average
B. Dejaegere,71,71,31,Toulouse Football Club,Belgium,"CM,CAM",1500000,12000,70,60,71,71,66,70,Senior,Average
K. Glik,71,71,34,Benevento,Poland,CB,600000,3000,35,32,44,52,71,79,Senior,Average
K. D'Haene,71,71,32,KV Kortrijk,Belgium,"LB,LWB,LM",1300000,9000,71,59,67,74,64,61,Senior,Average
D. Pavelka,71,71,31,AC Sparta Praha,Czech Republic,"CDM,CM,CB",1300000,650,63,60,68,68,68,76,Senior,Average
E. Başsan,71,71,30,Yukatel Kayserispor,Turkey,"RM,LM",1800000,12000,77,69,70,72,22,58,Senior,Average
Adrián Burnabão,71,71,26,América Futebol Clube,Brazil,"CAM,CF",2000000,11000,62,65,74,75,24,61,Adult,Average
A. Lucoqui,71,74,24,F.C. Hansa Rostock,Angola,LWB,2400000,13000,75,45,59,71,67,71,Adult,Average
G. Fuentes,71,76,25,Real Zaragoza,Colombia,LB,2600000,6000,82,49,61,69,65,75,Adult,Average
A. Colpani,71,79,23,AC Monza,Italy,CM,4099999,24000,68,62,71,73,62,64,Adult,Average
L. Morales,71,81,22,Newell's Old Boys,Argentina,GK,3600000,7000,70,69,68,72,52,73,Young,Average
M. Henriksen,71,71,29,Rosenborg BK,Norway,"CB,CDM",1600000,5000,55,67,67,65,69,79,Adult,Average
J. Deminguet,71,77,24,Stade Malherbe Caen,France,"CM,CDM",2900000,5000,72,63,71,73,62,71,Adult,Average
Jorge Carvallinho,71,71,26,América Futebol Clube,Brazil,"CB,LB",1800000,10000,59,54,58,55,71,74,Adult,Average
G. Mikautadze,71,81,21,FC Metz,Georgia,"ST,CF,CAM",4200000,5000,79,71,66,74,36,67,Young,Average
J. Bidwell,71,71,29,Coventry City,England,"LWB,LB",1600000,14000,68,48,66,64,68,76,Adult,Average
E. Horvath,71,74,27,Luton Town,United States,GK,1800000,25000,78,66,57,76,48,62,Adult,Average
A. Ralston,71,78,23,Celtic,Scotland,RB,3600000,24000,76,58,66,67,67,78,Adult,Average
S. Griesbeck,71,71,31,SpVgg Greuther Fürth,Germany,"CB,CDM",1300000,7000,68,47,58,55,71,81,Senior,Average
J. Ring,71,71,30,Jeju United FC,Sweden,"RW,CF",1800000,7000,81,64,68,72,47,70,Senior,Average
M. Bolados,71,72,26,Colo-Colo,Chile,"RW,RM",2200000,6000,83,65,66,73,55,62,Adult,Average
V. Kovalenko,71,73,26,Spezia,Ukraine,"CM,CAM",2300000,27000,72,70,72,73,57,71,Adult,Average
Alex das Freitas,71,71,22,América Futebol Clube,Brazil,"CDM,CM",2000000,9000,66,55,59,66,72,70,Young,Average
J. van Hecke,71,80,22,Brighton & Hove Albion,Netherlands,CB,3900000,28000,60,45,56,61,72,72,Young,Average
S. Clucas,71,71,31,Stoke City,England,"CM,CDM",1500000,18000,66,70,71,69,66,72,Senior,Average
C. Halkett,71,73,27,Heart of Midlothian,Scotland,CB,2000000,5000,63,51,56,61,71,74,Adult,Average
M. Maolida,71,76,23,Hertha BSC,France,"LM,ST",2800000,16000,77,67,62,76,24,59,Adult,Average
J. Balkovec,71,71,27,Aytemiz Alanyaspor,Slovenia,"LB,CB,RB",1800000,13000,72,53,64,64,68,74,Adult,Average
G. Gaetano,71,79,22,Napoli,Italy,"CAM,CM",4200000,25000,63,71,69,71,49,58,Young,Average
M. O'Riley,71,80,21,Celtic,Denmark,"CM,CAM",4200000,23000,67,65,71,70,58,67,Young,Average
F. Plach,71,71,30,Piast Gliwice,Slovakia,GK,1200000,6000,70,69,66,71,33,72,Senior,Average
S. van de Streek,71,71,29,FC Utrecht,Netherlands,"CAM,CM,ST",1800000,11000,64,72,68,71,58,68,Adult,Average
Jordi Mboula,71,80,23,Racing Santander,Spain,"RM,LM",4200000,14000,87,66,62,75,32,63,Adult,Average
L. Benegas,71,71,33,Club Atlético Independiente,Chile,"ST,LW",1200000,11000,70,68,63,68,40,81,Senior,Average
L. González,71,71,31,Junior FC,Venezuela,"RM,CAM,LM",1600000,3000,76,66,68,75,37,57,Senior,Average
Juanpe,71,71,31,Girona FC,Spain,CB,1300000,15000,54,37,55,49,70,78,Senior,Average
F. Hadergjonaj,71,71,27,Kasimpaşa SK,Kosovo,"RB,LB",1800000,9000,81,50,66,69,65,70,Adult,Average
R. Petretta,71,75,25,Kasimpaşa SK,Italy,LB,2400000,9000,80,36,66,70,66,73,Adult,Average
M. Kaye,71,72,27,Toronto FC,Canada,"CM,CDM",2100000,6000,71,54,66,71,68,75,Adult,Average
M. Payero,71,78,23,Boca Juniors,Argentina,CM,3700000,16000,70,59,73,71,61,69,Adult,Average
Mujaid,71,82,22,KRC Genk,Spain,"CB,RB",3900000,9000,73,26,49,55,72,77,Young,Average
E. Rashani,71,71,29,Clermont Foot 63,Kosovo,"LM,LW",1800000,13000,81,65,62,71,39,66,Adult,Average
J. Clarke-Harris,71,71,27,Peterborough United,Jamaica,ST,2000000,10000,77,72,55,68,27,78,Adult,Average
T. Băluță,71,75,23,FC Farul Constanța,Romania,"CDM,CM",2400000,6000,59,51,57,53,70,74,Adult,Average
A. Ioniță,71,71,31,Pisa,Moldova,CM,1500000,4000,57,68,69,70,73,78,Senior,Average
R. Nyambe,71,75,24,Wigan Athletic,Namibia,"RWB,RB",2500000,7000,81,33,58,69,68,76,Adult,Average
C. Vega,71,71,28,Club Atlético Colón,Argentina,"CDM,CM",1600000,9000,68,61,66,65,68,72,Adult,Average
Fernando Karanga,71,71,31,Henan Songshan Longmen FC,Brazil,"ST,RW,RM",1600000,9000,68,71,55,62,30,78,Senior,Average
H. Arslan,71,71,33,Demir Grup Sivasspor,Turkey,"CM,CDM",1200000,12000,59,69,66,72,70,75,Senior,Average
M. Saliakas,71,74,25,FC St. Pauli,Greece,RB,2300000,11000,75,57,66,67,66,65,Adult,Average
Jairão Zezé,71,71,22,Atlético Clube Goianiense,Brazil,"CAM,CM",2200000,8000,76,54,73,77,41,47,Young,Average
E. Cobbaut,71,76,24,Parma,Belgium,CB,2600000,3000,68,41,67,67,70,77,Adult,Average
P. Bočkaj,71,73,25,Dinamo Zagreb,Croatia,"LB,LWB,LM",2200000,600,71,72,76,73,64,68,Adult,Average
Jessé Ledeiro,71,71,22,RB Bragantino,Brazil,"CAM,CF",2200000,10000,69,63,73,72,37,56,Young,Average
J. Kamiński,71,83,20,VfL Wolfsburg,Poland,LM,4500000,19000,89,65,62,72,47,57,Young,Average
R. Ilie,71,83,19,OGC Nice,Romania,"LW,CAM,LM",4400000,16000,80,67,68,73,41,62,Young,Average
S. Ajayi,71,72,28,West Bromwich Albion,Nigeria,CB,1800000,21000,76,48,47,62,70,79,Adult,Average
T. Kleindienst,71,71,26,1. FC Heidenheim 1846,Germany,ST,2100000,17000,67,72,55,61,33,81,Adult,Average
E. Capradossi,71,73,26,Cagliari,Italy,CB,2000000,3000,60,36,51,51,73,69,Adult,Average
K. Pedersen,71,71,27,1. FC Köln,Denmark,"LB,CB",1800000,16000,64,37,57,65,69,81,Adult,Average
Iñigo Vicente,71,77,24,Racing Santander,Spain,LM,3000000,6000,74,65,70,73,47,55,Adult,Average
M. Kamiński,71,71,30,FC Schalke 04,Poland,CB,1500000,14000,53,57,63,60,72,70,Senior,Average
Y. Méïté,71,74,26,Reading,Côte d'Ivoire,"ST,RM",2500000,15000,79,72,56,64,49,85,Adult,Average
Jony Reitosa,71,71,30,Ceará Sporting Club,Brazil,RB,1600000,9000,74,42,54,59,67,74,Senior,Average
Villalibre,71,78,24,Athletic Club de Bilbao,Spain,ST,3800000,15000,72,70,55,67,39,81,Adult,Average
M. Pavkov,71,71,28,Al Fayha,Serbia,ST,1900000,18000,51,72,52,63,26,80,Adult,Average
S. Malone,71,71,31,Millwall,England,"LWB,LB",1400000,9000,72,63,63,70,65,71,Senior,Average
Quique,71,71,32,SD Eibar,Spain,"ST,LM",1500000,8000,72,70,64,71,43,70,Senior,Average
T. Trybull,71,71,29,SV Sandhausen,Germany,"CDM,CM",1600000,6000,62,47,65,66,69,72,Adult,Average
F. Parisi,71,83,21,Empoli,Italy,LB,4400000,5000,70,63,60,70,65,63,Young,Average
S. Abdulhamid,71,77,22,Al Hilal,Saudi Arabia,"RB,CB,CDM",2800000,18000,89,43,58,67,64,69,Young,Average
M. Burda,71,72,27,Dynamo Kyiv,Ukraine,CB,1900000,600,64,23,43,42,72,71,Adult,Average
Marc Martínez,71,71,32,FC Cartagena,Spain,GK,925000,5000,72,69,65,77,49,69,Senior,Average
Diego González,71,74,27,Elche CF,Spain,CB,2100000,12000,66,34,62,59,71,74,Adult,Average
B. Touré,71,71,30,AJ Auxerre,Mali,"CDM,CM",1600000,11000,36,53,64,66,68,77,Senior,Average
M. Bero,71,72,26,Vitesse,Slovakia,"CM,CAM",2200000,11000,72,71,69,71,67,82,Adult,Average
K. Eissa,71,71,32,Al Ain FC,United Arab Emirates,GK,925000,650,71,66,60,76,49,70,Senior,Average
H. De La Fuente,71,75,25,Futebol Clube de Famalicão,Argentina,RB,2400000,6000,84,60,61,71,63,78,Adult,Average
M. Collocolo,71,79,22,Ascoli,Italy,"CDM,CM",4000000,3000,70,58,65,66,69,74,Young,Average
M. Çetin,71,77,25,Lecce,Turkey,CB,2600000,15000,61,44,54,59,71,73,Adult,Average
R. Mmaee,71,75,25,Ferencvárosi TC,Morocco,ST,2600000,750,76,70,54,71,28,63,Adult,Average
G. Ortíz,71,71,29,Godoy Cruz,Argentina,CB,1600000,7000,65,41,48,48,71,77,Adult,Average
P. Klement,71,71,29,1. FC Kaiserslautern,Germany,"CAM,CM",1800000,9000,49,68,75,73,40,53,Adult,Average
J. Hendrick,71,71,30,Reading,Republic of Ireland,"CM,RM",1800000,45000,62,68,72,71,69,73,Senior,Average
F. Kaša,71,71,28,FC Viktoria Plzeň,Czech Republic,CB,1600000,700,73,38,55,62,71,71,Adult,Average
M. Falzerano,71,71,31,Ascoli,Italy,"RW,CM,RM",1600000,4000,88,64,66,74,56,64,Senior,Average
P. Sarr,71,82,19,Tottenham Hotspur,Senegal,CM,4000000,25000,67,63,68,72,66,65,Young,Average
Daniel Candeias,71,71,34,Aytemiz Alanyaspor,Portugal,"RM,LM",875000,14000,74,64,70,72,56,76,Senior,Average
F. Macheda,71,71,30,MKE Ankaragücü,Italy,ST,1800000,11000,69,72,61,71,30,63,Senior,Average
Y. Valery,71,79,23,Angers SCO,France,"RB,RWB",4000000,12000,69,52,60,69,69,72,Adult,Average
Dalbert,71,71,28,Inter,Brazil,"LWB,LM",1700000,31000,85,57,65,72,64,69,Adult,Average
Edmilson Dove,71,71,27,Kaizer Chiefs,Mozambique,"LB,LM,CB",1800000,600,78,44,52,65,70,72,Adult,Average
Saúl Berjón,71,71,36,Burgos CF,Spain,LM,600000,4000,77,70,72,72,41,64,Senior,Average
C. Dájome,71,71,28,Vancouver Whitecaps FC,Colombia,"LM,ST",1900000,6000,82,63,63,71,54,72,Adult,Average
Murilo Henrique,71,71,27,Suwon FC,Brazil,"LM,CAM,CM",2000000,6000,85,64,65,73,45,69,Adult,Average
C. Okoli,71,81,20,Atalanta,Italy,CB,3800000,17000,54,30,46,53,72,77,Young,Average
A. Briançon,71,72,27,AS Saint-Étienne,France,CB,1900000,6000,48,47,56,53,71,80,Adult,Average
A. Bareiro,71,74,25,San Lorenzo de Almagro,Paraguay,ST,2500000,10000,67,68,55,69,36,73,Adult,Average
N. Peranic,71,71,37,Universidad Católica,Argentina,GK,210000,4000,71,70,66,72,28,71,Senior,Average
M. Maertens,71,72,27,Oud-Heverlee Leuven,Belgium,"CF,CAM,CM",2200000,11000,74,70,67,70,64,68,Adult,Average
Hernâni,71,71,30,Rio Ave FC,Portugal,"RM,LM",1800000,7000,91,65,63,77,29,60,Senior,Average
Pedro Santos,71,71,34,Columbus Crew,Portugal,"LB,LM,RM",700000,5000,69,69,71,73,68,65,Senior,Average
Fer Niño,71,80,21,Villarreal Club de Fútbol B,Spain,ST,4200000,5000,65,72,59,67,35,68,Young,Average
João Gamboa,71,75,25,Oud-Heverlee Leuven,Portugal,"CDM,CM",2400000,9000,65,58,66,67,68,74,Adult,Average
P. Carlgren,71,71,30,Randers FC,Sweden,GK,1200000,7000,69,69,69,72,42,69,Senior,Average
D. Boloca,71,78,23,Frosinone,Romania,CM,3700000,2000,64,58,68,70,50,74,Adult,Average
O. Doumbia,71,71,30,FC Lugano,Côte d'Ivoire,"CDM,CM",1600000,7000,72,58,65,66,69,78,Senior,Average
Eminho Moringa,71,71,34,Sport Club Corinthians Paulista,Brazil,CB,600000,16000,63,50,62,61,71,78,Senior,Average
Ailton Cardenhas,71,71,22,Santos,Brazil,GK,1600000,10000,71,72,72,72,23,76,Young,Average
A. Rogel,71,78,24,Hertha BSC,Uruguay,CB,3500000,15000,46,33,48,55,71,78,Adult,Average
J. Vagnoman,71,79,21,VfB Stuttgart,Germany,"RB,RM,LB",4000000,10000,84,46,61,67,66,77,Young,Average
N. Maksimović,71,71,30,Genoa,Serbia,CB,1500000,3000,51,28,44,53,73,76,Senior,Average
M. Fraisl,71,73,29,DSC Arminia Bielefeld,Austria,GK,1600000,10000,72,71,70,73,41,66,Adult,Average
J. Justvan,71,75,24,SC Paderborn 07,Germany,"CAM,RM,LWB",2700000,12000,84,55,69,74,52,52,Adult,Average
M. Carabajal,71,77,25,Independiente del Valle,Argentina,"CB,RB,CDM",2600000,650,71,43,63,62,70,75,Adult,Average
A. Flint,71,71,32,Stoke City,England,CB,1200000,17000,41,48,40,41,69,82,Senior,Average
F. Sakala,71,74,25,Rangers FC,Zambia,"ST,LW",2500000,32000,90,71,60,72,31,66,Adult,Average
S. Holmén,71,71,30,IF Elfsborg,Sweden,CB,1500000,4000,55,36,49,51,73,75,Senior,Average
T. Skarke,71,72,25,1. FC Union Berlin,Germany,"RM,LM,RWB",2200000,18000,88,68,60,73,45,55,Adult,Average
T. Ambrose,71,75,25,KV Oostende,France,"ST,LM",2600000,9000,82,68,60,72,29,66,Adult,Average
W. Troost-Ekong,71,71,28,Watford,Nigeria,CB,1600000,25000,61,32,43,43,72,77,Adult,Average
S. Bastoni,71,73,25,Spezia,Italy,"CM,LM,LB",2300000,11000,66,57,71,71,69,66,Adult,Average
A. Jeremejeff,71,71,28,BK Häcken,Sweden,ST,1900000,6000,67,69,61,63,29,69,Adult,Average
S. Johansen,71,71,31,Queens Park Rangers,Norway,"CM,CAM",1500000,22000,63,66,73,70,67,72,Senior,Average
M. Langerak,71,71,33,Free agent,Australia,GK,0,0,72,68,53,73,26,72,Senior,Average
S. De Maio,71,71,35,Modena,France,CB,500000,2000,52,42,41,51,73,74,Senior,Average
Anuar,71,72,27,Real Valladolid CF,Morocco,"CM,CAM,LM",2100000,14000,79,67,66,73,67,69,Adult,Average
B. Adjei-Boateng,71,71,28,CFR Cluj,Ghana,"CDM,CM",1600000,11000,75,64,60,67,67,84,Adult,Average
D. Špikić,71,76,23,Dinamo Zagreb,Croatia,"RW,LW,RM",2800000,650,84,67,64,76,47,61,Adult,Average
A. Finnbogason,71,71,33,Lyngby BK,Iceland,ST,1200000,9000,41,75,61,72,33,62,Senior,Average
S. Kerk,71,71,28,Hannover 96,Germany,"CAM,CF,LM",1900000,19000,69,74,76,72,34,63,Adult,Average
S. Janko,71,72,26,VfL Bochum 1848,Gambia,"RB,RW",2000000,13000,88,52,60,69,66,79,Adult,Average
Guilherme Schettine,71,72,26,Grasshopper Club Zürich,Brazil,ST,2200000,10000,65,72,59,69,25,67,Adult,Average
J. Paintsil,71,76,24,KRC Genk,Ghana,"LW,RW,ST",2800000,10000,89,67,60,74,33,72,Adult,Average
D. Braghieri,71,71,35,Club Atlético Lanús,Argentina,CB,500000,7000,57,48,49,56,69,79,Senior,Average
L. Pfeiffer,71,73,25,VfB Stuttgart,Germany,ST,2400000,16000,53,70,50,62,33,80,Adult,Average
Danilo,71,76,23,Feyenoord,Brazil,ST,2900000,7000,77,72,58,73,22,64,Adult,Average
J. Lössl,71,71,33,FC Midtjylland,Denmark,GK,600000,13000,72,72,69,71,37,69,Senior,Average
S. Surridge,71,77,23,Nottingham Forest,England,ST,3000000,33000,69,71,55,69,28,71,Adult,Average
A. Flips,71,78,22,Stade de Reims,France,"RM,LM,CAM",3800000,13000,70,68,68,73,43,60,Young,Average
Pedro Sá,71,71,28,Portimonense SC,Portugal,"CDM,CM",1600000,6000,61,55,62,66,68,75,Adult,Average
M. Pedersen,71,72,25,FC Augsburg,Denmark,LM,2200000,16000,84,52,65,73,66,67,Adult,Average
S. van Beek,71,71,27,SC Heerenveen,Netherlands,CB,1700000,6000,60,39,55,51,72,72,Adult,Average
K. Omeruo,71,73,28,CD Leganés,Nigeria,CB,1900000,8000,64,32,50,56,70,77,Adult,Average
U. Hünemeier,71,71,36,SC Paderborn 07,Germany,CB,325000,9000,41,51,60,56,73,66,Senior,Average
T. Smith,71,71,30,Middlesbrough,England,"RWB,RB",1600000,17000,67,46,66,65,68,72,Senior,Average
Erik Morán,71,71,31,SD Ponferradina,Spain,CDM,1300000,6000,41,50,69,66,68,74,Senior,Average
K. Duncan,71,75,24,New York Red Bulls,United States,"RWB,RM,RB",2500000,7000,89,46,58,69,65,71,Adult,Average
A. Blin,71,75,25,Lecce,France,"CDM,CM,CB",2400000,10000,38,52,63,62,68,78,Adult,Average
A. Benali,71,71,30,Brescia,Libya,"CM,CDM,CF",1800000,4000,76,63,69,75,44,63,Senior,Average
A. Caracciolo,71,71,32,Pisa,Italy,CB,1200000,3000,57,32,49,62,72,76,Senior,Average
Neto Borges,71,74,25,Clermont Foot 63,Brazil,LB,2300000,11000,72,50,64,71,66,78,Adult,Average
E. Derdiyok,71,71,34,MKE Ankaragücü,Switzerland,ST,900000,11000,36,74,66,65,32,65,Senior,Average
Cláudio Winck,71,71,28,Clube Sport Marítimo,Brazil,RB,1700000,7000,69,59,61,66,68,73,Adult,Average
E. Fernandes,71,73,26,1. FSV Mainz 05,Switzerland,"CM,CDM",2300000,17000,67,65,67,72,70,66,Adult,Average
Yan Couto,71,79,20,Girona FC,Brazil,"RM,RB,RWB",4099999,43000,82,56,65,74,62,59,Young,Average
J. Ríos,71,71,30,Club Deportes Tolima,Colombia,"CDM,CM",1600000,3000,64,54,61,63,70,75,Senior,Average
L. de la Torre,71,77,24,RC Celta de Vigo,United States,"CM,CDM,LM",2900000,13000,65,56,70,74,59,61,Adult,Average
R. Schüller,71,71,31,Djurgårdens IF,Finland,"CDM,CM",1300000,6000,50,56,65,65,71,70,Senior,Average
K. Çörekçi,71,71,30,Atakaş Hatayspor,Turkey,"RB,LB,RWB",1600000,9000,81,49,65,70,66,68,Senior,Average
C. Ganea,71,71,30,Panathinaikos FC,Romania,LB,1600000,550,74,66,70,69,65,70,Senior,Average
L. Iberico,71,77,24,FBC Melgar,Peru,"LW,LM,ST",3000000,650,83,70,61,74,25,67,Adult,Average
M. Dárdai,71,82,20,Hertha BSC,Germany,CB,3800000,12000,65,31,65,63,72,70,Young,Average
O. El Hajjam,71,71,31,Le Havre AC,Morocco,"CB,RB,RWB",1300000,5000,65,45,65,67,72,73,Senior,Average
L. Veldwijk,71,71,30,Suwon FC,South Africa,ST,1800000,6000,57,73,51,64,33,79,Senior,Average
E. Loiodice,71,83,21,Unión Deportiva Las Palmas,France,"CDM,CM",4400000,5000,66,59,67,73,65,65,Young,Average
Gerard Valentín,71,71,28,SD Huesca,Spain,"RM,RB",1900000,8000,91,53,59,78,60,70,Adult,Average
A. Mendy,71,71,28,Stade Malherbe Caen,Guinea Bissau,ST,1900000,7000,72,72,52,64,25,81,Adult,Average
N. Theuerkauf,71,71,35,1. FC Heidenheim 1846,Germany,"CDM,LB,CB",525000,10000,62,56,64,63,71,80,Senior,Average
S. van den Berg,71,81,20,FC Schalke 04,Netherlands,CB,3800000,34000,60,34,62,64,72,72,Young,Average
P. Pentke,71,71,37,TSG Hoffenheim,Germany,GK,210000,10000,70,69,65,74,37,72,Senior,Average
M. Dreyer,71,71,33,AS Saint-Étienne,France,GK,600000,5000,71,72,68,73,49,69,Senior,Average
F. Gutiérrez,71,71,31,Colorado Rapids,Chile,"CM,CAM",1500000,6000,65,68,72,74,59,61,Senior,Average
D. Jones,71,76,25,New England Revolution,United States,"LB,RB",2600000,5000,82,56,65,69,66,75,Adult,Average
M. McKenzie,71,78,23,KRC Genk,United States,CB,3500000,9000,78,36,48,62,71,74,Adult,Average
B. Gimber,71,75,25,SSV Jahn Regensburg,Germany,CDM,2400000,8000,65,48,59,56,71,79,Adult,Average
A. Oğuz,71,71,29,İttifak Holding Konyaspor,Turkey,"RB,RWB",1600000,11000,76,59,67,71,67,78,Adult,Average
T. Olsen,71,71,31,Lillestrøm SK,Norway,ST,1600000,5000,75,70,59,64,41,79,Senior,Average
S. Hutchinson,71,71,31,Millwall,England,CB,1300000,9000,47,29,50,53,72,78,Senior,Average
D. Adorni,71,71,29,Brescia,Italy,CB,1600000,4000,73,44,52,53,73,69,Adult,Average
K. El Berkaoui,71,72,27,Al Raed,Morocco,"ST,LW",2200000,14000,87,73,56,72,24,63,Adult,Average
S. Sosa,71,80,23,Atlanta United,Argentina,"CDM,CM",3900000,5000,59,56,61,66,69,76,Adult,Average
I. Fossum,71,74,25,Aalborg BK,Norway,"CM,CAM",2500000,10000,69,68,69,71,64,74,Adult,Average
André Silva,71,75,25,Vitória de Guimarães,Brazil,"ST,LW",2600000,8000,76,70,65,72,32,66,Adult,Average
M. Andersen,71,77,23,Venezia FC,Denmark,"CM,CDM",2900000,3000,68,61,69,71,63,73,Adult,Average
J. Greguš,71,71,31,San Jose Earthquakes,Slovakia,"CDM,CM",1300000,5000,63,68,73,68,66,73,Senior,Average
E. Agbadou,71,78,25,Stade de Reims,Côte d'Ivoire,"CB,CDM",3400000,13000,67,47,50,57,69,79,Adult,Average
Sergio Castel,71,72,27,UD Ibiza,Spain,ST,2200000,6000,58,72,53,65,23,76,Adult,Average
R. McGree,71,78,23,Middlesbrough,Australia,"CM,CAM",3700000,16000,79,69,69,74,63,73,Adult,Average
N. Acevedo,71,71,33,Godoy Cruz,Argentina,"CM,CDM",1200000,8000,64,55,73,72,63,81,Senior,Average
Kang Sang Woo,71,71,28,Beijing Guoan FC,Korea Republic,"LB,LWB,LM",1700000,12000,81,63,69,68,64,62,Adult,Average
P. Gerkens,71,72,27,Royal Antwerp FC,Belgium,"CM,CAM,CF",2100000,14000,54,69,70,69,66,69,Adult,Average
José León,71,73,27,CD Tenerife,Spain,CB,2000000,7000,68,36,54,55,71,76,Adult,Average
O. Kamara,71,71,32,D.C. United,Norway,ST,1500000,6000,73,72,60,68,33,77,Senior,Average
J. Murillo,71,73,28,Los Angeles FC,Colombia,"CB,RB",1900000,6000,81,38,54,62,71,79,Adult,Average
J. Buckley,71,79,22,Blackburn Rovers,England,"CAM,CM",4200000,23000,77,60,67,72,65,69,Young,Average
R. Hennings,71,71,34,Fortuna Düsseldorf,Germany,ST,900000,17000,62,76,61,65,40,73,Senior,Average
A. Ba Loua,71,72,25,Lech Poznań,Côte d'Ivoire,RM,2200000,7000,88,60,67,73,27,52,Adult,Average
J. Huth,71,72,28,SC Paderborn 07,Germany,GK,1500000,11000,71,66,75,74,59,68,Adult,Average
N. Tripichio,71,74,26,Defensa y Justicia,Argentina,"RB,CB",2300000,9000,78,50,65,71,64,69,Adult,Average
D. Stipica,71,71,31,Pogoń Szczecin,Croatia,GK,1000000,6000,72,72,64,74,29,73,Senior,Average
M. Vlap,71,74,25,FC Twente,Netherlands,"CAM,CM",2500000,9000,58,73,69,70,47,65,Adult,Average
J. Zoet,71,71,31,Spezia,Netherlands,GK,1000000,9000,70,73,74,70,51,71,Senior,Average
S. Gómez,71,76,26,Atlético Nacional,Colombia,"CDM,CM",2500000,3000,63,62,64,67,69,73,Adult,Average
Y. Neyou,71,76,25,CD Leganés,Cameroon,"CDM,CM",2500000,6000,66,60,65,75,70,68,Adult,Average
B. Kuwas,71,71,29,GZT Giresunspor,Curacao,RM,1800000,10000,78,72,67,75,32,65,Adult,Average
I. Sylla,71,71,28,Toulouse Football Club,Guinea,LB,1700000,12000,71,61,67,66,65,73,Adult,Average
B. Martella,71,71,29,Ternana,Italy,"LB,LM",1600000,4000,81,57,69,66,62,74,Adult,Average
M. Sobottka,71,71,28,Fortuna Düsseldorf,Germany,"CDM,CM",1600000,15000,66,57,63,66,71,74,Adult,Average
M. Capuano,71,71,30,Ternana,Italy,CB,1500000,3000,63,33,49,57,71,81,Senior,Average
Iago Falqué,71,71,32,América de Cali,Spain,"CAM,ST,RW",1500000,2000,67,68,73,74,38,51,Senior,Average
Nanu,71,71,28,FC Dallas,Guinea Bissau,"RB,RM",1700000,8000,86,61,63,70,66,73,Adult,Average
J. Steer,71,71,29,Aston Villa,England,GK,1300000,33000,72,70,70,71,51,70,Adult,Average
N. Bancu,71,71,29,Universitatea Craiova,Romania,"LB,LWB",1600000,10000,79,66,67,70,64,74,Adult,Average
M. Meli,71,71,30,Club Atlético Aldosivi,Argentina,"CM,RM",1800000,8000,74,61,67,69,66,75,Senior,Average
M. Gersbeck,71,72,27,Karlsruher SC,Germany,GK,1600000,8000,67,72,58,71,42,71,Adult,Average
Kim Jin Su,71,71,30,Jeonbuk Hyundai Motors,Korea Republic,LB,1600000,21000,83,40,64,68,66,66,Senior,Average
M. Rojas,71,71,30,Free agent,New Zealand,"LM,RM",0,0,85,66,67,74,45,47,Senior,Average
J. Buffarini,71,71,33,Club Atlético Talleres,Argentina,RB,975000,9000,75,58,64,70,65,78,Senior,Average
Hong Chul,71,71,31,Daegu FC,Korea Republic,"LWB,LB",1400000,6000,85,49,65,69,63,73,Senior,Average
Pep Chavarría,71,78,24,Rayo Vallecano,Spain,LB,3600000,10000,84,49,63,67,64,75,Adult,Average
D. Dike,71,82,22,West Bromwich Albion,United States,ST,4200000,21000,68,71,47,62,21,80,Young,Average
Vanderlei Cõembra,71,71,22,Cuiabá,Brazil,"RB,LB",2000000,9000,87,36,60,68,64,67,Young,Average
Carraça,71,71,29,Gil Vicente FC,Portugal,"RB,RWB,RM",1600000,8000,68,59,67,69,67,70,Adult,Average
R. Walter,71,72,27,Sporting Kansas City,France,"CDM,CM",1900000,5000,63,61,71,73,66,68,Adult,Average
P. Mazzocchi,71,72,26,US Salernitana 1919,Italy,"RWB,RM,RB",2000000,15000,76,56,65,67,67,71,Adult,Average
A. Bobichon,71,72,26,Angers SCO,France,"CM,CAM,LM",2200000,15000,65,73,72,71,56,64,Adult,Average
L. Magallán,71,71,28,Ajax,Argentina,CB,1600000,10000,48,38,52,58,71,78,Adult,Average
A. Pascanu,71,79,23,SD Ponferradina,Romania,CB,3900000,5000,71,39,50,58,71,81,Adult,Average
Thiago Martins,71,74,27,New York City FC,Brazil,CB,2100000,5000,76,41,57,58,71,73,Adult,Average
I. Franco,71,80,22,Club Libertad,Paraguay,"CF,RM",4200000,650,80,66,58,73,37,60,Young,Average
Tiago Sá,71,75,27,SC Braga,Portugal,GK,2000000,7000,71,70,66,71,44,70,Adult,Average
L. Kleinheisler,71,71,28,Free agent,Hungary,"CAM,CM",0,0,74,70,68,75,60,75,Adult,Average
S. Abdul Samed,71,75,22,Racing Club de Lens,Ghana,"CDM,CM",2500000,15000,50,47,60,65,69,62,Young,Average
A. Meyer,71,71,31,Borussia Dortmund,Germany,GK,1000000,18000,71,69,67,70,25,72,Senior,Average
I. Chair,71,77,24,Queens Park Rangers,Morocco,CAM,3000000,19000,75,66,68,73,31,48,Adult,Average
Walter Silvieiro,71,71,30,Atlético Clube Goianiense,Brazil,ST,1800000,10000,72,76,61,64,36,62,Senior,Average
S. Larsson,71,71,37,AIK,Sweden,CM,600000,5000,51,69,76,66,66,70,Senior,Average
S. Gregersen,71,74,27,FC Girondins de Bordeaux,Norway,"CB,RB",2100000,6000,75,44,50,46,69,84,Adult,Average
J. Brenet,71,71,28,FC Twente,Netherlands,"RB,LB",1700000,9000,79,36,61,70,68,67,Adult,Average
O. Lewicki,71,71,29,Malmö FF,Sweden,"CDM,CM,CB",1600000,6000,61,55,62,67,71,75,Adult,Average
Balde,71,82,18,FC Barcelona,Spain,LB,3800000,17000,84,47,67,74,64,54,Young,Average
T. Borevković,71,76,25,Hajduk Split,Croatia,CB,2500000,650,44,30,46,46,72,78,Adult,Average
J. Maja,71,77,23,FC Girondins de Bordeaux,Nigeria,ST,3000000,6000,76,70,62,73,28,58,Adult,Average
Josué Sá,71,71,30,Rio Ave FC,Portugal,CB,1500000,6000,45,36,49,64,73,73,Senior,Average
F. Falco,71,71,30,Cagliari,Italy,"CF,CAM,RW",1800000,4000,79,67,69,77,29,54,Senior,Average
C. Nyman,71,71,29,IFK Norrköping,Sweden,ST,1900000,6000,81,69,58,66,41,81,Adult,Average
Henrique Araújo,71,85,20,SL Benfica,Portugal,ST,4500000,7000,70,71,56,65,27,70,Young,Average
J. Infante,71,73,26,Platense,Argentina,"LB,LWB",2100000,9000,74,51,60,67,69,68,Adult,Average
L. Agoumé,71,82,20,ESTAC Troyes,France,"CDM,CM",3900000,22000,64,54,68,72,67,69,Young,Average
R. Brady,71,71,30,Preston North End,Republic of Ireland,"RM,LM,LWB",1800000,22000,63,69,73,72,65,59,Senior,Average
E. Owusu,71,75,24,KAA Gent,Ghana,"CDM,CM",2400000,11000,67,52,64,71,68,70,Adult,Average
M. Helik,71,72,26,Huddersfield Town,Poland,CB,1900000,12000,62,49,47,53,70,76,Adult,Average
Kim Young Gwon,71,71,32,Ulsan Hyundai FC,Korea Republic,CB,1200000,7000,68,44,63,59,71,75,Senior,Average
Gabriel Silva,71,71,31,AS Saint-Étienne,Brazil,"LB,LWB",1400000,6000,65,57,69,70,68,69,Senior,Average
L. Krejčí,71,71,29,AC Sparta Praha,Czech Republic,"LM,LB",1800000,750,74,67,70,71,66,55,Adult,Average
G. Zardes,71,71,30,Colorado Rapids,United States,ST,1800000,6000,83,70,53,68,44,75,Senior,Average
M. Zimmermann,71,71,30,Fortuna Düsseldorf,Germany,RB,1600000,14000,69,52,67,66,68,71,Senior,Average
Claudemir,71,71,34,FC Vizela,Brazil,"CDM,CM",650000,4000,50,66,70,69,68,72,Senior,Average
S. Shashoua,71,80,23,CD Tenerife,England,"ST,CAM,RM",4200000,7000,89,71,64,76,39,58,Adult,Average
D. Baselli,71,71,30,Como,Italy,CM,1800000,3000,67,71,75,74,65,61,Senior,Average
F. Lucioni,71,71,34,Frosinone,Italy,CB,600000,10000,46,33,47,50,72,75,Senior,Average
Y. Guzmán,71,78,24,Atlético Nacional,Colombia,"CAM,RM",3800000,3000,74,65,69,75,29,43,Adult,Average
Z. Tripić,71,71,29,Viking FK,Norway,LW,1800000,4000,83,72,66,71,42,77,Adult,Average
M. Tramoni,71,79,22,Pisa,France,"LM,LW",4200000,3000,80,63,68,71,48,62,Young,Average
M. Nadé,71,79,23,AS Saint-Étienne,France,CB,3900000,5000,35,30,44,52,70,82,Adult,Average
E. Torregrossa,71,71,30,Pisa,Italy,ST,1800000,14000,73,70,55,68,28,74,Senior,Average
N. Gyömbér,71,71,29,US Salernitana 1919,Slovakia,CB,1600000,16000,62,31,43,50,73,72,Adult,Average
E. Palmer-Brown,71,77,25,ESTAC Troyes,United States,CB,2600000,11000,65,30,52,53,69,77,Adult,Average
Miguelón,71,74,26,Real Oviedo,Spain,RB,2300000,11000,76,51,64,73,66,65,Adult,Average
R. Giles,71,78,22,Middlesbrough,England,"LWB,LW",3600000,33000,89,56,67,69,58,64,Young,Average
A. Marchesano,71,71,31,FC Zürich,Switzerland,CAM,1600000,12000,68,66,71,74,48,51,Senior,Average
Dani Gómez,71,76,23,RCD Espanyol de Barcelona,Spain,ST,2900000,8000,78,71,62,70,37,63,Adult,Average
S. Wharton,71,76,24,Blackburn Rovers,England,CB,2600000,21000,63,32,50,62,70,77,Adult,Average
A. Pelmard,71,79,22,FC Basel 1893,France,"CB,LB",3900000,10000,81,35,61,70,72,73,Young,Average
A. Smithies,71,71,32,Leicester City,England,GK,925000,31000,72,69,68,71,59,71,Senior,Average
A. Epureanu,71,71,35,İstanbul Başakşehir FK,Moldova,CB,500000,14000,32,53,54,55,73,74,Senior,Average
J. Gorter,71,82,22,Ajax,Netherlands,GK,3600000,6000,72,65,66,74,50,71,Young,Average
Maurício,71,71,30,Al Batin,Brazil,CB,1500000,10000,58,43,53,51,71,81,Senior,Average
Mailson,71,75,25,Al Taawoun,Brazil,GK,2000000,11000,73,69,66,74,36,67,Adult,Average
B. Salamon,71,71,31,Lech Poznań,Poland,CB,1300000,7000,50,47,58,55,72,75,Senior,Average
C. Cándido,71,72,27,Club Nacional de Football,Uruguay,"LB,LW,LM",2000000,550,85,56,66,67,67,52,Adult,Average
G. Esparza,71,71,29,Club The Strongest,Argentina,LM,1800000,950,90,60,63,73,44,54,Adult,Average
U. Matić,71,71,32,Abha Club,Serbia,"CM,CDM",1500000,9000,67,67,67,71,62,79,Senior,Average
A. Rodríguez,71,71,33,Deportivo Cali,Colombia,ST,1200000,3000,69,68,57,70,32,78,Senior,Average
D. Man,71,77,23,Parma,Romania,"RM,LM,RW",3000000,3000,88,68,65,72,45,72,Adult,Average
K. Möhwald,71,71,28,1. FC Union Berlin,Germany,"CM,CAM",1900000,19000,43,70,74,72,63,68,Adult,Average
J. González,71,77,23,Minnesota United FC,Mexico,"CM,CDM",2900000,5000,71,58,66,72,70,68,Adult,Average
F. Sambueza,71,71,33,Junior FC,Argentina,"RM,CAM",1200000,3000,71,64,73,70,37,49,Senior,Average
N. Kühn,71,77,22,SK Rapid Wien,Germany,"RM,ST,CAM",3000000,16000,88,62,61,75,24,46,Young,Average
K. Piątkowski,71,79,22,FC Red Bull Salzburg,Poland,CB,3900000,13000,81,47,64,66,69,81,Young,Average
M. Viti,71,83,20,OGC Nice,Italy,CB,4200000,16000,71,35,48,48,73,70,Young,Average
K. Djidji,71,72,29,Torino F.C.,Côte d'Ivoire,CB,1700000,24000,65,32,53,63,72,69,Adult,Average
Iván Villar,71,77,24,RC Celta de Vigo,Spain,GK,2400000,9000,71,70,69,71,32,70,Adult,Average
V. Babacan,71,71,33,İstanbul Başakşehir FK,Turkey,GK,600000,16000,73,69,67,70,50,76,Senior,Average
A. Milošević,71,71,30,AIK,Sweden,CB,1500000,6000,54,53,58,56,71,76,Senior,Average
A. Trebel,71,71,31,RSC Anderlecht,France,"CM,CDM",1500000,14000,61,67,72,71,68,65,Senior,Average
M. Coco,71,72,26,FC Nantes,France,"RM,RW,RWB",2200000,16000,81,66,68,70,53,56,Adult,Average
S. Arfield,71,71,33,Rangers FC,Canada,"CM,CAM",1200000,31000,53,68,71,72,66,69,Senior,Average
G. Bruno,71,71,30,Sint-Truidense VV,Belgium,"ST,RW",1800000,16000,73,71,66,71,39,65,Senior,Average
M. Bruno,71,71,28,KV Kortrijk,Belgium,"CAM,LM,RM",1900000,11000,72,68,71,72,42,61,Adult,Average
Y. Touzghar,71,71,35,AC Ajaccio,Tunisia,ST,800000,10000,65,72,61,71,24,67,Senior,Average
Gus Outomouro,71,71,26,Internacional,Brazil,"ST,LM",2100000,18000,71,72,68,73,28,62,Adult,Average
A. Tagnaouti,71,75,26,Free agent,Morocco,GK,0,0,71,69,67,70,38,69,Adult,Average
N. Williams,71,82,21,Nottingham Forest,Wales,"RB,RWB",4000000,23000,73,45,64,71,67,60,Young,Average
J. Faussurier,71,71,35,FC Sochaux-Montbéliard,France,"RB,RM",575000,4000,50,59,73,70,71,68,Senior,Average
I. Nestorovski,71,71,32,Udinese Calcio,North Macedonia,ST,1500000,12000,64,73,53,68,35,71,Senior,Average
Pedro Mendes,71,78,22,Ascoli,Portugal,ST,3800000,4000,71,72,56,67,34,77,Young,Average
D. Polenta,71,71,30,Unión de Santa Fe,Uruguay,"CB,LB",1500000,9000,69,39,59,57,69,82,Senior,Average
K. Miller,71,75,25,Club de Foot Montréal,Canada,"CB,LB",2300000,5000,81,37,58,64,69,79,Adult,Average
A. Sørensen,71,72,26,AC Sparta Praha,Denmark,CB,1900000,650,57,42,57,58,72,72,Adult,Average
C. Fuentes,71,71,29,Colo-Colo,Chile,"CDM,CM",1600000,5000,66,60,63,64,69,80,Adult,Average
D. Jurásek,71,77,21,SK Slavia Praha,Czech Republic,"LB,LM",2800000,550,80,56,67,71,64,73,Young,Average
C. Christie,71,71,29,Hull City,Republic of Ireland,"RB,RWB,RM",1600000,12000,79,53,63,68,65,76,Adult,Average
D. Palacios,71,79,22,Los Angeles FC,Ecuador,LB,4000000,5000,75,33,63,70,67,67,Young,Average
L. Merolla,71,74,27,Club Atlético Huracán,Argentina,CB,2100000,9000,47,26,49,47,73,78,Adult,Average
Alberto Soro,71,80,23,Granada CF,Spain,"RM,ST,LM",4200000,7000,77,63,69,71,44,59,Adult,Average
Jairo,71,71,28,FC Cartagena,Spain,"LWB,LB,LM",1700000,6000,89,66,66,71,63,56,Adult,Average
M. D'Alessandro,71,71,31,AC Monza,Italy,"LM,RM",1600000,28000,87,60,66,77,44,46,Senior,Average
R. Leal,71,74,25,Nashville SC,Costa Rica,"LM,RM",2500000,6000,70,65,69,73,38,50,Adult,Average
Róber,71,74,27,Levante Unión Deportiva,Spain,"CB,CDM",2100000,8000,56,48,62,61,72,71,Adult,Average
M. Müldür,71,77,23,U.S. Sassuolo Calcio,Turkey,RB,2800000,15000,77,49,60,72,67,72,Adult,Average
Pedrildo Rocha,71,71,30,Sport Club Corinthians Paulista,Brazil,"LW,LM",1800000,19000,77,71,66,75,43,63,Senior,Average
E. Saveljich,71,71,31,Rayo Vallecano,Montenegro,CB,1300000,12000,39,32,49,45,71,79,Senior,Average
F. Hübner,71,71,31,1. FC Nürnberg,Germany,CB,1300000,8000,41,43,46,44,75,71,Senior,Average
S. Ferreira,71,78,24,Houston Dynamo,Paraguay,ST,3800000,6000,71,73,57,73,32,61,Adult,Average
D. Hyam,71,74,26,Blackburn Rovers,Scotland,CB,2200000,24000,54,32,53,58,72,74,Adult,Average
N. Viola,71,71,32,Cagliari,Italy,"CM,CDM",1500000,4000,60,64,75,72,58,68,Senior,Average
K. Dowell,71,76,24,Norwich City,England,"CAM,RM",2800000,23000,64,68,71,72,40,51,Adult,Average
H. Mendes,71,74,24,Unión Deportiva Almería,France,"RB,CB",2400000,13000,75,42,61,64,70,73,Adult,Average
Antonaldo Vaz,71,71,22,Palmeiras,Brazil,LB,2000000,17000,71,38,62,65,68,68,Young,Average
E. Insua,71,71,31,Vélez Sarsfield,Argentina,"LB,LWB,LM",1400000,9000,73,57,62,66,68,74,Senior,Average
I. Diallo,71,74,25,AC Ajaccio,Côte d'Ivoire,"LB,CB",2300000,11000,69,38,54,68,70,74,Adult,Average
A. Hatem,71,71,31,Free agent,Qatar,"CM,CDM",0,0,61,68,71,68,62,69,Senior,Average
L. Cavallini,71,71,29,Vancouver Whitecaps FC,Canada,ST,1900000,7000,72,70,50,66,36,87,Adult,Average
B. Nieuwkoop,71,72,26,Royale Union Saint-Gilloise,Netherlands,"RM,RWB,RB",2200000,11000,71,58,69,68,71,73,Adult,Average
Bernardo,71,72,27,FC Red Bull Salzburg,Brazil,"LB,CB",2000000,16000,71,53,62,68,70,73,Adult,Average
F. Di Mariano,71,72,26,Palermo,Italy,LW,2200000,4000,73,65,65,73,32,50,Adult,Average
Y. Benzia,71,71,27,Dijon FCO,Algeria,"CAM,CM",2000000,6000,66,69,70,73,45,61,Adult,Average
Antonio Blanco,71,82,21,Cádiz CF,Spain,"CM,CDM",4200000,51000,54,57,67,66,62,58,Young,Average
M. Bauer,71,78,22,FC Augsburg,Germany,CB,3500000,13000,54,26,48,49,73,73,Young,Average
A. Arias,71,74,26,FBC Melgar,Peru,"CM,CDM,CAM",2400000,650,60,65,68,68,73,54,Adult,Average
A. Hoffmann,71,72,29,Fortuna Düsseldorf,Germany,CB,1700000,15000,52,38,56,56,71,72,Adult,Average
F. Troyansky,71,76,25,Club Atlético Lanús,Argentina,"ST,LM",2800000,10000,75,70,69,72,35,73,Adult,Average
M. Olsson,71,71,34,Malmö FF,Sweden,"LB,CB,LWB",700000,6000,69,62,67,67,68,73,Senior,Average
R. Boffin,71,71,34,Antalyaspor,Belgium,GK,325000,12000,72,67,68,72,56,70,Senior,Average
M. Wallace,71,71,29,Millwall,Scotland,"CB,LWB,LB",1600000,10000,58,29,55,60,72,79,Adult,Average
A. Rami,71,71,36,ESTAC Troyes,France,CB,325000,8000,37,48,53,56,71,75,Senior,Average
Álvaro,71,78,24,RCD Espanyol de Barcelona,Spain,GK,3200000,5000,73,67,66,75,47,68,Adult,Average
B. Khoukhi,71,71,31,Free agent,Qatar,"CB,CDM",0,0,62,60,57,54,70,77,Senior,Average
Zé Carlos,71,78,23,UD Ibiza,Portugal,RB,3600000,8000,77,39,57,69,68,65,Adult,Average
K. Behrens,71,71,31,1. FC Union Berlin,Germany,ST,1600000,20000,72,71,51,65,29,80,Senior,Average
Y. Demir,71,82,19,Galatasaray SK,Austria,"RW,CAM,RM",4000000,23000,82,66,65,78,19,50,Young,Average
E. Stevens,71,71,31,Sheffield United,Republic of Ireland,"LWB,LB",1400000,17000,66,45,64,70,68,71,Senior,Average
L. Jara,71,71,31,Vélez Sarsfield,Argentina,"RB,RWB,RM",1400000,9000,70,51,64,68,66,72,Senior,Average
D. Szymański,71,72,27,AEK Athens,Poland,"CM,CDM",2100000,850,69,67,66,68,69,78,Adult,Average
M. Trmal,71,81,23,Clube Sport Marítimo,Czech Republic,GK,3600000,5000,70,70,58,74,22,69,Adult,Average
J. Bruma,71,71,30,Kasimpaşa SK,Netherlands,CB,1500000,9000,58,53,56,56,71,76,Senior,Average
C. Auzqui,71,71,31,Ferencvárosi TC,Argentina,"CAM,RM",1600000,750,81,69,71,71,52,77,Senior,Average
E. Goldaniga,71,71,28,Cagliari,Italy,CB,1600000,4000,39,33,42,51,72,69,Adult,Average
F. Bartels,71,71,35,Holstein Kiel,Germany,"CF,RW,CAM",800000,11000,71,69,70,75,41,49,Senior,Average
Kaio Jorge,71,82,20,Juventus,Brazil,ST,4099999,41000,77,70,59,76,25,65,Young,Average
M. Bolaños,71,71,32,Shanghai Shenhua FC,Ecuador,ST,1500000,10000,84,72,64,74,26,64,Senior,Average
F. Kunze,71,76,24,Hannover 96,Germany,"CDM,CM",2600000,14000,53,40,57,58,74,75,Adult,Average
R. Matarrita,71,71,27,FC Cincinnati,Costa Rica,"LB,LM,LWB",1800000,5000,78,49,65,69,68,70,Adult,Average
S. Breitkreuz,71,71,30,SSV Jahn Regensburg,Germany,"CB,RB",1500000,9000,62,56,46,53,72,76,Senior,Average
Lucas Áfrico,71,72,27,Estoril Praia,Brazil,CB,1900000,6000,52,41,56,52,70,76,Adult,Average
N. Reniero,71,71,27,Argentinos Juniors,Argentina,ST,2000000,13000,77,69,63,69,32,69,Adult,Average
S. Hezze,71,82,20,Club Atlético Huracán,Argentina,"CDM,CM",3900000,6000,66,54,64,67,67,74,Young,Average
J. Elez,71,72,28,Hajduk Split,Croatia,CB,1800000,700,59,60,68,63,70,74,Adult,Average
Gabriel Sara,71,79,23,Norwich City,Brazil,"CAM,CM",4200000,23000,77,71,69,72,47,72,Adult,Average
R. Sawyers,71,71,30,Cardiff City,Saint Kitts and Nevis,"CM,CAM,CDM",1800000,22000,64,61,71,73,60,66,Senior,Average
Jorge Miramón,71,71,33,CD Leganés,Spain,"RB,RWB",975000,8000,71,58,72,68,65,71,Senior,Average
C. Arcus,71,74,26,Vitesse,Haiti,RWB,2300000,10000,71,42,64,65,67,73,Adult,Average
S. Moreo,71,71,29,Brescia,Italy,"ST,LW",1900000,4000,77,66,61,68,47,80,Adult,Average
A. Partipilo,71,72,27,Ternana,Italy,"CAM,ST",2200000,4000,84,66,69,67,43,65,Adult,Average
M. Martínez,71,71,29,Racing Club,Argentina,"CDM,CB",1600000,12000,62,58,63,63,69,78,Adult,Average
C. Sapong,71,71,33,Nashville SC,United States,"ST,LM",1200000,6000,70,69,60,67,40,82,Senior,Average
D. Benlamri,71,71,32,Al Khaleej,Algeria,CB,1200000,9000,53,35,51,49,70,83,Senior,Average
S. Strandberg,71,71,31,Vålerenga Fotball,Norway,CB,1300000,4000,54,42,54,57,71,76,Senior,Average
I. Doumbia,71,75,24,Aytemiz Alanyaspor,Côte d'Ivoire,"CDM,CM",2400000,7000,65,56,67,70,66,81,Adult,Average
Gonzalo Verdú,71,71,33,Elche CF,Spain,CB,900000,12000,51,53,58,56,71,76,Senior,Average
M. Pisano,71,71,30,Club Atlético Aldosivi,Argentina,"RW,CAM,RM",1800000,9000,79,67,69,74,42,46,Senior,Average
C. Townsend,71,71,29,West Bromwich Albion,England,"LWB,LB,CB",1600000,21000,69,46,64,67,68,69,Adult,Average
R. Carstensen,71,81,21,KRC Genk,Denmark,RB,4000000,7000,85,48,64,69,63,71,Young,Average
C. Ortiz,71,71,29,Defensa y Justicia,Argentina,"CAM,CM",1800000,11000,76,68,66,71,41,52,Adult,Average
Sergio Camello,71,82,21,Rayo Vallecano,Spain,"ST,CAM",4200000,23000,69,73,58,72,27,48,Young,Average
M. Jevtović,71,71,28,Gazişehir Gaziantep F.K.,Serbia,"CDM,CB,CM",1600000,11000,48,62,64,60,72,79,Adult,Average
K. Galanopoulos,71,76,24,AEK Athens,Greece,"CM,CDM",2800000,750,76,71,68,71,69,71,Adult,Average
C. Jean,71,72,26,Inter Miami CF,France,"ST,RW",2200000,6000,70,71,69,74,31,55,Adult,Average
A. Abdi,71,71,28,Stade Malherbe Caen,Tunisia,LWB,1700000,6000,86,60,66,70,61,74,Adult,Average
B. Assombalonga,71,71,29,Adana Demirspor,Congo DR,"ST,LW",1900000,16000,81,69,59,68,35,75,Adult,Average
N. Benezet,71,71,31,Nîmes Olympique,France,"LM,CAM",1600000,5000,76,68,68,72,34,53,Senior,Average
R. Hollingshead,71,71,31,Los Angeles FC,United States,"LB,RB,CB",1400000,5000,53,63,66,69,70,79,Senior,Average
B. Atik,71,71,27,1. FC Magdeburg,Turkey,"LW,ST,CAM",2000000,10000,75,68,68,76,39,53,Adult,Average
C. Fuchs,71,71,36,Charlotte FC,Austria,"CB,LB",325000,4000,48,66,74,67,72,67,Senior,Average
C. Stengs,71,78,23,Royal Antwerp FC,Netherlands,"RW,RM,CAM",3800000,23000,74,65,70,73,33,56,Adult,Average
E. Aguilar,71,71,30,Incheon United FC,Costa Rica,"RW,CM,ST",1800000,5000,64,65,77,73,46,70,Senior,Average
J. Ekkelenkamp,71,78,22,Royal Antwerp FC,Netherlands,"CAM,CM",3800000,12000,58,67,67,73,60,72,Young,Average
G. Makouta,71,76,24,Boavista FC,Congo,"CM,CAM",2800000,9000,65,68,66,73,64,80,Adult,Average
F. Frei,71,71,33,FC Basel 1893,Switzerland,"CB,CDM",900000,12000,55,69,70,69,72,73,Senior,Average
A. Mosquera,71,71,30,Independiente Medellín,Colombia,GK,1200000,2000,72,67,65,75,44,68,Senior,Average
K. Bartley,71,71,31,West Bromwich Albion,England,CB,1300000,20000,53,29,49,49,71,81,Senior,Average
Dinei Peixo,71,71,26,Sport Club Corinthians Paulista,Brazil,"RW,RM",2000000,19000,73,66,69,73,58,75,Adult,Average
S. Twine,71,78,22,Burnley,England,LW,3800000,25000,83,69,69,72,58,47,Young,Average
M. Núñez,71,80,22,Norwich City,Chile,"CM,CAM",4200000,23000,65,62,73,74,56,64,Young,Average
M. Santos,71,71,29,Club Atlético Talleres,Uruguay,ST,1900000,12000,76,70,61,71,40,75,Adult,Average
A. Carroll,71,71,33,Reading,England,ST,1200000,15000,33,74,62,62,48,79,Senior,Average
S. Horvath,71,74,25,LASK Linz,Austria,"CAM,RM,LM",2500000,16000,86,69,67,75,44,57,Adult,Average
K. Agudelo,71,77,23,Spezia,Colombia,"RW,CAM",3000000,11000,74,61,67,76,50,66,Adult,Average
Y. Mallı,71,71,30,Kasimpaşa SK,Turkey,"CAM,LW,CM",1800000,10000,68,66,72,74,33,52,Senior,Average
B. Whiteman,71,74,26,Preston North End,England,"CM,CDM",2400000,22000,68,64,69,70,65,72,Adult,Average
A. Ivan,71,74,25,Universitatea Craiova,Romania,"LM,ST",2500000,10000,84,70,65,68,34,69,Adult,Average
M. Ricci,71,71,28,Fatih Karagümrük S.K.,Italy,"CM,CDM",1900000,3000,72,66,70,70,62,68,Adult,Average
L. Reis,71,78,22,Hamburger SV,Netherlands,"CM,CDM",3800000,9000,75,59,67,73,67,69,Young,Average
Ó. Cardozo,71,71,39,Club Libertad,Paraguay,ST,650000,500,41,76,63,62,27,67,Senior,Average
Gerso,71,71,31,Jeju United FC,Guinea Bissau,"LW,RW",1600000,7000,91,65,61,74,41,51,Senior,Average
E. Kayembe,71,79,24,Watford,Congo DR,"CDM,CM",3900000,21000,72,61,66,68,66,77,Adult,Average
B. Fornaroli,71,71,34,Perth Glory,Australia,ST,900000,5000,70,73,63,74,38,71,Senior,Average
R. Snodgrass,71,71,34,Heart of Midlothian,Scotland,"CM,RM",875000,6000,53,73,75,73,47,68,Senior,Average
Núrio Fortuna,71,71,27,KAA Gent,Angola,"LM,LB,CB",2000000,14000,82,63,65,72,69,70,Adult,Average
E. Meza,71,76,23,Club Atlético Colón,Argentina,"RB,RWB",2600000,7000,81,62,65,72,64,68,Adult,Average
Jon Morcillo,71,77,23,Athletic Club de Bilbao,Spain,"LM,LW",3000000,14000,74,73,70,73,37,60,Adult,Average
E. Crivelli,71,72,27,Servette FC,France,"ST,LW",2200000,13000,62,69,62,66,36,85,Adult,Average
L. Holík,71,74,24,FC Viktoria Plzeň,Czech Republic,"RB,LB",2400000,550,74,49,65,70,67,67,Adult,Average
Rômulo Calsede,71,71,22,São Paulo,Brazil,ST,2200000,21000,72,72,60,67,32,69,Young,Average
Fran Gámez,71,71,30,Real Zaragoza,Spain,RB,1600000,7000,83,52,61,65,66,73,Senior,Average
S. Thioub,71,71,27,Angers SCO,Senegal,"RM,LM",2000000,15000,78,70,67,70,50,72,Adult,Average
D. Bronn,71,73,27,US Salernitana 1919,Tunisia,"CB,RB",2000000,15000,63,61,67,60,72,73,Adult,Average
S. Vasiliadis,71,75,24,DSC Arminia Bielefeld,Greece,"CM,CDM",2700000,11000,68,61,67,73,65,73,Adult,Average
A. Al Amri,71,76,25,Al Nassr,Saudi Arabia,CB,2500000,20000,70,28,47,46,68,82,Adult,Average
F. Benković,71,75,24,Eintracht Braunschweig,Croatia,CB,2400000,9000,58,44,54,55,71,79,Adult,Average
Diego Farias,71,71,32,Benevento,Brazil,"LW,CF,ST",1500000,4000,83,67,66,75,38,49,Senior,Average
Caio Canedo,71,71,31,Al Ain FC,United Arab Emirates,"LM,ST,RM",1600000,850,80,71,64,75,31,68,Senior,Average
C. Mepham,71,74,24,AFC Bournemouth,Wales,CB,2300000,22000,58,37,55,60,72,72,Adult,Average
K. McLean,71,71,30,Norwich City,Scotland,"CM,CDM",1800000,26000,67,69,68,71,66,73,Senior,Average
Alex Muñoz,71,71,27,Levante Unión Deportiva,Spain,"LB,CB",1800000,8000,81,68,62,64,66,80,Adult,Average
J. Bauman,71,71,31,Independiente del Valle,Argentina,ST,1600000,850,71,72,54,66,31,62,Senior,Average
A. Bamba,71,71,32,Angers SCO,Côte d'Ivoire,"RB,RWB,LB",1300000,14000,73,40,63,64,68,68,Senior,Average
S. Alexandropoulos,71,81,20,Sporting CP,Greece,"CDM,CM",3900000,6000,76,60,63,69,68,72,Young,Average
S. Sturaro,71,71,29,Genoa,Italy,"CM,CDM",1800000,4000,65,66,69,70,72,74,Adult,Average
G. Baldock,71,71,29,Sheffield United,Greece,"RWB,RB",1600000,18000,76,47,63,69,66,72,Adult,Average
K. Lewis-Potter,71,80,21,Brentford,England,"LW,LM,ST",4200000,23000,81,67,64,72,36,58,Young,Average
F. Agu,71,80,22,SV Werder Bremen,Germany,"RWB,LWB",4000000,12000,84,47,61,75,62,59,Young,Average
R. Majecki,71,78,22,KSV Cercle Brugge,Poland,GK,3200000,17000,70,69,66,72,28,71,Young,Average
Timor,71,71,32,SD Huesca,Spain,"CDM,CM,CB",1200000,7000,35,66,71,66,67,76,Senior,Average
V. Supriaha,71,78,22,Dynamo Kyiv,Ukraine,ST,3800000,650,85,70,51,71,19,51,Young,Average
Ricardo Mangas,71,78,24,Boavista FC,Portugal,"LWB,LB,CB",3600000,8000,71,46,61,69,66,74,Adult,Average
A. Donnarumma,71,71,31,Ternana,Italy,ST,1600000,4000,79,72,59,70,36,60,Senior,Average
S. Alzate,71,78,23,Standard de Liège,Colombia,"CM,CDM",3700000,31000,68,60,69,75,62,68,Adult,Average
C. Deac,71,71,36,CFR Cluj,Romania,"CAM,RW",600000,8000,68,68,73,71,57,72,Senior,Average
G. Tzavellas,71,71,34,AEK Athens,Greece,CB,600000,800,66,52,59,59,71,76,Senior,Average
I. Schor,71,81,21,Platense,Argentina,"RM,RW,LM",4200000,7000,73,62,68,70,51,63,Young,Average
J. Lucumí,71,71,27,Club Deportes Tolima,Colombia,"LM,LW,RW",2000000,3000,77,67,66,74,24,62,Adult,Average
Thiago Alminxa,71,71,30,RB Bragantino,Brazil,"ST,RW",1800000,12000,82,67,62,72,25,64,Senior,Average
G. Alanís,71,71,28,Defensa y Justicia,Argentina,"LM,LWB",1900000,8000,77,63,66,69,57,71,Adult,Average
L. Mazzitelli,71,74,26,Frosinone,Italy,"CM,CDM",2400000,28000,53,60,72,70,63,69,Adult,Average
D. Bain,71,72,28,AJ Auxerre,France,CB,1800000,12000,55,26,48,52,71,75,Adult,Average
L. James,71,71,29,Demir Grup Sivasspor,Nigeria,ST,1900000,13000,69,70,54,71,30,74,Adult,Average
O. Syrota,71,79,22,Dynamo Kyiv,Ukraine,CB,3900000,500,69,27,42,49,73,74,Young,Average
C. Alcaraz,71,84,19,Racing Club,Argentina,"CAM,CM,LM",4400000,7000,84,67,66,77,46,66,Young,Average
D. Selke,71,72,27,Hertha BSC,Germany,ST,2200000,20000,72,71,53,67,37,75,Adult,Average
D. Sinik,71,76,23,Hull City,Turkey,"LW,LM,CAM",2800000,12000,80,64,65,75,42,52,Adult,Average
T. Mauricio,71,71,28,FC Sochaux-Montbéliard,France,RM,1900000,6000,80,67,65,74,31,59,Adult,Average
B. Jatta,71,73,24,Hamburger SV,Gambia,"RW,RM,LW",2400000,10000,87,69,64,69,39,75,Adult,Average
K. Naismith,71,71,30,Bristol City,Scotland,"CB,LB",1500000,20000,67,65,65,67,70,77,Senior,Average
S. Kitsiou,71,71,28,Gazişehir Gaziantep F.K.,Greece,"RWB,RB",1700000,11000,77,61,65,71,68,67,Adult,Average
M. Weigandt,71,79,22,Boca Juniors,Argentina,RB,4000000,9000,77,39,53,69,67,75,Young,Average
Arsénio,71,71,32,FC Arouca,Portugal,"LW,RM,LM",1500000,6000,73,67,68,72,40,65,Senior,Average
D. González,71,71,34,Boca Juniors,Argentina,CM,875000,11000,56,66,69,69,68,71,Senior,Average
P. Magnín,71,71,32,Club Atlético Tigre,Argentina,"ST,CAM",1500000,9000,65,75,55,69,24,64,Senior,Average
L. Beltrán,71,79,21,River Plate,Argentina,"ST,RW",4200000,9000,72,68,64,73,40,68,Young,Average
B. Sheaf,71,77,24,Coventry City,England,"CDM,CM",2700000,12000,50,46,69,65,69,73,Adult,Average
J. Morris,71,71,27,Seattle Sounders FC,United States,"LM,ST,RM",2000000,6000,83,67,66,70,38,80,Adult,Average
Z. Aboukhlal,71,80,22,Toulouse Football Club,Morocco,"RW,LW",4200000,12000,86,67,63,73,41,71,Young,Average
C. Awaziem,71,78,25,Hajduk Split,Nigeria,CB,3400000,650,72,39,45,61,71,77,Adult,Average
U. Đurđević,71,71,28,Real Sporting de Gijón,Montenegro,ST,1900000,8000,79,73,54,68,31,83,Adult,Average
Alexandre Frandeira,71,71,22,Atlético Clube Goianiense,Brazil,"CB,CDM",1900000,7000,49,44,53,51,70,81,Young,Average
S. Di Carmine,71,71,33,Perugia,Italy,ST,1200000,4000,63,72,53,72,36,75,Senior,Average
P. Galdames,71,75,25,Genoa,Chile,"CM,CDM",2600000,4000,80,60,71,73,61,69,Adult,Average
D. Bisoli,71,71,28,Brescia,Italy,"CM,CDM",1900000,4000,71,70,68,70,68,69,Adult,Average
J. Siebenhandl,71,71,32,SK Sturm Graz,Austria,GK,925000,10000,71,68,75,73,46,69,Senior,Average
Nathan,71,74,27,San Jose Earthquakes,Brazil,CB,2100000,5000,73,44,52,58,69,76,Adult,Average
Eduardo Fonseira,71,71,22,Sport Club Corinthians Paulista,Brazil,GK,1600000,11000,71,70,74,69,34,72,Young,Average
R. Rojas,71,71,34,Club Sol de América,Paraguay,"CM,RM",875000,600,70,67,71,71,66,78,Senior,Average
L. Holtby,71,71,31,Holstein Kiel,Germany,"CM,CDM",1500000,13000,64,66,73,74,59,65,Senior,Average
J. Espínola,71,73,27,Godoy Cruz,Paraguay,GK,1700000,6000,71,67,74,72,40,74,Adult,Average
K. Bielik,71,75,24,Birmingham City,Poland,CDM,2400000,5000,59,45,63,67,70,73,Adult,Average
L. Blondel,71,74,25,Club Atlético Tigre,Argentina,RB,2300000,7000,78,61,60,70,67,69,Adult,Average
R. Schallenberg,71,76,23,SC Paderborn 07,Germany,"CDM,CM",2600000,11000,60,50,63,65,68,71,Adult,Average
Lee Myung Joo,71,71,32,Incheon United FC,Korea Republic,CM,1500000,4000,70,61,69,70,61,71,Senior,Average
O. Gonzalez,71,76,24,AC Ajaccio,Cameroon,CB,2600000,10000,59,37,40,57,70,76,Adult,Average
V. Mihăilă,71,77,22,Parma,Romania,"LM,LW",3000000,3000,86,64,64,72,33,58,Young,Average
J. Dina Ebimbe,71,78,21,Eintracht Frankfurt,France,"RM,CM",3800000,29000,79,60,67,73,67,75,Young,Average
T. Didillon,71,75,26,AS Monaco,France,GK,2000000,8000,73,67,72,72,56,71,Adult,Average
